!min	VERB
"	PUNCT
""	PUNCT
")	PUNCT
"/docs"-ah	PUNCT
"@change"	NOUN
"a	PART
"advice"	PUNCT
"aih,	NOUN
"apple"	PUNCT
"argentina	ADP
"athan,	NOUN
"aw!	NOUN
"aw,	NOUN
"aw.	NOUN
"bassoon"	ADP
"bean	PUNCT
"berâm	NOUN
"bharat"	PUNCT
"biak	VERB
"cameroun"	PUNCT
"canada	NOUN
"candy	VERB
"card	VERB
"centaur	VERB
"chhel	ADJ
"chi	NOUN
"chibai"	NOUN
"choir"	PUNCT
"chosŏn"	PUNCT
"chuap	NOUN
"chuti	NOUN
"chutiang	ADJ
"chânna	NOUN
"common	PUNCT
"comores"	PUNCT
"complicated"	PUNCT
"danmark"	PUNCT
"dar	ADJ
"dawhkan	NOUN
"division	PRON
"dodaltu	NOUN
"donate"	VERB
"duhkima"	PUNCT
"e,	VERB
"eastern	PUNCT
"elitism"	PUNCT
"eng	ADJ
"engati	VERB
"engpawh	ADJ
"engtikah	ADJ
"engvanga	ADJ
"enoka	SCONJ
"fahima	PUNCT
"faina	ADJ
"fatima	PUNCT
"fedup-a	PUNCT
"france"	PUNCT
"group	PUNCT
"guinee"	PUNCT
"hanguk"	PUNCT
"hayastan"	PUNCT
"he	VERB
"hei	PRON
"hlim	VERB
"hmana	ADJ
"hmangaihna	NOUN
"hming	NOUN
"hmuh	VERB
"hre	VERB
"hria	VERB
"huaisen	ADJ
"huat	NOUN
"hun	NOUN
"i	PRON
"icon"	ADJ
"infin	VERB
"inlarna"	NOUN
"internationalization"	PUNCT
"italia"	PUNCT
"ka	PRON
"kaisha"	PUNCT
"kan	PRON
"kawfi	NOUN
"keini	NOUN
"kha	NOUN
"khawngaihin	NOUN
"khawngaihin,	NOUN
"khing"	VERB
"khum	NOUN
"khêng	VERB
"la"	NOUN
"lalpa,	ADJ
"leh"	CCONJ
"leia	ADJ
"leiin	VERB
"lietuva"	PUNCT
"literally"	DET
"lo	ADJ
"lungngaihna	ADJ
"lâwmna	ADJ
"madagasikara"	PUNCT
"mahni	PRON
"mahse	CCONJ
"malsawma	PUNCT
"marika	PUNCT
"mense"	PUNCT
"meṛṛuk"	PUNCT
"mi	NOUN
"mihring	NOUN
"mihring"	VERB
"mimal	ADJ
"min	PRON
"miss	PUNCT
"musa	PUNCT
"music"	PUNCT
"nadya	PUNCT
"naktuk	ADJ
"nang"	VERB
"nangmah	PRON
"nangman	ADJ
"naupang	VERB
"navarre	PUNCT
"nederlân"	PUNCT
"nepal"	PUNCT
"ngaihtuah	VERB
"ni	ADV
"nigger"	PUNCT
"norge"	PUNCT
"nunrawng"	ADJ
"panga	ADJ
"paraguai"	PUNCT
"pathian	NOUN
"pawi	VERB
"pda	ADJ
"periodontitis	PRON
"pfirsichbaeumchen"	PUNCT
"police	AUX
"polska"	PUNCT
"polydipsiac"	PUNCT
"pussy"	NOUN
"ramhuai	NOUN
"red	PUNCT
"rioghachd	PUNCT
"rossiya"	PUNCT
"ruahmanna"	ADJ
"ruak"	VERB
"ríocht	PUNCT
"saint	PUNCT
"sava	NOUN
"saw	NOUN
"sawi	VERB
"sawm	NOUN
"sikulah	VERB
"singapura"	PUNCT
"slovensko"	PUNCT
"sunhlu	ADJ
"suriyah"	PUNCT
"tad"	PUNCT
"tawk"	VERB
"thawhlehna	ADJ
"thawhṭanni	ADJ
"thawkna	NOUN
"thi	VERB
"thian"	NOUN
"thil	NOUN
"thuawih	VERB
"thudik	NOUN
"ti	VERB
"tih	VERB
"to	NOUN
"tu	NOUN
"tukverh	NOUN
"tuman	PRON
"tûnah	ADV
"türkiye"	PUNCT
"u	NOUN
"union	PUNCT
"vaihlo	NOUN
"vanduai	VERB
"vantirhkohten	ADJ
"vawiin	NOUN
"vawt	VERB
"vântirhkohten	ADJ
"yangon"	VERB
"yerushalayim"	PUNCT
"zawhna	NOUN
"zawngchhe	PUNCT
"êng	VERB
"ísland"	PUNCT
"česká	PUNCT
"ˈsværjə"	PUNCT
"ṭhatna	NOUN
$	PUNCT
$1,000	SYM
$1,000,000	SYM
$10,000	SYM
$100,00-$150,000	ADP
$1000	SYM
$120	ADP
$13.1	SYM
$148.5	SYM
$150,000	SYM
$1m	SYM
$2,000	CCONJ
$20	SYM
$212,575	SYM
$3,000	VERB
$30	NUM
$300	SYM
$300,000-a	SYM
$41,956,219	SYM
$500	SYM
$6	SYM
$60,000	SYM
$632,500	SYM
$7,225,634	SYM
$90,000	VERB
$billion	VERB
$ex	NOUN
$maktaduai	SYM
$mtd	SYM
$mtd15	ADP
$tld	SYM
$tluklehdingawn	VERB
&	PUNCT
'	PUNCT
''a	PART
''v	DET
'-osity'	PUNCT
'25%	PART
'83'	NUM
'a	PART
'active'	AUX
'aia	CCONJ
'airport	PUNCT
'an	PRON
'angelina	PUNCT
'animal'	NOUN
'anti'	NOUN
'anticonstitutionnellement'	PUNCT
'antinomianism'	ADP
'atomic	PUNCT
'australia'	PUNCT
'aw'	NOUN
'ayo'	VERB
'badlands'	PUNCT
'baipawk'	PUNCT
'bana	ADJ
'bawlhhlawh	NOUN
'bawng	NOUN
'beats,	PUNCT
'beidawng	ADJ
'beiseina'	NOUN
'bengbeh'	NOUN
'ber'	ADJ
'bigfoot'	VERB
'bik'	ADV
'black	PART
'blood'	PUNCT
'boo'	ADP
'borderlands'	NOUN
'boshintang'	NOUN
'breccia'	AUX
'buatsaih'	VERB
'budget	NOUN
'buh	NOUN
'bye	PUNCT
'chamkila'	PUNCT
'chance'	NUM
'change'	PUNCT
'chapchar	VERB
'chawp	ADJ
'chhaktiangah	ADJ
'chhan'	VERB
'chhanchhuahna	NOUN
'chhanna	NOUN
'chhekhnai'	VERB
'chhiar	VERB
'chhiatna	NOUN
'chhim	NOUN
'chhin	VERB
'chhu	NOUN
'chhungkua'	NOUN
'chhut	VERB
'chibai'	NOUN
'chu	PART
'chumchi	NOUN
'concert	PUNCT
'contentment'	NOUN
'contract'	PUNCT
'cool'	VERB
'creative'	PUNCT
'dah	VERB
'daisies'	PROPN
'damdawi'	NOUN
'dan	ADV
'dawt	NOUN
'derby'	AUX
'despacito'	PUNCT
'doh'	ADJ
'donda'	PUNCT
'duhamna	NOUN
'duhthusam	ADJ
'duhthusâm'	ADJ
'dun'	ADJ
'duty'	NOUN
'dâk	NOUN
'e'	VERB
'ek'	NOUN
'ekta	PUNCT
'emaw'	CCONJ
'emotional'	ADV
'enchhinna	NOUN
'enkawl	ADJ
'euphoria'	ADP
'everton-ah	PUNCT
'f9'	ADV
'fail'	VERB
'faina	ADJ
'fair'	AUX
'fak'	NOUN
'famkim'	ADJ
'fel	VERB
'fimkhur	VERB
'fix	NOUN
'focus'	ADJ
'forest'	DET
'fûr	NOUN
'fûrpui	PUNCT
'ganga-yatra'	PUNCT
'gazette'	PUNCT
'goal'	PUNCT
'gudam'	NOUN
'hawng'-in	ADP
'hawrawp	NOUN
'he	VERB
'hello'	AUX
'heng	ADJ
'hero'	PUNCT
'hetiang	ADJ
'hlauhawm'	ADJ
'hlauva'	ADJ
'hlei	ADJ
'hlim	ADV
'hlimsang'	PUNCT
'hloh'	VERB
'hmakhawsang'	NOUN
'hman	VERB
'hmangaihna	NOUN
'hmangaihna'	NOUN
'hmangaihtu	NOUN
'hmeichhia	NOUN
'hmeichhia'	VERB
'hmeichhiate	ADJ
'hna	NOUN
'hnehtu	NOUN
'ho	VERB
'hospital'	PUNCT
'hot'	PUNCT
'hrang'	ADJ
'hriakthih'	VERB
'hril'	VERB
'hringlang	PUNCT
'hrui'	NOUN
'hruih'	NOUN
'huang'	NOUN
'hun	ADJ
'i	PRON
'idea'	PART
'in	PRON
'in'	NOUN
'inbiakna'	NOUN
'incheina'	NOUN
'intihhmuh'	VERB
'invoked'	AUX
'isua	NOUN
'jai	PUNCT
'jawan'	PUNCT
'jehova'	PUNCT
'jerusha'	PUNCT
'journey'	PUNCT
'k'	NOUN
'ka	NOUN
'ka'	NOUN
'kalphung	NOUN
'kalphung'	NOUN
'kan	PRON
'kangmei	NOUN
'kantluang'	ADJ
'kapi'	PRON
'kashmir	PUNCT
'kawlhawk	NOUN
'kawthalo	ADV
'kei	NOUN
'khar'	NOUN
'khaw	NOUN
'khawl'	NOUN
'khawngaihna	VERB
'khawnge	NOUN
'khrihmas'	PUNCT
'khuai	NOUN
'khuarel'	ADJ
'klassiker'	PUNCT
'kohhran'	NOUN
'kraws	ADJ
'krismas	ADJ
'krista	NOUN
'kristian	PUNCT
'kristian'	PRON
'kuki'	PUNCT
'kum	VERB
'kumtluangin'	NOUN
'kângmei	ADJ
'l'	PUNCT
'laiteldulsen'	PUNCT
'lal	NOUN
'lal'	NOUN
'lalpa	NOUN
'lalruanga	NOUN
'lam	ADJ
'leeds'	PUNCT
'lehkhabu	NOUN
'leitlangpui'	ADJ
'lem'	NOUN
'lengi'	NOUN
'levitating'	PUNCT
'lirtheia	ADJ
'listeria'	VERB
'literatus'	PUNCT
'lungawina	ADJ
'lungher	NOUN
'lunghlu'	NOUN
'lunglawm	PROPN
'mahni	PRON
'masi	PUNCT
'materialism'	AUX
'mhip	PROPN
'mi	NOUN
'midang	ADJ
'mifelte	ADJ
'mimal	ADJ
'min	PRON
'mipui	NOUN
'mizo	NOUN
'mizo'	NOUN
'mizoram	NOUN
'mizote	ADJ
'monetary	PART
'monitor'	NOUN
'mualkil	PUNCT
'mumang'	VERB
'myanmar	PUNCT
'nangmahin	PRON
'nari	PUNCT
'naupang	VERB
'nazarit'	ADV
'ng'	PUNCT
'nghah	NOUN
'ngo	ADJ
'ni	ADV
'ni'	ADV
'ningani'	NOUN
'nm	PUNCT
'no	DET
'nu	VERB
'nungcha	ADJ
'nunna	ADJ
'on'	NOUN
'online'	PUNCT
'organic'	PUNCT
'over'	AUX
'parking'	PUNCT
'pathian	NOUN
'peace'	PUNCT
'pemlut'	PART
'penalty'	NOUN
'phusa'	NOUN
'pi	NOUN
'pian	NOUN
'practice'	AUX
'pran	PUNCT
'pressure'	NOUN
'promises'	ADP
'purr	PUNCT
'pûk	NOUN
'quality'	PUNCT
'r'	NOUN
'ram	NOUN
'ramri	NOUN
'rapthlak'	ADJ
'rau'	NOUN
'rawngbawlna	NOUN
'rawtna	NOUN
'ril'	NOUN
'rilru	VERB
'ringtu	NOUN
'rinna'	ADJ
'rinna,'	ADJ
'romania	VERB
'rorêltute'	NOUN
'rul,'	NOUN
'runah'	PUNCT
'saizahawla	PUNCT
'sawipuitu'	NOUN
'sawisel	VERB
'senatus	VERB
'seng'	VERB
'sensiari'	VERB
'shaheed	PUNCT
'shot'	ADP
'siahthing'	VERB
'sial	VERB
'sial'	VERB
'sikul	VERB
'so	VERB
'soapberry'	PUNCT
'special'	NOUN
'specialist'	PUNCT
'starchip'	PUNCT
'suangtuahna'	ADJ
'sveep	PUNCT
'swacch	PUNCT
'swachhata	PROPN
'swmteii'n	PUNCT
'taima'	ADJ
'tal'	ADJ
'tam	ADJ
'tawn	VERB
'tawngtai	VERB
'tawrh'	ADJ
'team	PUNCT
'telepatia'	PUNCT
'tender'	PUNCT
'tha'	NOUN
'thanga	NOUN
'thar	ADJ
'thathona,	PUNCT
'thau'	ADJ
'theihthawh'	PUNCT
'thiam	VERB
'thiam'	VERB
'thifen'	NOUN
'thihsak	VERB
'thil	NOUN
'thiltih	ADJ
'thiltih'	ADJ
'thing	VERB
'thinlung'	NOUN
'thlam	ADJ
'thlarau	NOUN
'thlarau'	NOUN
'thlavang	VERB
'thleng'	NOUN
'thliarkar	NOUN
'thlirtu'	NOUN
'thu'	VERB
'thudiklo	NOUN
'thumal'	ADP
'thuneihna	NOUN
'thusa'	PUNCT
'tiam	NOUN
'ticket	SCONJ
'ticket'	PUNCT
'tih'	VERB
'tinkerman'	NOUN
'tlang	NOUN
'tlang,	NOUN
'to	NOUN
'tong	PUNCT
'trainer'	PUNCT
'tunlai	NOUN
'tunlai'	NOUN
'ui	NOUN
'ui'	NOUN
'upate	PUNCT
'vel'	VERB
'vengtu	NOUN
'views'	NOUN
'vunin	NOUN
'vut	DET
'writer'	PUNCT
'zalenna'	NOUN
'zan	VERB
'zawhna'	NOUN
'ziak'	VERB
'zinkawng'	ADJ
'zirlaite	ADJ
'zirna	ADJ
'zo	NOUN
'zofate	NOUN
'zofest'	PUNCT
'zonunmawi	PUNCT
'zoram	NOUN
'zotheihuan'	NOUN
'zu	NOUN
'zuk	NOUN
'zân'	NOUN
'zûk	NOUN
'ṭha	VERB
'ṭhalaite	ADJ
(a	PUNCT
(abnormalities)	PRON
(acoustics)	VERB
(athens)	PUNCT
(b)	PUNCT
(brewer)	PRON
(buh,	PUNCT
(carp)	ADP
(chawhmeh)	AUX
(comet)-ah	DET
(computer)	DET
(curfew)	AUX
(democracy	VERB
(device)	NOUN
(dike)	VERB
(early	PUNCT
(european	PROPN
(february	PUNCT
(grape)	NOUN
(green)	PRON
(hallucinate)	PRON
(hives)	NOUN
(hna	PUNCT
(honest)	PRON
(hralh/paih)	ADP
(hypothesis)	NOUN
(ii	PROPN
(inkhelh)	VERB
(jogging)	VERB
(juda	VERB
(key)	VERB
(lam)	DET
(leukemia)	ADP
(local	SCONJ
(manslaughter)	NOUN
(moral	ADJ
(party	DET
(phylogenetic	PRON
(placenta)	NOUN
(play)	DET
(poem)	ADJ
(privacy)	VERB
(raft)	DET
(regulation)	DET
(remchângah	PUNCT
(ripe)	VERB
(risks)	NOUN
(rtd)	PUNCT
(savawm)	CCONJ
(sorority)	AUX
(stain)	DET
(text)	ADP
(tobacco)	AUX
(tourism)	VERB
(uterus)	AUX
(vicious	ADJ
+359	ADV
,	PUNCT
,sap	PROPN
,wcd	PROPN
-	PUNCT
-100	ADV
-19	ADP
-2014	NUM
-22	NUM
-25a°c	ADP
-25â°c	ADP
-3.37	DET
-33c	NOUN
-4	PROPN
-a	AUX
-ah	VERB
-chhakchhuaka,	PUNCT
-gky	PROPN
-hna	PUNCT
-i	PROPN
-ii	PROPN
-iii	NOUN
-in	VERB
-neih	VERB
-svanidhi	PROPN
-te	VERB
-ten	AUX
-thuhriltu	PUNCT
-tih	X
.liankhama	NOUN
.sawrkarin	PUNCT
/	PUNCT
/hnang	PRON
/lbuprofen	CCONJ
/leilawn	AUX
/veng	PROPN
/vltf	PROPN
0	NUM
0-0	NUM
0-1	VERB
0-3	PRON
0-6,	PROPN
0.03%	NUM
0.04%	NUM
0.06%	AUX
0.1-2	NUM
0.12%	NUM
0.2	NUM
0.20%	AUX
0.25	NUM
0.3%	NUM
0.31%	SCONJ
0.37%	AUX
0.47	NUM
0.50	NUM
0.50%	NUM
0.506%	AUX
0.55%	NUM
0.73	NUM
0.91%	NUM
0.967	NUM
00	ADP
000	NUM
01.02.2021	NUM
01.08.2024	NUM
01:00	PRON
01:00-ah	NUM
01j	NOUN
03/27/2013-ah	DET
03831-234026/7628029288	ADP
04.4.2023	PROPN
06	NUM
06-naah	DET
1	NUM
1%	NUM
1)	NUM
1,	NUM
1,00,00,000	NUM
1,00,000	NUM
1,00,000/-	NUM
1,00,130	NUM
1,00,732.43-a	ADV
1,000	NUM
1,000/-	PROPN
1,005	NUM
1,005,640	NUM
1,009	NUM
1,018	NUM
1,02,86,709	NUM
1,020	NUM
1,020.66	NUM
1,039	NUM
1,042-in	PROPN
1,05,829	NUM
1,050	NUM
1,050/-	PUNCT
1,06,000	NUM
1,060	NUM
1,07,370.43	NUM
1,07,535	NUM
1,071	NUM
1,073.03	NUM
1,08,000	NUM
1,08,70,000	NUM
1,08,707	NUM
1,09,150	NUM
1,091	NUM
1,096	NUM
1,10,870	NUM
1,100	NUM
1,107	NUM
1,110	NUM
1,12,177	NUM
1,120	NUM
1,123	NUM
1,135	NUM
1,136.40	NUM
1,143	NUM
1,15,000	NUM
1,154	NUM
1,169.50	NUM
1,17,000	NUM
1,174.40	NUM
1,175	NUM
1,180	NUM
1,181	NUM
1,185	NUM
1,187	NUM
1,19,700/-	PROPN
1,192	NUM
1,20,000	NUM
1,200	NUM
1,200%	NUM
1,212	NUM
1,220	NUM
1,222	NUM
1,23,611	NUM
1,24,991	NUM
1,25,000	NUM
1,25,076	NUM
1,250	NUM
1,252	NUM
1,253	NUM
1,276	NUM
1,279	NUM
1,299	NUM
1,30,000	NUM
1,300	NUM
1,302	NUM
1,31,940	NUM
1,316	NUM
1,32,616	NUM
1,33,060	NUM
1,335	NUM
1,346	NUM
1,35,000	NUM
1,350	NUM
1,356	NUM
1,361	NUM
1,366	NUM
1,38,000	NUM
1,384	NUM
1,386	NUM
1,389	NUM
1,392	NUM
1,40,000	NUM
1,400	NUM
1,402	NUM
1,420	NUM
1,426-in	PUNCT
1,433	NUM
1,44,000	NUM
1,440	NUM
1,441	NUM
1,442	NUM
1,452	NUM
1,458	NUM
1,463	NUM
1,468	NUM
1,485	NUM
1,487,434	NUM
1,50,000	NUM
1,50,000/-	NUM
1,500	NUM
1,500-1,800	NUM
1,501	NUM
1,502	NUM
1,504	NUM
1,507	NUM
1,51,912-in	AUX
1,563	NUM
1,569	NUM
1,577	NUM
1,580	NUM
1,582-te	NUM
1,584,870	NUM
1,59,045	NUM
1,596	NUM
1,60,000	NUM
1,600	NUM
1,621	NUM
1,624	NUM
1,640	NUM
1,643-a	NUM
1,653	NUM
1,669	NUM
1,678	NUM
1,70,000	NUM
1,700	NUM
1,71,145	NUM
1,718	NUM
1,73,030	NUM
1,75,000/-	PROPN
1,75,590	NUM
1,778.6	NUM
1,781	NUM
1,80,000	NUM
1,807	NUM
1,812	NUM
1,83,000/-	NUM
1,83,58,680	NUM
1,85,000	NUM
1,86,000	NUM
1,861	NUM
1,871	NUM
1,872	NUM
1,88,060	NUM
1,89,757	NUM
1,893	NUM
1,900	NUM
1,918	NUM
1,94,865	NUM
1,942	NUM
1,962	NUM
1,980-a	NUM
1,99,314	NUM
1-	NUM
1-0	NUM
1-1	VERB
1-1/	ADP
1-15	NUM
1-16	NUM
1-2	ADP
1-3	NUM
1-30	NUM
1-6,	NUM
1-a	NUM
1-ah	NUM
1-mizoram	NOUN
1-na	PROPN
1.0	NUM
1.024	NUM
1.028	NUM
1.05	NUM
1.05%	PROPN
1.07%	NUM
1.1	NUM
1.1%	NUM
1.1-a	SYM
1.1.2018	NOUN
1.13	NUM
1.1m	ADP
1.2	NUM
1.22%	NUM
1.25	NUM
1.27	NUM
1.3	NUM
1.30	NUM
1.30%	PUNCT
1.313	NUM
1.32	NUM
1.36	NUM
1.36%	ADP
1.37%	NUM
1.4	NUM
1.45	NUM
1.46	NUM
1.47	NUM
1.5	NUM
1.53	NUM
1.54	NUM
1.59%	NUM
1.5cm	NUM
1.5m	NUM
1.656	NUM
1.668	NUM
1.6mm	NUM
1.7	NUM
1.71	NUM
1.8	NUM
1.83	NUM
1.88	NUM
1.95	NUM
1.97km	NUM
1.elija	NUM
1.gethsemane	VERB
1.inkhâwm	PUNCT
1.kum,	PUNCT
1.mosian	NUM
1.pathian	NUM
1.philipa	NUM
1.rom	NUM
1.sodom	NUM
1.thlawhtheihnaah	NUM
1.zawlnei	NUM
1.‘chrysostom’	NUM
10	NUM
10%	NUM
10%,	NOUN
10,	NUM
10,00,000	NUM
10,00,000-in	NOUN
10,000	NUM
10,000,	NUM
10,000-ah	NOUN
10,000/-	PUNCT
10,051	NUM
10,143	NUM
10,283	NUM
10,299	NUM
10,30,300	NUM
10,500	NUM
10,58,700/-	PROPN
10,905	NUM
10,928	NUM
10,97,206	NUM
10-	NUM
10-0	VERB
10-1-in	VERB
10-12	NUM
10-15	NUM
10-17.5	PROPN
10-19,	NUM
10-20	NUM
10-20%	NUM
10-25%	NUM
10-4	NUM
10-40	NUM
10-6-in	VERB
10-99	NUM
10-a	NUM
10-ah	NUM
10-in	PROPN
10-na	ADJ
10-naah	ADJ
10-nate	ADJ
10-te	NUM
10.00	NUM
10.12	NUM
10.2	NUM
10.30-ah	NUM
10.84	NUM
10.9.2023	PROPN
10.99	NUM
100	NUM
100%	NUM
100,	NUM
100,000	NUM
100,000/-	PUNCT
100-120	NUM
100-150	NUM
100-a	NUM
100-ah	PRON
100-inch	PUNCT
100-na	PRON
100-naah	NUM
100-te	NUM
100.3	NUM
100/	PROPN
100/-	PUNCT
1000	NUM
1000-ah	ADP
1000/-	PUNCT
10000	NUM
10000/-	PUNCT
10037	NUM
10075	NUM
100k	PROPN
100km	ADP
100m	VERB
100mm	PUNCT
100âµg3	VERB
101	NUM
101/10	ADV
1017	NUM
1019	NUM
102	NUM
1020	NUM
1028	NUM
103	NUM
103,	NUM
103-96	VERB
103-ten	DET
103.57	NUM
103m	NUM
104	NUM
104-100	NUM
104.7	NUM
1041	NUM
1048,58,249.00	NUM
105	NUM
105,	NUM
105.4	NUM
1055	NUM
106	NUM
106-96	PROPN
1068.62-in	PRON
107	NUM
107,142,049	NUM
107-a	PROPN
1071	NUM
108	NUM
1080°	NUM
109	NUM
109-80	NUM
10902	NUM
1091	NUM
1095	NUM
1098	NUM
10:00	NUM
10:00-ah	NUM
10:30	NUM
10:30-ah	NUM
10:34,	ADP
10:45	NOUN
10:55	NUM
10;10	NUM
10km	ADV
10m	NUM
10mm	ADP
10th	ADJ
11	NUM
11%	NUM
11):	NUM
11,	NUM
11,00,000	NUM
11,000	NUM
11,000-12,000	NUM
11,000-in	NUM
11,040	NUM
11,10,000	NUM
11,175	NUM
11,251	NUM
11,483	NUM
11,591	NUM
11,621	NUM
11,66,56,800	NUM
11,849	NUM
11,890	NUM
11,91,600	NUM
11,917	NUM
11,953	NUM
11,964-in	PUNCT
11-11	CCONJ
11-11-in	ADP
11-14	NUM
11-16	NUM
11-2,	SYM
11-3,	NUM
11-5	VERB
11-6	NUM
11-a	NUM
11-ah	NUM
11-in	NUM
11-na	NUM
11-naa	ADJ
11-naah	ADJ
11-te	NUM
11.09.2024	NUM
11.10.2022	PUNCT
11.2	NUM
11.25-a	PRON
11.3	NUM
11.30	NUM
11.36	NUM
11.5-in	NUM
11.55	NUM
11.56	NUM
11.57	NUM
11.70	NUM
110	NUM
110,	NUM
110-106	NOUN
110-ah	ADP
1100	NUM
111	NUM
1110-20910;	NUM
1118	NUM
112	NUM
112-naah	ADJ
113	NUM
11320	NUM
11397.19	NUM
114	NUM
114-113	VERB
114.64	NUM
1140800	NUM
1145	NUM
11470	NUM
115	NUM
115-108	NUM
115-113	NUM
115-58	NOUN
1150	NUM
1151	NUM
1157	NUM
116	NUM
116%	ADP
116-102	NUM
116-112	NUM
1160	NUM
116012	NUM
117	NUM
117-111	ADP
1176	NUM
118	NUM
118-109	NUM
118-115	NUM
118-te	NUM
1185	NUM
119	NUM
1193	NUM
1194	NUM
1195	NUM
11:00	NUM
11:00-ah	NUM
11:15	NUM
11:30	NUM
11:31-ah	NUM
11:40	NUM
11:40-ah	VERB
11:45	ADP
11th	ADP
12	NUM
12%	NUM
12,	NUM
12,00,000	NUM
12,000	NUM
12,03,120	NUM
12,046	NUM
12,080	NUM
12,141	NUM
12,2017	NUM
12,280	NUM
12,287	NUM
12,30	NUM
12,37,36,959	NUM
12,38,655	NUM
12,400	NUM
12,412	NUM
12,424	NUM
12,440	NUM
12,490	NUM
12,500	NUM
12,5000	NUM
12,509	NUM
12,52,72,240	NUM
12,573	NUM
12,672	NUM
12,719	NUM
12,78,07,290/-	PUNCT
12,80,26,231	NUM
12,805	NUM
12,808	NUM
12,811	NUM
12,864	NUM
12,878	NUM
12,948	NUM
12,989	NUM
12-1	PUNCT
12-11	NUM
12-14	NUM
12-16	NUM
12-21	SYM
12-6,	VERB
12-a	NUM
12-ah	ADP
12-in	NUM
12-na	ADJ
12-naah	AUX
12-te	NUM
12.02.2025	PUNCT
12.04%	VERB
12.10	NUM
12.10.2021	PUNCT
12.5	NUM
12.6.2021	PUNCT
12.7	NUM
12.9.2025	NOUN
120	NUM
120,000	NUM
120-107	NUM
120-130	ADP
120-150	NOUN
120-a	NUM
1200	NUM
12000	NUM
12000/-	NUM
120000	NUM
12006	NUM
1205	NUM
121	NUM
121-86	NUM
122	NUM
122,	NUM
122-a	NOUN
122-na	ADJ
122.39	NUM
1229	NUM
123	NUM
123-119	NUM
1232	NUM
1236	NUM
123730	NUM
124	NUM
12471	NUM
1249	NUM
124c	PROPN
125	NUM
125-na	PROPN
126	NUM
126-te	NUM
126.84	NUM
1263.5	NUM
126722	NUM
127	NUM
1276	NUM
1278	NUM
128	NUM
128-112	NUM
128.20	NUM
128/-	ADJ
1280	NUM
129	NUM
129,	NUM
1290	NUM
1291-a	ADP
12:00	NUM
12:00-ah	NUM
12:1	NUM
12:1-2-ah,	NUM
12:13-ah	PROPN
12:15	NUM
12:15-ah	VERB
12:30	NUM
12:30-ah	NUM
12:45	NUM
12:50	NUM
12:7	NUM
12;35	ADP
13	NUM
13%	NUM
13,	NUM
13,00,00,000	NUM
13,000	NUM
13,098	PUNCT
13,366	NUM
13,369	NUM
13,398	NUM
13,46,412	NUM
13,478	NUM
13,517	NUM
13,572	NUM
13,583	NUM
13,812	NUM
13,937	NUM
13,954	NUM
13,958	NUM
13,961	NUM
13-14	NUM
13-17	VERB
13-a	NUM
13-ah	NUM
13-in	PUNCT
13-na	ADJ
13-naah	AUX
13-te	NUM
13.09.2007	NUM
13.32	PROPN
13.37%	AUX
13.4.2020	PUNCT
13.47%	NUM
13.5	NUM
13.6	NUM
13.8	NUM
13.96%	NOUN
13.99	NUM
13/1/2010	NUM
130	NUM
1300	NUM
131	NUM
131-116	PROPN
131-123	PROPN
131-140-na	ADP
131238	PUNCT
1316	NUM
132	NUM
132581	NUM
13292	NUM
133	NUM
133.4	NUM
1335	NUM
134	NUM
134-ah	ADP
134-na	ADJ
135	NUM
135,000	NUM
1353	NUM
136	NUM
136,	NUM
1360	NUM
137	NUM
137.8	NUM
138	NUM
13889	NUM
139	NUM
1391	NUM
1394	NUM
13:	NUM
13:4	NUM
13:5-ah,	NUM
13:8	NUM
14	NUM
14%	NUM
14%-in	PROPN
14,	NUM
14,000	NUM
14,12,200	NUM
14,24,515	NUM
14,423	NUM
14,500	NUM
14,515	NUM
14,600	NUM
14,618	NUM
14,703	NUM
14,741	NUM
14,840	NUM
14,989	NUM
14-	NUM
14-0	PROPN
14-1,	NUM
14-12	VERB
14-16	ADP
14-18	NOUN
14-21,	PROPN
14-30	NUM
14-a	ADP
14-ah	NUM
14-in	PROPN
14-na	ADJ
14-naah	ADV
14.04	NUM
14.04.2020	PROPN
14.1-ah	PROPN
14.156	NUM
14.3	NUM
14.346	NUM
14.4	NUM
14.5	NUM
14.5.2025	NOUN
14.84	NUM
14.93%	NUM
14/15	NUM
140	NUM
140-in	NUM
1400	NUM
14027	NUM
1404	NUM
141	NUM
141-111	NUM
1418	NUM
1419	NUM
142	NUM
14255	NUM
1428	NUM
143	NUM
1439	NUM
144	NUM
144,000	NUM
14416	NUM
1442	NUM
144mm	VERB
145	NUM
145-in	NUM
1455	NUM
145814	NUM
146	NUM
146.1	NUM
147	NUM
147-a	PUNCT
147-naah	ADP
1478	NUM
148	NUM
1480	NUM
149	NUM
1490.43	NUM
1492-a	VERB
1497-ah	NUM
14:21-23	NUM
14na,	NUM
14th	DET
15	NUM
15%	NUM
15,	NUM
15,00,000	NUM
15,000	NUM
15,000-20,000	PROPN
15,000/-	PROPN
15,132	NUM
15,160	NUM
15,55,958	NUM
15,566	NUM
15,631	NUM
15,666	NUM
15,890	NUM
15-10	NOUN
15-2	SYM
15-20	NUM
15-20%	ADV
15-39	NUM
15-49	NUM
15-54	NUM
15-9,	ADJ
15-a	NUM
15-ah	ADP
15-in	NUM
15-naah	ADJ
15.1.09	NUM
15.3	NUM
15.305	NUM
15.5	NUM
15.5%	NUM
15.50	NUM
15.75	NUM
15.84%	VERB
15.91%	NUM
15/4/09	NUM
150	NUM
150,000	NUM
150-200kg	NUM
150.57	NUM
150/-	PROPN
1500	NUM
15000	NUM
1500m	NOUN
1503	NUM
1503,	NUM
1506	NUM
151	NUM
151/9	ADV
151493	NUM
152	NUM
1520	NUM
1527	NUM
153	NUM
1530	NUM
1539	NUM
154	NUM
1544	NUM
15495	NUM
155	NUM
155-na	ADJ
1557	NUM
15589	NUM
156	NUM
157	NUM
158	NUM
1581	NUM
1582	NUM
1589	NUM
159	NUM
159.13	NUM
159.38	NUM
159/7	PRON
15:22	NOUN
15th	ADJ
16	NUM
16,	NUM
16,000	NUM
16,161	NUM
16,217	NUM
16,400	NUM
16,48,352	NUM
16,60,000	NUM
16,763	NUM
16,765	NUM
16,85,74,842	NUM
16-12-in	NUM
16-17	NUM
16-18	NUM
16-a	ADP
16-ah	DET
16-in	NUM
16-na	ADJ
16-naah	VERB
16-te	NUM
16.1	NUM
16.10.2025	NUM
16.11.2015	NUM
16.12	NUM
16.12.2022	PUNCT
16.19%	NUM
16.24%	AUX
16.35	NUM
16.37	NUM
16.38	NUM
16.39%	NUM
16.4-ah	ADP
16.9.2013	ADP
160	NUM
160%	ADP
1600	NUM
1600-1700	NUM
16000	NUM
1600s	NOUN
16017	NUM
1608	NUM
160m	ADP
161	NUM
162	NUM
162,000.00	NUM
162-ah	NUM
1620	NUM
16200	NUM
1621	NUM
1625-a	VERB
1629	NUM
163	NUM
1633	NUM
164	NUM
164,30,000	NUM
165	NUM
1651	NUM
1651.68	NUM
166	NUM
167	NUM
168	NUM
16899	NUM
169	NUM
1691	NUM
16a°c	ADP
16mtd	ADP
17	NUM
17,	NUM
17,000	NUM
17,043.1	NUM
17,120	NUM
17,131	NUM
17,528	NUM
17,559	NUM
17,692	NUM
17,834	NUM
17,954	NUM
17-17	ADP
17-18	NUM
17-21,	NUM
17-4-1945	ADP
17-a	AUX
17-ah	NUM
17-in	NUM
17-na	NUM
17-naah	NUM
17-te	NUM
17.1%	NUM
17.4	NUM
17.5%	NUM
17.50	NUM
17.58	NUM
17.6.2025	NOUN
170	NUM
170/-	NOUN
17000	NUM
17043.1	NUM
172	NUM
172219	NUM
173	NUM
1730	NUM
1736.79	NUM
174	NUM
174-ah	ADP
1748-ah	NUM
1749	NUM
175	NUM
17503	NUM
17562	NUM
176	NUM
176.5	NUM
177	NUM
1773-a	NUM
1775	NUM
1776	NUM
1779	NUM
178	NUM
17804	NUM
178367	NUM
1784	NUM
179	NUM
17:17	NUM
17th	ADJ
18	NUM
18%	ADP
18%-in	VERB
18,	NUM
18,000	NUM
18,000-a	NUM
18,116	NUM
18,200	NUM
18,239	NUM
18,333	NUM
18,350	NUM
18,673	NUM
18,72,000	NUM
18,800	NUM
18,890	NUM
18-13	NUM
18-34	NUM
18-44	NUM
18-a	DET
18-ah	ADP
18-an	NUM
18-in	NUM
18-na	ADV
18-naah	DET
18-te	NUM
18-ten	NUM
18.05	NUM
18.1	NUM
18.11	NUM
18.2	NUM
18.4.2016	PROPN
18.5%	ADP
18.5.2025	PUNCT
18.570	NUM
18.83	NUM
18.92%	NUM
18.95	NUM
180	NUM
180,000	NUM
180-300	NUM
180-a	VERB
1800	NUM
18000	NUM
18028	NUM
1807	NUM
1807-ah	NUM
181	NUM
1811-ah	ADV
1814	NUM
182	NUM
1822	NUM
1825	NUM
183	NUM
1830	NOUN
1831	NUM
1839	NUM
184	NUM
184-175	PROPN
1840	NUM
1847	NUM
1847-a	DET
185	NUM
1852	NUM
1853	NUM
1858.27	NUM
186-a	PRON
186.86	NUM
1860	NUM
1861	NUM
1865	NUM
1868	NUM
187	NUM
1875	NUM
1876	NUM
1879	NUM
188	NUM
188,	NUM
188-na	NUM
1880	NUM
1881	NUM
1881-ah,	NUM
1882,	NUM
1886	NUM
1888-ah	NUM
1889	NUM
189	NUM
1890	NUM
1891	NUM
1891-ah	NUM
1891.07	NUM
1893	NUM
1894ah	NUM
1895	NUM
1896-ah	ADP
1897	NUM
1898	NUM
1898-ah	NUM
1899-ah	NUM
18:6	NUM
19	NUM
19,	NUM
19,000	NUM
19,149	NUM
19,400	NUM
19,410	NUM
19-13-in	VERB
19-24	NUM
19-ah	NUM
19-in	DET
19-na	NUM
19-naah	ADJ
19-te	NUM
19.40x	NOUN
19.45	NUM
19.46	NUM
19.59	PUNCT
190	NUM
190,00,000/-	PROPN
190-te	NUM
1900	NUM
1900-a	NOUN
1901	NUM
1902	NUM
1907	NUM
1909	NUM
191	NUM
1910	NUM
1912	NUM
1913	NUM
1913-ah	DET
1914	NUM
1917	NUM
1918-ah	NUM
1919	NUM
192	NUM
1920	NUM
1922	NUM
1923	NUM
1924-ah	PRON
1925	NUM
1926	NUM
1927-ah	PROPN
1928	NUM
1928-ah	VERB
1929-ah	NUM
193	NUM
1930	NUM
1930's	NUM
1931	VERB
1931-a	PROPN
1932	NUM
1935	NUM
1936	NUM
1936-1954	ADP
1939	NUM
194	NUM
194-ah	PROPN
1940	NUM
1940's	NUM
1940-1960	NUM
19415	NUM
1942	NUM
1943	NUM
1943-ah	NUM
1944	NUM
1945	NUM
19458	NUM
1946	NUM
1946-ah	NUM
1947	NUM
1947-ah	ADP
1948	NUM
1948-ah	PRON
1949	NUM
195	NUM
1950	NUM
1950s	AUX
1951	NUM
1951-52	NUM
1951-a	DET
1952	NUM
1952-1962	ADP
1953-a	ADP
1954	NUM
1955	NUM
1955-ah	AUX
1956	NUM
1956,	NUM
1956-a	NUM
1958	NUM
1959	NUM
1959-a	SYM
196	NUM
1960	NUM
1960-a	NUM
1960-ah	NUM
1961	NUM
1962	NUM
1962-63	NUM
1962-a	NUM
1962-ah	NUM
1963-ah	NUM
19631	NUM
1964	NUM
1964-ah	NUM
1965-a	NUM
1965-ah	NUM
1966	NUM
1966-a	NUM
1966-ah	NUM
1967	NUM
1967-1975	ADP
1967-a	DET
1967-ah	NUM
1968	NUM
1968-ah	NUM
1969	NUM
1969-ah	NUM
197	NUM
197.21	NUM
1970	NUM
1971	NUM
1971-a	ADP
1972	NUM
1972-1982	NUM
1972-a	AUX
1972-ah	ADP
1973	NUM
1973-a	SCONJ
1973-ah	ADP
1974	NUM
1975	NUM
1975-a	NUM
1975-ah	NUM
1975’	NUM
1976	NUM
1976-1982	NUM
1976-77	NUM
1976-a	DET
1976-ah	VERB
1977	NUM
1977-ah	NUM
1977ah	NUM
1978	NUM
1978-ah	NUM
1979	NUM
1979-1992	NUM
1979-1993	NUM
1979-ah	NUM
198	NUM
1980	NUM
1980-a	PRON
1980-ah	ADP
1981	NUM
1981-ah	NUM
1982	NUM
1982-83	ADP
1982-ah	NUM
1983	NUM
1983-a	NUM
1983-ah	NUM
1984	NUM
1984-ah	NUM
1985	NUM
1985-ah	NUM
1986	NUM
1986-ah	NUM
1987	NUM
1987-a	DET
1987-ah	NUM
1988	NUM
1988-ah	NUM
1988ah	NUM
1989	NUM
1989-1999	NUM
1989-ah	NUM
199	NUM
1990	NUM
1990-a	NUM
1990-ah	NUM
1990s	NOUN
1991	NUM
1991-ah	NUM
1992	NUM
1992-93	NUM
1992-ah	AUX
1993	NUM
1993-1998	NUM
1993-a	VERB
1993-ah	NUM
1994	NUM
1994-ah	NUM
1994ah	NUM
1995	NUM
1995-ah	NUM
1995biakna	NUM
1996	NUM
1996-1999	NUM
1996-ah	NUM
1997	NUM
1997-1998:	PROPN
1997-2003	NUM
1997-ah	NUM
1998	NUM
1998-ah	NUM
1998–	NOUN
1999	NUM
1999-2014	NUM
1999-2024	PUNCT
1999-ah	NUM
19:6	NUM
19a	NUM
19th	ADJ
1:	NUM
1:00	NUM
1:00-a	NUM
1:00-ah	NUM
1:15-ah	PRON
1:16-ah,	NUM
1:19f-ah	NUM
1:20	NUM
1:30	ADP
1:30-ah	NUM
1:40	NUM
1:45	NUM
1:4–6	PROPN
1:50	NUM
1:50-ah	NUM
1:7-11	NUM
1:9	PROPN
1a	PROPN
1km	PROPN
1mva	DET
1na	PUNCT
1st	ADJ
1–10	VERB
2	NUM
2%	NUM
2&3	NUM
2,	NUM
2,00,000	NUM
2,00,000/-	PROPN
2,00,000/-a	PUNCT
2,00,375/-	PUNCT
2,000	NUM
2,01,306	NUM
2,02,400	NUM
2,02,630	NUM
2,03,051	NUM
2,041	NUM
2,054	NUM
2,057-ah	NUM
2,067	NUM
2,072	NUM
2,08,513	NUM
2,08,816	NUM
2,100	NUM
2,101	NUM
2,128	NUM
2,13,348	NUM
2,131-te	NUM
2,142	NUM
2,16,584	NUM
2,164	NUM
2,195	NUM
2,200	NUM
2,203	NUM
2,22,023	NUM
2,225	NUM
2,234	NUM
2,25,840	NUM
2,252	NUM
2,26,000	NUM
2,28,372	NUM
2,286	NUM
2,29,009	NUM
2,292	NUM
2,298	NUM
2,310	NUM
2,323	NUM
2,382	NUM
2,40,000	NUM
2,401	NUM
2,430	NUM
2,434	NUM
2,45,000	NUM
2,48,650/-	PUNCT
2,488	NUM
2,50,000	NUM
2,500	NUM
2,500/-	PUNCT
2,518	NUM
2,549	NUM
2,573	NUM
2,594	NUM
2,600	NUM
2,62,617	NUM
2,637	NUM
2,669	NUM
2,687	NUM
2,723	NUM
2,74,173	SYM
2,744	NUM
2,748	NUM
2,773	NUM
2,81,592	NUM
2,828	NUM
2,879	NUM
2,886	NUM
2,89,500/-	PUNCT
2,90,000	NUM
2,900	NUM
2,95,022	NUM
2,97,375	NUM
2,973-ah	NUM
2-0	NUM
2-1	NUM
2-1-in	PROPN
2-2	NUM
2-2-a	NUM
2-3	ADP
2-4	NUM
2-5	NUM
2-ah	NUM
2-na	ADJ
2-na:	NUM
2-naah	ADJ
2.	NUM
2.0	NUM
2.1	NUM
2.2	NUM
2.3	NUM
2.3%	NUM
2.3.2018	PUNCT
2.30	NUM
2.4	NUM
2.46%	NUM
2.5	NUM
2.5%	NUM
2.500gram	NUM
2.56	NUM
2.5km	ADP
2.6	NUM
2.7	NUM
2.77	PROPN
2.78	NUM
2.8	NUM
2.80	NUM
2.87-ah	NUM
2.88	NUM
2.91%	NUM
2.95	NUM
2.96	NUM
2/1	DET
2/3	NUM
20	NUM
20%	NUM
20+	ADP
20,	NUM
20,00,000	NUM
20,000	NUM
20,000/-	PUNCT
20,235	NUM
20,492	NUM
20,496	NUM
20-	NUM
20-16-in	NUM
20-17	NUM
20-22	NUM
20-25%	ADJ
20-30	NUM
20-a	NUM
20-ah	NUM
20-in	PUNCT
20-na	ADJ
20-na,	NUM
20-naa	VERB
20-naah	ADJ
20-te	NUM
20-ten	NUM
20.02	PROPN
20.13	NUM
20.2.2023	PROPN
20.36	NUM
20.5	NUM
20.65%	ADP
20.7	NUM
20.75%	ADP
20.75%-in	VERB
20.84	NUM
20/-	PUNCT
20/30	NUM
200	NUM
200,	NUM
200,000	NUM
200,000-a	ADV
200-300	NUM
200-ah	NUM
200-in	PRON
200.49	NUM
200/-	PROPN
200/3	NUM
2000	NUM
2000-02	NUM
2000-a	PROPN
2000-ah	NUM
2000/-	PUNCT
20000	NUM
2000s	NOUN
2001	NUM
2001-2011	ADP
20010-2011	NUM
2002	NUM
2003	NUM
2003,	NUM
2003-04	NUM
2003-a	DET
2003-ah	NUM
2004	NUM
2004-2008	NUM
2004-2014	NUM
2004-ah	NUM
2005	NUM
2005-06	NUM
2005-a	PRON
2005-ah	NUM
2006	NUM
2006-07	NUM
2006-2007	NOUN
2006-a	NUM
2006-ah	NUM
2007	NUM
2007-08	NUM
2007-2011	NUM
2007-a	NUM
2007-ah	ADP
2008	NUM
2008-09	ADP
2008-2009	NUM
2008-a	AUX
2008-ah	NUM
2008-ah,	ADP
2008.05	NUM
2009	NUM
2009-10	NUM
2009-a	DET
2009-ah	NUM
200gram	CCONJ
200m	NOUN
200na	PRON
201	NUM
201.4	NUM
2010	NUM
2010-11	AUX
2010-13	ADP
2010-16	NOUN
2010-2011	NUM
2010-ah	NUM
2010ah	NUM
2011	NUM
2011-12	ADP
2011-2012	NUM
2011-a	ADP
2011-ah	NUM
2011hmasak	PRON
2012	NUM
2012-13	NUM
2012-2013	NOUN
2012-2016	ADP
2012-2020	PROPN
2012-ah	NUM
2012ah	NUM
2013	NUM
2013-14	NUM
2013-15	NUM
2013-2017	NUM
2013-a	NUM
2013-ah	NUM
2013-ahte	PRON
2014	NUM
2014-15	NUM
2014-2015	NUM
2014-2015-ah	NUM
2014-2018	NUM
2014-2021	NUM
2014-a	NUM
2014-ah	NUM
2015	NUM
2015-16	NUM
2015-17	DET
2015-2016	NUM
2015-2020	NOUN
2015-a	NUM
2015-ah	NUM
2016	NUM
2016,	NUM
2016-17	NUM
2016-2017	DET
2016-2020	ADP
2016-a	ADP
2016-ah	NUM
2017	NUM
2017-18	ADP
2017-19	DET
2017-2018	NUM
2017-2019	PROPN
2017-2020	NUM
2017-a	DET
2017-ah	NUM
2017-ah,	NUM
2018	NUM
2018-19	NUM
2018-2019	NUM
2018-2022	NUM
2018-a	PRON
2018-ah	NUM
2019	NUM
2019,	NUM
2019-20	NUM
2019-2020	DET
2019-2021	NUM
2019-2023	NUM
2019-22	NUM
2019-24	NUM
2019-a	VERB
2019-ah	PROPN
2019:	NUM
201mw	PROPN
202	NUM
202.46	NUM
202.95	NUM
2020	NUM
2020-2021	NUM
2020-2022	NUM
2020-21	NUM
2020-a	NUM
2020-ah	NUM
2020-in	DET
2021	NUM
2021,february	PROPN
2021-2022	NUM
2021-2025	NUM
2021-22	NUM
2021-ah	NUM
2022	NUM
2022,	NUM
2022-	NUM
2022-2023	NUM
2022-2024	NOUN
2022-23	NUM
2022-23-ah	NOUN
2022-24	NUM
2022-a	DET
2022-ah	NUM
2023	NUM
2023-2024	NUM
2023-24	NUM
2023-24-a	PRON
2023-a	ADP
2023-ah	NUM
2023:	NUM
2023:vawiin	PROPN
2023;	NUM
2024	NUM
2024-2025	NUM
2024-2026	NUM
2024-25	NUM
2024-a	ADP
2024-ah	NUM
2024-ahte	CCONJ
2024/2025	NUM
2024:	NUM
2024;	NUM
2025	NUM
2025-2026	NUM
2025-2027	DET
2025-26	NUM
2025-ah	NUM
2025:	NUM
2025;	NUM
2026	NUM
2026,	NUM
2026-ah	NUM
2027	NUM
2027-28	NUM
2028	NUM
2028-a	ADP
2028-ah	NUM
2029-ah	PROPN
203	NUM
2030	NUM
2030-ah	ADP
2031	NUM
2033	NUM
2035	NUM
20373	NUM
204	NUM
204.6	NUM
2041	NUM
2043-ah	NUM
2047	NUM
205	NUM
2050	NUM
2050-ah	NUM
206	NUM
207.19	NUM
2076	NUM
208	NUM
20850	NUM
209	NUM
209-ah	ADP
20:16-ah	NUM
20m	NUM
20mtd	NUM
20na	NUM
20th	PUNCT
21	NUM
21%	ADJ
21,	NUM
21,000	NUM
21,090	NUM
21,150	NUM
21,454	NUM
21,645,917	NUM
21,75,500/-	NUM
21,853,483	NUM
21,903.7	NUM
21-10,	PROPN
21-14	NUM
21-14,	NUM
21-18	NUM
21-23,	NUM
21-24	NUM
21-40	ADP
21-a	NUM
21-ah	NUM
21-in	NUM
21-na	NUM
21-naah	ADJ
21.05%-a	ADP
21.20%	NUM
21.24	NUM
21.26	NUM
21.5	NUM
21.5.2014,	NOUN
21.8	NUM
21.9	NUM
210	NUM
2100	NUM
21000	NUM
2107	NUM
211	NUM
212	NUM
212.15	NUM
213	NUM
214	NUM
215	NUM
2156.22	NUM
216	NUM
216.9	NUM
217	NUM
217/7	PROPN
218	NUM
2180-ah	NUM
218581	NUM
219	NUM
219,000	NUM
2195	NUM
21969	NUM
21:1-6	NUM
21naah	ADJ
21st	ADJ
22	NUM
22%	AUX
22,	NUM
22,106	NUM
22,123	NUM
22,129	NUM
22,2019	NUM
22,365	NUM
22,369	NUM
22,500	NUM
22,602	NUM
22,661	VERB
22,703	NUM
22,999	NUM
22-18-in	NUM
22-20	SYM
22-23	VERB
22-30,	NUM
22-a	NUM
22-ah	NUM
22-na	ADJ
22-naa	DET
22-naah	ADJ
22-tuichang	ADP
22.11.2024	PROPN
22.52	NUM
22.55	NUM
220	NUM
221	NUM
221-a	CCONJ
221/5	VERB
222	NUM
223	NUM
22358	NUM
224	NUM
225	NUM
2256	NUM
226	NUM
227	NUM
227.15	NUM
228	NUM
229	NUM
229-te	NUM
23	NUM
23,	NUM
23,000	NUM
23,04,690	NUM
23,096	NUM
23,251	NUM
23,271	NUM
23,469	NUM
23,591,82-a	NOUN
23-0	PROPN
23-23	NUM
23-ah	NUM
23-na	PUNCT
23-naah	NOUN
23-te	DET
23.41	NUM
23.48	NUM
23.5	NUM
23.5%	ADP
23.8%	AUX
230	NUM
2300	NUM
2305	NUM
231	NUM
231.9	NUM
2314.04	NUM
232	NUM
233	NUM
23370	NUM
234	NUM
235	NUM
236.22	NUM
237	NUM
238	NUM
238-te	ADP
238.50	NUM
239,500-a	NUM
23:	NUM
23:39-43	NUM
24	NUM
24%	NUM
24,	NUM
24,028	NUM
24,046	NUM
24,097	NUM
24,098	NUM
24,265	NUM
24,62,713	NUM
24,621	NUM
24-18-in	VERB
24-26	PROPN
24-7	NUM
24-a	NUM
24-ah	NUM
24-in	PUNCT
24-na	DET
24-naah	PROPN
24-te	NUM
24/kg-in	PROPN
240	NUM
2400	NUM
2400/-	NUM
241	NUM
242	NUM
242-ah	ADP
2425	NUM
243	NUM
244	NUM
2448.8	NUM
245	NUM
245.6	NUM
2455.08	NUM
246	NUM
246.493	NUM
246.50	NUM
2468	NUM
2469	NUM
247	NUM
247.03	NUM
248	NUM
249	NUM
249102.45	NUM
2498	NUM
24:30-ah	NUM
24th	ADP
25	NUM
25%	NUM
25,	NUM
25,000	NUM
25,000+25,000=50,000	PUNCT
25,000/-	NUM
25,102	NUM
25,154	NUM
25,831	NUM
25-17,	PROPN
25-19	NOUN
25-21,	SYM
25-22	NUM
25-23,	PROPN
25-28	NUM
25-30	ADV
25-30%	NUM
25-a	DET
25-ah	NUM
25-in	NUM
25-na	ADJ
25-naah	ADJ
25-te	NUM
25.00	NUM
25.1	NUM
25.3	NUM
250	NUM
250,000	NUM
250,856	NUM
250-in	PUNCT
250/-	PUNCT
250/260	PUNCT
2500	NUM
25000	NUM
25000/-	PROPN
25037	NUM
251	NUM
25195	NUM
252	NUM
2522	NUM
253	NUM
254	NUM
2545	NUM
255	NUM
25528	NUM
255kg	PROPN
257	NUM
2574	NUM
258	NUM
25m	PROPN
25mph	NUM
25–28	NUM
26	NUM
26,	NUM
26,025	NUM
26,06,26,635	NUM
26,100	NUM
26,909	NUM
26,95,000	NUM
26,966	NUM
26-24	NUM
26-27,	NUM
26-28	PROPN
26-a	DET
26-ah	NUM
26-in	ADP
26-na	ADJ
26-naah	ADJ
26.03.2021	NUM
26.08	NUM
26.16%	NUM
26.81	NUM
26.9	NUM
26.o7.2o21	NUM
260	NUM
2600	NUM
261	NUM
262	NUM
263	NUM
2632	NUM
2636	NUM
264	NUM
265	NUM
26541,	NUM
266	NUM
266.4	NUM
267	NUM
269	NUM
26panel	NUM
27	NUM
27%	NUM
27,	NUM
27,000	NUM
27,081	NUM
27,153	NUM
27,829	NUM
27,844	CCONJ
27,999	NUM
27-29	PROPN
27-ah	PRON
27-naah	ADP
27-te	NUM
27.20%-ah	ADP
27.26	NUM
27.5	NUM
27.5-a	NUM
27.50%	VERB
27.58%	ADV
27.88	NUM
27.99	NUM
270	NUM
2700/-	PUNCT
271	NUM
27114	NUM
272	NUM
273	NUM
273-a	NUM
2735	NUM
2737	NUM
274	NUM
274.39	NUM
2747	NUM
274mw	PROPN
275	NUM
277	NUM
277.16	NUM
2780	NUM
278395	NUM
279	NUM
279-ah	ADJ
28	NUM
28%	NUM
28,	NUM
28,000	NUM
28,060	NUM
28,191	NUM
28,500	NUM
28-a	NUM
28-ah	NOUN
28-in	NUM
28-na	ADV
28-naah	ADJ
28-te	DET
28.03.2020	NUM
28.2%	NUM
28.3.2011	NOUN
28.5	NUM
280	NUM
280,	NUM
28018	NUM
281	NUM
282.94	NUM
283	NUM
284	NUM
285.82	NUM
286	NUM
287	NUM
288	NUM
288,000	NUM
2886	NUM
289	NUM
28th	PART
29	NUM
29,	NUM
29,00,000	NUM
29,000	NUM
29,013	PUNCT
29,028	NUM
29,181	NUM
29,373/-	PROPN
29,64,050	NUM
29,726	NUM
29,861	NUM
29-30	NUM
29-a	NUM
29-ah	PROPN
29-in	PUNCT
29-naah	ADJ
29-south	PUNCT
29.05.2025	ADP
29.73-ah	NOUN
290	NUM
291	NUM
2918	NUM
29183	NUM
293	NUM
293-in	NUM
2932.375	NUM
2934	NUM
294	NUM
29436	NUM
295	NUM
296	NUM
29600/-	NUM
297	NUM
299	NUM
2994	NUM
29:11	PROPN
29:4	NUM
2:00	NUM
2:00-ah	NUM
2:10-a	ADJ
2:10-ah	NUM
2:12-13	NUM
2:20	NUM
2:24-ah	NUM
2:30	NUM
2:30-a	NUM
2:30-ah	NUM
2:35	NUM
2:40	ADP
2:50-ah	NUM
2am	PUNCT
2bn	PUNCT
2k	PUNCT
2na	PUNCT
2nd	ADJ
2wheeler	NUM
3	NUM
3%	NUM
3,	NUM
3,00,000	NUM
3,00,000-a	NUM
3,00,000/-	PUNCT
3,000	NUM
3,043	ADP
3,051	NUM
3,075	NUM
3,099	NUM
3,126	NUM
3,16,73,844	NUM
3,19,837	NUM
3,190	NUM
3,200	NUM
3,2023	NUM
3,207	PRON
3,24,548	NUM
3,25,100	NUM
3,25,100/-	NUM
3,25,450	NUM
3,271	NUM
3,271.340	NUM
3,31,810	NUM
3,316	NUM
3,323	NUM
3,33,333	NUM
3,347	NUM
3,364	NUM
3,381	NUM
3,400	NUM
3,412	NUM
3,448	NUM
3,464	NUM
3,488-a	NUM
3,493	NUM
3,500	NUM
3,512	NUM
3,518	NUM
3,529	NUM
3,55,94,402/-	PUNCT
3,558	NUM
3,563	NUM
3,566.45	NUM
3,600/-	NUM
3,636	NUM
3,699	NUM
3,710	NUM
3,718	NUM
3,730	NUM
3,800	NUM
3,81,810/-	PUNCT
3,825	NUM
3,852	NUM
3,864	NUM
3,90,000	NUM
3,90,20,520/-	NUM
3,930	NUM
3,952	NUM
3-0	NUM
3-0-a	NUM
3-0-in	NUM
3-1	NUM
3-1-in	ADP
3-17	NUM
3-2	NUM
3-3	NUM
3-4	NUM
3-5	NUM
3-5,	NUM
3-5-2	NUM
3-6	ADJ
3-6,	PROPN
3-9	PROPN
3-a	ADP
3-ah	NUM
3-ah-	NUM
3-in	NUM
3-na	ADJ
3-naah	ADJ
3-points	VERB
3-te	ADP
3.0	NUM
3.00	NUM
3.00-a	NOUN
3.04	NUM
3.1	NUM
3.16	NUM
3.3	NUM
3.3.2023	ADP
3.30-ah	NUM
3.31	NUM
3.32%-in	NUM
3.4	NUM
3.4.2024	NUM
3.42	NUM
3.5	NUM
3.6	NUM
3.64	NUM
3.660	NUM
3.7	NUM
3.8	NUM
3/4	NUM
30	NUM
30%	NUM
30%-40%	NUM
30,	NUM
30,000	NUM
30,000/-	PUNCT
30,18,89,992	NUM
30,200,134	NUM
30,281	NUM
30,332	NUM
30,856	NUM
30,93,583	NUM
30-20	PROPN
30-40	ADP
30-a	NUM
30-ah	NUM
30-in	NUM
30-na	NUM
30-naah	ADJ
30.3.1988	PUNCT
30.80%	NUM
300	NUM
300,000	NUM
300-400	ADV
300-in	ADP
300/400	PROPN
3000	NUM
30000	NUM
3001	NUM
300kms	NUM
301	NUM
302	NUM
303	NUM
3047	NUM
306	NUM
3065	NUM
30660	NUM
3068	NUM
307	NUM
308	NUM
3089	NUM
30km	AUX
30ml	NOUN
31	NUM
31,	NUM
31,000	NUM
31,100	NUM
31,461	NUM
31,685	NUM
31-a	NUM
31-ah	NUM
31-in	ADP
31-naah	ADP
31.23%	NUM
310	NUM
3100	NUM
311,200/-	PROPN
3119	NUM
314	NUM
315	NUM
316	NUM
3163	NUM
3164	NUM
318	NUM
319	NUM
31:10-ah	PROPN
31:15	NUM
31:4-ah	NUM
32	NUM
32%	NUM
32,000	NUM
32,13,799	NUM
32,200	NUM
32,321	NUM
32,415	NUM
32,493	NUM
32,672.4	NUM
32,803	NUM
32-a	NUM
32-ah	ADP
32-in	NUM
32-naah	ADJ
32.75%	NUM
32.87%	NUM
320	NUM
3205	NUM
321	NUM
321.71	NUM
3217	NUM
3228	NUM
323	NUM
324	NUM
32400	NUM
325	NUM
327	NUM
329	NUM
3291	NUM
32:50-ah	NUM
33	NUM
33%	NUM
33,400	NUM
33,64,33,302	NUM
33,930	NUM
33,957	NUM
33-35	NUM
33-a	NUM
33-naah	ADJ
330	NUM
3305	NUM
332	NUM
3326	AUX
333	NUM
333-in	NUM
334	NUM
3342	NUM
3357	NUM
336	NUM
337	NUM
338	NUM
339	NUM
3393	NUM
3396	NUM
33kv	CCONJ
34	NUM
34,282	NUM
34,500	NUM
34,651	NUM
34,704	NUM
34,727,407	NUM
34-a	PROPN
34-ah	ADJ
34-na	ADJ
34-naa	VERB
34-naah	ADJ
34.6	NUM
340	NUM
340,	NUM
340-ah	NUM
3408	NUM
343	NUM
3457	NUM
346	NUM
3469	NUM
347	NUM
347.02	NUM
347m	NUM
3489	NUM
349	NUM
35	NUM
35%	VERB
35,	NUM
35,000	NUM
35,150	NUM
35,275.10	NUM
35,33,550	NUM
35,840	NUM
35,970	NUM
35-49	NUM
35-a	NUM
35-na	ADJ
35-naah	ADJ
35.5%	PUNCT
35.5-ah	NUM
350	NUM
350,000	NUM
3500	NUM
3502	NUM
351	NUM
3519	NUM
3522	NUM
353.4	NUM
354	NUM
355	NUM
355-naah	NUM
3568.62	NUM
3572	NUM
35737	NUM
3586	NUM
359	NUM
35c	ADP
36	NUM
36%	NUM
36,000	NUM
36,059	NUM
36,99,00,009	NUM
36-a	DET
36-na	ADJ
36-naah	ADJ
36.91	NUM
360	NUM
360-in	NUM
3600	NUM
3602	NUM
361	NUM
361-in	PUNCT
362	NUM
362.07	NUM
363,000	NUM
363.6	NUM
3632	NUM
364	NUM
3640	NUM
3646	NUM
366	NUM
3672	CCONJ
36771	NUM
368	NUM
368.89	NUM
369	NUM
37	NUM
37%	NUM
37,000	NUM
37,244	NUM
37,500	NUM
37,689	NUM
37-a	ADP
37-ah	PROPN
37-in	ADP
37-na	NUM
37-naah	ADJ
37.6	NUM
370	NUM
370.9	NUM
371	NUM
371g	NUM
373	NUM
375	NUM
376	NUM
376.5	NUM
377	NUM
378	NUM
379	NUM
38	NUM
38,	NUM
38,000	NUM
38,51,860.00	NUM
38-a	NUM
38-ah	NUM
38-na	ADJ
38-naah	ADJ
38.55	NUM
381	NUM
381an	PUNCT
383	NUM
384	NUM
3845	NUM
385.2	NUM
388	NUM
389	NUM
3890	NUM
38th	ADJ
39	NUM
39%	PUNCT
39,505	NUM
39,719	NUM
39,800	NUM
39,849	NUM
39-ah	NUM
39-na	NOUN
39-naah	ADJ
39.18	NUM
39.6	NUM
39.89	NUM
39.9	NUM
391	NUM
395	NUM
395.5	NUM
3950.92	NUM
398	NUM
398.5	NUM
399	NUM
39g	NUM
3:00	NUM
3:00-ah	NUM
3:16	NUM
3:2-6	NUM
3:23-ah	ADP
3:23thua	NUM
3:3	PROPN
3:30	NUM
3:30-ah	NUM
3:6	NUM
3:6-15	NUM
3a½	NOUN
3c	NOUN
3d	ADJ
3g	VERB
3kg	NUM
3na-ah	DET
3rd	ADJ
3siamfel	NUM
3xo	NUM
4	NUM
4%	NUM
4,	NUM
4,00,000	NUM
4,000	NUM
4,000-5,000	NUM
4,000/a	PUNCT
4,027	NUM
4,027,579	NUM
4,037	NUM
4,041	NUM
4,107	NUM
4,137	NUM
4,194	NUM
4,205	NUM
4,22,110/-	PUNCT
4,222	NUM
4,24,545	NUM
4,251	NUM
4,263	NUM
4,276	NUM
4,298	NUM
4,368	NUM
4,379	NUM
4,382	PUNCT
4,390	NUM
4,397	NUM
4,40,000	NUM
4,400	NUM
4,409	NUM
4,43,000-in	NUM
4,444.44	NUM
4,500	NUM
4,52,490/-	PUNCT
4,548	NUM
4,555	NUM
4,60,000	NUM
4,63,07,425	NUM
4,644	NUM
4,790	NUM
4,808.30	NUM
4,81,893	NUM
4,83,312	NUM
4,84,790/-	PUNCT
4,846	NUM
4,865	NUM
4,87,680/-	NUM
4,92,79,675	NUM
4,95,000/-	PUNCT
4,963	NUM
4-0	NUM
4-0-in	NOUN
4-1	NUM
4-1-1	PRON
4-10	NUM
4-2	NUM
4-3	NUM
4-3-3	DET
4-5	NUM
4-5,	VERB
4-6	NUM
4-6,	PROPN
4-a	ADP
4-ah	NUM
4-in	VERB
4-lane	ADJ
4-na	ADJ
4-naah	ADJ
4-te	NUM
4-watt	PUNCT
4.0	NUM
4.056	NUM
4.09%-in	PUNCT
4.11%	NUM
4.2	NUM
4.25	NUM
4.26	NUM
4.3%	VERB
4.30-ah	NUM
4.5	NUM
4.5%-in	VERB
4.55	NUM
4.55%	NUM
4.6	NUM
4.61m	VERB
4.7	NUM
4.78	NUM
4.8	NUM
4.8%	PUNCT
4/4	NUM
4/5	NUM
4/5-ah	DET
40	NUM
40%	NUM
40,000	NUM
40,000/-	PUNCT
40,124	NUM
40,358	NUM
40,500	NUM
40,550	NUM
40,743	NUM
40-	NUM
40-45	NUM
40-a	NUM
40-ah	ADJ
40-in	NUM
40-naah	ADJ
40-te	NUM
40.56	NUM
40.86	NUM
40.87	NUM
40/50	NUM
400	NUM
400,000/-	PUNCT
400/chu	VERB
4000	NUM
4000/-	PRON
40000	NUM
400m	PUNCT
401	NUM
4017	NUM
401k	NUM
402	NUM
403	NUM
404.41	NUM
405	NUM
406	NUM
407	NUM
409	NUM
409.3	NUM
41	NUM
41%	ADV
41,128	NUM
41,206	NUM
41,299	NUM
41,500	NUM
41,723	NUM
41-a	NUM
41-ah	NUM
41-naah	ADJ
410	NUM
411	NUM
411,187	NUM
4127	NUM
413,326	NUM
4140	NUM
415	NUM
4157	NUM
417	NUM
418	NUM
41km	NUM
42	NUM
42,000	NUM
42,164	NUM
42,184	NUM
42,80,422	NUM
42,897,656	NUM
42-a	NUM
42-in	PUNCT
42-na	ADJ
42-naah	DET
42-te	PRON
42.61	NUM
42.77	NUM
42.88%	NUM
420	NUM
42029	NUM
4206	NUM
421	NUM
424	NUM
425	NUM
426	NUM
428	NUM
429	NUM
43	NUM
43,	NUM
43-a	ADP
43-in	NUM
43-naah	ADP
43.16%	NUM
43.27%	PUNCT
43.58	NUM
43.94	NUM
430	NUM
4300	NUM
431	NUM
4313	NUM
432	NUM
434	NUM
436	NUM
437	NUM
438	NUM
439	NUM
43a°c	ADJ
44	NUM
44%	PUNCT
44%-a	AUX
44,65,000	NUM
44-in	PUNCT
44-megapixel	DET
44-naah	ADJ
44-te	CCONJ
44-ukhrul	NUM
44.2	NUM
44.23	NUM
44.23%	PUNCT
44.46	NUM
44.9	NUM
440	NUM
441	NUM
4410	NUM
4411	NUM
443	NUM
444	NUM
447	NUM
448	NUM
449	NUM
44a	NUM
44th	ADJ
45	NUM
45,	NUM
45,000	NUM
45,000/-	PROPN
45,077	NUM
45,139	NUM
45-54	ADJ
45-a	NUM
45-in	VERB
45-naah	ADJ
45-te’n	CCONJ
45.04	NUM
45.35	NUM
450	NUM
450/-	PROPN
4500	NUM
452	NUM
4525	NUM
455	NUM
4555	NUM
457	NUM
458	NUM
459	NUM
46	NUM
46%	NUM
46,000	NUM
46-na	ADJ
46.2	NUM
4600	NUM
462	NUM
462.20	NUM
464-te	NUM
4649.92	NUM
466	NUM
468	NUM
468.8	NUM
469.1	NUM
47	NUM
47,	NUM
47,351	NUM
47,463	NUM
47-a	NUM
47-naah	ADP
47.3%	PUNCT
47.79%	NUM
470	NUM
4700/-	PUNCT
472	NUM
4726	NUM
473	NUM
474/-	PROPN
475	NUM
4758	NUM
476	NUM
4766	NUM
477	NUM
4777	NUM
478	NUM
4790	NUM
47na	ADJ
47â°c	VERB
48	NUM
48,000	NUM
48-a	NUM
48-ah	NUM
48-in	NUM
48-na	ADJ
48-naah	ADP
48.2%	DET
48.36%	PUNCT
48.5	NUM
48.55	NUM
480	NUM
481	NUM
4829	NUM
485	NUM
486	NUM
487	NUM
4870	NUM
487m	NUM
489	NUM
4890	NUM
49	NUM
49%	NUM
49,078	NUM
49-a	NUM
49-ah	NUM
49-na	ADJ
49.4%	ADJ
49.69	NUM
490	NUM
490,000	NUM
492	NUM
495	NUM
4953.10	NUM
4968	NUM
497	NUM
4980	NUM
499.5	NUM
49ers	DET
4:00	ADP
4:10	NUM
4:15	ADP
4:3	NUM
4:30	NUM
4:30-ah	NUM
4:35	NUM
4:40	NUM
4:5	NUM
4:6-ah	NUM
4:9-12	NUM
4c	NUM
4g	ADJ
4g-in	NOUN
4gb	VERB
4th	PROPN
4x4	NUM
5	NUM
5%	NUM
5%-in	ADP
5,	NUM
5,00,000	NUM
5,00,49,553	NUM
5,000	NUM
5,000,	NUM
5,000/-	PROPN
5,01,000	NUM
5,022	NUM
5,132	NUM
5,159	NUM
5,200	NUM
5,206	NUM
5,22,79,768	NUM
5,24,784	NUM
5,25,000	NUM
5,319	NUM
5,322	NUM
5,326	NUM
5,328	NUM
5,376-te	NUM
5,428-te	NOUN
5,43,990	NUM
5,49,408	NUM
5,497,080/-	PUNCT
5,500	NUM
5,511	NUM
5,53,230	NUM
5,537,251	NUM
5,600	NUM
5,610	NUM
5,647	NUM
5,687	NUM
5,688	NUM
5,78,41,160	NUM
5,79,357	NUM
5,800	NUM
5,834	NUM
5,84,97,000	NUM
5,854	NUM
5,86,362	NUM
5,86,702	NUM
5-0	NUM
5-1	NUM
5-10	NOUN
5-2	NUM
5-3	VERB
5-4	PROPN
5-5	NUM
5-6	NUM
5-7	NUM
5-7,	PROPN
5-8,	NOUN
5-a	DET
5-ah	NUM
5-na	ADJ
5-naah	PUNCT
5-te	NUM
5.0	NUM
5.08%	AUX
5.15	NUM
5.2	NUM
5.2%	NUM
5.25	NUM
5.3	NUM
5.31	NUM
5.39.15	PROPN
5.5	NUM
5.50	NUM
5.52	NUM
5.65	NUM
5.68%	NOUN
5.70lakhs	ADP
5.9	NUM
5.973	NUM
5/6	NUM
50	NUM
50%	NUM
50%-in	SCONJ
50%-te	NUM
50,	NUM
50,00,000	NUM
50,000	NUM
50,000/-	NUM
50,715	NUM
50-60,000	NUM
50-70-in	AUX
50-75%	NUM
50-80	AUX
50-a	NUM
50-ah	NUM
50-in	PROPN
50-na	NOUN
50-na,	PROPN
50-naah	DET
50-te	NUM
50.6%	PUNCT
50.8	NUM
50.81%-in	ADP
50/60	NUM
50/an	ADP
500	NUM
500,000	NUM
500-600	NUM
500-a	PRON
500-in	ADP
500/-	NOUN
5000	NUM
5000-a	NUM
5000/-	PUNCT
5000/-,	PROPN
50000	NUM
5000bc	NUM
50020	NUM
5003	NUM
500m	AUX
500theuhin	PUNCT
501	NUM
5021	NUM
5033	NUM
505	NUM
506	NUM
509	NUM
50mtd	NUM
51	NUM
51%	NUM
51,20,000	NUM
51,946	NUM
51-a	NUM
51-ah	NUM
51-na	NOUN
51-na,	ADJ
51-naa	ADJ
51-naah	ADJ
510	NUM
5111	NUM
512	NUM
5131	NUM
5137.532	NUM
5140.49	NUM
515	NUM
515.2	NUM
516	NUM
516500/-	PROPN
517	NUM
517.43	NUM
51736	NUM
519	NUM
51kg	NUM
52	NUM
52%	PUNCT
52,299	NUM
52,567	NUM
52-in	NUM
52-te	NUM
52.69	NUM
52.9%	NOUN
520	NUM
521	NUM
5217	NUM
523.955	NOUN
5234	NUM
5236	NUM
5262	NUM
52979	NUM
53	NUM
53%	NUM
53,	NUM
53,000	NUM
53,475	NUM
53-a	ADP
53-na	ADP
53-naah	PRON
53.70	NUM
531	NUM
5319	NUM
532	NUM
533	NUM
538	NUM
54	NUM
54%	NUM
54,078	NUM
54,837	NUM
54-a	NUM
54-ah	NUM
54-an	PUNCT
54-naah	ADJ
54.04%	ADP
54.17	NUM
54.25	NUM
54.40	NUM
54.9	NUM
5403	NUM
5407	NUM
541	NUM
542	NUM
543	NUM
544	NUM
545	NUM
546	NUM
5462	NUM
547	NUM
549	NUM
55	NUM
55%	PUNCT
55,000	NUM
55,780	NUM
55-50	PROPN
55-a	NUM
55-ah	NUM
55-na	ADJ
55-naah	ADJ
55.39	NUM
55.74%	PUNCT
55.83%-in	NUM
550	NUM
550-te	NUM
550.095	NUM
5500	NUM
553-te	NUM
5541	NUM
559	NUM
559-a	NUM
56	NUM
56,	NUM
56,54,000	NUM
56,700	NUM
56-ah	NUM
56-in	NUM
56-na,	NUM
56-naah	ADP
56.35%	ADV
56.68	NUM
56.68%	PUNCT
560	NUM
5604	NUM
561	NUM
562	NUM
563	NUM
567	NUM
568	NUM
569	NUM
57	NUM
57%	NUM
57,	NUM
57,000	NUM
57,400	NUM
57-naah	ADJ
57-te	NUM
570	NUM
570,000	NUM
5704	NUM
572	NUM
574	NUM
5741	NUM
578	NUM
5785	NUM
5789	NUM
58	NUM
58%	NUM
58,000	NUM
58-a	NUM
58-naah	ADJ
58-te	NUM
58.15	NUM
58.15%	NUM
58.6%	NUM
58.9	NUM
580	NUM
580.98-a	NOUN
582	NUM
584	NUM
5840	NUM
5842	NUM
585.15	NUM
585.64	NUM
586	NUM
586.4	NUM
5870	NUM
5870.00	NUM
589	NUM
59	NUM
59%	NUM
59,	NUM
59,000	NUM
59,215	NUM
59-a	ADP
59-naah	ADJ
59.1	NUM
59.4%	PUNCT
590	NUM
591	NUM
59287	NUM
593	NUM
594	NUM
597	NUM
597µm3	PUNCT
598-ah	NUM
5:00	NUM
5:00-a	NUM
5:00-ah	NUM
5:12	NUM
5:15	NUM
5:15-ah	PUNCT
5:30	NUM
5:30-ah	NUM
5:33	NUM
5:5	NUM
5ft	ADV
5g	NUM
5m	ADJ
5th	NOUN
5×5	DET
6	NUM
6%	PUNCT
6,	NUM
6,00,000	NUM
6,00,000/-	PUNCT
6,000	NUM
6,03,77,000	NUM
6,084	NUM
6,16,800	NUM
6,200	NUM
6,229	NUM
6,359	NUM
6,4078	NUM
6,430	NUM
6,437	NUM
6,45,35,047	NUM
6,48,16,750	NUM
6,50,000	NUM
6,500	NUM
6,541	NUM
6,559	NUM
6,586-te	PUNCT
6,604	NUM
6,612	NUM
6,703	NUM
6,73,166	NUM
6,76,900	NUM
6,900	NUM
6,942	NUM
6,959	NUM
6,969	NUM
6,990	NUM
6-0	NUM
6-0,	PROPN
6-1	NUM
6-1,	NUM
6-11	NUM
6-12	NUM
6-16	NUM
6-2	NUM
6-2,	PROPN
6-20,	NUM
6-3	VERB
6-3,	NUM
6-4	NUM
6-4,	NUM
6-4-in	SYM
6-7	NUM
6-7bhp	ADV
6-8	VERB
6-9	NUM
6-a	NOUN
6-ah	NUM
6-na	ADJ
6-naah	ADJ
6.00	NUM
6.1%	ADP
6.2	NUM
6.25	NUM
6.3	NUM
6.31	NUM
6.4%	NUM
6.4.2010	NUM
6.5	NUM
6.55	NUM
6.57%	NUM
6.7	NUM
6.77	NUM
6.78%	ADP
6.9	NUM
6.968	NUM
6/7	NUM
60	NUM
60%	NUM
60,000	NUM
60,000-in	NOUN
60,000/-	PUNCT
60,338	NUM
60-70	NUM
60-a	NUM
60-ah	NUM
60-in	NOUN
60-inch	PROPN
60-na	ADJ
60-naah	ADJ
60-te	NUM
60.6	NUM
600	NUM
600,000	NUM
6000	NUM
60000	NUM
60000/-	NOUN
602	NUM
603	NUM
61	NUM
61%	ADP
61,529	NUM
61-a	NUM
61-naah	ADJ
61.08%	NUM
61.52%	NUM
611	NUM
612	NUM
6127	NUM
6127.81	NUM
613	NUM
615	NUM
617	NUM
618	NUM
62	NUM
62%	PUNCT
62,	NUM
62,094	NUM
62-a	NUM
62-ah	NUM
62-naa	DET
62-naah	ADJ
62.72	NUM
620	NUM
621	NUM
62124	NUM
622	NUM
625	NUM
6253642.50	NUM
625mg	NUM
626	NUM
6264	NUM
629,313	NUM
63	NUM
63,	NUM
63,10,19,436	NUM
63,34,914	NUM
63,496	NUM
63,947	NUM
63-60	VERB
63-ah	ADJ
63-naah	ADJ
63.13%	AUX
63.23%	NUM
63.3	NUM
63.49	NUM
63.77	NUM
63.93%	NUM
6312.37	NUM
633	NUM
634	NUM
635	NUM
637	NUM
639	NUM
63m	NUM
64	NUM
64%	VERB
64,	NUM
64,14,382/-	VERB
64,368	NUM
64,400	NUM
64,633	NUM
64,841	NUM
64,875	NUM
64-68	NUM
64-naah	ADJ
64.1%	NUM
640	NUM
642	NUM
643	NUM
645	NUM
646	NUM
64gb	NOUN
65	NUM
65%	NUM
65-a	NUM
65-ah	ADP
65-in	NUM
65-naah	ADJ
65.04%	NUM
65.40	NUM
65.75	NUM
65.95%	NUM
650	NUM
651	NUM
6511	NUM
652	NUM
653	NUM
654.26mu	NUM
657	NUM
66	NUM
66%	ADP
66,000	NUM
66,400/-	NOUN
66,999	NUM
66-a	VERB
66-ah	NUM
66-naah	ADJ
66.1	NUM
66.65%	NUM
6600	NUM
661	NUM
663	NUM
668	NUM
669	NUM
66ft	PUNCT
67	NUM
67,000	NUM
67,594	NUM
67-in	ADP
67.275	NUM
67.352	NUM
67.61%	PUNCT
670	NUM
675	NUM
677	NUM
67µm3	AUX
68	NUM
68%	VERB
68,433	NUM
68-67	VERB
68-74	SYM
68-na	ADJ
68-naah	ADJ
68.35%	PUNCT
680	NUM
681	NUM
69	NUM
69%	NUM
69,	NUM
69,000	NUM
69,637/-	PROPN
69-ah	ADJ
69-naah	ADJ
69.28%	NOUN
692	NUM
693.97	NUM
694	NUM
696	NUM
6:00	NUM
6:00-ah	NUM
6:19-ah	NUM
6:3-ah	NUM
6:30	NUM
6:30-a	ADP
6:30-ah	NUM
6:35	NUM
6:52	NUM
6mm	VERB
7	NUM
7%	NUM
7%-in	NUM
7,	NUM
7,00,000	NUM
7,000	NUM
7,06,296	NUM
7,097	NUM
7,103	NUM
7,14,600	NUM
7,152	NUM
7,16,725	NUM
7,177	NUM
7,181	NUM
7,247	NUM
7,259	NUM
7,40,326	NUM
7,409	NUM
7,518	NUM
7,56,661	NUM
7,570	NUM
7,579	NUM
7,60,203	NUM
7,600	NUM
7,686	NUM
7,70,395	NUM
7,798	NUM
7,800	NUM
7,819	NUM
7,86,700	NUM
7,872	NUM
7,927	NUM
7-0	NUM
7-10	ADP
7-2	NUM
7-21,	PROPN
7-3	NUM
7-5	NUM
7-5,	PROPN
7-6	SYM
7-6,	PROPN
7-8	VERB
7-a	SCONJ
7-ah	ADP
7-na	AUX
7-te	PROPN
7.11.2025	NOUN
7.16:	NUM
7.3	NUM
7.3-a	DET
7.30	NUM
7.5	NUM
7.5%	NUM
7.51	NUM
7.8	NUM
7.855	NUM
7.87	NUM
7.95%	NUM
70	NUM
70%	PUNCT
70%-ah	VERB
70%-in	NUM
70,000	NUM
70,000-80,000	NUM
70,000/-	PUNCT
70,042	NUM
70,147	NUM
70-65	NUM
70-69	VERB
70-80	NUM
70-naah	ADJ
70-te	NUM
70.03	NUM
70.3	NUM
70.628%	AUX
70.64	NUM
70.79%	NUM
70/80	ADP
700	NUM
7000	NUM
70147	NUM
7038	NUM
704	NUM
705	NUM
7055	NUM
706296	NUM
707-in	ADP
708	NUM
708,206	NUM
70825	NUM
70th	ADJ
71	NUM
71%	NUM
71,	NUM
71-100	ADP
71-70	NUM
71-naah	ADJ
71.26%	NUM
710	NUM
712	NUM
715	NUM
72	NUM
72%	AUX
72,000	NUM
72,307-in	ADP
72,431	NUM
72-31	ADP
72-in	PUNCT
72-na	ADJ
72-naah	ADJ
72.2	NUM
72.43%	NUM
72.5%	NUM
72.65%	NUM
72.91	NUM
720	NUM
720.8	NUM
7201	NUM
7215	NUM
722	NUM
725	NUM
725,	NUM
725-a	VERB
726	NUM
726531.13	NUM
727	NUM
728	NUM
73	NUM
73,000	NUM
73,10,602	NUM
73-naah	ADJ
73.17	NUM
73.2	NUM
73.3	NUM
73.6%	NUM
73.64	NUM
73.8%	NUM
730	NUM
731	NUM
732	NUM
733	NUM
734-in	PUNCT
7342	NUM
737	NUM
7378	NUM
74	NUM
74%	PUNCT
74,644	NUM
74,80,000/-	NUM
74,920	NUM
74-63-a	NUM
74-naah	ADJ
74-te	NUM
740	NUM
740-a	NUM
742	NUM
744	NUM
749	NUM
75	NUM
75%	NUM
75,000	NUM
75,000/-	NOUN
75,649	NUM
75,724.64	NUM
75,97,063	NUM
75-100%	NUM
75-49	NUM
75-70	NUM
75-na	ADJ
75-naah	ADJ
75.2	NUM
750	NUM
7500	NUM
756	NUM
757	NUM
7572	PUNCT
75million	NUM
75naah	ADP
76	NUM
76%	NUM
76,000	NUM
76,500	NUM
76-in	PROPN
76-na	ADJ
76-naah	ADJ
76.3	NUM
76.53%	AUX
76.9	NUM
760	NUM
762.33	NUM
7629	ADP
763	NUM
7632	NUM
764	NUM
766	NUM
767	NUM
76ers	NOUN
77	NUM
77%	NUM
77-72	VERB
77-ah	ADP
77-naah	ADJ
77.74	NUM
771	NUM
772	NUM
774	NUM
778	NUM
78	NUM
78%	PUNCT
78,000	NUM
78,838	NUM
78-64	PROPN
78-a	NUM
78-naah	VERB
78.95	NUM
782	NUM
786	NUM
789	NUM
79	NUM
79,156	NUM
79-96	NUM
79-naah	PRON
790	NUM
7920	NUM
793-in	ADP
795	NUM
7970	NUM
799	NUM
7:00	NUM
7:00-a	ADP
7:00-ah	NUM
7:15	NUM
7:3-a	NOUN
7:30	NUM
7:30-ah	NUM
7:45	NUM
7:84ah	NUM
7naah	PUNCT
7th	PRON
8	NUM
8%	NUM
8,	NUM
8,00,000	NUM
8,000	NUM
8,05,000	NUM
8,100	NUM
8,122	NUM
8,13,541/-	PUNCT
8,137	NUM
8,140	NUM
8,166	NUM
8,194	NUM
8,21,400	NUM
8,249	NUM
8,302	NUM
8,34,500	NUM
8,370	NUM
8,41,322	PUNCT
8,41,322-in	PUNCT
8,438	NUM
8,454	NUM
8,580.19	NUM
8,59,341/-	PUNCT
8,600	NUM
8,61,277	NUM
8,621	NUM
8,700	NUM
8,731	NUM
8,747	NUM
8,800	NUM
8,818	NUM
8,86,091/-	PUNCT
8,89,000	NUM
8,900	NUM
8-0	PROPN
8-12	NUM
8-13	NUM
8-3	NUM
8-3-2016,	PROPN
8-6,9-8	NUM
8-9	PUNCT
8-a	NUM
8-ah	ADP
8-in	PUNCT
8-na	NUM
8-naa	DET
8-naah	PRON
8.12.2023	NUM
8.165	NUM
8.3	NUM
8.4.2015	NOUN
8.45	NUM
8.49%	PUNCT
8.50	NUM
8.7	NUM
8.9	NUM
8/-	ADP
80	NUM
80%	NUM
80,00,000/-	PUNCT
80,000	NUM
80,000-ah	PROPN
80,268	NUM
80-23-in	PRON
80-76	PROPN
80-90%	NUM
80-naa	DET
80-naah	ADJ
80.2	NUM
80.75	NUM
80.81	NUM
800	NUM
8000	NUM
800m	NOUN
800mm	DET
8015	NUM
8025	NUM
803	NUM
805	NUM
805-ah	NUM
8070	CCONJ
8099	NUM
80s	NOUN
81	NUM
81,00,000/-	NOUN
81,520	NUM
81,829	NUM
81-67	PROPN
81-naah	DET
81.1	NUM
81.29	NUM
81.5	NUM
81.6%	PUNCT
81.80	NUM
81030	NUM
8115	NUM
8119	NUM
812	NUM
815	NUM
81609.09	NUM
82	NUM
82,000	NUM
82,35,686	NUM
82-63	NUM
82-in	NUM
82-naah	ADJ
82.51%	PUNCT
820	NUM
822	NUM
8236	NUM
824.1	NUM
8250	NUM
826	NUM
83	NUM
83%	ADV
83,403	NUM
83-naah	ADJ
83.1%	PRON
83.37	NUM
83.39%	VERB
83.56%	NUM
83.7	NUM
83.73	NUM
830	NUM
8329	NUM
834	NUM
84	NUM
84%	NUM
84,	NUM
84,000/-	PUNCT
84,390	NUM
84-75	NUM
84-naah	ADJ
84.34%	PUNCT
84.4	NUM
84.53%	PUNCT
84.78	NUM
8415842900	NUM
842	NUM
844	NUM
85	NUM
85%	NUM
85,000	NUM
85-90	NUM
85-ah	NUM
85-naa	ADP
85-naah	PRON
85-te	NUM
85.55	NUM
85.8%	NUM
851.84	NUM
853	NUM
855	NUM
856	NUM
857	NUM
858	NUM
859	NUM
86	NUM
86,55,000	NUM
86,654	NUM
86-83	NUM
86-ah	NUM
86-in	NUM
86-na	NUM
86-naah	ADJ
86.23	NUM
86.7%-in	NUM
86.77-a	NUM
8608	NUM
861-a	NUM
863	NUM
8645	NUM
868	NUM
869	NUM
869813	NUM
87	NUM
87,	NOUN
87-80	NUM
87-in	NUM
87-naah	ADJ
87.16%	NUM
87.5%	PUNCT
87.7	NUM
87.86%	NUM
870	NUM
871	NUM
873	NUM
874	NUM
8760	NUM
879	NUM
88	NUM
88%	NUM
88-a	DET
88-naah	ADV
88.0	NUM
88.19%	ADP
88.5	NUM
880	NUM
883	NUM
885	NUM
886	NUM
887	NUM
888	NUM
8884	NUM
89	NUM
89%	PUNCT
89-na	AUX
89-naah	ADJ
89.76%	NUM
890	NUM
891.38	NUM
895.88	NUM
8953,	NUM
8974243995-ahte	NOUN
8:00	NUM
8:00-ah	NUM
8:1-4	NUM
8:15	NUM
8:26	PROPN
8:28	NUM
8:30	NUM
8:30-ah	NUM
8ft×5ft	DET
8th	ADJ
9	NUM
9%	ADP
9,	NUM
9,035	NUM
9,050	NUM
9,069	NUM
9,087	NUM
9,500	NUM
9,600	NUM
9,605	NUM
9,716	NUM
9,843	NUM
9,856	NUM
9,859	NUM
9,866	NUM
9,885-ah	NUM
9-0	NUM
9-1	PROPN
9-10	NUM
9-2	PROPN
9-4-in	ADJ
9-a	PROPN
9-ah	NUM
9-in	ADP
9-na	ADJ
9-naah	NUM
9.11.2017	PUNCT
9.50	NUM
9.79	NUM
9.9	NUM
9.97	NUM
9/10	NUM
90	NUM
90%	NUM
90%-in	VERB
90+1-ah	NUM
90+2-ah	NOUN
90+3	NUM
90+3-ah	NUM
90,	NUM
90,000	NUM
90,139	NUM
90-naah	ADP
90.0	NUM
90.38%	NUM
90.79	NUM
900	NUM
900-a	NOUN
900-in	NUM
900/-	PUNCT
901	NUM
904	NUM
908	NUM
909	NUM
91	NUM
91,	NUM
91,528	NUM
91-63	ADJ
91-na	NUM
91-naah	ADV
91.22%	VERB
91.23	NUM
91.58	NUM
9100	NUM
911	NUM
912	NUM
914	NUM
916	NUM
916.76	NUM
917	NUM
92	NUM
92%	ADV
92,669	NUM
92-in	PUNCT
92.09	NUM
92.18	NUM
921	NUM
923.11	NUM
925	NUM
927	NUM
928	NUM
93	NUM
93%	NUM
93,000	NUM
93-61	PROPN
93-na	ADP
93.3	NUM
93.35%	AUX
93.71	NUM
930	NUM
930.229	NUM
932	NUM
933	NUM
934	NUM
9351	NUM
936.60	NUM
939	NUM
939.50	NUM
94	NUM
94%	NUM
94-ah	ADP
94-na,	PROPN
94.19%	VERB
940	NUM
944	NUM
948	NUM
95	NUM
95%	NUM
95-in	NUM
95.54	NUM
95.69%	NUM
950	NUM
950-in	NUM
955	NUM
957	NUM
96	NUM
96,139	NUM
96.21%	AUX
96.4	NUM
96.43%	PUNCT
96.9	NUM
96.9%	PRON
96.9-in	PUNCT
9612612884-ah	PUNCT
9661.5	NUM
969	NUM
97	NUM
97%	NUM
97,439.63	NUM
97-in	NOUN
97-na	ADJ
97.92	NUM
970	NUM
9772	NUM
979	NUM
98	NUM
98%	NUM
98,000	NUM
98,319	NUM
98-ah	ADP
98-naah	ADJ
98.34%	PUNCT
980	NUM
9862658900	NUM
987	NUM
989	NUM
99	NUM
99%	CCONJ
99,000	NUM
99,95,200	NUM
99-ah	SCONJ
99.19%	NOUN
99.999	NUM
990	NUM
9907	NUM
9929	NUM
993	NUM
9941.33	NUM
998	NUM
9:00	NUM
9:00-ah	NUM
9:15	NUM
9:22-ah,	NUM
9:30	NUM
9:30-ah	NUM
9:40	NUM
9mm	NUM
9th	ADJ
:	PUNCT
:thil	NOUN
;	PUNCT
=	PUNCT
@	PUNCT
[pathian]	PROPN
_	PROPN
_khatiang_	AUX
_lul	PRON
`	PUNCT
`10,000/-	PUNCT
`20	VERB
`202,87,500/-	ADJ
`3,000/-	ADP
a	PART
a!	PART
a!'	PART
a'n	PRON
a+	PROPN
a,	PART
a,.	PART
a,.pâwl	ADJ
a,an	ADJ
a,chumi	NOUN
a,kan	DET
a,mahni	ADJ
a,’	NOUN
a-	PART
a-1	NOUN
a-4510	PROPN
a-ah	PROPN
a-nu	PUNCT
a.	PART
a."	PART
a.a	NOUN
a.chu	ADV
a.r	PROPN
a.tih	ADP
a1	PROPN
a2	PROPN
a:	PART
a:theipui	PRON
a;	PART
a;lalmuanpuia	VERB
a;lo	NOUN
a;’	ADJ
a?	PART
a?!	PART
a?"	PRON
aa	AUX
aa.	NOUN
aaamir	PROPN
aadhaar	PROPN
aadhar	PROPN
aai	PROPN
aaib	PROPN
aaic:	PUNCT
aakash	PROPN
aalen	ADV
aamir	PROPN
aap	NOUN
aapda	CCONJ
aapp	PROPN
aaqib	PROPN
aaquib	PROPN
aaradhya	PROPN
aardvark	NOUN
aarogya	PROPN
aaron	PROPN
aarona	PROPN
aaryan	PROPN
aashma	PROPN
aasu	PROPN
aay	ADP
aayog	PROPN
aa¹halaite	NOUN
ab	PROPN
ababa-ah	PROPN
abacus	NOUN
abadi	PROPN
abbas	PUNCT
abbas-a	PROPN
abbey-a	NOUN
abbot	CCONJ
abc	PROPN
abci	NOUN
abci-te	PROPN
abdelmadjid	PROPN
abdirahman	PROPN
abdou	NOUN
abdoulaye	PROPN
abdul	PUNCT
abdul-jabbar	CCONJ
abdulla	PROPN
abdullah	PROPN
abela	PROPN
aberdeen	SYM
abha	NOUN
abhay	PROPN
abhed	PROPN
abhijit	PROPN
abhilash	PROPN
abhishek	PROPN
abhishek,	PROPN
abhiyaan	PROPN
abhiyan	PROPN
abhyan	PROPN
abiak	ADJ
abiathara	PROPN
abikin	ADJ
abimeleka	PROPN
abirama	PROPN
abisagi	VERB
abisura	PROPN
abkhazian	PROPN
abled	VERB
aboubakar	PUNCT
aboy	PROPN
abraham	PROPN
abrahama	PROPN
abrahama'n	PROPN
abrahamate	PROPN
abrahimovich	PROPN
abrama	PROPN
abramovich	PROPN
abrams	PROPN
abroad	ADV
abrona	PROPN
abs	NOUN
abs,	PUNCT
absaloma	PROPN
absent	AUX
absinthe	PRON
absurd	ADJ
abu	PROPN
abvp	AUX
abyss	NOUN
ac	PROPN
aca	ADP
academi	PUNCT
academic	NUM
academical	CCONJ
academy	PROPN
academy,	PROPN
academy-a	DET
academy-ah	ADP
academy-in	PROPN
academyah	PROPN
acai	PRON
acb	PROPN
acb-ah	DET
acb-in	PROPN
acb-te	NOUN
acboa	PROPN
acc	PROPN
accelerating	PUNCT
accent	ADJ
accident	NOUN
accident-a	CCONJ
accident-ah	DET
accidenta	ADJ
accomplice	DET
account	NOUN
account-a	PART
account-ah	CCONJ
accountant	NOUN
accreditation	PRON
accusative	NOUN
ace	PROPN
acerbi	PROPN
acf	PROPN
ach	PROPN
achar,	PROPN
acharya	PUNCT
achha	ADP
achhan	ADJ
achhuana	CCONJ
achievement	PROPN
achilles	PROPN
achin	ADJ
achinah	ADJ
achraf	PUNCT
achyut	PROPN
acid	NOUN
aclca	PROPN
aclu	PROPN
acm	DET
acon	PROPN
acorn	ADJ
acosta	PROPN
acoustic	ADJ
acre	NOUN
acres	NOUN
acres-a	NUM
acrobat	NOUN
acs	PROPN
act	PROPN
act,	PROPN
act-	PUNCT
active	NUM
activism	NOUN
activist	NOUN
activist,	ADJ
activist-te	NOUN
actor	NOUN
actor,	NOUN
actress	NOUN
actualy	AUX
acupuncture	NOUN
ad	PROPN
adabari	PROPN
adaii	AUX
adalat	PROPN
adaline	PROPN
adam	PROPN
adam'	PUNCT
adam-a	VERB
adama	NOUN
adama-te	PROPN
adaman	PROPN
adams	PROPN
adams,	PROPN
adang	PUNCT
adani	PROPN
adani,	PROPN
adaptation	NOUN
adarabioyo	PROPN
adarabioyo,	PROPN
adarsh	PROPN
adb	PROPN
adc	PROPN
adc-ah	PUNCT
adc-te	PRON
adcc	NOUN
adda	PROPN
addict-tir	PART
addicting	NOUN
addis	PROPN
addison	PROPN
additional	ADJ
addl	PUNCT
addl.	PUNCT
addl.dc	PROPN
addl.dc,	PUNCT
addl.deputy	PUNCT
addma	PUNCT
addo	PROPN
addpo	PROPN
address	NOUN
adelaïde-i	PROPN
adelbert	PROPN
adele	PROPN
ademi	PUNCT
ademographic	NOUN
aden	PROPN
adesanya	PROPN
adeyemi	PROPN
adfa	PROPN
adfa-in	PROPN
adgp	PROPN
adhaar	PROPN
adhan	PROPN
adhd	PROPN
adhikaar	PROPN
adho	PROPN
adhoc-grant-	ADJ
adhoc-in	NUM
adidas	PROPN
adidas-in	PRON
adinga	PROPN
aditya	PROPN
aditya-te	NOUN
adityanath	PROPN
adityanath-a	PRON
adjarabet	PROPN
adjunct	ADJ
administration	PROPN
administrator	VERB
admirer	NOUN
admission	VERB
admission-te	ADJ
admisssion	PUNCT
admit	AUX
adnan	PUNCT
adolf	PROPN
adonija	ADP
adopt	PUNCT
adopted	VERB
ador	PUNCT
adr	PROPN
adra	PROPN
adrian	NUM
adrien	PROPN
ads	DET
ads-in	AUX
aduang	NOUN
aduriz	PROPN
adva-ah	ADP
advance	PROPN
advance-a	NOUN
adventure	NOUN
adverstisement	NOUN
advertisement	NOUN
advertisement-a	NOUN
advetist	ADJ
advice	NOUN
adviser	PROPN
adviser,	PROPN
adviser-te	PART
advisor	PROPN
advisor,	PROPN
advisory	ADJ
aegis	PROPN
aemet	NOUN
aengi	PROPN
aep	PROPN
aerial	ADJ
aero	PROPN
aero,	PUNCT
aerobics	PROPN
aeroponics	NOUN
aeschylus	NOUN
aevin,	PROPN
af	PROPN
afaki	PROPN
afc	PROPN
afc-ah	PROPN
afc-in	SCONJ
afcon	PROPN
affairs	PROPN
affairs-ah	PROPN
affidavit	DET
affirmative	ADJ
afghan	ADJ
afghanis	PART
afghanistan	PROPN
afghanistan,	PROPN
afghanistan-a	DET
afghanistan-ah	ADP
afonso	PROPN
afp	PROPN
africa	PROPN
africa-ah	AUX
african	PROPN
afridi,	PROPN
afrikaan	PROPN
afrikan	VERB
afrin	PROPN
afsp	ADJ
afspa	PROPN
afternoon	NOUN
afterschock	NOUN
aftertaste	NOUN
ag,	PROPN
against	ADP
agamenone	PROPN
aganwadi	NUM
aganwandi	PROPN
agape	ADP
agarbati	PROPN
agartala	PROPN
agartala-a	PROPN
agartala-ah	PROPN
agarwal	PROPN
agassi	PROPN
age	ADJ
agencry	NOUN
agency	NOUN
agency)	PROPN
agency,	NOUN
agency-te	NOUN
agenda	NOUN
agent	PROPN
agent-ah	PRON
aggarwal	PROPN
aggarwal,	PROPN
aggie-i	PUNCT
agha	PROPN
aghadi	PROPN
aghanistan	ADP
aghanistan-a	VERB
agia	PROPN
agility	NOUN
agirrezabala	PROPN
agitator	NOUN
agmut	PROPN
agnelli	PROPN
agnes-i	PROPN
agni	ADV
agnipath	PROPN
agniveer	PROPN
agp	NOUN
agra	PROPN
agra,	PROPN
agreement	NOUN
agri	PROPN
agri-biofuel	PROPN
agri-clinic	PROPN
agriculture	PROPN
agripp,	PROPN
agro	PROPN
agronomy	PUNCT
aguerd	PROPN
aguerd,	NOUN
aguero	PROPN
agustawestland	PROPN
agâero	PROPN
ah	VERB
ah!	VERB
ah"	VERB
ah&vety	NUM
ah,	VERB
ah.	VERB
ah."	VERB
ah:	VERB
ahaba	PROPN
ahaban	PROPN
ahasuera	PROPN
ahaza	PROPN
ahazaa	DET
ahazia	PROPN
ahh.	PROPN
ahhian	DET
ahimelek	ADP
ahimeleka	ADP
ahimeleka,	PROPN
ahituba	NOUN
ahli	PROPN
ahmaa	ADJ
ahmad	PROPN
ahmang	ADJ
ahmed	PROPN
ahmed-a	PROPN
ahmedabad	PROPN
ahmedabad-a	PROPN
ahmedhodzic	PROPN
ahmet	PROPN
ahnehin	ADJ
ahnekin	ADJ
ahnekin,	ADV
ahnu	ADJ
ahnêkin	ADJ
ahnêkin,	ADV
ahon	PROPN
ahrar	PUNCT
ahruaia	PROPN
ahte	ADJ
ai	NOUN
ai-generated	DET
ai-in	PROPN
ai.	NOUN
ai2995	PROPN
aia	ADJ
aiadmk	PROPN
aiah	ADJ
aiah,	ADJ
aiawh	NOUN
aiawha	DET
aiawhin	ADJ
aiawhte	ADJ
aiawhte,	ADJ
aiawhten	ADJ
aiawhtu	NOUN
aibawk	PROPN
aibawk,	PROPN
aibawkah	PROPN
aibawkin	CCONJ
aibp	ADP
aibâwk	ADP
aicc	ADJ
aichi	PROPN
aid	NOUN
aidentity	SCONJ
aids	PROPN
aids,	PROPN
aiduzawl	NOUN
aiduzawlah	PROPN
aie	PUNCT
aieng	NOUN
aif	PROPN
aiff	PROPN
aiff-in	DET
aifucto	PROPN
aigejang	PROPN
aigupta	PROPN
aigupta-mite	PART
aih	NOUN
aih!	NOUN
aih,	NOUN
aihm	ADP
aihm2025-a	PROPN
aiim	NOUN
aiims	PROPN
aiin	ADJ
aiin,	ADJ
aiin,’	DET
aiin.	ADJ
aijal	PROPN
aijala	PROPN
aijalon-ah	PROPN
aikal	NOUN
aiks	PROPN
ailawng	PROPN
aimah	ADJ
aimahin	PRON
aimee-in	PROPN
aimim	NOUN
aims	PROPN
ain	PRON
aina	NOUN
ainawn	NOUN
ainhim	NOUN
ainpawlh	PRON
air	PROPN
air,	PROPN
air-conditioner	NOUN
airavat	PROPN
airbase	NOUN
airbus-320	NOUN
airbus-tata	PROPN
aircraft	NOUN
aircraft-te	SCONJ
aircrat	VERB
aires	PROPN
airfield	PROPN
airfield-ah	NOUN
airforce	NOUN
airgun	PRON
airline	NOUN
airline-ah	NOUN
airline-te	NOUN
airlines	PROPN
airlines-ah	NOUN
airmail	NOUN
airplane	NOUN
airplay-ah	NOUN
airport	NOUN
airport,	NOUN
airport-a	NOUN
airport-ah	NOUN
airportah	DET
airshow	PROPN
airtel	PROPN
airways	PROPN
aish	PROPN
aishwarya	PUNCT
aissami	PROPN
aitana	PROPN
aitc	PROPN
aite	ADP
aitlanga	PROPN
aiudf	PROPN
aizawl	PROPN
aizawl,	PROPN
aizawl,thenzawl,	PROPN
aizawl-	PROPN
aizawl-a	PROPN
aizawl-ah	PROPN
aizawl-in	PROPN
aizawl-lunglei	VERB
aizawl-mamit-vanghmun-kanchanpur	PROPN
aizawl-vairengte	PROPN
aizawl:	NOUN
aizawl;	PROPN
aizawl;nimin	PROPN
aizawla	ADP
aizawlah	PROPN
aizawlah,	DET
aizawlin	PROPN
aizawlte	PROPN
aizâwl	PROPN
aizâwla	AUX
aizâwlah	PROPN
ajam	PROPN
ajax	PROPN
ajax,	ADJ
ajax-ah	ADP
ajay	PROPN
ajinkya	PUNCT
ajit	PROPN
ajla	VERB
ajmer	PROPN
ajoy	PROPN
ajp	VERB
ak	VERB
ak-47	NUM
ak.	VERB
akademi	PROPN
akah	PRON
akana	PROPN
akanji	PROPN
akash	PUNCT
akashvani	ADP
akashwani	PROPN
akawng	NOUN
akbar-a	PROPN
ake	PROPN
akeem	NOUN
akhil	PRON
akhilesh	PUNCT
akiko	PROPN
akimi	PROPN
akinfeev	PROPN
akoloutheô	PUNCT
akrasia	PROPN
akrit	PROPN
akshar	PROPN
akshay	PROPN
aktobe	PROPN
akturkoglu	PROPN
akutte	ADJ
akzib	CCONJ
akûl	ADJ
al	VERB
al,	VERB
al-ahsram	PROPN
al-bahgdadi	PROPN
al-hamaddah	PROPN
al-hilal	PROPN
al-ittihad	PROPN
al-jazeera	ADP
al-kadhimi	PROPN
al-mayadeen	PROPN
al-muaisem	PROPN
al-nassr	PROPN
al-rashrash	DET
al-shabaab	PROPN
ala	DET
ala,	PROPN
ala.	NOUN
alaa	PROPN
alaba	AUX
alabasta	PRON
alagreement	DET
alai	ADJ
alai.	ADJ
alaia	ADJ
alaichi	PROPN
alaiin,	ADJ
alal	VERB
alam	VERB
alamo-ah	PRON
alan	ADJ
alana	PROPN
alandur	PROPN
alang	ADJ
alang.	ADJ
alangin	ADJ
alar	ADJ
alarcon	CCONJ
alaria	PROPN
alarm	NOUN
alaska	PROPN
alaves	NOUN
alawi	ADJ
alawm	ADJ
alawm!	ADJ
alawm!"	PART
alawm'	ADJ
alawm,	ADJ
alawm,’	ADV
alawm.	ADJ
alawm."	ADJ
alawm:	ADJ
alawm;	ADJ
alba	PUNCT
albania	PROPN
albanian	NOUN
albanians	PROPN
albendazole	VERB
albert	PROPN
albert-a	PROPN
alberta	PROPN
alberto	PROPN
albiceleste	PROPN
albion	PROPN
album	NOUN
album-a	DET
album-ah	NOUN
albumen	VERB
alcantara	ADP
alcaraz	PROPN
alcaraz-a	NOUN
alcaraz-te	PROPN
alceste	PROPN
alchemist	NOUN
alchemy	ADJ
alcohol	ADP
alcove	NOUN
aldean	PROPN
aldrin	SYM
alegre	PROPN
alejandra	PROPN
alejandro	PROPN
aleksandar	PROPN
aleksander	PROPN
alemao	PROPN
aleppo	PROPN
aleppo-a	VERB
alert	NOUN
alessandra	PROPN
alessandro	PROPN
alessia	PROPN
aletheia	VERB
alex	PROPN
alex-ander	PROPN
alex.	PUNCT
alexa	AUX
alexandara	ADP
alexander	PROPN
alexander-arnold	PUNCT
alexanderplatz	PROPN
alexandr	PROPN
alexandra	PROPN
alexandre	NOUN
alexandria	PROPN
alexandrova	PROPN
alexei	NOUN
alexia	ADJ
alexis	PROPN
alfonso	PROPN
alfred	AUX
alg	PROPN
algeria	PROPN
algorithm	PROPN
alh	VERB
alh.	VERB
alhtu	NOUN
ali	PROPN
alia	PROPN
aliam	ADJ
aliama	ADJ
alibaba	PROPN
alibi	NOUN
alice	PROPN
alice-i	ADP
alice-in	CCONJ
alice-te	PRON
alicia	PROPN
alicia'n	PROPN
alicia-i	ADP
alien	NOUN
aligargh	PROPN
aligator	PROPN
alignments	NOUN
aligrah	PUNCT
alimco	PROPN
alinity	PUNCT
alison	PROPN
alisson	PROPN
alisson-an	PUNCT
alka	PUNCT
alkatra	PUNCT
alkmaar	VERB
all	DET
all-star	PROPN
alla	PROPN
allah	PROPN
allah,	PROPN
allahabad	PROPN
allam	PROPN
allan	PROPN
allardyce	PROPN
allegri	PROPN
allegri-an	PUNCT
allen	PROPN
allergy	NOUN
alli	PROPN
allianz	PROPN
allinace	NOUN
allister	ADP
almah	PUNCT
almah;	PROPN
almari	ADP
almeria	PROPN
almira	VERB
almira-ah	DET
almirah	DET
almond	NOUN
alo	ADV
alok	PROPN
alonso	PROPN
alonso,	PROPN
alonso-an	PROPN
alper	PROPN
alpha	NOUN
alphabet	NOUN
alphabetical	ADJ
alprazolam	NOUN
alps	PROPN
alps-ah	ADV
als	VERB
alto	PROPN
alu	PRON
alu,	VERB
aluah	PRON
aluminium	NOUN
alumni	PROPN
alva	PROPN
alvalade-ah	PROPN
alvarez	PROPN
alvaro	PROPN
alvi	PROPN
alvin	PROPN
alvin,	NOUN
alvin-a	PROPN
alvin-an	PROPN
alwal	PROPN
alwar,	PROPN
alwar-ah	ADP
alwyn	PROPN
alzheimer	PROPN
alâwm,	ADJ
alâwm.	ADJ
alãwm.	NOUN
am	VERB
am-ah	PROPN
ama	PRON
ama'n	PUNCT
amad	NOUN
amaerawh	PUNCT
amah	PRON
amah,	PRON
amaha	PRON
amahah	PRON
amaherawh	CCONJ
amaherawh,	CCONJ
amaherawhchu	CCONJ
amaherawhchu,	CCONJ
amaherwahchu	ADV
amahin	PRON
amahni	PRON
amalek	DET
amalek-ho	PROPN
amamawh	ADJ
aman	NOUN
aman,	NOUN
amanu	PRON
amar	NOUN
amari	PROPN
amarjit	PROPN
amarnath	PROPN
amastan	PROPN
amateur	ADJ
amato	PROPN
amauri	VERB
amaw	PROPN
amaw?	NOUN
amawian	ADV
amawii	PROPN
amazia	PROPN
amazigh	PROPN
amazon	PROPN
amazon,	PROPN
amazon-a	PROPN
ambani	PROPN
ambasadors	PROPN
ambassador	PROPN
ambati	PUNCT
ambed-kar	PROPN
ambedkar	PROPN
ambedkara	PROPN
amber	PROPN
ambulance	NOUN
ambulance-ah	NOUN
ambush	NOUN
amc	PROPN
amc,tourism	PROPN
amc-a	PROPN
amc-ah	PROPN
amc-in	PROPN
amcecc	PROPN
amdea-ah	PROPN
amedabad-a	PROPN
amelia	PRON
amen	NOUN
amen!	SCONJ
amen,	DET
amendment	NOUN
amenities	NOUN
america	PROPN
america,	ADP
america-a	AUX
america-ah	PROPN
american	ADJ
american'	ADV
american-ho	PROPN
american-style	ADJ
americas	PROPN
amethi	PROPN
amfu	ADP
amfu,	PROPN
ami	NOUN
ami.	PRON
ami?	VERB
amiens,	PROPN
aminadaba	NOUN
amingaon	PROPN
amir	PROPN
amirbek	CCONJ
amisp-ten	PROPN
amit	PROPN
amitabh	PROPN
amitabh,	VERB
amite	NOUN
amiten	NOUN
ammaherawhchu,	ADV
ammonia	NOUN
amna	PROPN
amnona	PROPN
amoeba	NOUN
amol	PROPN
amon	PROPN
amona	PROPN
amorim	PROPN
amorim-a	PROPN
amorim-an	NOUN
amosa	PUNCT
amosan,	PROPN
amoxyclav	ADJ
amp	DET
ampadu	PROPN
ampadu,	ADV
amrabat	PROPN
amravati	ADP
amri	VERB
amrinder	PROPN
amrit	PROPN
amritpal-a	VERB
amrohan	PROPN
amrut	PROPN
amsterdam	PROPN
amsu	PROPN
amtea	PROPN
amtron	PROPN
amuana	PROPN
amul	PUNCT
amulet	NOUN
amutpui	VERB
amvca	ADP
amwf	NOUN
amygot	VERB
am≠way-in	PROPN
an	PRON
an,	PRON
an-32	NUM
an.	PRON
an?	PRON
an?am	AUX
ana	PROPN
anaesthesiology	DET
anaesthetic	NOUN
analyser	NOUN
analysis	NOUN
analysit	NOUN
analyst	NOUN
analytical	NOUN
anamhni	ADP
anand	PROPN
anania	PROPN
anantnag-ah	PROPN
ananya	PROPN
anapoli	PUNCT
anas	PROPN
anastasia	PROPN
anastasios	PROPN
anathoth	PROPN
anatolian	ADJ
anatoliy	PROPN
anatomical	VERB
anawm	ADJ
anbar	ADP
anc	PROPN
ancelotti	PROPN
anchhe	NOUN
anchhia	NOUN
anchhia.	NOUN
ancien	PROPN
and	CCONJ
andaman	PROPN
anderlecht	CCONJ
andersen	PROPN
andersson	PROPN
andhra	PROPN
andi	PROPN
andong	PROPN
andorra	ADP
andorra-in	PROPN
andra	PROPN
andre	PROPN
andrea	PROPN
andrea;	PUNCT
andreas	PROPN
andreeva	PUNCT
andrej	PUNCT
andres	PROPN
andrew	PROPN
andrey	PUNCT
andrina	PROPN
android	PROPN
andromeda	NOUN
andry	ADP
andy	PROPN
anei	DET
aneih	NOUN
anel	PUNCT
anett	VERB
anfield	PROPN
anfield-a	PROPN
anfield-ah	PROPN
anfield-in	PROPN
ang	ADV
ang!	ADV
ang!'	ADV
ang"	ADV
ang'	ADV
ang,	ADV
ang,"	ADV
ang,'	ADV
ang,a	VERB
ang,nimin	PROPN
ang,tiin	DET
ang,’	ADV
ang,”	NOUN
ang.	ADV
ang."	ADV
ang.-	ADV
ang.i	PRON
ang.leipzig	NOUN
ang.palina	NOUN
ang.’.	ADV
ang/	AUX
ang:	ADV
ang:1.	ADV
ang;	ADV
ang?	ADV
ang?chhanna:	VERB
anga	ADJ
anga,	VERB
angah	ADJ
angahte	ADJ
angai	ADJ
angaih	ADJ
angaihtuah	VERB
angang	PROPN
anganwadi	PROPN
anganwadi,	PUNCT
angchhung	NOUN
angchhunga	ADJ
angchhûngah	ADJ
ange	ADP
ange;	ADV
angel	NOUN
angela	PROPN
angela,	PUNCT
angela-i	PUNCT
angeles	PROPN
angeles-a	PROPN
angeles-ah	PROPN
angelica	PROPN
angelina	PROPN
angelique	PROPN
angelo	PROPN
angels	PROPN
angem,	CCONJ
angem.	CCONJ
angem?	CCONJ
anghawng	ADJ
angin	ADJ
angin,	ADJ
angin.	ADJ
angin."	ADJ
angina	ADJ
angkhat	ADJ
angkhatin	ADV
angle	NOUN
anglican	NUM
anglo	ADJ
anglo-saxon	ADJ
anglong	DET
anglosphere	DET
angola	ADP
angoor	PUNCT
angreng	ADJ
angreng.	ADJ
angte	ADJ
angî	VERB
ang—a	ADJ
ang’	ADJ
anhnah	NOUN
ani	PRON
ani'n	PRON
ani,	PRON
ani,'	PRON
ania	PUNCT
ania,	PUNCT
ania.	PUNCT
aniang	CCONJ
aniang,	CCONJ
aniang.	CCONJ
anih	CCONJ
anih.	NOUN
anihkha.	AUX
anihna	NOUN
aniket	PROPN
anil	PROPN
animal	ADP
anime	DET
anin	PRON
aninpuh.	PART
aniq	PROPN
anisimova	PROPN
anja	ADP
ankara	PROPN
ankaragucu	NOUN
ankhum	ADJ
ankhumna	NOUN
anki	VERB
ankita	PROPN
anmahni	PRON
anmahni.	PRON
anmahnia	PRON
anmahniah	PRON
anmahniin	PRON
anmahnin	PRON
anmawhphurhna	PRON
ann	PROPN
ann-i	PROPN
anna	NOUN
anna,	NOUN
anna-i	PRON
anna-te	PROPN
annalisa	PROPN
anne	PROPN
anne,	PUNCT
anne.	AUX
annecy	PROPN
annexe	PROPN
annexure	VERB
annexures	ADJ
anni	PRON
anni-ho	NOUN
anni.	PRON
annie	PROPN
annie,	PUNCT
anniho	PRON
annin	PRON
anniversary	NOUN
annual	ADJ
annî	PRON
anong	ADP
anpan	NOUN
anpui	NOUN
anpui,	NOUN
anpui.	NOUN
anpuia	NOUN
anpuiin	NOUN
anpuiin,	NOUN
anrich	PROPN
ansam	NOUN
ansari	CCONJ
ansarifard	PROPN
ansaru	PROPN
anshul	AUX
ansiam	ADJ
ansu	NOUN
answering	NOUN
antacid	NOUN
antam	NOUN
antananarivo	PROPN
antarctica	PROPN
antarrashtriya	PROPN
antartica	PROPN
ante	CCONJ
antenna	NOUN
antetokounmpo	PROPN
anthem	NOUN
anthlak	NOUN
anthony	PROPN
anthony.	PUNCT
anthrax	NOUN
anthur	NOUN
anthå«r	NOUN
anti	VERB
anti-depressant	PRON
anti-la	PRON
anti-people	ADJ
anti-war	ADJ
antibacterial	PUNCT
antibiotics	ADP
anticoagulants	NOUN
antifascist	ADJ
antifreeze	PROPN
antifungal	CCONJ
antigen	VERB
antigua	PROPN
antiochus	PROPN
antiokei	AUX
antioxidant	NOUN
antique	ADJ
antiviral,	ADJ
antivirus	VERB
antjie	PROPN
anto-netti	NOUN
antoine	PROPN
anton	PROPN
antoni	PROPN
antonin	NOUN
antonio	PROPN
antonsen	PROPN
antony	PROPN
antui	NOUN
antwerp	PROPN
anu	NOUN
anu,	NOUN
anu.	PRON
anuam	ADJ
anungin	ADJ
anup	PROPN
anurag	PROPN
anvc	PROPN
anvil	NOUN
anwar	PROPN
anytime'	ADJ
anṭam	NOUN
aoc	PROPN
aomar	PROPN
aomori	PROPN
aonaichte"	PROPN
aontaithe"	PROPN
aouar	ADJ
ap	VERB
apa	VERB
apa,	NOUN
apache	PROPN
apaiah	NOUN
apain	PUNCT
apang	CCONJ
aparment	ADP
apartment	NOUN
apartment-a	NOUN
apartment-ah	NOUN
apawiawh	VERB
apby	PROPN
ape	PROPN
apeda	PROPN
apes	NOUN
apex	PROPN
apfa	NOUN
aphal	ADJ
aphid	DET
aphid-in	NOUN
aphu	VERB
aphûm	VERB
api	ADP
api,	PROPN
apiang	PRON
apiang,	PRON
apianga	CCONJ
apiangah	CCONJ
apiangin	CCONJ
apiangin,	CCONJ
apiangte	CCONJ
apiangten	CCONJ
apisa-a	CCONJ
apita	PROPN
apl	ADJ
apnoea	PROPN
apollo	PROPN
apollon	PROPN
apologetic	NOUN
apostol-te	NOUN
app	PROPN
app-ah	PROPN
appalachian	ADJ
apparatchik	DET
apple	NOUN
apple-ah	CCONJ
applebee's-a	ADP
applesauce	NOUN
appliances	NOUN
application	NOUN
application'	NOUN
appointment	NOUN
appointment,	NOUN
appraiser	NOUN
apprenticeship	NOUN
approval	NOUN
apps	PROPN
apps-ah	PROPN
apps-ahte	PRON
appstore	PROPN
apr	CCONJ
april	NOUN
april,	NOUN
april-ah	PROPN
aprilia	PROPN
aprilia-a	PROPN
aprins	PROPN
aprins,	NOUN
aps	CCONJ
apsc	PUNCT
apuia	NOUN
apuii	NOUN
apumin	ADJ
aqi	DET
aqua	PROPN
aquaman	PROPN
aquarium	ADJ
aquarium-ah	NOUN
ar	NOUN
ar-te	DET
arab	ADJ
arab-ho	PROPN
arab-te	PROPN
arabati	PUNCT
arabia	PROPN
arabia-ah	PROPN
arabian	PROPN
arabic	PROPN
arabic-a	PROPN
aragones	ADP
araguaia	DET
arakan	PROPN
arakan-ah	PROPN
aramaic	ADP
aramaik	PROPN
aramane	PROPN
arambai	VERB
aramian	PROPN
arana	NOUN
araujo	PROPN
arauna	NOUN
arawn	CCONJ
arbeloa	PROPN
arbin	PROPN
arbitrator	PROPN
arbnor	PROPN
arcbr	PROPN
archbishop	PUNCT
archie	PUNCT
architech	NOUN
architect	NOUN
archive	NOUN
arda	NOUN
ardern-i	AUX
area	NOUN
area,	ADJ
area-a	AUX
area-ah	PRON
arefin	PROPN
arena	PROPN
arena,	PROPN
arena-a	PROPN
arena-ah	PRON
argentina	PROPN
argentina,	PROPN
argentina-ah	ADP
argentine	PROPN
argentinean	PUNCT
argentinian	AUX
argetinian	ADJ
arh	VERB
arhapa	ADP
ariana	PROPN
arias	NOUN
ariely	PUNCT
arif	PROPN
arijan	PROPN
arim	ADJ
aringat	PROPN
arini,	PROPN
arinin	PROPN
aristarka	ADP
aristocracy	NOUN
aristotle-a	DET
aritz	NOUN
arizona	PROPN
arjen	PROPN
arka	VERB
arkadiusz	PUNCT
arkaiden	PROPN
arkhawthim	NOUN
arkhuan	NOUN
arlanda	PROPN
armando	PROPN
armchair	NOUN
armed	PROPN
armenia	PROPN
armenia-a	ADP
armenia-ah	ADP
armenian	ADJ
arminia	NOUN
armrest-ah	NOUN
armstrong	PROPN
army	PROPN
army-a	PROPN
arnaldi	PROPN
arnaut	PUNCT
arnautovic	PROPN
arne	PROPN
arngeng	NOUN
arnold	PROPN
arnold-an	PROPN
arnor	NUM
aro	NOUN
aro-te	DET
arol	PROPN
aromatic	ADJ
aron	PROPN
arona	PROPN
arora	PROPN
arpa	NOUN
arpui	NOUN
arpuiin	ADJ
arreola-a	VERB
arrivals	NOUN
arro	PROPN
arrows	PROPN
arsa	NOUN
arsenal	PROPN
arsenal,	PROPN
arsenal-ah	ADP
arsenal-in	PUNCT
arsene	PROPN
arsenic	PROPN
arsenokoitai	NOUN
arsi	NOUN
arsiah	ADJ
arsite	NOUN
arsite'n	DET
art	NOUN
arte	NOUN
artelukawn	NOUN
artem	PROPN
artemio	PUNCT
arteries	NOUN
arteta	PROPN
arthur	VERB
arti-i	PROPN
article	NOUN
article-ah	DET
article/	NOUN
artificial	ADJ
artisan	ADJ
artist	NOUN
artist-te	NOUN
artistic	ADJ
arts	DET
arts-te	PROPN
arttui	PRON
artui	NOUN
arturo	PROPN
arualin	ADJ
aruangin	ADJ
arugula	VERB
arumugam	PROPN
arun	PROPN
arunachal	PROPN
arunachal-ah	PROPN
arunachal-in	PROPN
arunachali	PROPN
arunchal	PROPN
arvind	PROPN
aryna	PUNCT
as	PUNCT
asada	PROPN
asaduddin	PROPN
asahi	PROPN
asangtea	NOUN
asano	PROPN
asaram	PUNCT
asawi	NOUN
asawi.	DET
asawma	PROPN
asbel	PROPN
ascap	DET
asd	PROPN
asdma	PROPN
asean	PROPN
aseb	PROPN
asembly	PROPN
asensio	PROPN
asep	PROPN
aser	PROPN
asera	DET
asf	PROPN
asha	NOUN
asha-ten	NOUN
ashanti	ADP
asherah	PROPN
ashiq	NOUN
ashland,	PROPN
ashleigh	PROPN
ashley	NOUN
ashok	PROPN
ashram	CCONJ
ashrita	PROPN
ashuganj	ADP
ashutosh	PROPN
ashwal	PROPN
ashwin	PROPN
ashwini	PROPN
ashworth	PROPN
ash’	PROPN
asi	DET
asia	PROPN
asia-a	DET
asian	PROPN
asif	PROPN
asin	PART
asin!	PART
asin'	PART
asin,	PART
asin.	PART
asin;	PART
asin?’	ADP
askelon	PROPN
asmir	PROPN
aso	PROPN
asom	PROPN
asp	ADP
asparagus	ADJ
aspas	PROPN
asphalt	VERB
aspirational	PROPN
aspirin	NOUN
aspirin-te	VERB
assad	PROPN
assada	PROPN
assam	PROPN
assam,	PUNCT
assam-a	DET
assam-ah	ADP
assamese	PROPN
assay	PROPN
assembly	PROPN
assembly-ah	PUNCT
assessment	DET
assignment	NOUN
assist	NOUN
assistant	NOUN
assocham	PUNCT
association	PROPN
association-in	DET
association-te	NOUN
association’	PUNCT
assortment-ah	NOUN
asst.	PUNCT
assuria	ADP
astarothi	CCONJ
asterisk	NOUN
asteroid	NOUN
asthma	PROPN
aston	PROPN
astra	VERB
astrology	NOUN
astronaut	NOUN
astronomer	NOUN
astronomy	NOUN
astroturf	PROPN
asutp	PROPN
at	VERB
at-thlak.	NOUN
at.	VERB
ata	ADP
ataia	VERB
atak	ADJ
ataka	ADJ
atakin	ADJ
atal	VERB
atalanta	PROPN
atalanta-in	PROPN
atam	VERB
atan	ADP
atan!	ADP
atan,	ADP
atan.	ADP
atana	ADP
atana.	ADP
atang	ADJ
atang.	ADJ
atanga	ADJ
atanga,	ADJ
atangin	ADJ
atangin,	ADJ
atangin.	ADJ
atangintawiawmna	PRON
atangkai	AUX
atangte	ADJ
atangtea	ADJ
atangtein	ADJ
atante	ADP
atari	PROPN
atawp	ADJ
atawp.	ADJ
atawpah	NOUN
atc	PROPN
atc-ah	PROPN
atchilh	VERB
atchilh.	VERB
atchilhna	NOUN
ate	ADJ
atel	PRON
atha	ADJ
athali,	AUX
athan?	VERB
athana	PROPN
athawh	NOUN
atheism	NOUN
atheist	NOUN
athen	ADJ
athenian	ADJ
athens	PROPN
athens-ah	PRON
ather	ADP
atheu	ADJ
athlahte	NOUN
athlawn	ADJ
athlawna	ADJ
athlete	NOUN
athletes	NOUN
athletic	PROPN
athletic-in	PROPN
athokpam	ADJ
athu	VERB
athuin	ADJ
ati	VERB
ati.	CCONJ
atih	ADJ
atin	PART
atir	VERB
atira	ADJ
atishi	PROPN
atk	PROPN
atk-ah	PROPN
atl	PROPN
atla	VERB
atlanta	PROPN
atlantic	AUX
atlantis	ADP
atletico	PROPN
atletico-in	PROPN
atlêtico	PROPN
atm	NOUN
atm-ah	NOUN
atmosphere	NOUN
atmosphere-a	PART
atmospheric	ADJ
atna	NOUN
atnga	NUM
atom	NOUN
atomic	ADJ
atoms	NOUN
atp	PROPN
atr	AUX
atreides	PROPN
atreyu	PROPN
ats	DET
atsan	SCONJ
atsona	NOUN
atsovah	VERB
atsum	NOUN
atta	ADP
attack	NOUN
attacking	PROPN
attal	PROPN
attalia	ADP
attari-ah	PROPN
attend	VERB
attendance	NOUN
attention	NOUN
attested	VERB
attf	ADP
atthlak	VERB
atthlak.	VERB
atthlakin	ADV
atthlâk	ADJ
attorney	NOUN
atuam	VERB
atul	ADJ
atul.	ADJ
atwell,	PROPN
atân	ADP
atân!	ADP
atân;	ADP
atâna	ADP
atânte	ADP
atîr	ADJ
atîra	ADJ
au	VERB
au.	VERB
au?	VERB
auba	PROPN
aubameyang	PROPN
aubuaina	VERB
auchhuah	VERB
auchhuahpui	VERB
auchhuahpui.	VERB
auction	NOUN
aude	ADJ
audi	PROPN
audio	NOUN
audio-a	NOUN
audio-ah	ADP
audio-visual	ADJ
audiophile	NOUN
audiotape	NOUN
audition	AUX
auditorium	NOUN
auditorium,	PROPN
auditorium-ah	PROPN
auditory	ADJ
auel.	PROPN
augsburg	PROPN
august	NOUN
august,	NOUN
august-ah	PROPN
augusta	PROPN
augustine	PROPN
auh	VERB
auh.	VERB
auhla	NOUN
auhlaa	NOUN
auhlaah	VERB
auhva,	ADV
aukus	PROPN
aung	PROPN
aungo	PROPN
aupui	NOUN
aupui.	NOUN
aupuiin	ADJ
aurinna	NOUN
aurual	VERB
aurual.	CCONJ
aus-tralian	PROPN
aussie	PROPN
aussies	PROPN
austrailia	PUNCT
australia	PROPN
australia-a	PRON
australia-ah	PROPN
australia-in	PROPN
australian	ADJ
austria	PROPN
austria-a	NOUN
austria-ah	PROPN
authawm	NOUN
authenticate	VERB
author	NOUN
autistic	ADJ
auto	PUNCT
autodrom-ah	PROPN
automagical	ADJ
automation	PUNCT
autorickshaw	PROPN
autoworks	PROPN
autoworks-in	PROPN
auva.	PRON
auxerre	PROPN
ava	DET
ava'n	ADV
avai	ADJ
avaia	DET
avaiin	ADJ
avang	CCONJ
avang.	CCONJ
avanga	CCONJ
avanga.	CCONJ
avangikn	PRON
avangin	CCONJ
avangin!	CCONJ
avangin,	CCONJ
avangin.	CCONJ
avangin;	CCONJ
avangin?	CCONJ
avangte	CCONJ
avangte,	CCONJ
avangtein	CCONJ
avaning	AUX
avatar	PROPN
avbd	PROPN
avedian-a	ADJ
avenue	NOUN
aviation	PROPN
avicii	VERB
avila	PROPN
avinash	PROPN
aviv	PROPN
aviv,	PROPN
avoid	VERB
avonlea	PROPN
avril	PUNCT
avro	VERB
avs	VERB
avàngin	NOUN
avâng	CCONJ
avânga	CCONJ
avângin	CCONJ
avângin,	CCONJ
avângin.	CCONJ
avângtein	CCONJ
aw	NOUN
aw!	NOUN
aw!"	NOUN
aw!hmangaihna	AUX
aw!’	NOUN
aw'	NOUN
aw,	INTJ
aw,,	NOUN
aw.	NOUN
aw:	NOUN
aw;	NOUN
aw?	NOUN
aw?’	ADP
awaas	PROPN
awadhe	PROPN
awang	PROPN
award	NOUN
award-ah	PROPN
awardee	PROPN
awards	PROPN
awards-ah	PROPN
awards.gov.in	PROPN
awareness	NOUN
awas	PROPN
awawdeh	PROPN
away	ADJ
awb	PRON
awc	SCONJ
awe	PROPN
awh	NOUN
awh!	NOUN
awh.	NOUN
awh?	NOUN
awhawm	ADJ
awhawma	ADV
awhin,	CCONJ
awhna	NOUN
awhtir	VERB
awi	VERB
awi!	VERB
awi,	VERB
awi.	VERB
awiawm	ADJ
awih	VERB
awih,	VERB
awih.	VERB
awiha	VERB
awiha,	VERB
awihawm	ADJ
awihin	ADJ
awihin.	ADJ
awihloh	DET
awihna	NOUN
awihna’	NOUN
awihsamzia	ADJ
awihte	ADJ
awihtute	NOUN
awithangapa	ADP
awithangpa	PROPN
awk	NOUN
awk!	NOUN
awk.	VERB
awka	NOUN
awkawng	PRON
awke	PROPN
awki	NOUN
awklem	NOUN
awksarala	PROPN
awl	VERB
awl!	VERB
awl,	VERB
awl-ai	ADJ
awl-sam	PRON
awl.	VERB
awlah	ADJ
awlai	ADJ
awle	NOUN
awle!,	NOUN
awle,	INTJ
awle.	NOUN
awle?	NOUN
awle…	INTJ
awlin	NOUN
awlin,	NOUN
awllen,	VERB
awlruk	VERB
awlsam	VERB
awlsam!	VERB
awlsam,	VERB
awlsam.	VERB
awlsama	VERB
awlsamin	ADJ
awlsamna	NOUN
awlsamtir	PRON
awlthawn	VERB
awltir	VERB
awm	VERB
awm!	VERB
awm)	VERB
awm,	VERB
awm-chhun,	NOUN
awm.	VERB
awm."	VERB
awm:	VERB
awm;	VERB
awm?	VERB
awma	ADJ
awma,	ADJ
awma.	ADJ
awmah	ADJ
awmahte	ADJ
awmang	ADV
awmanglo	PART
awmbel	ADJ
awmbo	VERB
awmchhun	ADJ
awmchhuna	ADJ
awmchhunah	NUM
awmchhunin	ADP
awmchhunte	ADJ
awmchilh	ADJ
awmdan	ADJ
awmdan,	ADJ
awmdanah	ADJ
awmdante	ADJ
awmdun	ADJ
awmdân	ADJ
awmhma	VERB
awmhmahruaitu	PUNCT
awmhmun	NOUN
awmhmunah	ADJ
awmho	ADJ
awmin	CCONJ
awmin,	CCONJ
awmin.	CCONJ
awmkhawm	VERB
awmkhawm.	VERB
awmkhawmna	NOUN
awmkhawmte	NOUN
awmkim.	ADJ
awmlai	NOUN
awmleh	NOUN
awmlo	NOUN
awmlo.	NOUN
awmloh	NOUN
awmloh,	NOUN
awmlohna	NOUN
awmmawh	VERB
awmn.	VERB
awmna	NOUN
awmna,	NOUN
awmna.	NOUN
awmna;	NOUN
awmnaa	NOUN
awmnaah	ADJ
awmnawm	NOUN
awmpawng	NOUN
awmpui	NOUN
awmpui,	NOUN
awmpui.	NOUN
awmpuia	NOUN
awmpuiah	PUNCT
awmpuii	PROPN
awmpuiin	NOUN
awmpuina	NOUN
awmpuiphei	PUNCT
awmpuite	NOUN
awmpuitu	NOUN
awmsa	NOUN
awmte	NOUN
awmte,	NOUN
awmten	SCONJ
awmtha	VERB
awmthei	NOUN
awmtir	VERB
awmtir.	VERB
awmtleitu	NOUN
awmtu	NOUN
awmtur	AUX
awmtîr	VERB
awmvel	NOUN
awmzat	NOUN
awmze	ADJ
awmzia	NOUN
awmzia'	NOUN
awmzia.	NOUN
awmzia:	NOUN
awmzia?	NOUN
awmzia’	NOUN
awmzui	ADJ
awm’	PUNCT
awn	VERB
awn.	VERB
awna	PROPN
awng	NOUN
awngin	ADJ
awngphah	NOUN
awngten	ADJ
awoniyi	PROPN
awp	VERB
awp-a	PROPN
awp.	VERB
awpbehna	NOUN
awpbet	VERB
awpna	NOUN
awptu	NOUN
awr	NOUN
awrawl	NOUN
awrh	VERB
awrh.	VERB
awrhtir	VERB
awrkar	VERB
awt	NOUN
awte	NOUN
awtea	CCONJ
awtin	ADJ
awzawng	INTJ
awzâwng	INTJ
axar	PUNCT
axel	PUNCT
axelsen	PROPN
axioms	VERB
ayako.	PUNCT
ayakta	PROPN
ayew	ADP
ayeyawady	PROPN
ayling	PROPN
ayman	PROPN
aymeric	PROPN
ayodhya	PROPN
ayodhya-a	AUX
ayog	PROPN
ayoze	PROPN
ayra	PROPN
ayrton	NOUN
ayukta	PROPN
ayukta-in	DET
ayurveda	ADJ
ayurveda:	PROPN
ayush	PROPN
ayushi	PUNCT
ayyappan	PROPN
az	PROPN
azad	PROPN
azadi	PROPN
azalea	PROPN
azam	PROPN
azanin	NOUN
azar	AUX
azara	DET
azarah	DET
azarenka	PROPN
azaria	PROPN
azawl-thenzawl-lunglei	PROPN
azawng	ADJ
azawng,	ADJ
azawnga	ADJ
azawngin	VERB
azerbaijan	PROPN
azipa	PROPN
azir	ADJ
azira	ADJ
azirin	ADJ
azirin,	ADJ
azithromycin	ADP
azl:	PROPN
azota	PROPN
azual	ADV
azzuri	PROPN
azzurri	PROPN
a£10,000	AUX
a£10.2m	PROPN
a£100,000	VERB
a£12.8m	PROPN
a£120,000	ADP
a£17m	PRON
a£18m	PUNCT
a£200,000	PRON
a£20m	NOUN
a£241,227	PROPN
a£25.4mtd	PROPN
a£25m	ADP
a£3.6m	PROPN
a£30mtd	PROPN
a£3mtd	PROPN
a£41m	PROPN
a£45m	PRON
a£45mtd	VERB
a£50m-a	ADP
a£51.3mtd	VERB
a£58mtd-in	PROPN
a£5m	ADJ
a£60,000	PRON
a£64.4m	PROPN
a£65m	ADP
a£80,000	VERB
a£90,000	PROPN
a£90mtd	VERB
a£mtd	ADP
aţang	ADJ
ațang	ADJ
ațanga	ADJ
ațangin	ADJ
aṭang	ADJ
aṭang.	ADJ
aṭanga	ADJ
aṭanga,	ADJ
aṭangin	ADJ
aṭangin,	ADJ
aṭangin.	ADJ
aṭangin’	ADV
aṭangte	ADJ
aṭangte,	ADJ
aṭangtea	ADJ
aṭangtein	ADJ
aṭangun	DET
aṭha	ADJ
a—	NOUN
a—"hriatthiam	ADP
a—hmeichhe	PRON
a’	PART
a’n	PRON
a‚¹	PROPN
a‚¹.2,630,787	ADP
a‚¹.5,000	PROPN
a‚¹2,00,000/-	NOUN
a‚¹20,000	PROPN
a‚¹30000/-	PROPN
a…	NOUN
b	PROPN
b$k	VERB
b-ah	AUX
b.	PROPN
b.com	PROPN
b.ed	NOUN
b.lalthanliana	PROPN
b.zonghingan	PROPN
b6	PROPN
ba	VERB
ba.	VERB
baahubali	PROPN
baala	VERB
baba	PROPN
babar	PROPN
babayaro	PROPN
babe,	NOUN
bablu	PROPN
babson	PROPN
babu	NOUN
babu,	NOUN
babulon	PROPN
babulonhovin	AUX
baburao	PROPN
babushkin	PROPN
baby	PROPN
baby-i	PROPN
bacelona	PROPN
bach	PROPN
bachao	PROPN
bachchan	PROPN
bachchan,	PROPN
bachelor	PART
bachinger	PROPN
back	ADV
back-a	NOUN
back-ah	ADV
backend	NOUN
backgammon	NOUN
backlands,	PROPN
backpack	NOUN
backpack,	PART
backpacking	AUX
backstroke	VERB
backyard	NOUN
backyard-ah	PROPN
bacon	PRON
bacteria	NOUN
bacterium	NOUN
bactrian	ADJ
bad	ADJ
badajoz-ah	PROPN
badam	NOUN
badarpur	CCONJ
badarpur-jirania	PROPN
badarpur-jiribam	PROPN
badendraw,	PROPN
badhatghat	PROPN
badminton	PROPN
badminton-a	NOUN
badminton-ah	NOUN
badnore	PROPN
badosa	PROPN
badp	PROPN
badp,	PROPN
baena	CCONJ
bafetimbi	CCONJ
bafs	NUM
bag	NOUN
bag-ah	NOUN
bag50	ADV
bagalore	ADP
bagan	PROPN
bagan-in	PROPN
bagel	PUNCT
baggage	PRON
baggies	DET
baggies-in	PROPN
bagha	PROPN
baghdad	PROPN
baghdadi	NOUN
bagnaia	PROPN
bago	PROPN
bagrationovsk-a	PRON
bah	VERB
bahadur	PROPN
bahajura	PROPN
bahamas-a	PRON
bahamas-ah	PROPN
bahamian	ADJ
bahia	PUNCT
bahlah	VERB
bahra	NOUN
bahrain	PROPN
bahrain-ah	PROPN
bahram	PROPN
bahrik	ADP
bai	NOUN
bai-te	PRON
bai.	NOUN
baibul	NOUN
baihvaha	PROPN
baihvai	ADJ
baihvaiin	ADJ
baihvaite	VERB
baiin	ADJ
bail	NOUN
bail-a	ADP
baila	NOUN
bairabi	PROPN
bairabi-ah	PROPN
bairabi-sairang	VERB
bairabiah	PROPN
bairstow-an	PROPN
baisakhi-nuranang	PROPN
baishya	PROPN
bajaj	PROPN
bajin	VERB
bajoz	PROPN
bajrang	PUNCT
bajrangi	PROPN
bak	NOUN
bak-	NOUN
bak.	NOUN
baka	VERB
bakaah,	NOUN
bakah	ADJ
bakah,	ADJ
bakah.	ADJ
bakambu	PROPN
bakasetas	PUNCT
bakberha	ADJ
bakcheh	NOUN
bakchehin	ADJ
bakery	NOUN
bakery-a	NOUN
bakery-ah	NOUN
bakhmut	ADJ
bakhtior	VERB
bakin	ADJ
bakir	PROPN
bakir-i	PROPN
baksa,	PUNCT
baksak	PRON
baktawng	PROPN
baktawng-a	PROPN
bal	VERB
bal,	VERB
bal.	VERB
bala	NOUN
balaama	PROPN
balaji	PROPN
balaka	PROPN
balaku	PROPN
balan	PROPN
balan,	PUNCT
balance	NOUN
balance-a	PART
balanced	DET
balcony	NOUN
balcony-ah	NOUN
baldanzi	PROPN
baldock	PROPN
baldwin	NOUN
bale	PROPN
bale,	PROPN
bale-a	PROPN
baleno	PROPN
balgotra,	CCONJ
balh	ADJ
balhla	NOUN
balhla,	NOUN
balhlaah	NOUN
balhzia	NOUN
bali	ADP
balikwisha	PROPN
balin	ADJ
balkans	PROPN
ball	NOUN
ball,	NOUN
ball-ah	VERB
ballard	PROPN
ballerina	NOUN
ballerini	PROPN
ballet	DET
ballia-ah	PROPN
ballon	PROPN
balloon	NOUN
ballpark	NOUN
ballplayer	NOUN
ballroom	NOUN
ballroom-ah	PRON
balochistan	PROPN
balogun	PROPN
baloney	AUX
balotelli	PROPN
balte	ADJ
baltic	ADJ
baltimore,	PROPN
balu	PRON
balwant	PROPN
balzac	PRON
bamboowood	NOUN
ban	NOUN
ban,	NOUN
ban.	NOUN
ban?	NOUN
bana	ADJ
banah	ADJ
banah,	ADJ
banana	NOUN
bananal	PROPN
banbun	NOUN
banbúl	NOUN
band	NOUN
band-a	PRON
band-ah	NOUN
band-te	NOUN
bandage	NOUN
bandana	NOUN
bandh	NOUN
bandh-ah	NOUN
bandukbanga,	VERB
bandwidth	ADJ
bandying	NOUN
banerjee	PROPN
banerjee,	PROPN
banerjee-i	PRON
bang	NOUN
bang,	NOUN
bang.	NOUN
banga	ADJ
bangah	ADJ
bangahte	NOUN
bangaldesh	ADP
bangalesh	ADP
bangalore	PROPN
bangalore-a	DET
bangalore-ah	PROPN
bangalow-ah	PROPN
bangbo	VERB
bangdukbanga	PROPN
bangin	ADJ
bangkok	PROPN
bangla	NOUN
bangla-ah	PROPN
bangla-desh-te	PROPN
bangladesh	PROPN
bangladesh,	PUNCT
bangladesh-a	PROPN
bangladesh-ah	PROPN
bangladeshi	ADJ
banglapui	NOUN
banglasdesh	PROPN
bangnawi	NOUN
bangphua	PUNCT
bangte	NOUN
banin	ADJ
banjo	NOUN
bank	NOUN
bank-a	NOUN
bank-ah	NOUN
bank-in	ADP
bank-te	NOUN
bank-ten	NOUN
bank/centre	PROPN
banker	NOUN
bankers	PROPN
bankhur	DET
banki-a	PROPN
banking	PROPN
bankipur	DET
banksy	PUNCT
banna	NOUN
banner	ADJ
banphak	ADJ
banphaka	PRON
banpharin	VERB
banpui	NOUN
banque	PROPN
banrek	NOUN
bansan	VERB
bansan!	VERB
bansan.	VERB
bansan?	VERB
bansanin	NOUN
bantir	VERB
banu-i	PROPN
bao	VERB
baptis	NOUN
baptis.	AUX
baptisma	NOUN
baptisma-ah	DET
baptist	PROPN
baptist,	PART
baptiste	PROPN
baptistu	PROPN
bar	VERB
bar,	VERB
bar-a	NOUN
bar-ah	NOUN
bara	NOUN
barabba	PROPN
barack	PROPN
baradar	PROPN
barah	NOUN
baraja	PROPN
barak	PROPN
barakhaih	INTJ
barakhaih.	INTJ
barakhaihin	INTJ
barakhaihtu	NOUN
baranwal	PROPN
barari,	PROPN
barawh	AUX
barbeque	NOUN
barber	PRON
barbie	PROPN
barbora	NUM
barca	PROPN
barca-a	PROPN
barca-in	PROPN
barcelona	PROPN
barcelona,	PUNCT
barcelona-ah	ADJ
barcelona-in	PROPN
barcket	PROPN
barcode	PROPN
barcola	PROPN
bareilly	PROPN
barella	PUNCT
barfly	NOUN
barh	VERB
barhampur	PROPN
bariarpur	PROPN
baris	PROPN
barkheda	PROPN
barkley	PROPN
barley	NOUN
barman	PROPN
barmer	PROPN
barnaba	PROPN
barnsley	PUNCT
barnsley,	ADP
barnum	ADP
barons	PUNCT
barooah	PROPN
barpeta,	PUNCT
barrack	NOUN
barrack-ah	NOUN
barrackpore	ADP
barreto	PROPN
barricade	NOUN
barry	PROPN
barsalogho	PROPN
barsoom	PROPN
bartender	DET
bartender-in	AUX
bartimaia	PROPN
bartoli	PROPN
bartomeu	PROPN
barton	PROPN
barty	PROPN
barua	PROPN
baruah	PROPN
baruah,	PROPN
baryl	PROPN
baryl-i	PROPN
basab	PROPN
basaksehir	PROPN
basan	NOUN
basball	NOUN
base	PUNCT
baseball	NOUN
basektball	NOUN
baseline	PROPN
baseman	NOUN
basement	NOUN
basement-ah	AUX
bashundhara	NOUN
basil	NOUN
basilisk	PUNCT
baskerville	DET
basket	NOUN
basketball	NOUN
basketballer	PROPN
basque	PROPN
basra	PROPN
bass	NOUN
bassoon	NOUN
bastar	PROPN
basti	PROPN
bastia	PROPN
bastian	PROPN
bastoni	PROPN
basumatary	PROPN
bat	NOUN
bat-ah	PRON
bat.	NOUN
bat?	NOUN
bata	PROPN
batak	PROPN
batalik	CCONJ
batallion	ADJ
batallion'	PROPN
batch	NOUN
bath	NOUN
bathhouse-ah	DET
bathlar	NOUN
bathlara	NOUN
bathlarah	NOUN
bathrobe	NOUN
bathroom	NOUN
bathroom-ah	NOUN
bathsebi	PUNCT
bathsuii	PUNCT
bathtub	NOUN
bathtub-ah	NOUN
bati	NOUN
batman	PROPN
batmobile	NOUN
batroun	PROPN
batsak	VERB
batsak.	VERB
batsakte	VERB
batshuayi	PUNCT
batsman	NOUN
batta	PROPN
battalion	NOUN
battery	NOUN
battista	NOUN
battledore	NOUN
battleship	DET
batumi-a	PUNCT
bauh	VERB
baum-gartner	PROPN
bauri	PROPN
bavaria	PROPN
bavarian	PROPN
bavarians	PROPN
bavarians-ah	PROPN
baw	NOUN
baw.	NOUN
bawchhetute	DET
bawh	VERB
bawh.	VERB
bawhawk	ADJ
bawhbet	VERB
bawhbuai	VERB
bawhbuai.	VERB
bawhchhe	VERB
bawhchhetu	NOUN
bawhchhetute	NOUN
bawhchhia	VERB
bawhchhia.	VERB
bawhchhiaa	ADJ
bawhchhiaah	VERB
bawhchhiain	VERB
bawhchhiat	VERB
bawhchhiat.	VERB
bawhchhiat?	VERB
bawhchhiate	ADJ
bawhchhiaten	NOUN
bawhchhiatete	AUX
bawhchhiatna	NOUN
bawhchhiatna?	NOUN
bawhchhiatnaah	NOUN
bawhchhiatnate	NOUN
bawhchhiatsak	VERB
bawhchiat	NOUN
bawhhchiate	NOUN
bawhhlawh	PUNCT
bawhin	VERB
bawhpelh	VERB
bawhpelh.	VERB
bawhthlaktir	PRON
bawhvah	VERB
bawhzui	VERB
bawhzui.	VERB
bawhzuia	NOUN
bawhzuiin	ADJ
bawhzuiin,	ADJ
bawhzuina	NOUN
bawhzuisak	VERB
bawichhuaka	PROPN
bawih	VERB
bawiha	NOUN
bawiha,	NOUN
bawiha.	NOUN
bawihah	ADJ
bawihho	NOUN
bawihi,	NOUN
bawihnu	ADJ
bawihpuia	PUNCT
bawihsawm	VERB
bawihte	NOUN
bawihte?	NOUN
bawisawmtu	CCONJ
bawitlung	PROPN
bawitlung,	PROPN
bawk	ADJ
bawk!	ADJ
bawk,	ADJ
bawk,.	ADJ
bawk-rin	NUM
bawk.	ADJ
bawk.ball	NOUN
bawk.jica	NOUN
bawk.kawfi	PART
bawk.mahse	PROPN
bawk.tun	NOUN
bawk.wm	VERB
bawk;	ADJ
bawka	ADJ
bawka.	ADJ
bawkah	ADJ
bawkbawn	NOUN
bawki.	PART
bawkin	VERB
bawkin,	VERB
bawkin.	VERB
bawkkhup	VERB
bawkkhup.	VERB
bawkkhupa	NOUN
bawkkhupin	ADJ
bawkkuia	PROPN
bawkna	NOUN
bawkpuia	PROPN
bawksawp	VERB
bawksi	VERB
bawktlang	PROPN
bawkvak	VERB
bawkvâk	VERB
bawkvâka	VERB
bawl	NOUN
bawl'	NOUN
bawl,	VERB
bawl.	NOUN
bawl?	NOUN
bawlh-hlawh	ADJ
bawlhhlawh	NOUN
bawlhhlawh,	NOUN
bawlhhlawh-paper	DET
bawlhhlawh.	NOUN
bawlhhlawhah	ADJ
bawlhhlawhbawm	PROPN
bawlhhlawhin	ADJ
bawlhhlawhna	ADJ
bawlhhlawhna,	ADJ
bawlhhlawhte	NOUN
bawlhhlawhtu	NOUN
bawlhhlawhzia	ADJ
bawlhlawh	NOUN
bawlhlawhte	AUX
bawlhlo	NOUN
bawlkawn	PROPN
bawlliana	PROPN
bawlna	NOUN
bawlnain	NOUN
bawlsak	VERB
bawlte	ADJ
bawm	NOUN
bawm-a	PRON
bawm.	NOUN
bawma	NOUN
bawmah	ADJ
bawmahte	NOUN
bawmpuia	NOUN
bawmrang	NOUN
bawng	NOUN
bawng!	NOUN
bawngchal	NOUN
bawngchawm	ADJ
bawnghnute	NOUN
bawngkawn	PROPN
bawngkawn,	ADP
bawngkawn-a	ADP
bawngkawnah	PROPN
bawngkawnin	PROPN
bawngpa	NOUN
bawngpu	NOUN
bawngpui	NOUN
bawngpui’	PUNCT
bawngrajawl	DET
bawngsa	NOUN
bawngsa,	NOUN
bawngte	NOUN
bawngthah	PROPN
bawngthah,	PROPN
bawngtuthlawh	NOUN
bawngtuthlawh,	NOUN
bawngva	VERB
bawnra	NOUN
bawp	NOUN
bawplawka	ADJ
bawp’	NOUN
bawr	NOUN
bawr.	NOUN
bawra	NOUN
bawrah	ADJ
bawrai	NOUN
bawraw	ADJ
bawrchhawr	ADJ
bawrdar	PROPN
bawrh	NOUN
bawrh-sap	PROPN
bawrh.	VERB
bawrhban	ADJ
bawrhbang	ADJ
bawrhbanna	ADV
bawrhsaiabe	NOUN
bawrhsak	VERB
bawrhsap	NOUN
bawrhsap,	NOUN
bawrhsap-in	DET
bawrhsapin	ADJ
bawrhsawm	ADJ
bawrhsawmna	NOUN
bawrhsawmnain	SCONJ
bawrsap	PROPN
bawrsap,	PROPN
bawsrhsap	PROPN
bawtrh	VERB
bay	PROPN
bay,	PROPN
bay-ah	PROPN
bayer	PROPN
bayern	PROPN
bayern-ah	PRON
bayern-in	PROPN
bayernbavarians	PROPN
bayo	PROPN
bayrou-a	PROPN
baywatch	PUNCT
bazaar	DET
bazar	NOUN
bazar,	NOUN
bazar-ah	PROPN
bazara	ADJ
bazarah	ADJ
bazarpui	NOUN
bazarpuia	PROPN
bazarpuiah	ADP
bazie	PROPN
bazoum	PROPN
baêk	PUNCT
bb	PROPN
bba	PROPN
bbbp	PROPN
bbc	PROPN
bblock	NUM
bc	PROPN
bc.	PROPN
bc:	PROPN
bca	PROPN
bca-in	NOUN
bcci	PROPN
bce	PROPN
bcm	PROPN
bcm-in	PROPN
bcom-ah	CCONJ
bcs	PROPN
bd	PROPN
bd-a	PROPN
bd-an	PROPN
bday	PUNCT
bdfm	PROPN
bdg	PUNCT
bdo	PROPN
bdo,	PROPN
bds	NUM
be	NOUN
be,	NOUN
beach	NOUN
beach-a	PRON
beach-ah	NOUN
bead	ADP
bean	NOUN
bear	NOUN
bear,	NOUN
beatles	ADP
beauty	NOUN
beaver	NOUN
bebe	PROPN
bec	PUNCT
becker	PROPN
beckham	PROPN
becks	NOUN
bedc	PROPN
bedfort	ADP
bedo	DET
bedroom	NOUN
beecroft	ADP
beelzebub	PROPN
beelzebula	ADP
beep	VERB
beer	NOUN
beer,	NOUN
beginner	ADP
beglian	DET
begovic	PROPN
beh	VERB
beha	ADV
behbawm	ADJ
behbawmah	NOUN
behchhan	VERB
behchhana	ADJ
behchhanah	NOUN
behchhanin	ADJ
behchhanin,	ADJ
behera	PROPN
behin	VERB
behlawi	NOUN
behliang	NOUN
behlohna	AUX
behna	NOUN
behna,	NOUN
bei	VERB
bei.	NOUN
beicai	PROPN
beichhua	PROPN
beicho,	VERB
beidamna	NOUN
beidawn	ADJ
beidawng	ADJ
beidawng,	ADJ
beidawng.	ADJ
beidawnga	NOUN
beidawngin	ADJ
beidawngin,	ADJ
beidawnna	NOUN
beidawnna,	NOUN
beidawnnain	NOUN
beidawnsan	VERB
beidawnthlak	ADJ
beidawnthlak.	ADJ
beidawnthlâk	ADJ
beih	VERB
beih.	VERB
beih?	VERB
beiha	ADJ
beihlet	VERB
beihlã´	PROPN
beihna	NOUN
beihnaa	NOUN
beihnaah	ADJ
beihpui	VERB
beihpuiin	PUNCT
beihpuithlak	ADV
beihpuithlakna	NOUN
beihrawn	VERB
beihrothatlo	PROPN
beihrual	VERB
beihzui	VERB
beiin	VERB
beiin,	VERB
beijing	PROPN
beijing-ah	PROPN
beilet	VERB
beiparysa	PROPN
beipui	ADJ
beirangia,	PROPN
beirapatha	PROPN
beirazi	PROPN
beirut	VERB
beirut-a	PROPN
beisei	ADJ
beisei!	ADJ
beisei'	ADJ
beisei,	ADJ
beisei.	ADJ
beisei?	ADJ
beiseia	INTJ
beiseiawm	ADJ
beiseiawm,	ADJ
beiseiawm.	ADJ
beiseiin	ADJ
beiseiin.	ADJ
beiseilawk	PUNCT
beiseina	NOUN
beiseina,	NOUN
beiseinain	ADJ
beiseite	ADJ
beiseitu	NOUN
beiseitute	NOUN
beisel	VERB
beitham	ADJ
beitlotha	PROPN
beitu	NOUN
beitute	NOUN
beituten	NOUN
bejaia-ah	PROPN
bejesus	NOUN
bek	NOUN
beka	PRON
bekang	NOUN
bekang,	NOUN
bekual	NOUN
bel	NOUN
bel,	NOUN
bel.	NOUN
bela	PROPN
belagavi-ah	ADP
belarus	VERB
belarus-a	PROPN
belarusian	ADJ
belchiang	VERB
belchiang.	VERB
belchianin,	SCONJ
belem	PROPN
belgian	DET
belgium	PROPN
belgium-in	PUNCT
belgiun	PROPN
belh	VERB
belh,	VERB
belh-khawmin	NUM
belh.	VERB
belh?	VERB
belha	ADJ
belhah	NOUN
belhchhah	VERB
belhchhah.	VERB
belhchhahin	ADJ
belhchhahna	NOUN
belhchhahtu	NOUN
belhchian	VERB
belhchiana	NOUN
belhchiandawl	ADJ
belhin	ADJ
belhin,	ADJ
belhkhawm	VERB
belhkhawma	ADJ
belhkhawmah	VERB
belhkhawmin	ADJ
belhna	ADJ
belhtu	NOUN
beliara	CCONJ
belin	VERB
belin,	VERB
belize	PROPN
bell	DET
bell-a	PROPN
bellboy	NOUN
bellei	ADJ
bellerin,	PUNCT
bellina	PROPN
bellingham	PROPN
bellingham-an	PUNCT
bellucci	PROPN
belna	NOUN
beloit,	PROPN
belpui	NOUN
belpuia-te	PROPN
belt	NOUN
belthlêngah	PRON
beltran-an	NOUN
beltu	NOUN
beltute	PART
bem	NOUN
bemba	PROPN
bemtarah	PART
ben	VERB
ben,	VERB
ben-hur	PROPN
ben.	VERB
ben?	VERB
bena	PROPN
benaia	PROPN
benbel	ADV
bench	NOUN
bench-a	DET
bench-ah	NOUN
benchaṭangin	DET
benchpress-ah	NOUN
bencic	PROPN
beneficiaries	NOUN
beneficiaries-te	DET
beneficiary	NOUN
benfica	PROPN
beng	NOUN
beng,	NOUN
beng.	NOUN
benga	VERB
bengah	ADJ
bengah!	ADJ
bengal	PROPN
bengal-a	PROPN
bengal-ah	ADV
bengala	PUNCT
bengali	NOUN
bengaluru	PROPN
bengaluru-a	VERB
bengaluru-in	PROPN
bengbeh	NOUN
bengchhen	VERB
bengchheng	VERB
bengchheng-mute	NOUN
bengchhet	ADJ
bengdai	VERB
bengdar	NOUN
bengel-a	PROPN
benghazi	PROPN
benghniam	NOUN
benghriatah	ADJ
bengin	ADJ
bengkhawn	NOUN
bengkherh	NOUN
bengkhuaia	NOUN
bengkua,	NOUN
benglut	ADJ
bengngawng	ADJ
bengngawng,	ADJ
bengngawngte	ADJ
bengngawnna	PRON
bengsika	PRON
bengte	ADJ
bengvar	VERB
bengvar.	VERB
bengvarin	NOUN
bengvarna	NOUN
bengvarte	NOUN
bengvarthlak	ADJ
bengvarthlak.	ADJ
bengvarthlakin	ADJ
bengverh	ADJ
bengvuah	ADV
bengvâr	ADJ
bengvârthlâk	AUX
benioff	PROPN
benitez	PROPN
benjamin	PROPN
benjamina	NOUN
bennedict	PROPN
bennett	PROPN
benny	PROPN
benoit	PROPN
benpui	VERB
benteke	AUX
bentley	PROPN
benvawn	NOUN
benvawn,	NOUN
benz	PROPN
benzema	PROPN
benzema,	PROPN
bepawp	VERB
ber	ADJ
ber!	ADV
ber'	ADJ
ber,	ADJ
ber,'	ADJ
ber-ah	ADV
ber-rettini	PUNCT
ber.	ADJ
ber:	ADJ
ber?	ADJ
bera	ADJ
bera.	NOUN
berah	ADJ
berah,	ADJ
berah.	ADJ
berahino	PROPN
beram	NOUN
beramah	VERB
beramno	NOUN
berampa	NOUN
berampu	NOUN
berampui	NOUN
berampute	NOUN
beramte	NOUN
berardi	PROPN
beraw	NOUN
berawnin	VERB
berber	PROPN
berd	SCONJ
berdych	PROPN
berenguer	PROPN
berge	PUNCT
bergvall	NOUN
bergwijn	PROPN
bergwijn,	ADJ
berh	VERB
berh.	VERB
berhalter	PROPN
berhte	DET
beri	ADP
berin	ADJ
berin'	ADJ
berin,	ADJ
berin.	ADJ
bering	PROPN
berisha	PROPN
berkher	NOUN
berlin	PROPN
berlin-ah	PROPN
bermuda	PROPN
berna	NOUN
bernabeu	PROPN
bernabeu-a	PROPN
bernabeu-ah	PROPN
bernard	PROPN
bernardeschi	ADP
bernardo	PROPN
bernat	NOUN
bernd	PROPN
berrettini	NOUN
bert-a	PROPN
berte	NOUN
berten	ADJ
berterame	PROPN
bertu	ADJ
bertute	PRON
beruashvili	ADP
berâm	NOUN
berâmpute	NOUN
berâmte	NOUN
ber’	ADJ
besei	AUX
besei.	NOUN
beseina	ADV
besieawm	VERB
besiktas	PUNCT
besiktas-in	CCONJ
beslan	VERB
besor	PROPN
best	ADP
bestmen	ADJ
besy	PROPN
bet	VERB
bet.	VERB
beta	DET
betab	PROPN
beth-lehem	PROPN
bethani	PROPN
bethehem	PROPN
bethehemin	PROPN
bethel	NOUN
bethesda'	PROPN
bethlehem	PROPN
bethlehem-ah	PROPN
bethlehema	PROPN
bethlehemin	PROPN
bethsy	PROPN
beti	PROPN
betin	ADJ
betis	PROPN
betkuchi	PROPN
beto	PUNCT
betsie-i	PUNCT
betting	VERB
bettu	NOUN
betty	PROPN
betu	NOUN
betul	PROPN
betulah	PUNCT
betulah;	PROPN
betute	VERB
beukema	PUNCT
bevela	PROPN
bey	PROPN
beyonce	PROPN
bezalel	PROPN
bezos	PROPN
bezos-a	PROPN
bezsalivka	PROPN
bezzecchi	NUM
bgb	ADP
bhaben	VERB
bhadu	CCONJ
bhagwan	VERB
bhagwat	PUNCT
bhagwata-a	AUX
bhaichung	PROPN
bhaijaan,	PUNCT
bhairav	PROPN
bhaker	PROPN
bhalla	PROPN
bhangar	NOUN
bhangra	DET
bhanoda	PROPN
bharat	PROPN
bharat'	PROPN
bharatam	PROPN
bharatiya	PROPN
bharatmala	PROPN
bhardwaj	PROPN
bharti	PROPN
bhartruhari	PROPN
bhasker-te	PROPN
bhatt	PROPN
bhattacharjee	PROPN
bhavan	PROPN
bhavan-a	PROPN
bhavan-ah	PROPN
bhavnagar	PROPN
bhawan	PROPN
bhawanah	PROPN
bheke	PROPN
bhilai	PROPN
bhim	PROPN
bhimajuli	PROPN
bhms	PROPN
bhogapuram	PROPN
bhoi	PROPN
bhojpuri	ADP
bhowmik	PROPN
bhp	NOUN
bhrahmin	PROPN
bhubaneswar	PUNCT
bhumi	PROPN
bhumibol	PROPN
bhupender	CCONJ
bhusan	PROPN
bhushan	PROPN
bhutan	PROPN
bhutan,	PUNCT
bhutan-te	PROPN
bhutto-zardari,	PUNCT
bhuvan	PROPN
bhuyan	PROPN
bi	ADJ
bia	VERB
bia,	VERB
bia.	VERB
bia?	VERB
biaa	VERB
biahhlawh	DET
biahthu	NOUN
biain,	PROPN
biak	VERB
biak,	VERB
biak-in	ADP
biak-ina	PROPN
biak-inah	ADP
biak?	VERB
biaka	PROPN
biakbuk	NOUN
biakbûk	NOUN
biakchamlianan	PROPN
biakchhuma	ADV
biakchungnunga	PROPN
biakfela	PROPN
biakhmuhtheihna	NOUN
biakhnûna	PROPN
biaki	PROPN
biakin	NOUN
biakina	AUX
biakinah	ADJ
biakkhuma,	PROPN
biakkima	PROPN
biakkima,	PROPN
biakkungi	PROPN
biakliana	PROPN
biakna	NOUN
biakna'	NOUN
biakna,	NOUN
biakna.	NOUN
biaknaa	ADJ
biaknaah	ADJ
biakna’	NOUN
biaknghetin	PROPN
biaknghinglova	PROPN
biaknunga	PROPN
biakpawh	VERB
biakpui	VERB
biakrotluanga	PROPN
biaksak	VERB
biaksawmna	ADJ
biaksiama	SCONJ
biaktea	PROPN
biakthangi-te	PROPN
biakvulmawian	PROPN
biakzama	PUNCT
biakzaua	PROPN
biakzina	AUX
bial	NOUN
bial,	NOUN
bial-ah	PROPN
bial.	NOUN
bial/branch	PROPN
biala	ADJ
bialah	ADJ
bialboa	SCONJ
bialchhung	NOUN
bialchhunga	DET
bialin	PROPN
bialnu	NOUN
bialnuin	NOUN
bialpa	NOUN
bialpa?	NOUN
bialpate	NOUN
bialte	NOUN
bialtu	NOUN
bialtu,	NOUN
biang	NOUN
bianga	ADJ
biangah	ADJ
biangbiak	VERB
biangsum	NOUN
biate	PROPN
bibi	PROPN
bible	PROPN
bible,	PROPN
bible-	DET
bible-a	PROPN
bible-ah	PROPN
bible-in	PROPN
biblea	ADP
bibleah	ADP
biblein	PROPN
bibliography	DET
bibo	VERB
bibo.	VERB
bicep	ADV
bichayda	PROPN
bichota	VERB
bicycle	NOUN
bicycle-a	VERB
bicycle-in	VERB
bidding	ADP
biddle	PROPN
biden	PROPN
biden-a	PROPN
bidet-toilet	DET
bidhuri	PROPN
bidyut	PROPN
bieber	PROPN
bieber,	PROPN
bielawska	PROPN
bielefeld	ADV
bielsa	PROPN
biennial	PROPN
big	PROPN
bigamy	PROPN
bigfoot	PROPN
bigha	NOUN
bighit	PROPN
bighorn	PROPN
biglia	PROPN
bigot	NOUN
bih	VERB
bih.	VERB
bihar	ADJ
bihar,	PROPN
bihar-a	ADP
bihar-ah	ADP
bihara	ADP
bihchian	VERB
bihchiang	VERB
bihin	ADJ
bihpuria	PROPN
bihru	VERB
bihruk	VERB
bihruk?	VERB
bihrukna	NOUN
bihruksan	VERB
bihthla	VERB
bihu	PROPN
bijapur	ADP
bijoy	PROPN
bik	ADV
bik,	ADV
bik-bik	NOUN
bik.	ADV
bik?	ADV
bik?’	VERB
bika	ADJ
bikah	ADJ
bikah,	ADJ
bikash	PROPN
bike	NOUN
bike-a	NOUN
bike-ah	NUM
bikim	ADJ
bikima	ADJ
bikimin	ADJ
bikin	ADJ
bikin,	ADJ
bikini	ADJ
biklo	ADJ
bikna	ADJ
bikte	ADJ
bikte.	ADJ
bikten	NOUN
bikzia	ADJ
bik’	ADV
bil	NOUN
bil-khawthlir	PROPN
bila	ADJ
bilah	ADJ
bilal	PROPN
bilbao	PROPN
bilbao-in	PUNCT
bild	PROPN
bildersee-ah	PROPN
biles	PUNCT
bilh	VERB
bilh.	VERB
bilha	PUNCT
bilhaii	PUNCT
bilic	PROPN
bilkhawthlir	PROPN
bilkhawthlir,	PUNCT
bilkhawthlir-ah	PROPN
bilkhawthlir-kolasib	PROPN
bilkhawthlirah	ADJ
bill	NOUN
bill,	NOUN
bill-a	PROPN
bill-ah	NOUN
bill-an	PROPN
bill/cash	NOUN
billboard	PROPN
billiard	NOUN
billing	PUNCT
billion	ADJ
billionaire	DET
billups	PROPN
billy	PROPN
bimal	ADJ
bimstec	PROPN
bin	NOUN
binay	PROPN
binet-a	AUX
bing	NOUN
bing.	VERB
binga	VERB
bingham	PROPN
bingjiao	PROPN
bingna	NOUN
bio-tech	ADJ
biocone	PUNCT
biodiversity	NOUN
bioethanol	NOUN
biogas	NOUN
biology	NOUN
biophysisist	PROPN
biosphere	NOUN
bipin	PROPN
biplap	PROPN
birbal-a	PROPN
biren	PROPN
birju	PROPN
birla	PROPN
birminghamah	PROPN
birr	VERB
birsa	PROPN
birth	PROPN
birthday	NOUN
birthday-ah	NOUN
biru	VERB
biru!	VERB
biru,	VERB
biru.	VERB
biruin	ADJ
biscuit	NOUN
bisexuality	PART
bishkek-ah	ADP
bishnoi	ADP
bishnupur	PROPN
bishop	NOUN
biswa	PROPN
biswajit	PROPN
biswal	PROPN
bit	ADJ
bitchy	ADV
bitcoin	PROPN
bite	PRON
bithliah	VERB
bithliah,	VERB
bithliahsak	ADP
bitna	NOUN
bitna,	NOUN
bittu	PROPN
bituk	VERB
bituka	NOUN
bitum	VERB
bitum.	VERB
bitumin,	VERB
bitumnaah	ADV
biutiful	PROPN
bivol	PUNCT
bizarro	PROPN
bjornestad	PROPN
bjp	PROPN
bjp,	PROPN
bjp-in	PROPN
bjp-te	CCONJ
bjpte’n	PROPN
björk	PROPN
bk	PROPN
bl	PROPN
blachowicz	PROPN
black	ADJ
blackbird	NOUN
blackburn	PROPN
blackpink	NOUN
blacksmith	PRON
blackspot	PROPN
blackstock	PROPN
blackstorm	PROPN
blacktop	VERB
blacktopping	VERB
blagult	DET
blair	PUNCT
blake-a	PUNCT
blanc	PROPN
blanc-a	PROPN
blanco	PROPN
blancos	PROPN
blancos-in	PROPN
blanket	NOUN
blasphemy	NOUN
blasters	PROPN
blasters-in	NOUN
blati	PROPN
blatten	NOUN
blatter	PROPN
blatter-a	VERB
blawk	VERB
blaydes	PUNCT
blaze-i	PROPN
blazers	PROPN
bledsoe	PUNCT
bless	PUNCT
bleus	PROPN
blige	PROPN
blim	PRON
blind	PROPN
blinken	PROPN
blo	NOUN
blo-te	PROPN
block	PROPN
block,	PROPN
block-	CCONJ
block-ahte	PROPN
blockah	PROPN
blockchain	NOUN
blog	NOUN
blog-ah	NOUN
blok	PROPN
blomqvist	PROPN
blood	NOUN
bloom	PROPN
blowers	NOUN
blowtorch	NOUN
blp	PROPN
blue	PROPN
blueberry	NOUN
blueprint	NOUN
blues	PROPN
blues-in	PRON
blunt	PROPN
blythe	PROPN
bma	PROPN
bma-ah	ADV
bmc	PROPN
bmi	PROPN
bmp	PROPN
bmt-te	NOUN
bmw	PROPN
bn	PROPN
bn,	PROPN
bn.bsf	PROPN
bndh	PROPN
bns	PROPN
bo	VERB
bo'	PROPN
bo,	ADJ
bo.	NOUN
boa	AUX
board	PROPN
board-a	VERB
board-ah	VERB
board-in	PRON
boarding-ahte	PROPN
boardroom-ah	NOUN
boat	NOUN
bob	PROPN
bobby	PROPN
bobby-a	VERB
bobi	PROPN
bobsleigh	ADJ
boby	PROPN
boc	NOUN
boca	PROPN
bocchetti	PUNCT
bochum	PROPN
bochung	PROPN
bodani	PROPN
bodo	PROPN
bodo-te	ADP
bodoland	PROPN
body	NOUN
bodygaurd	NOUN
bodysuit	NOUN
boeing	PROPN
bog	PROPN
bog,	VERB
bogdan	PROPN
bogut	PROPN
boh?	ADV
bohag	PROPN
bohannon	PROPN
boiling	DET
boin,	DET
boka	NOUN
bokaro	ADP
boko	ADP
boleng	PROPN
bolero	PROPN
bolhla	ADJ
bolia	PROPN
bolivares	NOUN
bolivia	PROPN
bollywood	PROPN
bollywood-a	VERB
bologna	PUNCT
bolomba	ADP
bolsonaro	PROPN
bolívares	NOUN
bomb	NOUN
bomb'	ADJ
bomb-tu	VERB
bommai	PROPN
bona	NOUN
bonchang	NOUN
bond	PROPN
bongaigaon-a	PROPN
bongo	NOUN
bonhoffer	PUNCT
bonjour!	PUNCT
bonmati	PROPN
bono	PROPN
bono-a	PROPN
bonobo,	NOUN
bonomota,	PROPN
bonucci	PROPN
boogeyman	DET
book	NOUN
book-ah	PART
booked	VERB
booker	PROPN
booking	NOUN
booklet	NOUN
bookman-a	PROPN
bookroom	PROPN
bookroom-a	PROPN
boombayah	PROPN
boomin	PROPN
boost	PROPN
boot	NOUN
boot-ah	NOUN
booth	NOUN
booth-ah	NOUN
bop	PROPN
bopui	VERB
bopuiin	ADJ
borai	PROPN
boral	VERB
boral,	VERB
boral.	VERB
boralna	NOUN
boralsan	VERB
boralte	NOUN
borapansury	CCONJ
borapansury-ah	PROPN
bordeaux	PROPN
border	NOUN
border,	DET
borgohain	PROPN
borja	PROPN
borkhola,	ADP
borna	SYM
borno-ah	ADV
boro	PROPN
borobekra-a	PROPN
borrell	PROPN
boruak	NOUN
boruak:	NOUN
boruaka	ADJ
boruakah	ADJ
boruakalhthei	NOUN
boruakin	ADJ
boruakseason	NOUN
boruakte	ADJ
borurak	AUX
borusk	NOUN
borussia	PROPN
bosak	PRON
bosamaraj	PROPN
bosan	VERB
bosco	PROPN
bose	PROPN
bosnia	PROPN
boson	NOUN
bosque	PUNCT
bosra	PROPN
boss	NOUN
boss,	DET
boss-in	NOUN
bossel	PROPN
boston	PROPN
boston,	PROPN
boston-a	PROPN
boston-ah	PROPN
botafogo	PROPN
bote	NOUN
bothlau	VERB
botir	VERB
botox	PROPN
bottas	PROPN
bottle	NOUN
bottle-ah	PRON
bottled	PRON
bottome-a	PRON
botîr	VERB
boubacar	PROPN
bouchard	PROPN
bouchier-a	PROPN
boulay	PROPN
boulay-a	PRON
boulder	NOUN
bouncer	NOUN
boundaries	PROPN
boundary	NOUN
bourak	AUX
bourbon	NOUN
bournemouth	PROPN
bova	NOUN
bove	PROPN
bovin	NOUN
bowen	PUNCT
bowen,	PROPN
bowen-a	ADV
bowl	NOUN
bowl-ah	NOUN
bowl-in	NOUN
bowler	NOUN
bowler-ah	PROPN
bowler-te	DET
bowler-ten	DET
bowline	DET
bowling	VERB
bowling-ah	VERB
bowser	PROPN
box	NOUN
box-ah	NOUN
boxall	PROPN
boxer	NOUN
boxer-in	DET
boxing	NOUN
boxing-ah	DET
boy	NOUN
boyband	PUNCT
boychenko	PROPN
boys	PROPN
boyz	PROPN
bp	PROPN
bpl	NOUN
br	PROPN
bra	NOUN
braces	PRON
brad	PROPN
brad,	PUNCT
bradford	NUM
bradley	PROPN
brady	NOUN
braga	PROPN
brahim	PROPN
brahimi	PROPN
brahma	PROPN
brahmaputra	PROPN
brahme	PROPN
brainstorm	NOUN
brake	NOUN
brampute	DET
branch	PROPN
branch,	NOUN
branch-ah	PROPN
branch-in	PUNCT
branch-te	NOUN
branch-ten	NOUN
branchah	PUNCT
branchhruaitute	NOUN
branchini	PROPN
branchten	NOUN
brand	NOUN
brandenburg	PROPN
brandenburg-ah	PRON
brandi	PROPN
brandon	PROPN
brandt	PROPN
branthwaite	PROPN
brar	PROPN
brasilian	ADJ
bratislava	PROPN
braunschweig	PROPN
brazil	PROPN
brazil-a	PROPN
brazil-ah	PROPN
brazilian	ADJ
brc	PROPN
break	NOUN
breakdancing	VERB
breaking	AUX
breaststroke	VERB
breath	NOUN
breel	PUNCT
breivik	CCONJ
brella	PROPN
bremen	PROPN
bremen-in	PUNCT
bremer	PROPN
brendan	PROPN
brendon	PROPN
brenrford	PROPN
brentford	PROPN
brentford,	ADP
brentford-in	PUNCT
brescia	PROPN
brest	PROPN
breton	CCONJ
brexit	VERB
brezza	PROPN
bri	PROPN
brib	VERB
brice	ADP
bride	NOUN
bridge	PROPN
bridge-a	DET
bridge-ah	PRON
bridges	PROPN
bridgestone	PROPN
briefcase	NOUN
briefcase-ah	NOUN
brig.	NOUN
brigade	PROPN
brigadier	PROPN
brightman	PROPN
brighton	PROPN
brighton,	PROPN
brigitte	PROPN
bring	PUNCT
brisbane-a	PROPN
bristish	PRON
britain	PROPN
britain-a	ADP
britain-ah	NUM
britain-in	PROPN
britanny	PROPN
british	ADJ
british-ah	PRON
british-ho	DET
british-in	PROPN
britney	PROPN
briton	PROPN
brittain	PROPN
brittany-ah	SCONJ
brixton	DET
brngvarna	PUNCT
bro	PROPN
broadband	PROPN
broady	PUNCT
broccoli	NOUN
brochures	NOUN
brochures/posters	NOUN
broiler	NOUN
brokeback	AUX
broker	DET
brom	PROPN
bromine	PROPN
bronchoscopy	PROPN
brondby	PROPN
bronislaw	CCONJ
bronisław	PROPN
bronny	PART
bronze	NOUN
brooch	NOUN
brooklyn	PROPN
brooklyn-a	ADP
brothel	NOUN
brothers	PROPN
brothers-ah	PROPN
brown	PROPN
brown-a	PROPN
browne	PROPN
brownhill	PROPN
brownies	NOUN
brozovic	PROPN
brtf	NOUN
brtf-ah	DET
brtf-in	NOUN
brtf-te	ADP
bru	PROPN
bru-te	PROPN
bruce	PROPN
brugge	PROPN
bruls	PROPN
brunei	ADP
bruno	ADP
brunson	PROPN
brussels-ah	PART
bruyne	PROPN
bryan	PROPN
bryant	PROPN
brynn	PROPN
bráulio	PROPN
bríd-in	PRON
bs	PROPN
bs-a	PROPN
bsa	PROPN
bsc	CCONJ
bsf	PROPN
bsf-a	PROPN
bsf-te	DET
bsi	PROPN
bsi-in	PROPN
bsnl	PROPN
bsnl-ten	PROPN
bssp	ADJ
bst	PROPN
bsup	PROPN
bsup,	PROPN
bta	VERB
bth	DET
bts	NOUN
bu	NOUN
bu,	NOUN
bu.	PROPN
bua	VERB
bua.	VERB
buah	ADJ
buahte	ADJ
buai	ADJ
buai,	ADJ
buai.	ADJ
buai?	ADJ
buaia	ADJ
buaiah	NOUN
buaichuar	ADJ
buaih.	NOUN
buaii	PROPN
buaiin	ADJ
buaiin,	ADJ
buailo.	PART
buaina	NOUN
buaina'	NOUN
buaina,	NOUN
buaina?	NOUN
buainaa	ADJ
buainaah	ADJ
buainain	NOUN
buainate	NOUN
buaipui	VERB
buaipui,	VERB
buaipui.	VERB
buaipuia	ADJ
buaipuiah	ADJ
buaipuiawm	ADJ
buaipuiin	ADJ
buaipuina	NOUN
buaipuinaah	VERB
buaipuisak	VERB
buaipuitu	NOUN
buaipuitute	NOUN
buaithlak	ADJ
buaithlak.	ADJ
buaithlak?	ADJ
buaithlakna	ADJ
buaithlakzia	ADJ
buaithlâk	ADJ
buak	VERB
buak.	VERB
buaka	VERB
bual	VERB
bual.	VERB
bualchhuaka	PROPN
bualfai	VERB
bualinah	ADJ
bualna	NOUN
bualpui	VERB
bualpui,	VERB
bualte	PROPN
buan	VERB
buan.	VERB
buana	NOUN
buang	ADJ
buang,	ADJ
buanga	NOUN
buanga-a	PROPN
buanga-ho	PROPN
buangan	PROPN
buangi	PUNCT
buangi,	PROPN
buangpui	PROPN
buangpuia	PROPN
buangrua	NOUN
buanhmun	PROPN
buansanga	PROPN
buapuitu	NOUN
buar	NOUN
buara	NOUN
buarchep	PROPN
buarchep-ah	PROPN
buarpui	ADJ
buasaihtute	VERB
buat-saih	VERB
buata	PROPN
buatsaih	VERB
buatsaih,	VERB
buatsaih.	VERB
buatsaih?	VERB
buatsaiha	ADJ
buatsaihah	ADJ
buatsaihin	ADJ
buatsaihna	ADJ
buatsaihnaa	ADJ
buatsaihsak	VERB
buatsaihsak.	VERB
buatsaihte	NOUN
buatsaihtu	NOUN
buatsaihtu,	NOUN
buatsaihtute	NOUN
buatsaih’	ADP
bublik	PROPN
bucket	NOUN
bucket-ah	PRON
buckingham	PROPN
bucks	PROPN
budapest	PROPN
buddha	PROPN
buddhism	PROPN
buddhist	ADJ
budget	NOUN
budget-a	NOUN
budget-ah	DET
budha	PROPN
buenos	PROPN
buffett	PROPN
buffon	PROPN
bug	VERB
buget	NOUN
bugle	NOUN
buh	NOUN
buhari	PUNCT
buhban	PROPN
buhchangphai	PROPN
buhchiarin	NOUN
buhfai	NOUN
buhfai,	NOUN
buhfaia	ADJ
buhfaiah	ADJ
buhfaiin	ADJ
buhfaite	VERB
buhfaitham	ADV
buhfaiṭham	PUNCT
buhhum	NOUN
buhhûm	ADJ
buhkangkawn	PROPN
buhl	PROPN
buhpawl	NOUN
buhphalte	NOUN
buhrle	PUNCT
buhsengin	ADP
buhte	ADJ
buhthar	NOUN
buhtun	NOUN
buhza	PUNCT
bui	NOUN
buiatsaih	NOUN
buichali	PROPN
buichali-lengpui	DET
buichhia	NOUN
builder’	PROPN
building	NOUN
building,	PROPN
building-a	AUX
building-ah	NOUN
building-in	ADP
builum	PROPN
builum-ah	PROPN
buin	ADJ
buipui	NOUN
buizova	PROPN
buizova,	PUNCT
buk	NOUN
buk,	NOUN
buk.	NOUN
bukavu	ADP
bukayo	PROPN
bukin	ADJ
bukin,	ADJ
bukin.	ADJ
buklung	NOUN
buklungah	ADJ
bukna	NOUN
buknaah	ADJ
bukoba	PROPN
bukpui	PROPN
bukpuiah	PROPN
buksak	VERB
bukte	NOUN
buktu	NOUN
buktuten	NOUN
bul	NOUN
bul,	NOUN
bul-	NOUN
bula	ADJ
bulah	NOUN
bulah,	NOUN
bulah.	NOUN
bulbal	NOUN
bulbâl	NOUN
bulfekzawl	PROPN
bulfuk	ADJ
bulgaria	VERB
bulgaria,	PROPN
bulh	VERB
bulhnai	ADJ
bulhnaia	DET
bulhut,	ADP
bull	PROPN
bullet,	NOUN
bullock's-ah	PROPN
bulls	PROPN
bulpui	NOUN
bulpui?	ADJ
bulpuiah	ADJ
bulpuite	PUNCT
bultan	VERB
bultanna	NOUN
bultantu	DET
bulte	ADJ
bulthum	NUM
bulthut	ADJ
bulthut,	ADJ
bulthut?	ADJ
bulthuta	ADP
bultum	NOUN
bultuma	ADJ
bultumin	ADJ
bultumtu	NOUN
bultumtu,	NOUN
buluih	NOUN
buluk	VERB
bulṭan	VERB
bulṭanna	NOUN
bulṭantute	NOUN
bulṭhut	NOUN
bulṭhutah	ADJ
bum	NOUN
bum.	VERB
buma	ADJ
bumboh	ADJ
bumboh-	ADJ
bumbouh	DET
bumhmang	NOUN
bumhmang,	NOUN
bumin	ADJ
bumna	NOUN
bumnain	AUX
bumrah	PROPN
bumro	VERB
bumte	ADV
bumtu	NOUN
bumtuin	PART
bun	NOUN
bun.	NOUN
bun?	VERB
buna	ADJ
bundchen	PROPN
bundesliga	PROPN
bundesliga-a	PROPN
bundesliga-ah	PROPN
bunfel	VERB
bung	ADJ
bung.	ADJ
bungalow	NOUN
bungbel	NOUN
bungbelte	NOUN
bungbu	VERB
bungbu.	VERB
bungee	NOUN
bunghmun	ADP
bunghmunkhawtlang	ADP
bungkawn	PROPN
bungkawn,	PROPN
bungkawnah	PROPN
bungkawnin	NOUN
bungkawnrg	ADP
bungkhat	VERB
bungkhawkai	PROPN
bungkhawkaiah	ADP
bungraw	NOUN
bungrua	NOUN
bungrua,	NOUN
bungruaah	ADJ
bungrual	ADP
bungruate	NOUN
bungthar	NOUN
bungthuam	PROPN
bungtlang	ADP
bungtlangah	PROPN
bungzung	ADP
bunker-ah	NOUN
bunna	NOUN
bunny	PROPN
buntir	VERB
bunyan-a	PUNCT
bupui	NOUN
bur	VERB
bur.	VERB
bur/um	PRON
bur?	VERB
bura	ADJ
burah	NOUN
bureau	PROPN
burevestnik	PROPN
burgener	PROPN
burger	PRON
burh	ADJ
burj	DET
burkina	PROPN
burma	PROPN
burma,	PUNCT
burma-a	NOUN
burna	ADJ
burnate	VERB
burnely	PUNCT
burney	PROPN
burnley	PROPN
burpee	NOUN
burqa	PROPN
burrito	NOUN
burrow-an	PROPN
burte	AUX
bus	NOUN
bus-a	NOUN
bus-ah	NOUN
bus-in	PRON
busa	VERB
bushing	VERB
business	VERB
business-a	NOUN
businessman	ADP
buska	VERB
busquet-te	NOUN
busquets	PROPN
busta	PROPN
but	VERB
buta	PUNCT
butane	NOUN
butler	AUX
buttercup	VERB
buttler	ADJ
buttler-an	PROPN
button	VERB
bvt	PROPN
bvt,	PUNCT
bvt-in	PROPN
bvudget	NOUN
bwf	PROPN
by-election	ADP
by-heart	PROPN
by-pass	NOUN
by-passed	ADV
byanima	PROPN
bye	PROPN
bye'	INTJ
bye-election	PROPN
byheart	ADP
bynadaolai	PUNCT
bynoe-gittens	PROPN
bypass	NOUN
byrds	PROPN
byron-a	PROPN
bzi	PUNCT
bàn	NOUN
bàng	ADV
bànsan	VERB
bákah	VERB
bán	VERB
báng	NOUN
bâk	ADJ
bâka	ADJ
bâkah	ADJ
bâkah,	ADJ
bâktâwng	ADP
bâl	ADV
bân	NOUN
bâna	ADJ
bânah	ADJ
bâng	NOUN
bâng.	NOUN
bânin	ADJ
bânna	NOUN
bânsan	VERB
bânsan?	VERB
bânsanin	NOUN
bânsantute	NOUN
bân’	NOUN
bât	VERB
bâw	NOUN
bâwih	VERB
bâwiha	ADJ
bâwihnu	ADJ
bâwihte	NOUN
bâwk	NOUN
bâwl	NOUN
bâwl?	NOUN
bâwlsak	VERB
bâwm	NOUN
bâwma	NOUN
bâwmah	ADJ
bâwng	NOUN
bâwngkâwn	ADP
bâwngpa	NOUN
bâwr	ADJ
bâwr.	ADJ
bâwrh	DET
bâwrâw	PRON
bêl	NOUN
bêlpuia	PROPN
bêm	VERB
bîk	ADV
bîk.	ADV
bîk?	ADV
bîka	ADJ
bîkah	ADJ
bîkin	ADJ
bîkte	NOUN
búkna	VERB
bûk	NOUN
bûk.	NOUN
bûkin	ADJ
bûklung	NOUN
bûkna	NOUN
bûkpui	ADP
bûl	NOUN
bûngkâwn	PROPN
bûngkâwnah	PROPN
bûngtlângah	ADP
bûr	PRON
bûrbun	VERB
c	PROPN
c++	PROPN
c,	PROPN
c-17	NOUN
c-ah	PROPN
c-funk	PUNCT
c.	PROPN
c.hmingthantluangi	PUNCT
c.lalrinawma	DET
c.lalrinsanga	PROPN
c.lalrosanga	PROPN
c.lalruaia	PROPN
c.laltlanthanga	PROPN
c.ngunlianchunga	PROPN
c.vanlalremmawii,	PROPN
c.zorema	PROPN
c130	PROPN
c17	PROPN
c40	NOUN
ca-te	PUNCT
caa	PROPN
cab	PROPN
cabaye	PROPN
cabe-a	PROPN
cabello	PROPN
cabin	VERB
cabin-ah	NOUN
cabinet	NOUN
cabinet-in	NOUN
cable	NOUN
cabo	PROPN
cabos	PROPN
caboto	PROPN
cabral	PROPN
cachar	PROPN
cachar,	PROPN
cachar-a	NUM
cachin	VERB
caci	ADP
cackling	VERB
cadc	PROPN
cadc,	PROPN
cadence	NOUN
cadet	NOUN
cadidate	DET
cadiz	VERB
cadre	NOUN
cadre-ah	NOUN
cads	PROPN
caesar	PROPN
caesarean	ADJ
caetano	PROPN
caf	PROPN
caf,	PROPN
cafe	NOUN
cafe,	PROPN
cafe-ah	NOUN
cafeine	NOUN
cafeteria	NOUN
cafeteria-ah	NOUN
café	NOUN
cage	NOUN
caglar	PROPN
cagliari	AUX
caicedo	PROPN
caicedo,	PROPN
cairo	PROPN
cairo-a	PROPN
cairo-ah	PROPN
cajon	VERB
cajuste	PROPN
cake	NOUN
cala	SCONJ
calabria	PROPN
caladryl	VERB
calafiori	PROPN
calafoiri	PUNCT
calathea	PUNCT
calcutta	PROPN
calcuttaah	PROPN
calendar	NOUN
calendar-a	ADP
calendar-ah	PRON
calhanoglu	PROPN
calheiros-te	PROPN
calhoun	PROPN
california	PROPN
california-ah	PROPN
call	VERB
call,	INTJ
callas	PROPN
called	DET
callum	PROPN
calorie	VERB
calvin	PROPN
calvin-a	NOUN
calvinistic	PROPN
cam	PUNCT
camavinga	PROPN
cambodia	PROPN
cambodia-a	PROPN
cambodia-ah	PROPN
cambridge	PROPN
cambridge-ah	VERB
camel	PROPN
camera	NOUN
camera-a	NOUN
camera-ah	NOUN
cameron	PROPN
cameroon	PROPN
cameroon-in	PROPN
cameroonian	DET
camp	NOUN
camp-a	DET
camp-ah	NOUN
camp-in	NOUN
campaign	NOUN
campaign,	NOUN
campaign-a	DET
campaign-ah	ADJ
campaign-naah	NOUN
campain	VERB
camping	NOUN
camping-a	VERB
camping-ah	VERB
campsite	NOUN
campsite-ah	NOUN
campte	PROPN
campus	NOUN
campus,	PROPN
campus-ah	NOUN
campusah	PROPN
camrawng	NOUN
can	AUX
can-a	AUX
canada	PROPN
canada,	PROPN
canada-a	ADV
canada-ah	PROPN
canadair	PROPN
canadian	PROPN
canal	NOUN
canal-a	PROPN
canal-ah	NOUN
canaries	NOUN
cancell	ADJ
cancelo	PROPN
cancer	NOUN
cancer,	NOUN
cancer:	NOUN
candice	PROPN
candida	PROPN
candidate	NOUN
candidate,	NOUN
candidate-te	NOUN
candreva	PROPN
candy	NOUN
canecio,	SCONJ
canelo	PROPN
canister	VERB
canned	VERB
cannes-ah	PROPN
cannon	NOUN
canoe	NOUN
canteen	PROPN
cantonese	PROPN
cao,	PUNCT
caoimhin	PROPN
cap	PROPN
capability	NOUN
capacitance	NOUN
capacitor	DET
capello	PROPN
capers	PROPN
capf	ADP
capital	NOUN
capital"	ADJ
capital-ah	ADP
capitalism	NOUN
capitals	PROPN
capitol	PUNCT
cappuccino	NOUN
capri	NOUN
capricorn	PROPN
caps	PROPN
capt	PUNCT
capt.	PROPN
captain	NOUN
captain-ah	NOUN
captain-na	PROPN
captain.	PROPN
car	NOUN
car-a	NOUN
car-ah	NOUN
car-in	NOUN
car?	NOUN
carabao	PROPN
caradele	NOUN
caramel	PROPN
caravans	PROPN
carbon	NOUN
carbonated	VERB
carbondioxide	VERB
carcase	NOUN
card	NOUN
card-ah	NOUN
card-te	NOUN
card/ruatna	NOUN
cardi	CCONJ
cardiff	PROPN
cardio	DET
care	PROPN
career	NOUN
career-a	ADJ
career-ah	NOUN
carens-ah	PROPN
cares	NOUN
carey	PROPN
carey-a	PROPN
caribou	PROPN
caricature	NOUN
carl	PROPN
carla	PROPN
carlile	PROPN
carlo	PROPN
carlo-ah	ADV
carlos	PROPN
carlsen	PROPN
carlyle	PROPN
carmelo	PROPN
carmen	NUM
carmody	ADP
carnarvon	PROPN
carnegie	PROPN
carney	PROPN
carnival	PRON
carol	PROPN
carol-a	NOUN
carolina	PROPN
caroline	PROPN
carolyn	PROPN
carpathia	PROPN
carpe	ADJ
carpet	NOUN
carpet,	NOUN
carpet-a	NOUN
carragher	PROPN
carranza	PROPN
carrasco	PROPN
carrefour	PROPN
carreira	PROPN
carreno	PROPN
carrick	PROPN
carrington	PROPN
carrom	NOUN
carrot	NOUN
carrying	VERB
carsley	PROPN
cartelli	PROPN
carthage	PROPN
cartographer	NOUN
cartoon	VERB
cartridge	NOUN
cartwheel	DET
carvajal	PROPN
carvalho	PROPN
case	NOUN
case-161	NUM
case-ah	NOUN
casemiro	PROPN
cash	NOUN
cash-in	ADP
cashew	PROPN
casillas	NOUN
casillas,	PROPN
casino	PUNCT
casper	PROPN
cassini	PROPN
cassino-ah	ADP
caste	PROPN
caste-llano	PROPN
castello	PROPN
casteneda	PUNCT
castillo	PROPN
castle	NOUN
castro	PROPN
casual	VERB
cata-lan	PRON
catalan	PROPN
catalog	ADJ
catalonia	PROPN
catalonian	ADJ
catalunya	PROPN
catamaran	DET
catania	PROPN
catechist	ADP
category	NOUN
category-ah	NOUN
cateogry	PRON
cathedral	NOUN
catholic	ADJ
catnip	VERB
cato	PROPN
catwalk	PROPN
caty	PROPN
cau	PROPN
causa	PROPN
cavaliers	PROPN
cavani	PROPN
cavani-a	ADJ
cavania	PROPN
caviar	ADJ
cavs	PROPN
cayat	PROPN
cayman	PROPN
cb300r	PROPN
cbc	PROPN
cbi	PROPN
cbi-in	DET
cbi-te	NOUN
cbs	PROPN
cbse	PROPN
cc	PROPN
cc-in	ADP
cca	DET
ccc	PROPN
ccc,	PROPN
cccc	NOUN
cccc,	PUNCT
cccc-ahte	PROPN
ccm	PROPN
ccm-ah	PROPN
ccp	DET
ccr	PUNCT
ccsn	PROPN
cctv	PROPN
cd	NOUN
cdc	PROPN
cdfa	NUM
cdm	DET
cdpo	PROPN
cdpo,	NOUN
cdr	PROPN
cec	PROPN
cecchinato	PROPN
cech	PROPN
cedric	PROPN
ceferin	PROPN
ceilidh-ah	DET
ceiling	PROPN
celcius	NOUN
celebrity	ADJ
celery	NOUN
celestine	PROPN
celia	PROPN
celiac	ADJ
cell	NOUN
cell,	PROPN
cellophane	NOUN
cellou	PROPN
cellphone	NOUN
celta	PROPN
celtic	ADJ
celtic-in	PUNCT
celtics	PROPN
cem	PROPN
cem,	PUNCT
cement	NOUN
cement-in	ADP
census	NOUN
census-ah	PROPN
cent	SYM
centauri	PROPN
centenario	PROPN
centenary	PROPN
center	NOUN
center-a	ADP
center-ah	AUX
centimeter	NOUN
centimeters-a	ADV
cento	CCONJ
central	ADJ
central-a	DET
central-ah	PROPN
central-in	NOUN
centre	PROPN
centre,	PROPN
centre-	PROPN
centre-a	DET
centre-ah	PROPN
centre-ahte	NOUN
centre-back	NOUN
centre-half	PROPN
centre-i	PROPN
centre-in	AUX
centre-te	CCONJ
centreah	VERB
century	NOUN
century)	ADJ
century-a	ADV
century-ah	NOUN
centurylink	PROPN
ceo	PROPN
ceo,	PUNCT
cerc-ah	PROPN
ceremony	DET
cererly	DET
ceres	PROPN
cerrone	PRON
certificate	NOUN
certificate-a	DET
certificates	NOUN
certification	PROPN
certificte	NOUN
cesare	PROPN
cesc	PROPN
cesj	PROPN
cessna	PROPN
cf	PROPN
cf1	PUNCT
cfa	NOUN
cfc	PROPN
cfl	PROPN
cggs	NOUN
cgpa	VERB
cgst	ADP
ch:	NOUN
cha	VERB
chababhar	NOUN
chabi	NOUN
chad	PROPN
chadda	PROPN
chah	VERB
chah.	VERB
chah.',	VERB
chahbi	NOUN
chahbi?	AUX
chahin	ADJ
chahin,	ADJ
chahlut.	ADV
chai	NOUN
chaiah	PUNCT
chaichehte	NOUN
chaichim	NOUN
chaih	VERB
chaihkhiang	PROPN
chain	VERB
chainsaw	NOUN
chair	NOUN
chair-a	ADP
chair-ah	NOUN
chairman	PROPN
chairman,	PROPN
chairman-ah	PROPN
chairman-in	PROPN
chairman-in,	DET
chairman-ten	DET
chairperson	NOUN
chairperson,	PUNCT
chairs	NOUN
chak	ADJ
chak!	VERB
chak,	ADJ
chak-ma	DET
chak.	ADJ
chak;	ADJ
chak?	ADJ
chaka	ADJ
chakah	ADJ
chakai	NOUN
chakai,	NOUN
chakaite	PRON
chakatuihal	NOUN
chakawm	ADJ
chakawm.	ADJ
chakhai	PROPN
chakhai,	PROPN
chakhei	PUNCT
chakhesang	DET
chakin	ADJ
chakin,	ADJ
chakin.	ADJ
chakkar	PROPN
chakkhai	NOUN
chaklo	ADJ
chaklo.	ADJ
chakloh	ADJ
chaklohna	ADJ
chakma	PROPN
chakma,	PROPN
chakma-hajong	PROPN
chakma-in	PROPN
chakmaho	PROPN
chakmate	DET
chakna	NOUN
chakna,	NOUN
chakna.	NOUN
chakna/mi	NOUN
chaknaa	ADJ
chaknaah	ADJ
chaknate	ADJ
chakouba	PROPN
chakpui	ADJ
chakpui.	ADJ
chakravarthy	PROPN
chakravarty	PROPN
chakravarty,	PROPN
chakravertty	PROPN
chakte	ADJ
chaktir	VERB
chaktir.	VERB
chaktu	NOUN
chakzia	ADJ
chakâi	NOUN
chal	NOUN
chala	ADJ
chalah	ADJ
chalchungnunga	PUNCT
chaldamah	NOUN
chaldarah	PRON
chalfilh	NOUN
chalhdelh	ADV
chalhfilh	DET
chali	PROPN
chalk	NOUN
chalkhuma	PROPN
chalkhuma,	PROPN
chalkunga	PROPN
challan	NOUN
challang	ADJ
challeng	NOUN
challiana	PROPN
chalmar	ADP
chalobah	NOUN
chalrang	PROPN
chalrosanga	PROPN
chaltea	PROPN
chaltlai	ADJ
chaltlang	PROPN
chaltlanga	PROPN
chaltlangah	ADP
chaltuahkhuma	PROPN
cham	VERB
cham-pionship-ah	PROPN
cham.	VERB
chama	PROPN
chamah	ADJ
chamakh	PROPN
chamarajanagar	PROPN
chamari	PROPN
chambang	ADJ
chambang.	ADJ
chamchi	ADJ
chamchi.	ADJ
chamchilh	VERB
chamchilh.	VERB
chamdur	ADP
chamdur-p	NOUN
chamin	ADJ
chamlianzuala,	PROPN
chamlong	PROPN
chammek.	ADP
chamonix	PROPN
chamophaiah	CCONJ
champagne	NOUN
champha	ADJ
champhai	PROPN
champhai,	PROPN
champhai-a	PUNCT
champhai-ah	PROPN
champhai-in	PROPN
champhai-khawbung-biate	PROPN
champhai;	PUNCT
champhaia	ADJ
champhaiah	ADJ
champhaiin	PROPN
champhaphak	ADJ
champion	NOUN
champion,	PROPN
champion-a	PROPN
champion-na	PROPN
champion.	NOUN
champions	PROPN
championship	NOUN
championship,	PROPN
championship-ah	NOUN
championshipah	NOUN
champmari	PROPN
champon	VERB
champs	DET
chamring	VERB
chamringah	CCONJ
chamul-ah	PROPN
chan	NOUN
chan.	NOUN
chan;	NOUN
chan?	NOUN
chana	NOUN
chanah	ADJ
chanai	NOUN
chanakya	PROPN
chanamri	PROPN
chance	NOUN
chance.	NOUN
chancellor	NOUN
chanchhia	PRON
chanchhuah	DET
chanchin	NOUN
chanchin,	NOUN
chanchin:	NOUN
chanchin?	NOUN
chanchina	ADJ
chanchinah	ADJ
chanchinbu	ADJ
chanchinbu,	ADJ
chanchinbu-ah	PRON
chanchinbu-in	PROPN
chanchinbu-te	NOUN
chanchinbua	NOUN
chanchinbuah	ADJ
chanchinbuin	ADJ
chanchinbumi	NOUN
chanchinbumite	NOUN
chanchinbumiten	NOUN
chanchinbute	NOUN
chanchinin	ADJ
chanchinte	NOUN
chanchintha	NOUN
chanchinthar	NOUN
chanchinthara	ADP
chanchin’	NOUN
chand	PROPN
chandigarh	PROPN
chandmary	ADJ
chandmary-ii	PROPN
chandra	PROPN
chandrachud	PROPN
chandrayaan-3-ah	PROPN
chanem	PROPN
chang	NOUN
chang,	NOUN
chang.	NOUN
chang/hla	NOUN
changa	ADJ
changa,	ADJ
changah	ADJ
changchawia	ADJ
changdun	PRON
change	NOUN
changel	NOUN
changho	DET
changin	ADJ
changin,	ADJ
changin.	ADJ
changin?	ADJ
changkan	ADJ
changkan.	ADJ
changkang	ADJ
changkang,	ADJ
changkangah	ADJ
changkangin	VERB
changkangte	NOUN
changkanna	NOUN
changkanna,	NOUN
changkannain	ADJ
changkannate	ADP
changkân	ADJ
changkâng	ADJ
changkânna	PART
changkânnate	NOUN
changla-ah	ADP
changlang	PUNCT
changmin	PROPN
changpat	NOUN
changpât	NOUN
changran	PRON
changrutute	NOUN
changte	NOUN
changte,	NOUN
changtlun	ADJ
changtlung	ADJ
changtlungin	PUNCT
changtlunna	NOUN
changtu	NOUN
changtu,	NOUN
changtunu	NOUN
changtupa	NOUN
changtute	NOUN
changzawl	PROPN
changzâwl	ADP
changzâwlah	ADP
chanhai	NOUN
chanhai,	NOUN
chanhaite	NOUN
chanhaiten	NOUN
chanho	NOUN
chanin	ADJ
chanmari	NOUN
chanmari,	NOUN
chanmari-a	PUNCT
chanmari-ah	AUX
chanmari-in	PUNCT
chanmari-te	PROPN
chanmarians	PROPN
chanmarians,	PROPN
chanmarichanmariin	PROPN
chanmariin	PROPN
channa	NOUN
channa,	NOUN
channel	NOUN
channel-ah	NOUN
channel-ahte	NOUN
chanpual	NOUN
chanpuala	ADJ
chanpualmizoram	NOUN
chanpui	VERB
chanpui.	VERB
chanta	PROPN
chante	NOUN
chantir	VERB
chantir!	VERB
chantir.	VERB
chantir?	VERB
chantira	NOUN
chantira,	NOUN
chantirah	PART
chantirin	ADJ
chantirin,	ADJ
chantirna	NOUN
chantute	VERB
chantîr	VERB
chanve	ADJ
chanve-a	NUM
chanvea	NOUN
chanveah	ADJ
chanvo	NOUN
chanvo,	DET
chanvoah	VERB
chanvote	NOUN
chanwhu	PROPN
chanwpui	PUNCT
chanzia	ADJ
chaoyang	PROPN
chap	VERB
chapchar	VERB
chapchàr	PROPN
chapo	ADJ
chapo-a'n	PROPN
chapo.	ADJ
chapona	NOUN
chapona:	NOUN
chaponaah	PUNCT
chapopa	AUX
chapopui	VERB
chapopuina	NOUN
chapote	NOUN
chapoten	NOUN
chapozia	ADJ
chapter	NOUN
chapter-te	PROPN
chapui	PROPN
char	NOUN
char.	NOUN
chara	NOUN
charak	NOUN
charangpat	PROPN
charge	VERB
chargesheet	NOUN
chargesheet-ah	NOUN
chargoria,	VERB
chariot	NOUN
charitable	ADJ
charity	NOUN
charlatan	NOUN
charlemagne	PROPN
charles	PROPN
charlie	PROPN
charlie-a	PROPN
charlotte	PROPN
charlotte,	PROPN
charly	ADJ
charmed	DET
charminar	PROPN
charming	PROPN
chart	NOUN
chart,	NOUN
chart-a	VERB
chart-ah	NOUN
chartin	NOUN
chartres-a	VERB
charu	NOUN
chase	PROPN
chat	VERB
chat.	VERB
chatah	PUNCT
chatbot	NOUN
chatin	ADJ
chatlak	VERB
chatrier	PROPN
chatte	DET
chatterjee	PROPN
chatthla	VERB
chattogram	PUNCT
chatuan	ADJ
chatuan.	ADJ
chatuana	ADJ
chatuanin	ADJ
chaturthi	PROPN
chatziisaias	PROPN
chat’	VERB
chau	VERB
chau.	VERB
chaubey	PUNCT
chaudhary	PROPN
chaudhary-a	PROPN
chaudhry	PROPN
chauffeur	NOUN
chauh	ADJ
chauh!	ADJ
chauh,	ADJ
chauh.	ADJ
chauh?	ADJ
chauha	ADJ
chauhah	ADJ
chauhan	ADJ
chauhin	ADJ
chauhna	ADJ
chauhte	NOUN
chauhtir	NOUN
chauhva	ADJ
chauhvah	ADJ
chauhvin	ADJ
chauhvin,	ADJ
chaun	DET
chaun,	VERB
chauncey	PROPN
chaung	PART
chaurau	ADJ
chauva	ADJ
chauvin	ADJ
chavai	ADJ
chavangphai	PROPN
chaw	NOUN
chaw,	NOUN
chaw-a	NOUN
chawa	PRON
chawchhum	NOUN
chawchhun	NOUN
chawdawh	NOUN
chawei	VERB
chawfak	VERB
chawfun	NOUN
chawfunin	ADP
chawgkhupa	PROPN
chawh	VERB
chawh.	VERB
chawhbuaina	AUX
chawhchhuah	ADV
chawhinziak	AUX
chawhlawk	ADP
chawhlui	NOUN
chawhma	NOUN
chawhma,	NOUN
chawhmaa	ADJ
chawhmaah	ADV
chawhmeh	NOUN
chawhmeh,	NOUN
chawhmehah	ADJ
chawhmet	ADV
chawhnu	ADJ
chawhnu,	ADJ
chawhnu-ah	PRON
chawhnua	ADJ
chawhnua-a	ADJ
chawhnuah	ADJ
chawhnuam	PRON
chawhpawlh	VERB
chawhpawlhna	NOUN
chawhphur	VERB
chawhrual	ADJ
chawhruala	ADJ
chawhrualin	ADJ
chawhsate	VERB
chawhtawlh	NOUN
chawhun	VERB
chawi	VERB
chawi.	VERB
chawia	PRON
chawiin	ADJ
chawiin,	ADJ
chawikan	VERB
chawikan.	VERB
chawikana	NOUN
chawikang	VERB
chawikang.	VERB
chawikangin	NOUN
chawikanna	NOUN
chawikànna	NOUN
chawikân	VERB
chawikânna	NOUN
chawila'	PROPN
chawilar	VERB
chawilar.	VERB
chawilian	ADJ
chawilung	NOUN
chawilung,	NOUN
chawilungah	ADP
chawimawi	VERB
chawimawi.	VERB
chawimawi;	VERB
chawimawi?	VERB
chawimawia	NOUN
chawimawiin	ADJ
chawimawina	NOUN
chawimawina,	NOUN
chawimawite	NOUN
chawin	ADJ
chawina	NOUN
chawinawina	NOUN
chawinung	VERB
chawinunga	VERB
chawipui	VERB
chawipui.	VERB
chawipuiin,	NOUN
chawisan	VERB
chawisana	NOUN
chawisang	VERB
chawisang,	VERB
chawisang.	VERB
chawisangtu	ADP
chawisanin	ADJ
chawitir	VERB
chawitir.	VERB
chawitu	NOUN
chawitîr	VERB
chawk	NOUN
chawk.	NOUN
chawkawng	NOUN
chawkbuai	VERB
chawkchhuak	NOUN
chawke	NOUN
chawki	VERB
chawkluh	VERB
chawkphur	VERB
chawkphûrin,	PRON
chawl	NOUN
chawl.	NOUN
chawlawl	VERB
chawlawlna	NOUN
chawlbuk	DET
chawlh	VERB
chawlh,	VERB
chawlh?	VERB
chawlhah	ADJ
chawlhbuk	NOUN
chawlhbûk	NOUN
chawlhhmun	NOUN
chawlhhmunah	ADJ
chawlhkar	NOUN
chawlhkâr	NOUN
chawlhlawk	VERB
chawlhlawkah	CCONJ
chawlhna	NOUN
chawlhnaah	ADJ
chawlhni	NOUN
chawlhni-in	CCONJ
chawlhnia	ADJ
chawlhnia,	ADJ
chawlhniah	ADJ
chawlhpawlh.	ADJ
chawlhsan	VERB
chawlhsan.	VERB
chawlhsan?	VERB
chawlhsana,	NOUN
chawlhsanin	NOUN
chawlhsanin,	CCONJ
chawlhsanna	NOUN
chawlhtir	VERB
chawlhtir.	VERB
chawlhtîr	VERB
chawlloa	PUNCT
chawlrualin,	ADJ
chawlut	NOUN
chawm	NOUN
chawm,	NOUN
chawm.	ADJ
chawm?	NOUN
chawma	ADJ
chawmawlh	ADJ
chawmawlh.	ADJ
chawmhlawm	NOUN
chawmin	ADJ
chawmna	NOUN
chawmtu	NOUN
chawmtu,	NOUN
chawn	NOUN
chawng	ADJ
chawnga	PROPN
chawngchenah,	PROPN
chawngchhunga	PROPN
chawngduma	PROPN
chawnghei	VERB
chawnghlut	PROPN
chawnghnuaia	PROPN
chawngkawr	NOUN
chawngkhuma	PROPN
chawngkhupa	PROPN
chawngliana	PROPN
chawnglungmuana	PROPN
chawngmeni	PROPN
chawngte	PRON
chawngte-ah	PROPN
chawngtea	PROPN
chawngteahte	PUNCT
chawngthanchhungan	PROPN
chawngthansanga	PROPN
chawngthu	PRON
chawngthu,	PRON
chawngthu-in	PROPN
chawngthu.	PRON
chawngtlai	NOUN
chawngtlai,	NOUN
chawngtlaiah	ADJ
chawngzawl	NOUN
chawngzawng	NOUN
chawnhu	PROPN
chawnpui	NOUN
chawnpui,	NOUN
chawnpui-ah	PROPN
chawnpuiin	PROPN
chawnpuite	PROPN
chawnpuiṭhatna	AUX
chawp	ADJ
chawp,	ADV
chawp-ah	ADP
chawp.	ADJ
chawpa	ADJ
chawpchilh	ADJ
chawpin	ADJ
chawplehchilha	AUX
chawpna	NOUN
chawpte	NOUN
chawr	VERB
chawrai	NOUN
chawrche	ADJ
chawrchhuahna	NOUN
chawrchhuak	DET
chawrh	ADJ
chawrno	NOUN
chawt	ADJ
chawt,	ADJ
chawt.	ADJ
chawte	ADJ
chawtha	ADJ
chawtlang	NOUN
chc	PROPN
che	PRON
che!	PRON
che"	PRON
che'	PRON
che,	PRON
che,"	PRON
che,'	VERB
che,”	ADV
che.	PRON
che.!	VERB
che.-i	VERB
che:	PRON
che;	PRON
che?	PRON
che?.	PRON
chea	ADJ
cheah	ADJ
chechang	VERB
chechen	NOUN
chechhuak	VERB
chechnya	PROPN
check	NOUN
check-in	NOUN
check-up	ADJ
checkbook	NOUN
checkers	PART
checkgate	NOUN
checking	NOUN
checkpoint	NOUN
checkpost	ADP
cheemala	PROPN
cheese	NOUN
cheesecake	NOUN
cheesecake?	AUX
cheesemonger	NOUN
cheetah	NOUN
cheetal	NUM
chefuh	PRON
cheh	VERB
chehna	NOUN
chehrep	NOUN
chei	VERB
chei.	VERB
cheibawl	VERB
cheibawl.	VERB
cheibawla	NOUN
cheibawla,	PART
cheibâwl	VERB
cheiin	VERB
cheimawi	VERB
cheimawiin	ADJ
cheimawina	NOUN
cheimawitu	NOUN
chein	ADJ
chein,	ADJ
cheina	NOUN
cheite	NOUN
cheite,	NOUN
cheiteinadevan	SCONJ
cheithat	VERB
cheitu	NOUN
chek	NOUN
chekawn	ADP
chel	ADJ
chelek	VERB
cheleka	PUNCT
chelh	VERB
chelh,	VERB
chelh.	VERB
chelha	NOUN
chelhdin	NOUN
chelhin	ADJ
chelhin,	ADJ
chelhtu	NOUN
chelhtu,	NOUN
chelhtute	NOUN
chelsea	PROPN
chelsea-a	ADV
chelsea-ah	PRON
chelsea-in	PROPN
chelyabinsk	PROPN
chem	NOUN
chem,	NOUN
chema	ADJ
chemical	NOUN
chemical-a	NOUN
chemin	NOUN
chemistry	NOUN
chemkalna	ADJ
chemo	VERB
chemoradiotherapy	VERB
chemotherapy	NOUN
chempui	CCONJ
chempuia	ADJ
chemtatrâwta	PROPN
chemte	NOUN
chemte,	NOUN
chemtea	ADJ
chemtein	PRON
chemtum	NOUN
chemtê	NOUN
chen	VERB
chen,	VERB
chen.	VERB
chen?	VERB
chena	ADJ
chena,	ADJ
chenah	ADJ
chenan	PROPN
chenchilh	VERB
chenchilh.	VERB
chencho	VERB
chenfakawm	ADJ
cheng	NOUN
cheng,	NOUN
cheng.	NOUN
cheng?	NOUN
chenga	ADV
chengdu	PROPN
chengdu.	PUNCT
chengho	VERB
chengho.	VERB
chengin	ADJ
chengin,	ADJ
chengkawl	NOUN
chengnuai	PROPN
chengpawngli	PROPN
chengte	NOUN
chengten	NOUN
chenho	VERB
chenhopui	ADV
chenin	ADJ
chenkawmna	NOUN
chenkhat	AUX
chenkual	NOUN
chenkual,	NOUN
chenkual-te	PROPN
chenna	NOUN
chenna,	NOUN
chennaah	ADJ
chennai	PROPN
chennai-a	AUX
chennai-ah	PROPN
chennai-in	PROPN
chennaiyin	PROPN
chennaiyinchennaiyin-ah	PROPN
chennayin	PROPN
chenpui	VERB
chenpui?	VERB
chenpuite	NOUN
chentir	VERB
chep	NOUN
chep.	NOUN
chepa	NOUN
cheque	DET
cher	VERB
cher,	ADJ
cher.	ADJ
cheraw	NOUN
cheraw-ah	PROPN
chereu	VERB
chereu.	VERB
cherh	VERB
cherh.	VERB
cherhlun	PROPN
cherif	PROPN
cherki	PROPN
chernihiv	NOUN
chernobyl	PROPN
cherrapunjee	ADP
cherries	PROPN
cherry	NOUN
chesawn	VERB
chess	NOUN
chess-ah	NOUN
chester	SCONJ
chesterfield	ADP
chestualna	DET
chesual	VERB
chesual.	VERB
chesuala	ADJ
chesualah	ADJ
chesualin	ADJ
chesualte	AUX
chet	VERB
chet?	VERB
chetak	PROPN
chetan	PROPN
chetchhiat	VERB
chetchhiatna	NOUN
chetchhuah	VERB
chetchhuahna	NOUN
chetdan	ADJ
chete	NOUN
chethat	DET
chetla	VERB
chetlak	PRON
chetna	NOUN
chetnaah	ADJ
chetnate	CCONJ
chetpui	VERB
chetpui.	VERB
chetry	PROPN
chetserman	DET
chetsual	VERB
chetsualna	NOUN
chetsualnaa	NOUN
chetsualnaah	ADJ
chetthat	ADJ
chetthatna	NOUN
chettir	VERB
chettirna	NOUN
chetvelna	ADJ
chetzia	NOUN
chetziaa	ADJ
chetziaah	ADJ
chetziain	NOUN
chetṭhat	VERB
chetṭhatna	NUM
cheu	ADJ
cheu!	ADJ
cheu.	ADJ
cheural	ADJ
cheuralah	PROPN
chevel	ADJ
chevelah	ADJ
chew	PROPN
chezia	NOUN
cheziaa	NOUN
cheṭhate	DET
chh.	NOUN
chhah	VERB
chhah.	VERB
chhahsak	VERB
chhahzia	VERB
chhai	VERB
chhai.	VERB
chhaih	VERB
chhaih.	VERB
chhaihbuai	VERB
chhaihkawlh	VERB
chhak	NOUN
chhak,	NOUN
chhaka	ADJ
chhakah	ADJ
chhakchhuak	NOUN
chhakchhuak,	NOUN
chhakchhuak,addl.dc	PROPN
chhakchhuaka	PROPN
chhakchhuaka,	PUNCT
chhakna	NOUN
chhaktiang	ADJ
chhal	VERB
chhal.	VERB
chhalin	ADJ
chham	NOUN
chham-mi	NOUN
chham.	NOUN
chhamdawlnate	PUNCT
chhamin	VERB
chhamna	NOUN
chhamrual	PROPN
chhamte	VERB
chhamtir	VERB
chhan	VERB
chhan,	VERB
chhan-chhuah	PROPN
chhan.	VERB
chhan:	VERB
chhan?	VERB
chhana	ADJ
chhana'n	PROPN
chhana,	ADJ
chhana-an	PROPN
chhana.	ADJ
chhana?	ADJ
chhanah	ADJ
chhanchhuah	VERB
chhanchhuaha	NOUN
chhanchhuahin	ADJ
chhanchhuahna	NOUN
chhanchhuahte	NOUN
chhanchhuak	VERB
chhanchhuak.	VERB
chhanchhuaktu	NOUN
chhanchhuaktute	VERB
chhanchhuaktute.	PRON
chhanchu	AUX
chhanchuaktute	DET
chhandam	VERB
chhandam,	VERB
chhandam.	VERB
chhandam/	AUX
chhandama	PRON
chhandamin	ADJ
chhandamna	NOUN
chhandamna.	NOUN
chhandamnaa	ADJ
chhandamnaah	ADJ
chhandamte	NOUN
chhandamtu	NOUN
chhandamtu,	NOUN
chhandamtu.	NOUN
chhandamtu;	NOUN
chhandamtua	ADJ
chhandamtu’	NOUN
chhandam’	VERB
chhandam’-te	NOUN
chhandang	AUX
chhang	VERB
chhang,	VERB
chhang.	VERB
chhang:	VERB
chhangah	ADJ
chhangban	PROPN
chhangchhiat	VERB
chhangin	VERB
chhangin,	VERB
chhanglet	VERB
chhangletin	ADJ
chhangletin,	ADJ
chhanglêt!	VERB
chhangper	NOUN
chhangphur	VERB
chhangphut	NOUN
chhangphut,	NOUN
chhangte	PROPN
chhangte,	PROPN
chhangtu	NOUN
chhangtuten	NOUN
chhangurkawn	PROPN
chhanhim	VERB
chhanhim.	VERB
chhanhimi	VERB
chhanhimin	ADJ
chhanhimna	NOUN
chhanhimtu	NOUN
chhani	PROPN
chhanin	ADJ
chhanlet	VERB
chhanletna	NOUN
chhanlêt	VERB
chhanna	NOUN
chhanna:	NOUN
chhanna?	NOUN
chhannaah	ADJ
chhannate	ADJ
chhansaktu	PROPN
chhante	NOUN
chhantea	PRON
chhantluangan	PROPN
chhantu	NOUN
chhantuah	PROPN
chhanzia	ADJ
chhaolo,	DET
chhapaak	PROPN
chhapah,	ADJ
chhapra-a	ADP
chhar	VERB
chhar!	VERB
chhar.	VERB
chhar?	VERB
chharan	PUNCT
chharin,	ADJ
chharna	SCONJ
chhartu	NOUN
chhartute	NOUN
chhat	VERB
chhat.	VERB
chhatrapati	ADP
chhattisgarh	PROPN
chhattisgarh-a	ADP
chhattisgarh-ah	PROPN
chhawhchhi	NOUN
chhawhchhi,	NOUN
chhawk	NOUN
chhawk.	NOUN
chhawka	NOUN
chhawkin	ADJ
chhawkna	NOUN
chhawktu	NOUN
chhawl	NOUN
chhawlchhin.	VERB
chhawm	VERB
chhawm.	VERB
chhawmdawl	VERB
chhawmdawl.	VERB
chhawmdawlin,	PUNCT
chhawmdawlna	NOUN
chhawmdawlna-in	ADP
chhawmdawlna-ina	PRON
chhawmdawlnate	PUNCT
chhawmdâwl	VERB
chhawmnun	VERB
chhawn	NOUN
chhawn.	NOUN
chhawna	ADJ
chhawng	VERB
chhawng.	VERB
chhawng/entawn	VERB
chhawngin	ADJ
chhawnkima	PROPN
chhawnna	NOUN
chhawnte	NOUN
chhawntir	VERB
chhawntir.	VERB
chhawnzauva	PROPN
chhawp	VERB
chhawp.	VERB
chhawpchhuah	VERB
chhawpchhuahsak	ADJ
chhawpchhuak	VERB
chhawpchhuak.	VERB
chhawpsak	VERB
chhawpte	NOUN
chhawr	VERB
chhawr.	VERB
chhawrin	ADJ
chhawrna	NOUN
chhawrnahawm	ADJ
chhawrte	NOUN
chhawrthlapui	NOUN
chhawrtlak	AUX
chhawrtu	NOUN
chhawrtui	PROPN
chhawrtute	NOUN
chhe	NOUN
chhe,	ADJ
chhe.	NOUN
chhechham	VERB
chhechham.	VERB
chheh	VERB
chhehchhawlte	AUX
chhehrelhsaktu	NOUN
chhehvel	ADJ
chhehvela	ADJ
chhehvelah	ADJ
chhehvelte	ADJ
chhehvêlah	ADJ
chheihlam	CCONJ
chheihlâm	CCONJ
chhek	VERB
chhekhnai	PROPN
chhekkhawl	VERB
chhekkhawl.	VERB
chhekna	NOUN
chhel	ADJ
chhelep	NOUN
chhelna	NOUN
chhelnain	PROPN
chhelo	ADJ
chheltakin	ADP
chhelziate	PART
chhem	VERB
chhem.	VERB
chhema	ADJ
chhemin	ADJ
chhempui	PRON
chhen	VERB
chhen.	ADV
chhenfakawm	ADJ
chhenfâkawm	ADJ
chheng	NOUN
chhengchhe	ADJ
chhengchhia	ADJ
chhengchhiaah	NOUN
chhengchhiain	ADJ
chhep	VERB
chhep.	VERB
chheprelh	VERB
chheprelhna	VERB
chher	VERB
chher.	VERB
chhera	ADJ
chherchhuah	VERB
chherchhuak	VERB
chherchhuan	VERB
chherin	ADJ
chherna	NOUN
chherte	NOUN
chhertu	NOUN
chhertuin	ADJ
chhet	VERB
chhete	ADJ
chhetri	PROPN
chhetu	NOUN
chhetu,	CCONJ
chhhan	VERB
chhhawn	NOUN
chhhingchheng	ADP
chhhung	ADJ
chhi	NOUN
chhi.	NOUN
chhia	NOUN
chhia,	NOUN
chhia.	NOUN
chhia?	ADJ
chhiaa	ADJ
chhiaah	ADJ
chhiah	NOUN
chhiah.	VERB
chhiaha	ADJ
chhiahhlawh	NOUN
chhiahhlawh.	NOUN
chhiahhlawhah	ADJ
chhiahhlawhin	ADJ
chhiahhlawhte	NOUN
chhiahkhawn	NOUN
chhiahkhawntu	NOUN
chhiahkhawntute	VERB
chhiahthar	ADJ
chhiahtlang	PROPN
chhiahtlanga	ADJ
chhiahtlangah	VERB
chhiahtlâng	ADP
chhiain	ADV
chhiain,	NOUN
chhiar	VERB
chhiar,	VERB
chhiar.	VERB
chhiar?	VERB
chhiara	ADJ
chhiara,	ADJ
chhiarah	ADJ
chhiarchhuah	PROPN
chhiarin	ADJ
chhiarin,	ADJ
chhiarkawp	NOUN
chhiarna	NOUN
chhiarnaa	ADJ
chhiarnaah	ADJ
chhiarpui	NOUN
chhiarpuia	ADJ
chhiarpuiah	NUM
chhiarsak	VERB
chhiarsen	ADJ
chhiarte	ADJ
chhiartu	NOUN
chhiartuin	ADJ
chhiartute	NOUN
chhiartute'n	PRON
chhiartuten	NOUN
chhiat	NOUN
chhiat.	NOUN
chhiat?	NOUN
chhiate	ADJ
chhiatin	ADV
chhiatna	NOUN
chhiatna:	NOUN
chhiatna?	NOUN
chhiatnaah	ADJ
chhiatnain	ADJ
chhiatnate	ADJ
chhiatni	ADV
chhiatphah	ADJ
chhiatpui	ADJ
chhiatpuitu	AUX
chhiatpuitute	ADJ
chhiatrupna	ADJ
chhiatsak	VERB
chhiatsan	VERB
chhiattawh-ah:	ADP
chhiattawk	NOUN
chhiattawkte	AUX
chhiatzia	ADJ
chhih	VERB
chhilh	VERB
chhillar	PROPN
chhim	NOUN
chhim.	NOUN
chhima	ADJ
chhimbial	ADJ
chhimchhak	ADJ
chhimlam	ADJ
chhimlamah	ADJ
chhimluang	PROPN
chhimphei	PROPN
chhimtawp	PRON
chhimthlang	ADJ
chhimthlang,	ADJ
chhimthlanga	PRON
chhimtu	NOUN
chhimtuipui	NOUN
chhimtute	NOUN
chhimveng	PROPN
chhimvêng	PROPN
chhin	VERB
chhin,	VERB
chhin.	VERB
chhina	ADJ
chhinchhiah	VERB
chhinchhiah.	VERB
chhinchhiah?	VERB
chhinchhiahin	ADJ
chhinchhiahna	NOUN
chhinchhiahnaah	ADV
chhinchhiahte	VERB
chhinchiah	VERB
chhing	VERB
chhing-chhip	PROPN
chhing.	VERB
chhing?	VERB
chhinga	PRON
chhingan	PROPN
chhingasemifinal	ADJ
chhingchhip	PROPN
chhingchhip,	PROPN
chhingchhipa	DET
chhingchhipah	ADJ
chhingchhîp	PROPN
chhingcows	PROPN
chhingcows,	PUNCT
chhingcows-ah	PROPN
chhingin	NOUN
chhinglunga	NOUN
chhingmit	NOUN
chhingpuiin	PROPN
chhinlung	NOUN
chhinna	NOUN
chhinsek?	NOUN
chhinsen	NOUN
chhintir	NOUN
chhin’	ADV
chhip	NOUN
chhipa	ADJ
chhipah	ADJ
chhipchhuat	PROPN
chhit	VERB
chhit.	VERB
chhitagong	PROPN
chhitu	NOUN
chhk	NOUN
chho	VERB
chho.	VERB
chhoa	ADJ
chhoah	DET
chhoh	VERB
chhoh.	VERB
chhohin	ADJ
chhohna	NOUN
chhohnaah	ADJ
chhohpui	VERB
chhohte	NOUN
chhohzel	NOUN
chhoin	ADP
chhoin,	NOUN
chhopui.	PROPN
chhota	ADP
chhotu-a	PUNCT
chhova	VERB
chhova.	ADJ
chhovah	ADV
chhovin	ADV
chhovin,	ADP
chhu	NOUN
chhu.	NOUN
chhuah	VERB
chhuah!	VERB
chhuah,	VERB
chhuah-sanin	CCONJ
chhuah.	VERB
chhuah?	VERB
chhuaha	ADJ
chhuaha,	ADJ
chhuahah	ADJ
chhuahchhal	VERB
chhuahchhalh	VERB
chhuahdan	ADJ
chhuahfel	PART
chhuahho	NOUN
chhuahhote	NOUN
chhuahin	ADJ
chhuahin,	ADJ
chhuahin.	ADJ
chhuahkhama	PROPN
chhuahleh	AUX
chhuahna	NOUN
chhuahna,	NOUN
chhuahnaah	ADJ
chhuahnate	NOUN
chhuahna’	NOUN
chhuahna”	NOUN
chhuahpui	VERB
chhuahpui,	VERB
chhuahpuite	VERB
chhuahsak	VERB
chhuahsak.	VERB
chhuahsaktu	NOUN
chhuahsan	VERB
chhuahsan.	VERB
chhuahsan?	VERB
chhuahsana	ADJ
chhuahsanin	ADJ
chhuahsantu	NOUN
chhuahsantute	NOUN
chhuahte	NOUN
chhuahtir	VERB
chhuahtir.	VERB
chhuahtirin	ADJ
chhuahtu	NOUN
chhuahtute	NOUN
chhuahtute,	NOUN
chhuahtîr	VERB
chhuahvah	NOUN
chhuak	VERB
chhuak!	VERB
chhuak,	VERB
chhuak.	VERB
chhuak?	VERB
chhuaka	ADJ
chhuaka,	ADJ
chhuakah	NOUN
chhuakhoah	VERB
chhuakin	ADJ
chhuakin,	ADJ
chhuaksak	NOUN
chhuakte	NOUN
chhuakten	ADJ
chhuakthuai	AUX
chhuaktu	NOUN
chhuaktu,	NOUN
chhuaktu.	NOUN
chhuaktute	NOUN
chhuaktuten	ADJ
chhuakvak	VERB
chhuan	NOUN
chhuan-awm	ADJ
chhuana	ADJ
chhuana,	ADJ
chhuanawm	ADJ
chhuanawma	PROPN
chhuanawmin,	AUX
chhuanchham	NOUN
chhuanchhamte	ADJ
chhuang	NOUN
chhuang.	NOUN
chhuanga	ADJ
chhuangin	ADJ
chhuanlam	NOUN
chhuanlam.	NOUN
chhuanlama	ADJ
chhuanlamah	ADJ
chhuanlamin	ADJ
chhuanlamte	NOUN
chhuanlamtu	VERB
chhuanliana-te	PROPN
chhuanmang	NOUN
chhuanna	NOUN
chhuante	ADJ
chhuantea	ADJ
chhuantham	NOUN
chhuanthar	PROPN
chhuantuina	NOUN
chhuanvawr	NOUN
chhuanvawra	ADJ
chhuanvawra,	ADJ
chhuanvâwr,	ADJ
chhuan’	PROPN
chhuar	NOUN
chhuarah	ADJ
chhuat	NOUN
chhuat:	NOUN
chhuata	ADJ
chhuatah	ADJ
chhuatte	NOUN
chhuh	VERB
chhuhsak	VERB
chhuhsak.	VERB
chhuhsakin	ADJ
chhuhsakte	NOUN
chhui	VERB
chhui.	VERB
chhuia	ADJ
chhuichhuah	VERB
chhuichhuak	PROPN
chhuichian	VERB
chhuichian.	VERB
chhuichiang.	VERB
chhuifiah.	ADJ
chhuih	VERB
chhuihtu	NOUN
chhuiin	ADJ
chhuina	NOUN
chhuina.	NOUN
chhuinaa	ADJ
chhuinaah	ADJ
chhuitir	ADP
chhuitir.	NOUN
chhuitu	NOUN
chhuitute	NOUN
chhuizui	VERB
chhuizuina	NOUN
chhuk	VERB
chhuk.	VERB
chhuka	ADJ
chhukah	ADJ
chhukchho	ADJ
chhukin	ADJ
chhukin,	ADJ
chhukna	NOUN
chhukthla	VERB
chhuktir	VERB
chhukzawnga	ADJ
chhul	NOUN
chhulah	ADJ
chhulchhuak	ADJ
chhum	NOUN
chhum,	NOUN
chhum.	NOUN
chhumah	ADJ
chhumchhia	ADJ
chhumchhiate	ADJ
chhumin	ADJ
chhumna	ADJ
chhumpui	NOUN
chhumsak	VERB
chhumte	NOUN
chhun	NOUN
chhun,	NOUN
chhun-zawm	VERB
chhun-zawmin,	VERB
chhun.	NOUN
chhuna	ADJ
chhunah	ADJ
chhunah.	ADJ
chhunahte	PUNCT
chhunchaw	PRON
chhunfin	VERB
chhung	NOUN
chhung,	NOUN
chhung-ah	PROPN
chhung-kaw	NOUN
chhung-kua	PROPN
chhung.	NOUN
chhunga	ADJ
chhunga.	ADJ
chhungah	ADJ
chhungah,	ADJ
chhungah.	ADJ
chhungin	ADJ
chhungin,	ADJ
chhungkaw	NOUN
chhungkaw.	NOUN
chhungkawte	NOUN
chhungkhat	NOUN
chhungkhatte	NOUN
chhungkhung	VERB
chhungkhur	NOUN
chhungkhura	ADJ
chhungkua	NOUN
chhungkua'	NOUN
chhungkua,	NOUN
chhungkua,khawtlang	ADV
chhungkuaa	ADJ
chhungkuaah	ADJ
chhungkuain	ADJ
chhungkuate	NOUN
chhunglam	ADJ
chhunglamah	ADJ
chhunglut	VERB
chhunglut.	VERB
chhungmu	NOUN
chhungnung	ADJ
chhungril	ADJ
chhungrila	ADJ
chhungrilah	ADJ
chhungt	VERB
chhungte	NOUN
chhungte'n	NOUN
chhungte,	NOUN
chhungten	NOUN
chhung≠ah	PUNCT
chhunkhah	NOUN
chhunkhawm.	VERB
chhunlai	ADJ
chhunluh	ADJ
chhunte	NOUN
chhunten	ADJ
chhunthang	PROPN
chhunu	VERB
chhunzan	AUX
chhunzawm	VERB
chhunzawm,	VERB
chhunzawm.	VERB
chhunzawma	PART
chhunzawmin	ADJ
chhunzawmin,	ADJ
chhunzawmin,aizawlah	NOUN
chhunzawmna	NOUN
chhunzawmnaah	VERB
chhur	ADJ
chhura	NOUN
chhuran	CCONJ
chhurbura	PROPN
chhut	VERB
chhut.	VERB
chhut?	VERB
chhuta	ADP
chhutchhuah	VERB
chhutin	VERB
chhutin,	VERB
chhutna	NOUN
chhutpui	VERB
chhutsak.	VERB
chhutsual	ADJ
chhuttir	VERB
chhuttu	NOUN
chhutu	NOUN
chhwar	DET
chhwng	NOUN
chhànna	NOUN
chháng	VERB
chhâk	VERB
chhâl	VERB
chhâl,	VERB
chhâm	NOUN
chhân	VERB
chhâng	VERB
chhâng.	VERB
chhângin	VERB
chhângin,	VERB
chhângtu	NOUN
chhânna	NOUN
chhânna:	NOUN
chhânzia	AUX
chhâwk	VERB
chhâwk.	VERB
chhâwktu	NOUN
chhâwn	NOUN
chhâwna	PROPN
chhâwng	NOUN
chhêk	VERB
chhêmin	ADJ
chhên	ADJ
chhî	VERB
chhîng	VERB
chhîngchhîp	ADP
chhînlung	PROPN
chhúng	VERB
chhûl	NOUN
chhûm	NOUN
chhûn	ADJ
chhûnah	ADJ
chhûng	NOUN
chhûnga	ADJ
chhûngah	ADJ
chhûngahte	ADJ
chhûngawng	VERB
chhûngin	ADJ
chhûngin,	ADJ
chhûngin.	ADJ
chhûngkaw	NOUN
chhûngkhat	NOUN
chhûngkhaw	ADV
chhûngkua	NOUN
chhûngkua,	NOUN
chhûngkuaa	ADJ
chhûngkuaah	ADJ
chhûngkuain	ADJ
chhûngkuate	NOUN
chhûnglam	ADJ
chhûngmu	ADP
chhûngril	ADJ
chhûngrilah	ADJ
chhûngte	NOUN
chhûngte,	NOUN
chhûngte,’	NOUN
chhûngten	NOUN
chhûnkhawm.	VERB
chhût	VERB
chhûtin	VERB
chhûtin,	VERB
chhûtpui	VERB
chhûttîr	VERB
chhűng	AUX
chi	NOUN
chi,	NOUN
chi-ah	PRON
chi-ai	VERB
chi.	NOUN
chia	ADJ
chia,	ADJ
chia.	ADJ
chiah	VERB
chiah!	VERB
chiah'	VERB
chiah,	VERB
chiah.	VERB
chiah."	VERB
chiah?	VERB
chiaha	ADJ
chiahah	ADJ
chiahin	ADJ
chiahna	NOUN
chiahpiah	VERB
chiahpuam	NOUN
chiahpuamin	ADJ
chiahpui	PROPN
chiahpuiah	PROPN
chiahte	NOUN
chiai	VERB
chiai-	VERB
chiai.	VERB
chiaina	NOUN
chial	ADV
chiam	VERB
chiam.	VERB
chiamah	ADJ
chiamin	ADJ
chiamna	NOUN
chiamnaah	ADJ
chiamte	PUNCT
chian	VERB
chian.	VERB
chian?	VERB
chiana	ADJ
chiana,	ADJ
chiang	VERB
chiang!	VERB
chiang,	VERB
chiang.	VERB
chianga	ADJ
chiangin	ADJ
chiangin,	ADJ
chiangkuang	ADJ
chianglo	ADJ
chiangsa	ADJ
chiangsa.	ADJ
chiangta	ADV
chiangtea	DET
chiangtu	ADJ
chiangtute	NOUN
chiangtute’n	NOUN
chianin	ADJ
chianna	NOUN
chiannaah	ADJ
chiante	ADJ
chiantir	VERB
chiapas,	PROPN
chiar	VERB
chiar.	VERB
chiat	VERB
chiau	VERB
chiauautu	PART
chibai	NOUN
chibai!	NOUN
chibai,	NOUN
chibai.	NOUN
chibawm	NOUN
chibil	VERB
chibing	VERB
chibok	ADP
chic	ADP
chicago	PROPN
chicago,	PUNCT
chicago-ah	PROPN
chicharito	PROPN
chickenpox	NOUN
chidambaram	PROPN
chido	PROPN
chiedozie	PROPN
chief	PROPN
chiefs	PROPN
chiellini	PUNCT
chiesa	PROPN
chigozie	PROPN
chih	VERB
chiharu	NOUN
chihnihte	AUX
chihrang	ADJ
chiin	ADP
chiing	PUNCT
chik	VERB
chik.	VERB
chikchet	ADJ
chikhat	ADJ
chikhat,	ADJ
chikim	ADJ
chiko	PROPN
chiktialah	ADP
chikungunya	PROPN
chil	NOUN
chil.	NOUN
child	PROPN
childrens	ADP
chile	PROPN
chile-in	NOUN
chilean	AUX
chilh	VERB
chilh.	VERB
chilha	ADJ
chilhin	ADJ
chilhin,	ADJ
chilhlum	ADP
chilla	ADJ
chilna	NOUN
chiltir	DET
chilwell	NOUN
chim	VERB
chim.	VERB
chima	ADJ
chimah	ADJ
chimawm	ADJ
chimbuai	VERB
chimbuai.	VERB
chimih	VERB
chimin	ADJ
chimit	NOUN
chimpanzee	ADP
chimpil	VERB
chimpu-ah	PROPN
chimpui.	PROPN
chimral	VERB
chimralin	ADJ
chimralna	NOUN
chimy	PUNCT
chin	NOUN
chin,	VERB
chin?	NOUN
china	PROPN
china,	PROPN
china-a	PRON
china-ah	PROPN
china-in	PROPN
china-te	PROPN
chinah	ADJ
chinah,	ADJ
chinah.	ADJ
chinai	NOUN
chinchang	NOUN
chinchintha	PRON
chinese	ADJ
chinese,	PROPN
chinese.	PROPN
chinfel	VERB
chinfela	NOUN
chinfelleh	ADV
chinfelna	NOUN
chinfelna.	NOUN
chinfelsak	VERB
chinfelsak.	VERB
ching	NOUN
ching,	VERB
ching.	NOUN
chingal	NOUN
chingchivet	VERB
chingel	NOUN
chingfel	VERB
chingfel.	VERB
chingfel?	VERB
chinghne	NOUN
chinghnia	NOUN
chingin	ADJ
chingin,	ADJ
chingit	NOUN
chinglet	NOUN
chinglunkimi	PROPN
chingmei	PROPN
chingpen	VERB
chingpirinu	NOUN
chingsianliani	PROPN
chingte	ADJ
chingtu	NOUN
chingtute	NOUN
chingtuten	NOUN
chini	NOUN
chinin	NOUN
chinlung	ADP
chinmaya	PROPN
chinna	NOUN
chinois	NOUN
chintala	PROPN
chintawk	ADJ
chinte	NOUN
chinthong	ADP
chintir	NOUN
chinzah	PROPN
chinzah,	PROPN
chinzah-in	PROPN
chip	NOUN
chip-chiar	ADJ
chipchhiar	NOUN
chipchiar	NOUN
chipchiar.	NOUN
chipchiara	ADJ
chipchiarin	ADJ
chips	NOUN
chipui	NOUN
chipuite	ADJ
chirang	PUNCT
chirh	NOUN
chirhdiak	NOUN
chirhdiakah	ADJ
chirhdup	NOUN
chirhdupah	NOUN
chirhin	PRON
chiri	NOUN
chiro	PROPN
chirona	PROPN
chiropractor	NOUN
chirua	VERB
chisora	PROPN
chit	DET
chite	NOUN
chiten	ADJ
chithlah	VERB
chitin	ADJ
chitinin	VERB
chitinte	NOUN
chittagong	PROPN
chiu	VERB
chizhov	PROPN
chloe	ADP
chlorine	PROPN
chloroquine	PROPN
chn	ADJ
cho	VERB
cho,	VERB
cho.	VERB
choaizawl	NOUN
choak	NOUN
chocolate	NOUN
chocolate-a	NOUN
choice	PROPN
choir	PROPN
choir-a	VERB
choir-ah	NOUN
choirte	PROPN
chok	AUX
choka	VERB
choka,	NOUN
choka-ah	PRON
chokaah	ADJ
choker	NOUN
chokut	PROPN
chokut-te	AUX
cholesterol	NOUN
chona	PRON
chonaa	NOUN
chonate	VERB
chong	PROPN
chongqing	PROPN
chongthu	PUNCT
chooralmala	PROPN
chopper	NOUN
chopping	DET
chopra	PROPN
chopstick	NOUN
chopsticks	NOUN
chord	NOUN
choreography	DET
chorten	CCONJ
chorus	PROPN
chorus,	PROPN
chorus’	PROPN
chotu	CCONJ
chou-a	NOUN
choudhury,	PROPN
chough	NOUN
choupo-moting	PROPN
chowdhury	PROPN
chowk	PROPN
chowk,	PROPN
chowkidar	DET
chowkidar-te	NOUN
chozah,	PROPN
chris	PROPN
chrismas	NOUN
christ	CCONJ
christensen	PROPN
christian	PROPN
christie	PROPN
christine	PROPN
christmas	PROPN
christmas-a	PROPN
christmas-ah	INTJ
christo	NOUN
christoffelblindenmission	CCONJ
christoph	PROPN
christopher	PROPN
christy	PROPN
chronicle	NOUN
chrual	ADP
chrysostom-a	PROPN
chs	PROPN
cht	PROPN
chu	PART
chu!	PART
chu!"	PART
chu!.	PART
chu'ng	NOUN
chu,	PART
chu,’	VERB
chu-	PART
chu-a	PUNCT
chu-vangin	ADV
chu.	PART
chu."	PART
chu.hmangaihna	PROPN
chu.va	VERB
chu585	NUM
chu:	PART
chu:nge,	AUX
chu:pian,	AUX
chu;	PART
chu?	PART
chu?ang	PROPN
chua	ADV
chuah	PUNCT
chuah.	NOUN
chuahsan	VERB
chuai	NOUN
chuai.	NOUN
chuaiin,	NOUN
chuaipheng	NOUN
chuak	VERB
chuam	VERB
chuam'	VERB
chuan	CCONJ
chuan!	CCONJ
chuan'	CCONJ
chuan,	CCONJ
chuan,bjp	VERB
chuan,bru	DET
chuan,mizoram	PUNCT
chuan,naga	VERB
chuan,ndma	PROPN
chuan-	CCONJ
chuan.	CCONJ
chuan."	CCONJ
chuan.uruguay-in	ADP
chuan:	CCONJ
chuan;	CCONJ
chuan?	CCONJ
chuana	CCONJ
chuang	VERB
chuang,	ADJ
chuang.	VERB
chuang?	VERB
chuanga	ADJ
chuangah	ADJ
chuangin	ADJ
chuangin,	ADJ
chuangkai	VERB
chuangliam	ADJ
chuanglo.	ADJ
chuangte	ADJ
chuangtlai	ADJ
chuanhnuai	ADJ
chuanhnuaia	ADP
chuanin	CCONJ
chuankai	VERB
chuann	VERB
chuanna	NOUN
chuannaah	AUX
chuanpui	PRON
chuanpuite	NOUN
chuantbc	PUNCT
chuantir	VERB
chuantira,	PRON
chuanyoutube	ADJ
chuan’	ADJ
chuap	NOUN
chuap,	NOUN
chuap-a	ADP
chuapah	ADJ
chuar	ADJ
chuar,	ADJ
chuarsenal	PROPN
chuauhang	NOUN
chuauhnuna	PROPN
chuaungo	NOUN
chuaungo,	NOUN
chuauthuama	PROPN
chuauthuama,	PROPN
chuauṭhuama	PROPN
chuauṭhuama,	PROPN
chubakah	ADJ
chubakah,	ADJ
chubâkah	ADJ
chuchuan	PRON
chuh	VERB
chuh!!	VERB
chuh.	VERB
chuhhelh	VERB
chuhin	ADJ
chuhna	NOUN
chuhpui	VERB
chuhtu	NOUN
chuhtur	PROPN
chuhvel	ADJ
chuhvel-ah	ADP
chuindia-ah	ADP
chujojo	PUNCT
chuk	VERB
chuk.	VERB
chukchu	NOUN
chukna	NOUN
chuks	CCONJ
chuktuah	VERB
chukwuemeka,	PROPN
chul	NOUN
chula	AUX
chulai	ADJ
chulam	ADJ
chulh	VERB
chullova	PROPN
chulnel	VERB
chuloneitute	VERB
chulte	VERB
chum	NOUN
chum.	ADJ
chuma	ADJ
chumai	CCONJ
chumarina	PUNCT
chumi	CCONJ
chumia	CCONJ
chumiah	CCONJ
chumin	ADJ
chumite	CCONJ
chun	NOUN
chunetherlands	PROPN
chung	NOUN
chung,	NOUN
chung--chang	NOUN
chung-chang	NOUN
chunga	ADJ
chungah	ADJ
chungah,	ADJ
chungah;	ADJ
chungaha	NOUN
chungahte	ADJ
chungchang	NOUN
chungchang,	NOUN
chungchang.	NOUN
chungchanga	ADJ
chungchangag	AUX
chungchangah	ADJ
chungchangah,	ADJ
chungchangah.	ADJ
chungchangahte	VERB
chungchangahte,	ADJ
chungchangte	ADJ
chungchiaha	AUX
chungchu	AUX
chungchuan	DET
chungchuang	ADJ
chungchuang,	ADJ
chungchuangah	ADJ
chungchuanna	NOUN
chungcháng	ADJ
chungchâng	NOUN
chungchâng:	NOUN
chungchânga	ADJ
chungchângah	ADJ
chungho	ADJ
chunghote	NOUN
chungin	ADJ
chungin,	ADJ
chungin.	ADJ
chungin’	ADP
chungkaw	PRON
chungkua	VERB
chunglam	NOUN
chunglama	ADJ
chunglamah	ADJ
chunglamin	VERB
chunglang	ADJ
chungmite	NOUN
chungnun	ADJ
chungnung	ADJ
chungnung.	ADJ
chungnunga	ADJ
chungnunga,	ADJ
chungnungah	ADJ
chungnungber	ADJ
chungnungber,	ADJ
chungnungber.	ADJ
chungnungbera	ADJ
chungnungberan	ADJ
chungnungte	NOUN
chungnunna	NOUN
chungnunzia	ADJ
chungpikzia	NOUN
chungte	ADJ
chungthang	CCONJ
chungthu	NOUN
chungtlak	VERB
chungtlang	PROPN
chungu	NOUN
chunguai	PRON
chungzingah	DET
chung–	NOUN
chupa	NOUN
chupawh	PRON
chur	ADJ
churachandpur	PROPN
churachanpur	PROPN
churachanpur,	CCONJ
church	DET
church,	PROPN
churchill	PROPN
churh	VERB
chusection	NUM
chuspurs	NOUN
chut	ADJ
chuta	PRON
chutah	ADV
chutah,	ADV
chutak	VERB
chuti	NOUN
chutia	CCONJ
chutiang	ADJ
chutianga	CCONJ
chutiangah	ADJ
chutiangin	ADJ
chutiangin,	ADJ
chutiangte	CCONJ
chutichuan	CCONJ
chutichuan,	CCONJ
chutichung	PUNCT
chutih	CCONJ
chutihlai	CCONJ
chutihlaia	VERB
chutihlaiin	ADV
chutihlaiin,	ADV
chutihrual	ADP
chutihrualin	ADP
chutihrualin,	NOUN
chutilo	NOUN
chutilochu,	VERB
chutilochuan	ADV
chutin	CCONJ
chutney	NOUN
chuto-bhubirbond	PROPN
chuu	NOUN
chuvang	CCONJ
chuvang,	CCONJ
chuvanga	PRON
chuvangin	CCONJ
chuvangin,	CCONJ
chuveleh	ADV
chuvàngin,	CCONJ
chuvâng	CCONJ
chuvângin	CCONJ
chuvângin,	CCONJ
chu’	VERB
chu’ng	VERB
chzip	DET
chàng	NOUN
chàwi	VERB
chàwl	VERB
cháng	VERB
chángin	VERB
châk	NOUN
châk-awm.	VERB
châk.	NOUN
châka	ADJ
châkawm	ADJ
châkin	ADJ
châkkhai	ADJ
châkna	NOUN
châkna.	NOUN
châkna/mi	NOUN
châknaah	ADJ
châknain	CCONJ
châkte	NOUN
châltlâng	PROPN
châltlângah	PROPN
châm	VERB
châm.	VERB
châma	ADJ
châmbâng	ADJ
châmchi	VERB
chân	VERB
chân.	VERB
châng	NOUN
chânga	ADJ
chângin	ADJ
chânin	ADJ
chânna	NOUN
chânnaah	ADJ
chânte	VERB
chântîr	VERB
chârin	ADJ
châwi	VERB
châwk	NOUN
châwk.	ADV
châwl	VERB
châwm	VERB
châwmna	NOUN
châwmtu	NOUN
chènna	NOUN
chê	PRON
chêin,	NUM
chêk	VERB
chên	VERB
chênchilhin	ADV
chênchilhtu	NOUN
chêng	NOUN
chêng,	NOUN
chêng.	VERB
chêngte	NOUN
chênkhâwmna	NOUN
chênna	NOUN
chênpui	VERB
chêp	NOUN
chêr	ADJ
chêrin	DET
chêt	VERB
chêtna	NOUN
chêtsualna	NOUN
chêtsualnaah	AUX
chêttîr	VERB
chêtze	PRON
chêtziaah	ADJ
chíng,	VERB
chíngte	VERB
chíngtute	VERB
chínna	DET
chî	NOUN
chî-ah	NOUN
chî-âi	DET
chîk	VERB
chîl	NOUN
chîm	VERB
chîm.	VERB
chîn	NOUN
chîng	NOUN
chîng,	VERB
chîng.	VERB
chîng;	NOUN
chîngte	NOUN
chîngtute	NOUN
chîngtuten	VERB
chînna	NOUN
chûk	VERB
chûl	VERB
chûng	CCONJ
chûngah	ADJ
chûngho	CCONJ
chûngte	ADJ
cia	PROPN
cic	PROPN
cicero	PROPN
cicilia	PROPN
cid	PUNCT
cider	NOUN
cies	PROPN
cigar	NOUN
cigarette	NOUN
cigratte	NOUN
cih	NOUN
cijw	PROPN
cijws	DET
cilencer	NOUN
cilenis	PROPN
cilic	PROPN
cimplaint	DET
cincinnati	DET
cinders	NOUN
cindy	PROPN
cindy'n	PROPN
cindy-i	PROPN
cindy-in	PROPN
cinema	NOUN
cinema-a	NOUN
cinema-ah	NOUN
circle	NOUN
circle)	DET
circle-ah	NOUN
circuit-ah	ADP
circular	NOUN
circus	DET
circus-ah	NOUN
cirlce	NOUN
ciro	PROPN
cirstea	PROPN
cisf	PROPN
citatation	CCONJ
citation	NOUN
citizen	NOUN
city	PROPN
city-in	PROPN
ciutat	PROPN
civil	PROPN
civilian	DET
civilization	PRON
cjm	NOUN
cjm-in	DET
cktp	VERB
ckṭp	PROPN
ckṭp,	PROPN
cl	DET
claim	NOUN
clan	PUNCT
clapton	PROPN
clara	PROPN
clara,	CCONJ
clara-i	VERB
clarets	DET
clarinet	PRON
clarke	PUNCT
clarkson	PROPN
clasico	PROPN
clasie	VERB
class	NOUN
class-a	AUX
class-ah	NOUN
class-pui	DET
classical	ADJ
classified	VERB
classmate	NOUN
classmate-te	SCONJ
classroom	NOUN
classroom-a	NOUN
classroom-ah	NOUN
claude	PROPN
claudia	PROPN
claudio	PROPN
claus	PROPN
claus-a	PROPN
claver	PROPN
clean	ADJ
clear	ADJ
cleiton	PUNCT
clement	PROPN
clementa	PUNCT
cleopatra	PROPN
cleopatra-i'n	PROPN
clerc	PROPN
clerk	DET
clervie	CCONJ
cleveland	PROPN
clf	CCONJ
clichy	PROPN
click	VERB
clicker	NOUN
client	NOUN
climate	NOUN
climate-ah	NOUN
cling	VERB
clinic	NOUN
clinic-a	VERB
clinic-ah	NOUN
clinic-te	NOUN
clinical	ADJ
clinician	ADJ
clint	PROPN
clinton	PROPN
clipper	DET
clippers	NOUN
clis	ADP
clock	NOUN
clogs	ADJ
closet	NOUN
closet-ah	NOUN
clove	NOUN
clovis,	PROPN
clown	NOUN
clp	PROPN
cls	PUNCT
club	NOUN
club-a	VERB
club-ah	NOUN
club-in	NOUN
club-te	DET
club-ten	PUNCT
clues	DET
cluster	PROPN
cluster-ah	PROPN
cm	PROPN
cm,	ADP
cm-ah	NOUN
cm-in	PRON
cm.	PUNCT
cma	PROPN
cmb	PROPN
cmc	PROPN
cmm	PROPN
cmo	PROPN
cmo,	PUNCT
cmo-a	ADP
cmrf	NUM
cms	PROPN
cmwa	PROPN
cna	PROPN
cndf	PROPN
cnf	PROPN
cng	PROPN
cnn	PROPN
cnrp	PROPN
co,	PROPN
co-sponsor	NOUN
coach	NOUN
coach,	PROPN
coach-te	NOUN
coaching	NOUN
coady	PROPN
coals	DET
coast	NOUN
coast-a	NOUN
coastal	ADJ
coat	NOUN
cobbs	PROPN
cobolli	PROPN
cocaine	NOUN
coccon	PROPN
cocks	NOUN
coco	VERB
coconut	NOUN
coda	PROPN
code	NOUN
coelho	PROPN
coffee	NOUN
coin	ADP
coincidence	PRON
coincidental	ADJ
cojocari	PROPN
col	PROPN
cola	VERB
colding	NOUN
coldplay	PROPN
colection	NOUN
coleridge-a	AUX
colfer	PUNCT
collection	NOUN
collection-ah	PUNCT
collector	NOUN
collectorah	PRON
college	NOUN
college,	PROPN
college-a	NOUN
college-ah	NOUN
college-in	DET
college/	NOUN
collision	NOUN
collision-ah	PRON
colney	PROPN
colney,	PROPN
colney-in	PROPN
colobia	CCONJ
cologne	PUNCT
cologne-ah	PROPN
colom-bia	ADP
colombia	PROPN
colombia-a	PROPN
colombian	ADJ
colombo	ADP
colon	NOUN
colonialist	ADJ
colonoscopy	DET
colony	NOUN
colony-a	PUNCT
color-blind	NOUN
colorado	PROPN
colosseum	PROPN
colouring	VERB
columbia	PROPN
columbia-ah	PROPN
columbus	PROPN
com	PROPN
coman	PROPN
combo	ADJ
combo-ah	DET
comet	DET
comic	ADJ
comlex	PROPN
comma	NOUN
command	NOUN
commandant-te	PRON
commander	NOUN
commando	PROPN
commendation	VERB
comment	NOUN
commentators-te	PRON
commerce	PROPN
commercial	PROPN
commisisoned	VERB
commission	PROPN
commission,	PUNCT
commission-ah	PRON
commission-in	NOUN
commissioner	PROPN
commissioner,	PUNCT
commissioner-ah	ADP
committe	VERB
committed	ADJ
committee	PROPN
committee,	PROPN
committee-	NOUN
committee-ah	PRON
committee-ahte	PROPN
committee-in	NOUN
committee-na	ADJ
committee-naah	PART
committee-te	PROPN
committee-ten	PROPN
committee/board	ADJ
committeein	PROPN
common	ADJ
common-	VERB
commttee	PROPN
communication	PROPN
communism	NOUN
communist	PROPN
communities.com	PROPN
community	NOUN
commuter	ADJ
como	PROPN
comoros	DET
company	NOUN
company-a	NOUN
company-ah	NOUN
company-in	ADP
company-te	NOUN
compartment	NOUN
compartment-ah	PRON
compartmental	DET
compensation	NOUN
competition	NOUN
competition-a	ADP
competition-ah	NOUN
competitions	PROPN
competitive	PROPN
competitor	ADJ
complain	VERB
complainant	NOUN
complaint	NOUN
completion	NOUN
complex	PROPN
complex,	PROPN
complex-ah	ADP
complicate	AUX
composition	NOUN
compound	NOUN
compounds	NOUN
compress	NOUN
compund	NOUN
computer	NOUN
computer-a	VERB
computer-ah	NOUN
computer-te	ADV
computerization	PROPN
comtea2	NOUN
concacaf	PROPN
concacaf,	PUNCT
conceicao	PUNCT
conceiã§âo	PROPN
concert	NOUN
concert-a	PRON
concert-ah	NOUN
concert-naah	NOUN
concerto	NOUN
conchita	PROPN
concise	ADV
conclude	ADV
concord	PROPN
concordia	PROPN
concrete	NOUN
condition	AUX
condition-ah	NOUN
condition-in	DET
conditioner	NOUN
condo-ah	NOUN
condom	NOUN
condominium	NOUN
conductive	PROPN
conductor	PROPN
conductor-ah	DET
coney	PROPN
confederations	DET
conferederation	PROPN
conference	PROPN
conference,	DET
conference-a	VERB
conference-ah	PROPN
conferenceah	NOUN
confetti	NOUN
conga	NOUN
congo	PROPN
congoa	PROPN
congregation	PART
congress	PROPN
congress,	PROPN
congress-a	PROPN
congress-ah	DET
congress-in	CCONJ
congressa	DET
conjoined	VERB
conjugation	NOUN
conjunctivitis	SCONJ
conlang-ah	NOUN
conmebol	PROPN
connection	NOUN
connectivity	NOUN
connie	PROPN
connor	PROPN
conor	CCONJ
conrad	PUNCT
consensus-in	DET
conservatism	VERB
conservative	NOUN
conservative-hote	VERB
constantin-a	PROPN
constituency	NOUN
constitutency	DET
constitution	PROPN
construction	PROPN
consul	PROPN
consulation	NOUN
consultant	PROPN
consultant,	PROPN
consultation	CCONJ
consumer	NOUN
consumer-te	NOUN
contact	NOUN
conte	PROPN
conte-an	PROPN
continent	NOUN
continent-a	AUX
continent-ah	NOUN
contingent	NOUN
continuum-ah	NOUN
contract	NOUN
contract,	PUNCT
contract-a	NOUN
contract-ah	PRON
contracting	PROPN
contractor	NOUN
contractor-in	NOUN
contractor-te	PRON
contractorte	NOUN
contracts	DET
contras	PROPN
control	PROPN
control-tu	VERB
convenience	NOUN
convent-a	NOUN
convention	PROPN
convention-ah	NOUN
conventry	NOUN
convergence	PROPN
converner	NOUN
conversation	ADP
conversion	CCONJ
conveyner	VERB
conveyor	NOUN
convoy	NOUN
conway	PROPN
cookie	NOUN
cookies	NOUN
cooktop	NOUN
cool	ADJ
cool,	ADJ
cooler	NOUN
cooling	ADP
cooperation	PROPN
cooperative	PROPN
cooperstown-ah	PROPN
coordiantor	PROPN
coordination	PROPN
coordinator	PROPN
coordinator-in	PROPN
coordinator-te	NOUN
coordinatorin	PROPN
copa	PROPN
copd	ADP
copenhagen	PROPN
coppa	PROPN
coppell	PROPN
copperfield	PROPN
cops	NOUN
copsin	NOUN
copy	NOUN
copy-ah	NOUN
copyrighted	DET
coquelin	PROPN
coral	ADP
corbett	PUNCT
corbevax	PUNCT
cordaz	PROPN
corduroys	VERB
core	NOUN
corey	PROPN
corinne	PROPN
corinthians	NOUN
corinthians-in	DET
cornbread	NOUN
cornell	PROPN
corner	DET
cornet	PROPN
corniche	PROPN
cornick	PROPN
cornish,	PROPN
cornwall	NOUN
coronavirous	PROPN
coronavirus	NOUN
coronovirus	PROPN
corpah	PROPN
corpoaration	PROPN
corpora	PROPN
corporation	NOUN
corporations	NOUN
corporator	PROPN
corps	PROPN
corps,	PROPN
corpus	NOUN
corramandal	PROPN
corridor	NOUN
corridor-ah	NOUN
corrin	PROPN
corruptiona	ADJ
corsage	NOUN
cosby	PROPN
cosgrove	PROPN
cosmetic	ADJ
cossacks	NOUN
cost	PROPN
costa	PROPN
costume	NOUN
cotpa	DET
cotta	VERB
cottagers	PUNCT
couch	NOUN
couch-a	NOUN
couch-ah	DET
council	PROPN
council,	PROPN
council-ah	PRON
council-in	PROPN
council-te	PROPN
councillor	PROPN
councillor-te	NOUN
council’	PROPN
counseling	VERB
counseling-ah	NOUN
counselling	NOUN
counsellor	ADP
counsellor-in	DET
counselor	NOUN
counter	NOUN
counter"	NOUN
counter-a	ADP
counter-ah	NOUN
counter-attack	NOUN
counter-strike,	ADP
counterexample	NOUN
counterpoint	NOUN
country	NOUN
county	PUNCT
coupon	ADJ
course	NOUN
course-ah	NOUN
court	NOUN
court-a	NOUN
court-ah	NOUN
court-in	DET
court-naah	PRON
courthouse	NOUN
courtois	PROPN
courtroom	NOUN
courtroom-a	AUX
courts-te	NOUN
cousin	NOUN
cousin,	NOUN
coutihno,	PUNCT
coutinho	PROPN
couture,	PROPN
covaxin	PROPN
covenor	NOUN
coventry	NOUN
cover	VERB
covi-19	PROPN
covid	PROPN
covid-19	PROPN
covid19	DET
covishield	PROPN
covovax	CCONJ
cowboy	NOUN
cowboy-hovin	CCONJ
cowell	PROPN
cox	PROPN
coy	PROPN
coyle	PROPN
cp	PROPN
cpa	DET
cpcb	PROPN
cpi	PROPN
cpi-m	ADP
cpim	PROPN
cpm	PROPN
cpr	ADJ
cqc	PROPN
cr	PROPN
cr.pc	PROPN
cracker	NOUN
craig	NOUN
cranberries	PROPN
crawford	PROPN
crayon	NOUN
cream	NOUN
creative	ADJ
creative,	ADJ
creche	PROPN
credit	NOUN
creek	PROPN
cremonese	NOUN
crenshaw-a	PROPN
creole	ADJ
crepe	NOUN
crespo	ADJ
creta	ADP
crew	NOUN
cricket	PROPN
cricketing	NOUN
criketer	NOUN
crime	NOUN
crimea	PROPN
crimes	PROPN
criminal	ADJ
crisafulli-a	PROPN
criscito	PROPN
cristian	PROPN
cristiano	PROPN
cristiaono	PROPN
cristina	PUNCT
cristina-i,	NOUN
critic	NOUN
croacia	PROPN
croatia	PROPN
croatia,	PROPN
croatia-ah	PROPN
croats	NOUN
crocs	NOUN
croix-a	DET
cromwell-a	PROPN
crore	NUM
crore-a	VERB
crores	NUM
crosby	PROPN
cross	PROPN
crossbow	VERB
crowder	PROPN
crown	NOUN
crp	NOUN
crp-ep	NUM
crp-te	DET
crpc	NUM
crpf	PROPN
crpf-te	PROPN
crs	PROPN
crsytal	PROPN
crusade	NOUN
cruz	PROPN
cruz-a	PROPN
cryptography	PUNCT
crysencio	PUNCT
crysta	PROPN
crystaial	VERB
cs	PROPN
csc	PROPN
csc-te	PROPN
cse	PROPN
csr	PROPN
csr-ah	NOUN
css	NOUN
ct	PROPN
cti	PUNCT
ctm-pacs	PROPN
ctu	PROPN
cu	PROPN
cuan,	VERB
cuba	PROPN
cuba,	PUNCT
cuba-ah	VERB
cubarsi	PROPN
cubarsi,	PROPN
cubarsî	PROPN
cube	NOUN
cuccittini	PROPN
cucurella	PROPN
cucurrella	PROPN
cufflink	NOUN
cuisine-ah	NOUN
cullinan	PROPN
cultural	ADJ
culture	NOUN
culture,	NOUN
culture-ah	NOUN
cummings	PROPN
cummins	NOUN
cunha	PROPN
cunt	NOUN
cup	PROPN
cup-a	PRON
cup-ah	PROPN
cupcake	NOUN
curfew	NOUN
curie	PROPN
curious	ADV
curling	VERB
current	NOUN
currywurst	DET
curtis,	PROPN
cushioning	NOUN
customer	NOUN
customer-te	NOUN
customer-ten	NOUN
cute	ADV
cutropia	NOUN
cvl	PROPN
cvo	DET
cvs&ah	PROPN
cvsah	PROPN
cvsc	PROPN
cwc	PROPN
cyber	PROPN
cyber-attack	ADJ
cyberbullying	NOUN
cybercriminal	NOUN
cybersecurity	ADP
cycle	NOUN
cyclist	NOUN
cyclone	PROPN
cyclone,	PUNCT
cyclone-in	NOUN
cyla	PROPN
cylcone	PUNCT
cyma	PROPN
cyma,	PUNCT
cyma-in	VERB
cynthia:	PROPN
cyo	PROPN
cyprian-a	PROPN
cyprus	PROPN
cyrus	PROPN
cyrus-in	PROPN
cz	PROPN
czech	PROPN
czechia	PROPN
czechoslavakia	PRON
czechoslovakia	PROPN
czolgosz	PROPN
cârdenas	ADP
cívitas	NOUN
d	PROPN
d'	PUNCT
d'or	ADV
d-ah	ADV
d-iii	PROPN
da	NOUN
daama	PROPN
dabate	PRON
dac	PROPN
dachor,	PROPN
dada	PROPN
dadasheb	PROPN
dadra,	PROPN
daffodils	PROPN
dafoldils	PROPN
dafur	PROPN
dag	AUX
dagestan	PROPN
dah	VERB
dah,	VERB
dah-sanzia	PART
dah.	VERB
dah?	VERB
dahah	ADJ
dahbo	VERB
dahbova	NOUN
dahfel	VERB
dahin	ADJ
dahin,	ADJ
dahipal	PROPN
dahkham	NOUN
dahkham.	NOUN
dahkhama	NUM
dahkhawl	VERB
dahkhawlna	NOUN
dahkhawm	VERB
dahkhawmna	NOUN
dahluh	VERB
dahluh.	VERB
dahlui	PUNCT
dahlut.	NOUN
dahlêt	VERB
dahn	PROPN
dahna	NOUN
dahnaah	ADJ
dahnate	ADJ
dahoud	PROPN
dahsa	ADJ
dahsak	VERB
dahsan	ADV
dahsawn	VERB
dahte	NOUN
dahtha	VERB
dahthain,	NOUN
dahthat	VERB
dahthatna	VERB
dahthla	VERB
dahtu	NOUN
dahtute	NOUN
dahvo	PROPN
dahṭha	VERB
dahṭhat	VERB
dahṭhatna	VERB
dai	NOUN
dai,	NOUN
dai.	NOUN
daia	ADJ
daiah	ADJ
daichi	ADV
daidai	AUX
daidang	VERB
daidang.	VERB
daidang?	VERB
daidangtu	NOUN
daidanna	NOUN
daidar	NOUN
daifem	NOUN
daifema	ADJ
daifemah	ADJ
daifim	NOUN
daigle,	PROPN
daih	VERB
daih!	VERB
daih,	VERB
daih.	VERB
daih;	VERB
daih?	VERB
daiha	ADJ
daihin	ADJ
daihlim	NOUN
daihlima	ADJ
daihlimah	ADJ
daihte	ADJ
daihzai	VERB
daihzâi	VERB
daiin	ADJ
daiin,	ADJ
dailuah	NOUN
daily	PROPN
daimary	PROPN
daimyo	NOUN
daingul	NOUN
daingul-ii	PROPN
daipawn	NOUN
daipawna	ADJ
daisetsu	PROPN
daitu	NOUN
daivelte	NOUN
daivêlte	NOUN
dak	NOUN
dak.	NOUN
dakchhuak	VERB
dakpu	NOUN
daktawr	NOUN
daktawr,	NOUN
daktawr-in	ADP
daktawr-te	DET
daktawr.	NOUN
daktawr?	NOUN
daktawrate	PROPN
daktawratum	NOUN
daktawrin	DET
daktawrte	NOUN
daktawrten	NOUN
daktor	PROPN
daktor-ten	NOUN
dal	NOUN
dal,	NOUN
dal.	NOUN
dala	ADJ
dalai	PROPN
dale	PROPN
daley	CCONJ
dalic	PROPN
dalin	ADJ
dalit	PROPN
dallas	PUNCT
dalton	PROPN
dalton-a	PUNCT
daltu	NOUN
daltuah	ADV
dalwai	PROPN
dam	VERB
dam'	VERB
dam,	VERB
dam.	VERB
dama	VERB
dama'n	PROPN
dama-an	PROPN
damageplan	VERB
damah	ADJ
daman	PROPN
damascus	PROPN
damaska	DET
damaska-ah	NOUN
damate	DET
damc	ADV
damcherra	PROPN
damchhan	ADJ
damchhuak	VERB
damchhung	NOUN
damchhung,	NOUN
damchhungin	ADJ
damchhûng	NOUN
damchhûnga	ADJ
damdama	PROPN
damdawi	NOUN
damdawi,	NOUN
damdawi-a	PART
damdawi-in	PRON
damdawi-ina	PRON
damdawi-inah	PRON
damdawia	NOUN
damdawiah	ADV
damdawiin	ADJ
damdawiina	ADJ
damdawiinah	ADJ
damdawite	NOUN
damdawite:	NOUN
damdep	PROPN
damdiai,	NOUN
dami	ADP
damin	ADJ
damin,	ADJ
damir	PROPN
damjanovic	PROPN
damkawr	ADJ
damkhawchhuak	DET
damlai	ADJ
damlo	NOUN
damlo,	NOUN
damlo.	NOUN
damlo?	NOUN
damloh	ADJ
damloh?	ADJ
damlohin	AUX
damlohna	ADJ
damlote	ADJ
damloten	ADJ
damlovin	ADJ
damlo’	NOUN
dammawh	ADJ
damn	PROPN
damna	NOUN
dampa	PROPN
damparengpui	NOUN
damparengpuiah	ADP
dampui	VERB
dampui-in	NOUN
dampui.	VERB
dampuia	PROPN
damrei	ADJ
damreiin,	VERB
damreina	NOUN
damrualpuite	VERB
damsam	ADJ
damte	NOUN
damthang	PROPN
damtu	NOUN
dan	ADV
dan!	ADV
dan'	ADV
dan,	ADV
dan-a	NOUN
dan.	ADV
dan/rel	ADJ
dan:	ADV
dan?	ADV
dana	NOUN
danah	ADJ
danah,’	VERB
dance	NOUN
dancer	NOUN
danchah	VERB
dandairei	PROPN
dane	PROPN
dang	NOUN
dang,	NOUN
dang-danglam	VERB
dang.	NOUN
dang:	NOUN
dang?	NOUN
danga	ADJ
dangah	ADJ
dangah'	ADJ
dangah,	ADJ
dangah.	ADJ
dangahte	ADJ
dangal	PROPN
dangal,	PROPN
dangchat	VERB
dangchat.	VERB
dangchattu	NOUN
dangdai	ADJ
dangdai.	ADJ
dangho	AUX
dangin	ADJ
dangin,	ADJ
dangina	ADJ
dangka	PART
danglam	ADJ
danglam'	ADJ
danglam,	ADJ
danglam.	ADJ
danglam?	ADJ
danglama	ADJ
danglamah	ADJ
danglamin	ADJ
danglamna	ADJ
danglamna?	ADJ
danglamnate	ADJ
danglamtu	NOUN
dango	PROPN
dangsevilla-in	NOUN
dangte	ADJ
dangte'n	VERB
dangte)	NOUN
dangte*'kawn'	NOUN
dangte,	ADJ
dangte.	ADJ
dangteah	ADJ
dangtechunga	PRON
dangten	ADJ
dangtu	NOUN
dangtute	ADJ
dang’	VERB
danhremi	NOUN
dani	PROPN
dania	PROPN
daniala	PUNCT
daniel	PROPN
daniel,	PROPN
daniel-a	PROPN
daniela	PROPN
daniele	PROPN
danielson	PROPN
daniil	NOUN
danilina	PROPN
danilo	PROPN
danin	ADJ
danin,	ADJ
danin.	ADJ
danish	ADJ
danjuma	PROPN
dank	ADP
danmawia	PROPN
danmawian	PROPN
danna	NOUN
danns	NOUN
danny	PROPN
danny-a	VERB
danny.	PROPN
danny?	ADJ
danphung	ADJ
danpui	NOUN
danpuia	ADJ
danpuiin	ADJ
dansak	VERB
dansak.	VERB
dante	VERB
danube-ah	DET
danwah	VERB
danza.	PROPN
danêk	NOUN
dan’	CCONJ
dao	PROPN
daoud-a	PUNCT
dap	NOUN
dap.	NOUN
dapcc,	PROPN
dapchawp	VERB
dapchhuah	VERB
dapchhuah.	VERB
daphnis.	PRON
dapin	ADJ
dapin,	ADJ
dapnaah	ADJ
dappui	VERB
dapsak	VERB
dar	ADJ
dar.	ADJ
darah	ADJ
darang	PROPN
daraya	PROPN
darbenthek,	NOUN
darbilhi	PROPN
darbu	NOUN
darchhawna	PROPN
darchhungan	NOUN
daredevils	NOUN
darfur	PART
darfur-a	ADP
darh	NOUN
darh'	NOUN
darh.	NOUN
darh?	VERB
darha	ADJ
darhah	ADJ
darhin	ADJ
darhin,	ADJ
darhna	NOUN
darhsan	ADV
darhte	ADJ
darhtu	NOUN
darhtute	NOUN
darhtu’	NOUN
darhzau	ADJ
darhzauna	ADP
daria	PROPN
darius-a'n	PROPN
dariush-a	PUNCT
darjeeling-ah	PROPN
darkar	NOUN
darkarah	NOUN
darkark	PRON
darlak	ADJ
darlak,	ADJ
darlawn	PROPN
darlawnah	ADJ
darlawng	NOUN
darlene	PROPN
darlene-i	PROPN
darlington	PROPN
darlong-in	PROPN
darlow	PROPN
darlung	PUNCT
darmian	PROPN
darmstadt	NUM
darnam	PROPN
darndest	ADJ
darpan	PROPN
darphawka	PROPN
darrang	PROPN
darrell	PROPN
darren	PROPN
darrikhuma	PROPN
darrokima	PROPN
darromawia	PROPN
darsavungi	PROPN
darshan	PROPN
darshan-ii	PROPN
darthan-zauva	CCONJ
darthanmawia	ADP
darthanzauva,	PROPN
darthawma	PROPN
darthlalang	NOUN
darthlalanga	ADJ
darthlalangah	ADJ
darthuami	PART
dartmouth	PROPN
darul	PROPN
darwin	PROPN
darwin-a	VERB
darwinism	NOUN
daryl	PROPN
darzo	PROPN
darṭhuami	PART
das	PROPN
das-a	NOUN
dasari	PROPN
dashboard-a	DET
dasilva	PROPN
dass	PROPN
dastak	PROPN
dasun	CCONJ
dat	VERB
data	NOUN
data-te	AUX
database	NOUN
dataset	NOUN
date	NOUN
date-ah	NOUN
date.	PRON
dathana	PROPN
dating	VERB
dative	NOUN
dauh	ADJ
daulet	CCONJ
dave	PROPN
dave-a	PRON
davey	PUNCT
david	PROPN
david'n	PROPN
david-a	PROPN
david-a'n	PROPN
david-an	PROPN
davida	PROPN
davida'n	AUX
davida,	PROPN
davidan	PUNCT
davide	PROPN
davidson	PROPN
davis	PROPN
davutoglu	PROPN
daw	VERB
dawdawi	NOUN
dawh	NOUN
dawh.	NOUN
dawheh	ADJ
dawhkan	NOUN
dawhkana	ADJ
dawhkanah	ADJ
dawhkilh	NOUN
dawhkân	NOUN
dawhkân,	NOUN
dawhna	NOUN
dawhsan	NOUN
dawhsana	AUX
dawhsanah	ADJ
dawhte	NOUN
dawhthei	ADJ
dawhtheih	ADJ
dawhtheihlohna	NOUN
dawhtheihna	NOUN
dawhtheihzia	ADJ
dawi	NOUN
dawidim	NOUN
dawih	ADJ
dawihzep	ADJ
dawihzepna	NOUN
dawihzepte	DET
dawithiam	NOUN
dawithiamna	NOUN
dawithiamnu	NOUN
dawk	VERB
dawk.	VERB
dawkins-an	ADV
dawklak	VERB
dawklak?	VERB
dawl	NOUN
dawl.	NOUN
dawlh	VERB
dawlhtir	CCONJ
dawllo	ADJ
dawlna	NOUN
dawlnghehna	NOUN
dawltu	NOUN
dawm	VERB
dawm.	VERB
dawmdawi	SCONJ
dawmin	ADJ
dawmkan	VERB
dawmkangtu	NOUN
dawmkanna	NOUN
dawmna	NOUN
dawmtu	NOUN
dawn	ADV
dawn!	ADV
dawn!"	ADV
dawn,	ADV
dawn.	ADV
dawn.=	ADV
dawn;	VERB
dawn?	ADV
dawn?"	ADV
dawn?'	ADV
dawna	ADJ
dawnah	ADJ
dawnfawh	NOUN
dawng	VERB
dawng,	VERB
dawng-sawng	ADV
dawng-sawngin	VERB
dawng.	VERB
dawnga	DET
dawnga.	ADP
dawngdah	ADJ
dawnghlawk	AUX
dawngi	PROPN
dawngin	ADJ
dawngkawp	NOUN
dawngkima	PROPN
dawngliana	PROPN
dawngliana,	PROPN
dawnglianan	PROPN
dawngsawng	VERB
dawngsawng.	VERB
dawngsawngin	ADJ
dawngsawngin,	ADJ
dawngsawngtu	NOUN
dawngte	NOUN
dawngtea	ADJ
dawngtlaka	NOUN
dawngtu	NOUN
dawngtu,	NOUN
dawngtur	ADJ
dawngtute	NOUN
dawngtuten	PRON
dawngzawl,	ADP
dawngzela	PROPN
dawnin	ADJ
dawnin,	ADJ
dawnlo	ADJ
dawnlo.	ADJ
dawnlo;	ADJ
dawnna	NOUN
dawnnia.	ADJ
dawnpui.	ADJ
dawnsawn	VERB
dawnsawn.	VERB
dawnte	ADJ
dawntir	VERB
dawp	NOUN
dawp.	VERB
dawr	NOUN
dawr'	NOUN
dawr-ah	PRON
dawr.	NOUN
dawra	ADJ
dawrah	ADJ
dawrah,	ADJ
dawrawn	NOUN
dawrh	NOUN
dawrh.	ADV
dawrkai	NOUN
dawrkai,	NOUN
dawrkaite	NOUN
dawrkaiten	ADJ
dawrkawn	PROPN
dawrkàwnah	PROPN
dawrna	NOUN
dawrpui	NOUN
dawrpui,	NOUN
dawrpuiah	PROPN
dawrte	ADJ
dawrtu	NOUN
dawrtute	NOUN
dawrtuten	VERB
dawrzawn	NUM
dawt	NOUN
dawt,	NOUN
dawt.	NOUN
dawt;	NOUN
dawta	ADJ
dawtah	ADJ
dawthei	ADJ
dawthei-ah	NOUN
dawtin	ADJ
dawtin,	ADJ
dawtsawi	VERB
dawttu	ADJ
dawttu,	ADJ
dawttuah	ADJ
dawwn	VERB
day	PROPN
day'	PROPN
day,	PROPN
day-	ADP
day-a	PRON
day-ah	PROPN
day-nulm	NOUN
dayana	PROPN
dayot	PROPN
dazatna	NOUN
dazâtna	NOUN
db	NUM
dbayeh	PROPN
dbt	PROPN
dbtl	PROPN
dbu	VERB
dc	PROPN
dc,	PROPN
dc-in	PROPN
dc-te	NOUN
dca	PROPN
dcci	PROPN
dcdc	DET
dcf,	PUNCT
dcgi	VERB
dch	PROPN
dchc	NOUN
dchc-ah	PROPN
dcio	PROPN
dcip	DET
dcma	PROPN
dcp	PROPN
dcpu	NOUN
dcpu,	PROPN
dcso	NOUN
dcso-te	NOUN
dd	PROPN
ddg,	PUNCT
ddk	PROPN
ddk:	PROPN
ddm,	PUNCT
ddma	NOUN
ddma-in	NOUN
ddo	NUM
ddt	PUNCT
ddu	PROPN
ddu-gky	PROPN
ddugjy	PROPN
de	VERB
dead	ADJ
deadline	NOUN
deadmau5	CCONJ
deaf-mute	AUX
dean	PROPN
deb	VERB
debananda	PROPN
debbarma	PROPN
debbarman	PROPN
debnath	PROPN
debori	PROPN
dec	PROPN
dec.	PROPN
decardi	VERB
deccan	PROPN
december	PROPN
december,	PROPN
december-january	ADP
decemson	PROPN
decentralised	VERB
decmber	ADP
decmeber	NOUN
decolonization	NOUN
decon	PROPN
decorating	NOUN
deduct'	PART
deepa	PUNCT
deepak	PROPN
deepika	PROPN
deepti	PROPN
deesa	PROPN
def	PROPN
def,	PROPN
defeatist	NOUN
defence	NOUN
defence-ah	PRON
defendant	DET
defender	NOUN
defender-in	PROPN
defender-te	NOUN
defending	VERB
defenfer	PRON
defense	NOUN
defensive	PUNCT
defensive-in	VERB
defibrillator	NOUN
defoe	PUNCT
defrel	PROPN
degeneres	PROPN
degli	PROPN
degree	NOUN
degree-te	VERB
degrees	NOUN
deh	NOUN
dehchhuah	NOUN
dehchhuahte	NOUN
dehchhuak	NOUN
dehna	NOUN
dehradun	CCONJ
dehradun-mussorie	VERB
dehral	NOUN
deja	PROPN
dejan	PROPN
dek	NOUN
dekchhuak	NOUN
dekchi	ADJ
dekin	ADJ
dektu	NOUN
del	VERB
del.	VERB
delap	PROPN
delbonis	PUNCT
dele	PROPN
delegate	NOUN
delgado	PROPN
delh	VERB
delh.	VERB
delhi	PROPN
delhi,	PROPN
delhi-a	ADP
delhi-ah	PROPN
delhi-in	PROPN
delhi/ncr	ADP
delhin,	ADJ
delhkilh.	VERB
delhtu	NOUN
delight	NOUN
delilah	PROPN
delin	VERB
delivery	NOUN
delle	PROPN
deloitte	PROPN
delph	PUNCT
delta	PUNCT
dem	VERB
dem.	VERB
dema	PROPN
demand	NOUN
demarai	ADV
demawm	VERB
demba	PUNCT
dembele	PROPN
dembele,	PROPN
dembele-an	DET
dementia	PROPN
demeter	PROPN
demetria	PROPN
demetrias-a	PROPN
demi	VERB
demin	PUNCT
demin,	VERB
demna	PUNCT
democarts	DET
democracy	NOUN
democracy-ah	ADP
democratic	ADJ
democratize	PART
demon	PROPN
demonastration	VERB
dempo	PROPN
dempsey	PROPN
demtu	NOUN
den	VERB
denchhen	VERB
denchhenin	ADJ
dendrite	PROPN
deng	VERB
deng.	VERB
denga	ADJ
denghmingthanga	PROPN
dengin	ADJ
dengkhawng	ADJ
dengrikhuma	PROPN
dengrothangi	PROPN
dengsur	ADP
dengthuama	PROPN
dengue	PROPN
dengṭhuama	PROPN
denial	NOUN
denin	ADJ
deniro	PROPN
denis	AUX
deniz	PROPN
denlung	ADJ
denmark	PROPN
denmark-a	AUX
denna	NOUN
dennerby	PROPN
dennis	NOUN
denotify	VERB
dentist	NOUN
dentist-a	DET
denver	PROPN
denzel	PUNCT
deo	PROPN
deo,	PROPN
deory	VERB
dep	NOUN
depa	ADJ
depah	ADJ
depart-ment	NOUN
department	NOUN
department,	PROPN
department-a	PROPN
department-ah	PROPN
department-in	NOUN
department-te	PROPN
department-ten	NOUN
departmentah	PROPN
departmental	ADJ
departments	PROPN
depay	PROPN
depay-an	PROPN
depde	ADJ
deportivo	PROPN
deposit	VERB
depot	NOUN
depp	PROPN
depression	NOUN
dept	PROPN
dept-ah	PROPN
dept.	PROPN
deptt	PROPN
deptt.	PROPN
deputy	PROPN
der	NOUN
der!	NOUN
der,	ADV
der.	NOUN
dera	ADJ
derailing	VERB
derbe	ADP
derby	NOUN
derby-ah	NOUN
derdep	ADJ
derh	ADJ
derhken	NOUN
derin	VERB
derivative	PART
derna	NOUN
derna-ah	PROPN
derry	ADP
derry-a	PRON
derthawn	ADJ
derthawng	ADJ
derthawnga	NOUN
derthawngah	ADJ
derthawnzia	NOUN
derthâwng	ADJ
des	PROPN
descamps	PROPN
deschamps	PROPN
describe	NOUN
design	NOUN
design-ah	PART
design-tu	PRON
designer	NOUN
designer-ah	NOUN
desipline	DET
desire	PROPN
desktop	PRON
desmond	PROPN
desolve	CCONJ
dessert	NOUN
destination	NOUN
deswali	VERB
desy	NOUN
det	VERB
det.	VERB
details	NOUN
detective	NOUN
detox-na	NOUN
detroit	NOUN
detroit-ah	PROPN
deu	NOUN
deuh	ADJ
deuh!	ADJ
deuh,	ADJ
deuh.	ADJ
deuh?	ADV
deuha	ADJ
deuhah	ADJ
deuhin	ADJ
deuhin,	ADJ
deuhna	ADJ
deuhsawhna	NOUN
deuhte	ADJ
deuhten	ADJ
deuhthaw	ADJ
deuhthaw,	ADJ
deuhthawah	ADJ
deuhthawin	ADP
deuhtu	NOUN
deuhva	ADJ
deuhva,	ADJ
deuhvah	ADJ
deuhvin	ADJ
deuhvin,	ADJ
deulofeu	PUNCT
deusawh	VERB
deut	PROPN
deutsche	AUX
dev	CCONJ
devadiga	PUNCT
devajit	PROPN
devastated	VERB
devdutt	PROPN
develoment	PROPN
development	PROPN
devendra	PROPN
devesh	PROPN
devi	PROPN
devils	PROPN
devine	PUNCT
devon	PUNCT
dey	PROPN
dfa	PROPN
dfa-in	PROPN
dfb	VERB
dfb-pokal	PROPN
dfdo	PROPN
dfdo-in	PROPN
dfl-supercup	PROPN
dfo	PROPN
dfo,	PROPN
dfo-a	PROPN
dfp,air,davp	PROPN
dg	PROPN
dgca	PROPN
dgm,	PUNCT
dgp	PROPN
dgp,	PROPN
dgp-in	PUNCT
dgp-te	PRON
dhabi	PROPN
dhaka	PROPN
dhaka,	PROPN
dhaka-a	PROPN
dhaka-ah	PROPN
dhalai	PROPN
dhania	VERB
dhankar	PROPN
dhankhar	PROPN
dhano	PROPN
dhansiri	PROPN
dhar	PROPN
dharchula	PROPN
dharma	PROPN
dharmanagar	PROPN
dharmendra	PROPN
dharun	PROPN
dhawan	PROPN
dhimant	PROPN
dhinakaran-a	CCONJ
dho-	PROPN
dholai	PROPN
dhoni	PROPN
dhoom	PUNCT
dhruv	PROPN
dhubri	PROPN
dhubri,	PROPN
dhupia,	PROPN
dhwaj	PROPN
di	NOUN
diabetologist	DET
diabola	DET
diabola’n	DET
diabolo	PRON
diaby	PROPN
diai	VERB
diai,	ADV
diai.	ADV
diai?	ADV
diak	NOUN
diak.	NOUN
diakah	ADJ
diakite	PROPN
diakkawn	PROPN
diakkawnah	ADP
diakkawnin	PUNCT
dial	ADJ
dialachal	PROPN
diallo	PROPN
diallo-an	PUNCT
diam	ADJ
diamantakos	PROPN
diamond	PROPN
diamond-certtification	ADJ
diani	AUX
diaoyu	PROPN
diaper	ADJ
diar	NOUN
diary	NOUN
diar’	NOUN
dias	PROPN
diasporahub	PROPN
diatta	PROPN
diaz	PROPN
diaz-a	PROPN
dibling	PROPN
dibru-saikhowa	PUNCT
dibrugarh	PROPN
dic	SCONJ
dicaeopolis-a	NOUN
dicaprio	PROPN
dice	NOUN
dick-a	PROPN
dicka	PROPN
dickens	PROPN
diclowin	CCONJ
dictatorship	NOUN
dictatorship-ah	NOUN
dictionary	NOUN
dictionary,	PROPN
dictionary-ah	PRON
diddy	PROPN
didi	PROPN
didier	PROPN
didika	PROPN
die	VERB
diego	PROPN
diem.	NOUN
diengdoh	PROPN
diengdoh-te	PROPN
dier	PROPN
diesel	NOUN
diet	NOUN
diet,	PROPN
diet-ah	NOUN
differently	ADV
dig	PROPN
digital	ADJ
dijk	PROPN
dik	ADJ
dik!	ADJ
dik,	ADJ
dik.	ADJ
dik?	ADJ
dika	ADJ
dika'n	NOUN
dika-an	NOUN
dika-in	PROPN
dikah	ADJ
dikhlel	ADJ
diki	PROPN
dikin	ADJ
diklo	ADJ
diklo'	ADJ
diklo,	ADJ
dikloh	ADJ
diklohna	ADJ
diklohna,	ADJ
dikna	NOUN
dikna,	NOUN
dikna.	NOUN
dikna;	NOUN
diknaa	NOUN
diksawnari	NOUN
diktak	ADJ
diktak,	ADJ
diktaka	ADJ
diktakin	PRON
diktakte	NOUN
diktawn	NOUN
dikte	ADJ
dikte'n	PROPN
diktu	VERB
dikzia	ADJ
dik’	ADJ
dil	VERB
dil,	VERB
dil-ah	SCONJ
dil.	VERB
dil?	VERB
dila	NOUN
dilah	ADJ
dilan	AUX
dilawar	PROPN
dilchhut	VERB
dilin	ADJ
dilin,	ADJ
dilip	PROPN
dilkawn-hlaikhan-lailen	PROPN
dilkhan	PROPN
dillian	ADP
dilma-i	PROPN
dilna	NOUN
dilnaah	ADJ
dilnate	ADJ
dilpui	PUNCT
dilsak	VERB
dilsaktu	NOUN
dilshad	CCONJ
dilte	ADJ
diltlang	ADP
diltlang-a	ADP
diltu	NOUN
diltute	NOUN
dilzau	PROPN
dilzui	CCONJ
dim	VERB
dima	PUNCT
dima,	NOUN
dimak	PUNCT
dimapur	VERB
dimaro	ADJ
dimas	PROPN
dimdawi	VERB
dimdawih	VERB
dimebag	CCONJ
dimentia	AUX
dimitrios	ADP
dimitris	PROPN
dimitrov	PROPN
dimonic	ADP
din	VERB
din,	VERB
din-hmunah	ADP
din.	VERB
din?	VERB
dina	PROPN
dina'n	PROPN
dina,	PROPN
dina-an	PROPN
dina.	PUNCT
dina?	PUNCT
dinah	NOUN
dinaii	PROPN
dinajpur	ADP
dinamo	PUNCT
dinar	NOUN
dinarii	AUX
dincham	PRON
dinchan	VERB
dinchanna	NOUN
dinchhan	ADJ
dinchhuah	VERB
dinchhuahna	NOUN
dinchhuahpui	VERB
dinesh	PROPN
ding	VERB
ding,	VERB
ding.	VERB
ding?	VERB
dinga	PROPN
dinga'n	PROPN
dinga-an	PROPN
dinga.	NOUN
dingah	ADJ
dingchang	VERB
dingchang.	VERB
dingchhuak	VERB
dingchhuak.	VERB
dingdihlip	VERB
dingin	ADJ
dingin,	ADJ
dingkhawng	ADP
dinglai	ADJ
dinglam	ADJ
dinglama	ADJ
dinglamah	ADJ
dinglamah,	ADJ
dingliana	PROPN
dingte	ADJ
dingtu	NOUN
dingtuah	NOUN
dinhmun	NOUN
dinhmun,	NOUN
dinhmun.	NOUN
dinhmuna	ADJ
dinhmunah	ADJ
dinhmunin	ADJ
dinhmunte	ADJ
dinhnum	AUX
dinin	NOUN
dinin,	NUM
dining	NOUN
dinliana	PROPN
dinlote	AUX
dinmun	PRON
dinna	NOUN
dinnaah	ADJ
dinngheh	ADJ
dino	PUNCT
dinosaur	NOUN
dinpui	VERB
dinpui,	VERB
dinpuia	PROPN
dinsak	VERB
dinsanga	PROPN
dinte	ADJ
dinthar	VERB
dinthar,	VERB
dinthara	VERB
dintharah	PROPN
dintir	VERB
dintir.	VERB
dintirin	ADJ
dintirtu	NOUN
dintu	NOUN
dintu,	NOUN
dintu.	NOUN
dintute	NOUN
diocese	PROPN
diogenes	NOUN
diogo	PROPN
dionysius	PROPN
dionysophanes-a	NOUN
diop	PUNCT
dioxide	NOUN
dip	NOUN
dipanda	PROPN
dipanjal	ADP
dipankur	PROPN
diphtheria	PROPN
diphu-ah	PROPN
dipin	VERB
diplo,	PROPN
diploma	PROPN
diplomat	DET
dipr-a	PROPN
dipr-ah	PRON
dipr-ah.	NOUN
dipr-in	PROPN
dipro	PROPN
dipro,	PUNCT
diptanu	PROPN
diptu	NOUN
dir	NOUN
direc-tor	PROPN
direc-torin	PROPN
direct	ADJ
direct-a	AUX
direct-in	ADV
director	PROPN
director,	PROPN
directorate	PROPN
directorin	PUNCT
dirham	NOUN
dirhams	NOUN
diriam	VERB
diriamna	NOUN
disana	PROPN
disasi	ADJ
disasters	PROPN
disc	NOUN
disco	PROPN
disco-a	DET
disco-ah	NOUN
discount	NOUN
discreet	ADJ
discretionary	PROPN
discuss	NOUN
discussion	DET
disha	ADJ
disinfect	VERB
disitrct-a	PRON
dislike	NOUN
disney	PROPN
disney+	PROPN
disneyland	PROPN
dispenser	NOUN
displaced	PROPN
displine	PROPN
dispute	NOUN
disqaulified	VERB
disqualify	VERB
dist	PROPN
distancing	NOUN
distracted	ADJ
distress	NOUN
district	PROPN
district,	PROPN
district-	PROPN
district-a	NOUN
district-ah	NOUN
district-ahte	PROPN
district-in	NOUN
district-te	PROPN
district:	NOUN
districtah	ADP
distrik	PROPN
distrochemy	NOUN
ditlang	ADP
diu	NOUN
divas	PROPN
dive	NOUN
diversion	PROPN
dividend	NOUN
divinitatis	PROPN
division	PROPN
division-ah	PROPN
division-in	PROPN
division-ten	PROPN
divisioniii,	PROPN
divison	ADV
divock	PROPN
divser	NOUN
diwali	PROPN
diwas	PROPN
diwas'	PROPN
dixon	PUNCT
diyas	PROPN
dj	PROPN
djed	PUNCT
djenepo	PROPN
djennah	PROPN
djere	PROPN
djibril	PROPN
djiouti	PRON
djokovic	PROPN
djokovic-a	ADV
djokovic-an	PROPN
djordje	PROPN
djudezmo	PROPN
djudio,	PUNCT
djurdjevi	PROPN
dk	PROPN
dkhar	PROPN
dkharin	PROPN
dlao	NOUN
dlcdac	AUX
dlcfp	DET
dlmc	PROPN
dlsa	AUX
dlsa-ah	PROPN
dlsc	NOUN
dltf	PROPN
dm	PROPN
dm&	PUNCT
dm&r	PROPN
dmdk,	PROPN
dmitruva	PROPN
dmitry	PUNCT
dmk	PROPN
dms	PUNCT
dna	NOUN
dnce	PUNCT
dnipro	PROPN
do	NOUN
do,	ADV
do.	NOUN
docks	PUNCT
doctor	DET
doctrine	NOUN
document	NOUN
document-ah	NOUN
document-te	VERB
documentary	NOUN
documentation	DET
documents	NOUN
dodal	VERB
dodal,	VERB
dodal.	VERB
dodal?	VERB
dodala	ADJ
dodalin	ADJ
dodalin,	ADJ
dodalna	NOUN
dodalnaa	VERB
dodaltu	NOUN
dodaltute	NOUN
dodge	VERB
dodoz	PROPN
dodoz-a	PROPN
dodum	PROPN
dodâlna	NOUN
dodâltute	NOUN
dog	NOUN
dogg	PROPN
doha	PROPN
doha-a	PUNCT
doin	VERB
doja	CCONJ
dokamlova	PROPN
dokhuma	PROPN
doklam	ADP
doku	PROPN
dokuma	PROPN
dolan	PROPN
dolet	VERB
doletna	NOUN
dolgopolov	PROPN
dolianbuaia	PROPN
dolianbuaia,	PROPN
dolkun	PROPN
doll	NOUN
dollar	NOUN
dolly	ADV
dolma	PRON
dolma-i	PROPN
dolphin	NOUN
dolrich	PROPN
dome	NOUN
domenico	PROPN
domestic	PRON
dominga	PROPN
dominic	ADV
dominican	PROPN
dominik	PROPN
domino	NOUN
domperidone	PROPN
don	PUNCT
dona	NOUN
donaa	ADJ
donald	PROPN
donanemab	PROPN
donation	DET
donbas	PROPN
doncic	PROPN
doner	PROPN
doner-ah	ADP
doner-in	PUNCT
donetsk	PROPN
donlad	PUNCT
donna	PROPN
donnarumma	PUNCT
donny	PROPN
donors	AUX
donuruma	PROPN
donut	NOUN
donyell	PROPN
door	NOUN
doordarshan	PROPN
doormatah	ADP
dopawnga	ADP
dor	NOUN
dorbar	PROPN
dorenda	PROPN
dorm-ah	DET
dormund	NOUN
dorna	PROPN
dorothy	PROPN
dorothy-i	NOUN
dortmund	PROPN
dortmund-in	PROPN
dosata	ADP
dose	NOUN
doshmanziari	PROPN
doss	PROPN
dota	PUNCT
dothanga	PROPN
dotu	PRON
dotute	DET
dotuten	ADJ
double	ADJ
doubles	VERB
doucoure	PROPN
doue	PUNCT
douglas	PROPN
doumbia	PROPN
doué	PUNCT
dove	PROPN
dovin	NOUN
dovizioso	PROPN
dowi	VERB
downey	PROPN
download	VERB
download-in,	VERB
download-na	NOUN
downtown	NOUN
downtown-ah	NOUN
doxycycline	PROPN
doyang	PROPN
dozer	NOUN
dozika	PROPN
do’	NOUN
dp&ar	ADP
dpar	PUNCT
dpc	PROPN
dpr	PROPN
dpr-te	NOUN
dps	PROPN
dr	PROPN
dr.	PROPN
dr.lallenmawia,	PROPN
dr.lalrinmuani	PROPN
dr.lily	PROPN
dr.r.lalthangliana	PROPN
dr.thani	PROPN
dr.thiamsanga,	PROPN
dr.vanlalthlana,	PROPN
draft	VERB
drafting	PROPN
drag	VERB
dragao-ah	PROPN
dragon	DET
dragonfruit	NOUN
drain	NOUN
drake	PROPN
drake-a	PROPN
drama	NOUN
draper	PUNCT
drapes	NOUN
drass	ADP
draupadi	PROPN
draw	NOUN
draw-ah	NOUN
drawer	NOUN
drawer-ah	NOUN
drawing	CCONJ
draxler	PROPN
draymond	VERB
drc	PROPN
drda	PROPN
drda,	PROPN
drdo	NOUN
drdo,	VERB
dre	PROPN
dreisamstadion	NOUN
drink	NOUN
drinks	ADJ
drip	DET
drive	NOUN
drive-thru	NOUN
driver	NOUN
driver's	VERB
driver,	NOUN
driveway	NOUN
driveway-ah	PROPN
driving	VERB
dro	PROPN
dro-in	PROPN
drogba	PROPN
drone	NOUN
drones	NOUN
drop	AUX
droupadi	PROPN
droz	PROPN
drug	NOUN
drugs	NOUN
drugs,	PRON
drugs-ah	PRON
drugs/eirukna	PROPN
drum	NOUN
drummer	AUX
druze	AUX
drywall	NOUN
dsco	PUNCT
dsk	PROPN
dsp	PROPN
dst	PROPN
dsw	PROPN
dsyo	PUNCT
dt	NOUN
dtc	PROPN
dtcc	NOUN
dtf	PROPN
dth	VERB
dto	PROPN
dto-ah	PROPN
dtv	PROPN
du	PROPN
dua	PROPN
duah	ADJ
duai	ADJ
duai.	ADJ
duailo	ADJ
duak	ADJ
duak.	ADJ
dual	ADP
duan	ADJ
duan.	ADJ
duanchhuah	VERB
duang	VERB
duang,	VERB
duang.	VERB
duangin,	PROPN
duangtute	SCONJ
duanlawk	ADJ
duansak	NOUN
duante	NOUN
duar	ADJ
duarte	PUNCT
duat	VERB
duat.	VERB
duata	ADJ
duata,	ADJ
duata?	ADJ
duati	PROPN
duatin	VERB
duatlai	ADJ
duatna	VERB
duattu	NOUN
dub	NOUN
dubai	PROPN
dubai-a	ADP
dubai-ah	PROPN
dubbed	VERB
dube	PROPN
dubey	PROPN
dublin	PROPN
dubois	PROPN
dubois-an	SCONJ
ducati	DET
duchess	NOUN
duckworth	PROPN
dudo	PUNCT
dudo,	PUNCT
dueh	VERB
duet	NOUN
duffel	NOUN
duffle	ADJ
duggal	PROPN
duh	VERB
duh!	NOUN
duh,	VERB
duh,"	PUNCT
duh,'	VERB
duh,’	PUNCT
duh-sakna	NOUN
duh.	NOUN
duh."	VERB
duh?	VERB
duh?"	ADV
duha	VERB
duhaisakna	VERB
duham	ADJ
duham.	ADJ
duhamna	NOUN
duhamna!	NOUN
duhamnain	ADJ
duhawm	ADJ
duhawm,	ADJ
duhawm.	ADJ
duhawma	PROPN
duhawmdepay-a	DET
duhawmlo	ADJ
duhawmna	NOUN
duhawmna,	NOUN
duhawmnain	ADJ
duhawmte	NOUN
duhberte	ADJ
duhdah	ADJ
duhdan	ADJ
duhdana	VERB
duhdanin	ADJ
duhhamna	DET
duhho	ADJ
duhin	ADJ
duhkhawp	ADJ
duhkima	PROPN
duhlai	ADJ
duhlai.	ADJ
duhlai?	ADJ
duhlaite	ADJ
duhlian	ADJ
duhlo	ADJ
duhloh	ADJ
duhlohna	NOUN
duhlona	ADJ
duhna	NOUN
duhna,	NOUN
duhna.	NOUN
duhnaah	ADJ
duhnain	NOUN
duhnate	NOUN
duhoma	PROPN
duhpui	VERB
duhsak	VERB
duhsak,	VERB
duhsak.	VERB
duhsaka	ADJ
duhsakin	ADJ
duhsakna	NOUN
duhsaknaah	ADJ
duhsaknain	ADJ
duhsaktu	NOUN
duhsaktute	NOUN
duhsakzia	ADJ
duhtak	ADJ
duhtak!	ADJ
duhtak,	ADJ
duhtak.	ADJ
duhtak?	ADJ
duhtaka	ADJ
duhtakin	ADJ
duhtakte	NOUN
duhtan	PUNCT
duhtawk	ADJ
duhtawk.	ADJ
duhtawka	ADJ
duhte	NOUN
duhte'n	VERB
duhte.	NOUN
duhten	ADJ
duhthawh	ADJ
duhthawng	PRON
duhthlan	ADJ
duhthlani	PROPN
duhthlanna	NOUN
duhthlannaah	ADJ
duhthlannna	VERB
duhthsam	NOUN
duhthu	ADJ
duhthu-a	VERB
duhthu.	ADJ
duhthua	ADJ
duhthusam	ADJ
duhthusam.	ADJ
duhthusam:	ADJ
duhthusama	ADJ
duhthusamin	ADJ
duhthusamnaah	ADJ
duhthusamte	NOUN
duhthusàm,	NOUN
duhtu	PRON
duhtui	ADJ
duhtuina	NOUN
duhtute	NOUN
duhtuten	ADJ
duhtâwk	ADJ
duhui	ADJ
duhzawng	ADJ
duhzawngte	ADJ
duhzia	ADJ
duhzâwng	ADJ
duhâm	ADJ
duhâmna	NOUN
duichuani	PROPN
duk	NOUN
duk.	VERB
duke	PROPN
duke-in	DET
dul	DET
dul.	ADJ
dulah	ADJ
dulan	PROPN
duli	ADJ
duliajan	NOUN
dulo.	PROPN
dulte	ADJ
dum	NOUN
dum,	ADJ
dum.	NOUN
duma	ADJ
duma-te	PROPN
dumah	ADJ
dumahte	ADJ
dumfries	PROPN
dumfries-an	PROPN
dumin	ADJ
dumluia	DET
dummies	NOUN
dumpawl	ADJ
dumpling	NOUN
dumte	NOUN
dun	ADJ
dun'	ADJ
dun,	ADJ
dun.	ADJ
dundee	PROPN
dune	ADP
dung	ADJ
dung,	ADJ
dunga	DET
dungah	NOUN
dunglêna	PROPN
dungtlang	PROPN
dunin	ADJ
dunin,	ADJ
dunna	ADJ
dunpui	ADJ
dunpuiah	VERB
dunst	PROPN
dunte	ADJ
dunthin.	PROPN
duntir	ADJ
dup	ADJ
dup!	ADJ
dup.	ADJ
dupont	PUNCT
duque	PROPN
dur	NOUN
dur.	ADV
durai	PROPN
duran	PROPN
duran,	PROPN
durand	DET
durex	PRON
durga	PROPN
durgapur	PROPN
durh	VERB
durian	PUNCT
durpui	PROPN
durtlang	PROPN
durtlang,	ADP
durtlanga	ADJ
durtlangah	PROPN
durtlangin	PROPN
durtlâng	PROPN
dusan	PROPN
dushka-i	PROPN
dussehra	PROPN
dusseldorf	NOUN
dusseldorf-a	NOUN
dusshera	PROPN
dut	ADV
dutch	ADJ
dutchman	NUM
dutee	PROPN
duterte	PROPN
dutt	PROPN
duttapur	PROPN
duty	NOUN
duty,	PROPN
duty-ah	AUX
duty-na	NOUN
duty-te	NOUN
duty-ten	NOUN
duty.	NOUN
dvb	PROPN
dvcf	CCONJ
dvd	NOUN
dvo	PROPN
dvo,	DET
dvorak	PROPN
dwarf	ADV
dwayne	PROPN
dwight	PROPN
dws	PROPN
dwsc	PROPN
dy	PROPN
dy.	PUNCT
dybala	PROPN
dyche	PROPN
dye	VERB
dylan	PROPN
dynamo	PROPN
dynamos	PROPN
dynasty	DET
dynatic	ADJ
dysfunction	NOUN
dystopia	DET
dzeko	PROPN
dzhalilov	PROPN
dzire	PROPN
dzk	ADP
dzukou	PROPN
dzumhur	PROPN
dzyuba	NOUN
dàn	NOUN
dànah	ADJ
dàwr	VERB
dâi	NOUN
dâk	VERB
dâl	VERB
dâltu	NOUN
dâmpui	CCONJ
dân	NOUN
dâna	VERB
dânah	ADJ
dânin	ADJ
dânin,	ADJ
dânte	NOUN
dân’	NOUN
dâr	NOUN
dârbah	ADV
dârkâr	NOUN
dârlâwnah	ADP
dârthlalang	NOUN
dâwl	VERB
dâwm	VERB
dâwn	NOUN
dâwn,	NOUN
dâwn.	NOUN
dâwn?	VERB
dâwna	ADJ
dâwp	NOUN
dâwr	VERB
dâwra	ADJ
dâwrh	VERB
dâwrin,	NOUN
dâwrkaipa	NOUN
dâwrnaah	ADV
dâwrpui	NOUN
dâwt	NOUN
dâwtah	ADJ
dâwtsawi	VERB
désiré	PROPN
dêcor	PROPN
dêng	VERB
dênghmingthanga,	PROPN
dêngkhâwng	ADJ
dêr	ADV
dêr.	ADV
dêt.	VERB
díaz	PROPN
dîl	NOUN
dîla	ADJ
dîlin	ADJ
dîlna	NOUN
döner	NOUN
dûn	ADJ
dûn.	ADJ
dûra	DET
dűn	VERB
e	VERB
e!	VERB
e"	VERB
e'	VERB
e,	VERB
e,"	VERB
e,'	VERB
e,’	PRON
e-ah	VERB
e-cigarette	NOUN
e-district	PROPN
e-mail	NOUN
e-mail,	PUNCT
e-scooter	PROPN
e-tendering	NOUN
e.	VERB
e.'	VERB
e.g.	ADV
e.lo	PROPN
e.mahse	PUNCT
e10	PROPN
e20	PROPN
e:	VERB
e;	VERB
e?	VERB
ea	NOUN
eap	PROPN
earth	PROPN
eason	PROPN
east	PROPN
east,	PUNCT
east-ah	PROPN
easter	PROPN
eastern	PROPN
eat"	PART
eawh	NOUN
eb	NUM
ebana	PROPN
ebay	PROPN
ebay-ah	PROPN
ebd	PROPN
ebenezer	PRON
eberechi	PROPN
eberra	PUNCT
ebola	PROPN
ec	DET
echampions	DET
eci	PROPN
eci-in	PROPN
ecil	PROPN
ecm	PROPN
ecm,	DET
eco	PROPN
eco-friendly	VERB
ecology	ADP
ecomomy,	NOUN
economic	ADJ
economics	NOUN
economicy	ADJ
economist	NOUN
economy	NOUN
economy,	NOUN
economy-a	PROPN
economy-ah	DET
economy-in	PRON
ecuador	PROPN
ecuador-a	PRON
ecuador-ah	VERB
ecuador-in	PROPN
ecuadorian	AUX
eczema,	PROPN
ed	PROPN
ed:a	PROPN
ed:nangma	PROPN
edah	NOUN
edathodika	PROPN
eddie	PROPN
edema,	PUNCT
eden	NOUN
eden,	NOUN
eden-ah	PROPN
edena	PROPN
edenthar	PROPN
eder	ADP
ederson	PROPN
edgar	PUNCT
edi	NOUN
edin	PROPN
edinburg-ah	PROPN
edinburgh	PROPN
edinson	PROPN
edison	PROPN
edison-a	PROPN
editing	SCONJ
edition	PROPN
editor	NOUN
editor,	PUNCT
editor-in	ADJ
editorial	ADJ
editorial-ah	NOUN
edmeades	NOUN
edmonton,	ADP
edmund	PROPN
edoardo	NOUN
edom	PROPN
edoma	PROPN
edouard	PROPN
edp	VERB
edson	PROPN
edu	PUNCT
eduardo	PROPN
eduation	PUNCT
education	PROPN
education-a	ADP
education-ah	NOUN
edufest	PROPN
edutech	DET
edward	PROPN
edwards	PROPN
ee	PROPN
ee,	PROPN
eeco	PROPN
eels	DET
eest	PUNCT
ef&cc	PROPN
efc	PROPN
efc-in	PROPN
efci	DET
eferee	NOUN
efesi	VERB
effa	PROPN
eg.	PROPN
eglentine	PRON
ego	PRON
egort	PROPN
egot	PROPN
egovernance	PROPN
egyprian	PUNCT
egypt	PROPN
egypt-a	VERB
egypt-ah	PROPN
egyptian	ADJ
eh	VERB
eh?	VERB
eheu!	PUNCT
ei	VERB
ei!	VERB
ei,	VERB
ei-in	ADJ
ei-rawngbawlna	ADJ
ei-sum	DET
ei.	VERB
ei."	VERB
ei?	VERB
eia	VERB
eiah	ADJ
eibar	NOUN
eibarah	NOUN
eichawp	NOUN
eichhe	VERB
eichhin	VERB
eichmann	PROPN
eidgah-ah	PROPN
eiffel	PROPN
eih	NOUN
eiin	ADJ
eiin,	ADJ
eikham	ADJ
eikhamah	ADJ
eikhawm	NOUN
eikhawmna	NOUN
eikhawmnaah	ADJ
eikhawp	ADJ
eilir	PROPN
eilish	NOUN
eina	NOUN
eindhoven	PROPN
einstein	PROPN
einstein-a	PROPN
eintracht	PROPN
eintrancht	NOUN
eipui	NOUN
eiral	VERB
eirawng	NOUN
eirawngbawl	VERB
eirawngbawlna	NOUN
eirawngbawltu	DET
eiru	NOUN
eiru,	NOUN
eiruk	VERB
eirukna	NOUN
eirutute	VERB
eirùk	VERB
eirûk	DET
eirûkna	NOUN
eisiam	NOUN
eisiamtu	ADV
eisteddfod-ah	PROPN
eisual	VERB
eite	VERB
eithat,	PUNCT
eitir	VERB
eitir.	VERB
eitlak	AUX
eitling	ADJ
eitu	NOUN
eitur	NOUN
eitute	NUM
eizawhin	PROPN
eizawn	ADJ
eizawng	ADJ
eizawnga	ADP
eizawngte	NOUN
eizawngtu	NOUN
eizawnna	NOUN
eizawnna,	NOUN
eizawnna.	NOUN
eizawnna:	NOUN
eizawnnaa	ADP
eizawnnaah	ADJ
eizawnnain	ADJ
eizawnnaten	NOUN
eizawnna’	NOUN
ejehi	PROPN
ek	NOUN
ek,	NOUN
ek-in	NOUN
ekaterina	PROPN
ekawl	NOUN
ekcheh	VERB
ekdur	NOUN
ekhai!	INTJ
ekhai,	INTJ
ekhai.	INTJ
ekhbariya	PUNCT
ekin	NOUN
ekitike	PROPN
eklavia	PROPN
ekna	VERB
eknath	PROPN
ekta	PROPN
ekzam	VERB
ekzamin	NOUN
el	NOUN
el-jehudeide	PROPN
el-koma	PROPN
el.	NOUN
ela	PROPN
elanga	PROPN
elantra	PROPN
elaw?	INTJ
elazara	ADP
elba	PROPN
elbrus	PROPN
elc	PROPN
elche	PUNCT
elche-in	PROPN
eldor	VERB
ele	PUNCT
eleazara’	VERB
eleazera	PROPN
elecronics	SCONJ
elected	VERB
election	PROPN
election-	PROPN
election-a	NOUN
election-ah	ADP
electirc	ADJ
electoral	ADJ
electors	NOUN
electric	PROPN
electrician	DET
electricity	NOUN
electrification	NOUN
electronic	ADJ
electronics	ADP
elementary	ADJ
elena	NOUN
elevate	PROPN
elevator	VERB
eleven	NUM
elh	VERB
elia	PROPN
eliana	PROPN
eliasah	PROPN
eliezera	PROPN
elihua'n	PROPN
elija	PROPN
eliminator	PROPN
elina	PUNCT
elisa	PROPN
elisa,	PROPN
elisan	SCONJ
elise	NOUN
elisian	PUNCT
elitism	PUNCT
elitist	PUNCT
eliyahu	PROPN
elizabeth	PROPN
elizabeth-i	PROPN
elizabeth-ii	PUNCT
elk	NOUN
elkana	NOUN
elke	ADV
elkos	DET
ella	PROPN
elland	NOUN
ellen	ADP
ellen-i	PUNCT
ellie-i	PROPN
elliott	PROPN
elna	NOUN
elneny	PROPN
elney	PROPN
elo.	PART
elo?	PART
elphak	PART
elpui	ADJ
elpui,	NOUN
elpuite	ADJ
elrela	VERB
elrelna	NOUN
elsen	VERB
elsinore	PROPN
elson	PROPN
eltiang	ADJ
eltianga	ADV
eltiangin	NOUN
eltu	NOUN
elvis	PROPN
ely	PROPN
elyounoussi	PROPN
elysees	PROPN
em	ADV
em!	ADV
em!!	ADV
em!'	ADV
em!.	ADV
em!?	PART
em!a	PRON
em,	ADV
em-kei	ADP
em-liando	PUNCT
em.	ADV
em2	SCONJ
em;	ADV
em?	ADV
em?"	ADV
em?".	ADV
em?'	ADV
em?,	ADV
em?.	ADV
em?a	NOUN
em?en	AUX
em?hre	PRON
em?min	AUX
em?’	PRON
ema	ADJ
emah	INTJ
emai	INTJ
emai.	INTJ
email	NOUN
email-in	PUNCT
emanuel	PROPN
emanuele	PROPN
emar	PROPN
emaw	CCONJ
emaw'n	NOUN
emaw,	CCONJ
emaw-in	VERB
emaw.	CCONJ
emawa	CCONJ
emawah	ADV
emawhzat	NOUN
emawin	ADJ
emawina	VERB
emawni	VERB
emawte	VERB
emawti	NOUN
emawzah	NOUN
emawzat	VERB
embakasi	PROPN
embassy	NOUN
embassy-ah	DET
embed	VERB
embiid	PROPN
embolo	PROPN
emergency	NOUN
emerson	PROPN
emery	PROPN
emet	VERB
emi	PROPN
emil	PROPN
emile	PROPN
emilia!	PROPN
emiliano	PROPN
emily	PROPN
emily-i'n	PROPN
emily-in	PROPN
emin	ADV
emin,	ADJ
emina	PROPN
emirate	PROPN
emirates	PROPN
emma	PROPN
emmanouil	PROPN
emmanuel	PROPN
emmanuela	PUNCT
emmy	PROPN
emmys	PUNCT
emna	NOUN
emo	VERB
emotional	PROPN
empai	NOUN
empanelment	NOUN
empannel	AUX
emperor	PROPN
empire	DET
employee	NOUN
empoli	VERB
empress	PROPN
emre	PROPN
emrooz	PROPN
emrs	NUM
emrs,	PUNCT
emsden-james	PUNCT
emt	ADJ
emte	INTJ
emten	NOUN
emtu	NOUN
emu	AUX
en	VERB
en!	VERB
en,	VERB
en.	VERB
en?	VERB
enbik	NOUN
enchhin	VERB
enchhin.	VERB
enchhin?	VERB
enchhinna	NOUN
enchhinnaah	ADP
enchian	VERB
enchiang	VERB
enchimloh	ADJ
enclave-a	AUX
encyclopedia	NOUN
end	PROPN
end-ah	PROPN
endan	VERB
endawng	VERB
endik	VERB
endik.	VERB
endika	VERB
endikin	ADJ
endikin,	ADJ
endikna	NOUN
endiknaah	ADJ
endiksak	VERB
endikte	VERB
endiktir	VERB
endiktu	NOUN
endiktute	NOUN
endo	PROPN
endorsement	ADJ
endoscope	NOUN
endoscopy	NOUN
endrick	PROPN
endun.	DET
endzone-ah	NOUN
energy	NOUN
enes	PROPN
enfel	VERB
enfel.	VERB
enfiah	VERB
enfiah.	VERB
enfiah?	VERB
enfiahin	ADJ
enfiahin,	ADJ
enfiahna	NOUN
enfiahnaah	ADJ
enfiahtu	NOUN
enfiahtute	NOUN
enfield	PROPN
enforcement	PROPN
eng	ADJ
eng'e	PRON
eng,	ADJ
eng-land	VERB
eng.	ADJ
eng;	ADJ
eng?	ADJ
enga	PROPN
enga'n	ADV
enga,	PRON
engagement	NOUN
engah	ADJ
engahmah	ADJ
engamah	ADJ
engang	SCONJ
engangin	PRON
engatan	DET
engatanmah	PRON
engati	SCONJ
engating	SCONJ
engchen	AUX
engemaw	CCONJ
enghring	VERB
engin	PRON
engine	NOUN
engineer	NOUN
engineer,	PUNCT
engineer-in	DET
engineer-te	PROPN
engineer-ten	ADV
engineering	PROPN
engkim	NOUN
engkim,	NOUN
engkima	ADJ
engkimah	ADJ
engkimah,	ADJ
engkimah.	ADJ
engkimin	ADJ
engkimtithei	ADJ
engkimtitheia	NOUN
engkunga	PROPN
englai	ADJ
englaipawha	ADV
england	PROPN
england,	VERB
england-a	PRON
england-ah	PROPN
england-in	PROPN
englandah	PROPN
english	PROPN
english,	PROPN
english-a	ADJ
english-in	ADJ
english-vietnamese	ADJ
englisha	PROPN
englo	NOUN
engloa	VERB
engmah	ADJ
engmahin	ADJ
engmahlo	PRON
engmaw	VERB
engmaw?!	PRON
engmawia	ADV
engmawia,	PROPN
engmeaw	PRON
engnge?	NOUN
engpawh	ADJ
engpawhnise	ADV
engpawhnise,	ADV
engphiarin	ADJ
engtak	ADJ
engta°e	PRON
engte	ADJ
engteh	PRON
engthawl	VERB
engthawlna,	NOUN
engthawlthlak	CCONJ
engthil	ADJ
engti	NOUN
engtia	ADJ
engtiang	ADJ
engtianga	ADJ
engtiangin	ADJ
engtih	ADJ
engtik	ADJ
engtika	ADJ
engtikah	ADJ
engtikah?	ADJ
engtikahmah	ADJ
engtikahmah.	ADJ
engtikawng	PRON
engtiklai	ADJ
engtin	ADJ
engtin?	ADJ
engtinge	ADV
engtingnge?	NOUN
engtizia	ADJ
engtiziaa	ADJ
engto	NOUN
engvang	ADJ
engvanga	ADJ
engvangan	SCONJ
engvangin	PRON
engvanginnge	VERB
engvângin	PRON
engzah	NOUN
engzahah	NOUN
engzat	PRON
engzata	PRON
engzatin	ADP
engzatna	DET
engzatnge	PRON
eng’	ADJ
enho	CCONJ
enho.	PRON
enhran	ADJ
enhrang	ADJ
enhypen	PUNCT
enin	ADJ
enin,	ADJ
enin.	ADJ
eniwo	PROPN
enkawl	ADJ
enkawl,	ADJ
enkawl.	ADJ
enkawl?	ADJ
enkawla	ADJ
enkawla,	ADJ
enkawlin	ADJ
enkawlin,	ADJ
enkawllai	VERB
enkawllaite	VERB
enkawlna	NOUN
enkawlnaah	ADJ
enkawlpui	ADJ
enkawlsak	VERB
enkawlte	VERB
enkawltu	NOUN
enkawltu,	NOUN
enkawltuah	ADJ
enkawltur	NOUN
enkawltute	NOUN
enkawltuten	ADJ
enkawlzui	VERB
enkoul	ADP
enkual	VERB
enkual.	VERB
enlarged	CCONJ
enlawkna	PART
enlenna	NOUN
enlennaa	ADJ
enliam	VERB
enna	NOUN
ennaah	ADP
ennawm	ADJ
ennawn	VERB
ennawn.	VERB
ennawna	VERB
ennawnin	ADJ
ennawnin:	ADJ
ennawnna	VERB
enoka	PROPN
enondji	PROPN
enpui	VERB
enpui.	VERB
enpuina	NOUN
enrique	PROPN
ensak	VERB
ensak.	VERB
ensan	VERB
entawn	VERB
entawn.	VERB
entawna	ADJ
entawna,	ADJ
entawnin	ADJ
entawnin,	ADJ
entawntlak	ADJ
entawntlak,	ADJ
entawntlaka	ADJ
entawntlâk	ADJ
entawntlâk,	ADJ
entawntlâk.	ADJ
entawntlâka	NOUN
enteh	VERB
enteh,	VERB
entertainment	NOUN
enthla	VERB
enthla.	VERB
enthlak	VERB
enthlak.	VERB
enthlakna	NOUN
enthlatu	NOUN
enthlatua	ADJ
enthlatuah	ADJ
enthlatute	NOUN
enthlâk	VERB
enthlâkna	VERB
enthusiast	PROPN
enthusiastic	AUX
entir	VERB
entir.	VERB
entir?	VERB
entirin	ADJ
entirin,	ADJ
entirna	NOUN
entirnan	ADJ
entirnan,	ADJ
entirnan-	ADJ
entirnan:	ADJ
entirnan?	ADJ
entirtlak	VERB
entitlement	ADJ
entrance	NOUN
entrance-a	VERB
entrepreneur-te	NOUN
entrepreneurship	NOUN
entu	NOUN
entu,	NOUN
entuho	PRON
entur	VERB
entura	DET
entute	AUX
entuten	ADJ
entîr	VERB
entîrna	NOUN
envelope	NOUN
envelope-a	PRON
envelope-ah	NOUN
enviroment	PUNCT
environment	NOUN
environment-ah	NOUN
enzo	PROPN
enzo-an	PUNCT
enzui	VERB
eoi	PROPN
ep	NOUN
epeicentre	NOUN
ephesi	PROPN
ephessi	ADP
ephraim	DET
ephraima	ADP
ephrona	PROPN
epicentre	DET
epikuria	DET
epip	PROPN
episode	NOUN
epl	PROPN
epl,	VERB
epl-a	AUX
epl-ah	PROPN
eptu	NOUN
eptute	DET
eptuten	ADJ
equalities	CCONJ
equateur	PUNCT
equator	NOUN
equatorial	NUM
er	VERB
er.	VERB
er.lalrinawma	INTJ
era	NOUN
era'	PROPN
erasmus	PROPN
erawh	CCONJ
erawh,	ADP
erawh.	NOUN
erawhchu,	ADV
erawhin	PROPN
erc	PROPN
erdogan	PROPN
erectile	ADJ
eredivisie	PROPN
eredivisie-ah	PROPN
eri	PROPN
eric	PROPN
erik	PROPN
eriksen	PROPN
eriksenjuventus-in	NOUN
eritrea	PROPN
erkin-a	PROPN
erling	PROPN
ernesto	PROPN
ero	PROPN
ero,	PROPN
eros	NOUN
erratic	ADJ
ert	NOUN
ertiga	PROPN
ertiga-ah	PROPN
ertu	PRON
erwin	PROPN
esa	PUNCT
esauva	PROPN
escalator	NOUN
eschatology	NOUN
eshwarappa	PROPN
esi	PROPN
esic	PROPN
esin	PUNCT
eskol	PROPN
esl	PROPN
esp,	PROPN
espanyol	PROPN
espanyol-in	PUNCT
espargarã³	PROPN
esperanto	PROPN
esperanto,	PUNCT
esperanto-a	PRON
esperanto-in	PROPN
espirito	PROPN
esposito	PROPN
essay	NOUN
essayist	PROPN
essequibo	PROPN
essin-hote	PROPN
essy	PROPN
estadi	VERB
estadio	PROPN
estevao	PROPN
esther-i’n	PUNCT
estheri	PROPN
estheri-te	PROPN
estimate	DET
estonia	ADJ
estuary	NOUN
estévez	PROPN
et	PUNCT
etawtin	PROPN
etc	PROPN
etc.	NOUN
etc.)	PRON
etc.,	PUNCT
etc.-te	PRON
etchings	NOUN
etdc	PROPN
eth	DET
ethan	NUM
ethanol	NOUN
ethics	PART
ethiopia	PROPN
etienne	ADP
etihad	PROPN
etna	PROPN
eto	NOUN
etpbs	NUM
etymology	NOUN
eu	VERB
eubank	PROPN
eucharist	ADP
euclides	ADP
eugen	ADP
eugenie	NOUN
eul-a	PROPN
eunice	PROPN
eupen	PROPN
euphrates	ADP
eureka	PROPN
euro	PROPN
euro-ah	DET
europ	ADP
europa	PROPN
europe	PROPN
europe-a	PROPN
europe-ah	PROPN
europe-ahte	PUNCT
european	ADJ
euros	PROPN
eurosport	PROPN
eurovision	NOUN
eurozone	DET
eusebio	PROPN
eusebius-a	PROPN
euthanasia	NOUN
ev	PROPN
eva	NOUN
eva-in	NOUN
evan	PROPN
evander	PUNCT
evangelical	ADP
evangelos	PUNCT
evanilson	NOUN
evans	PROPN
evdo	PROPN
eve	PROPN
eve-ah	PRON
eve-in	PROPN
evelyn	PROPN
evenflow	PROPN
event	NOUN
event-a	NOUN
event-ah	DET
everest	PROPN
everett	PROPN
everon	NOUN
everton	PROPN
everton,	PROPN
everton-ah	PROPN
evi	NOUN
eviction	NOUN
evidence	NOUN
evin	PROPN
evm	PROPN
evok,	ADP
evra	PROPN
evs,	ADP
ex	NOUN
ex-gratia	PROPN
ex-mla	NOUN
ex-mla,	PUNCT
ex-moderator-in	PUNCT
ex-mp	PROPN
ex-mp,	PUNCT
ex-officio	PUNCT
ex-president	PUNCT
ex-servicemen	PROPN
exam	NOUN
exam-ah	NOUN
exam-naa	NOUN
exam-naah	ADP
exam-tu	NOUN
exama	NOUN
examination	PROPN
examining	VERB
examna	NOUN
examnaah	VERB
exceptional	PRON
exchairman-in	DET
excise	PROPN
excise-te	DET
excluded	DET
execise	PUNCT
executive	PROPN
executive,	PROPN
exer	VERB
exercise	PRON
exercise-ah	NOUN
exercise-te	ADJ
exfoliating	VERB
exhibition	NOUN
exhibition-ah	NOUN
exhibitionah	PROPN
exhibitor	DET
exiguus	PROPN
exiled	ADP
exit	NOUN
exo	PROPN
exosphere	NOUN
expansionist	ADJ
experience	NOUN
experienced	NOUN
experiment	NOUN
expire	ADP
exploit	NOUN
exploitation	VERB
exploration	NOUN
explore	VERB
expo	PROPN
exponential	ADJ
expository	NOUN
express	PROPN
extension	DET
extra	ADJ
extra-time	ADJ
extrasensory	NOUN
extratime	PUNCT
extremeist	NOUN
eyam	DET
eyebrows	NOUN
eyedrop	NOUN
eyep	NUM
eyepatch	NOUN
eyeshadow	NOUN
eyjafjallajökull	PUNCT
eyptian	NUM
eyupspor	NOUN
eze	PROPN
ezekiela	PROPN
ezion-geber-ah	ADP
ezpeleta	PROPN
ezra'n	PROPN
e’	ADJ
f	PROPN
f-21	NUM
f.	PROPN
f.aithanga	PROPN
f.lalhulh,	PROPN
f.sanglura	PROPN
f1	PROPN
fa	NOUN
fa,	NOUN
faa	VERB
fabergé	PROPN
fabian	PROPN
fabian-an	PROPN
fabien	PROPN
fabinho	PROPN
fabio	PROPN
fabiân	PROPN
fabregas	PROPN
fabric	NOUN
fabrizio	PROPN
facebook	PROPN
facebook,	PROPN
facebook-a	PROPN
facebook-ah	PROPN
facebook-in	PROPN
fachuam	NOUN
facility	NOUN
facility-a	NOUN
factor	ADP
factor-ah	PROPN
factory	NOUN
factory-a	AUX
factory-ah	NOUN
facts	DET
faculty	NUM
faculty,	NOUN
faculty-ah	NOUN
facundo	PROPN
fadil	PROPN
fadil-a	PROPN
fadil-an	PROPN
fadila	PROPN
fadila'n	PROPN
fadnavis	PROPN
fadnavis-a	PROPN
fadıl-a	PROPN
faf	NOUN
fah	NOUN
fahmiang!	ADV
fahrah	NOUN
fahrah,	NOUN
fahrahte	NOUN
fahran	NOUN
fahrana	VERB
fahranin	ADV
fahrenheit	PROPN
fai	VERB
fai,	VERB
fai.	VERB
faia	ADJ
faia,	ADJ
faiah	ADJ
faifuk	VERB
faih	AUX
faiin	ADP
fail	VERB
faina	ADJ
faina,	ADJ
faina”	ADJ
fainest	DET
fair	ADJ
fair-ah	PROPN
fair.	CCONJ
fairel	NOUN
fairness	NOUN
fairplay	DET
faisa,	NOUN
faite	ADJ
faitu	NOUN
faivang	PRON
faizia	NOUN
fajardo-a	PROPN
fak	NOUN
fak.	NOUN
faka	ADJ
fakau	ADJ
fakawm	ADJ
fakawm.	ADJ
fakawmi	CCONJ
fakawna	PRON
fakengland	NOUN
faki	PROPN
fakin	ADJ
fakin,	ADJ
fakmawia	DET
fakmawii	PROPN
fakna	PRON
fakna?	DET
faknaa	ADJ
faknaah	ADJ
fakriel	PROPN
faksak	ADV
faktei	PROPN
faktei-ah	PROPN
fakzualan	CCONJ
fal	NOUN
fal,	ADJ
fal.	NOUN
fala	PART
falaco	VERB
falah	ADV
falak	NOUN
falam	PROPN
falcao	ADP
falin	ADJ
falkawn	PUNCT
falkawna	ADJ
falkland	PROPN
falkland,	PROPN
falkland-ah	PUNCT
fallon	PROPN
falna	NOUN
false	VERB
falsetto	NOUN
fam	VERB
fambawl	PROPN
family	PROPN
famkim	ADJ
famkim'	ADJ
famkim,	ADJ
famkim.	ADJ
famkim:	ADJ
famkima	ADJ
famkimah	ADJ
famkimin	ADJ
famkimlo	ADJ
famkimna	NOUN
famkimnaah	ADJ
famkimte	NOUN
fan	VERB
fan-te	NOUN
fan-ten	AUX
fan.	VERB
fanai	NOUN
fanai,	NOUN
fanai-in	PROPN
fanatik	PROPN
fanau	NOUN
fanau,	NOUN
fanaute	NOUN
fanaute'n	AUX
fanauten	ADJ
fanauva	ADJ
fanchun-in	PROPN
fancode	NOUN
fang	NOUN
fang.	NOUN
fangchhuak	PUNCT
fanghma	NOUN
fanghmir	NOUN
fangi	PART
fangin	ADJ
fangin,	ADJ
fangkual.	DET
fangtu	ADJ
fanin	ADJ
fanna	NOUN
fanpui	VERB
fans	NOUN
fans,	NOUN
fans-te	ADJ
fante	NOUN
fantiago	PROPN
fantir.	NOUN
fanu	NOUN
fanu'	NOUN
fanu,	NOUN
fanu.	NOUN
fanu/fapa	PUNCT
fanuin	ADJ
fanur	PRON
fanute	NOUN
fanuten	ADJ
fao	PROPN
fapa	NOUN
fapa,	NOUN
fapa.	NOUN
fapaa	NOUN
fapain	VERB
fapate	ADJ
fapaten	ADJ
fapater	ADP
far	NOUN
far.	NOUN
farah	PROPN
farawa	PROPN
farc	PROPN
farc-te	DET
fardeen	PUNCT
farias	PROPN
farid	PROPN
farid-a	PROPN
faridpur	PROPN
farioli	NOUN
faris	PROPN
farisai	NOUN
farkawn	NOUN
farkawn-in	PROPN
farkawnah	ADP
farke	ADV
farley-a	PROPN
farm	NOUN
farm-a	NOUN
farm-ah	ADP
farmer	NOUN
farmers	PROPN
farmhouse	ADJ
farmhouse-ah	PRON
farming	VERB
farmville	PROPN
farnu	NOUN
farnu,	NOUN
farnuin	ADJ
farnute	NOUN
faroe	PROPN
faroese	PROPN
farooq	PROPN
fartir	VERB
faryd	PROPN
fashion	NOUN
faso	PROPN
fast	ADJ
fat	NOUN
fatah	PUNCT
fatawu	PUNCT
fate	NOUN
fate'n	PRON
fate,	NOUN
fate-	NOUN
fate.	NOUN
fatea	DET
faten	ADJ
fate’n	DET
father	ADP
fati	PROPN
fatu	NOUN
fatumbu	NOUN
fault	NOUN
favai	NOUN
favang	NOUN
favorite	PROPN
favre	PROPN
favângah	VERB
faw	PROPN
fawh	VERB
fawhna	NOUN
fawhsak	DET
fawk	VERB
fawm	VERB
fawmin	ADJ
fawmkem	VERB
fawmkhawm	VERB
fawn	VERB
fawng	NOUN
fawnin	ADJ
fawnte'n	AUX
fawp	VERB
fawp.	VERB
fawpa	ADP
fawr	VERB
fax	NOUN
fb	PROPN
fb,	PROPN
fbb	PROPN
fbi	PROPN
fbi-ah	DET
fbi-in	PROPN
fc	PROPN
fc,	PROPN
fc-ah	PRON
fc-in	PROPN
fca	PROPN
fcaa	PROPN
fcb	PROPN
fcb-in	PROPN
fci	PROPN
fcs&ca	PROPN
fcsca	PROPN
fda	PROPN
fdo,	PROPN
fdr	PROPN
fe	NOUN
fe.	NOUN
fearless	PUNCT
feathered	VERB
feaver	PROPN
feb	PROPN
feb.	DET
february	PROPN
february,	ADP
february-a	PRON
february-ah	PRON
federal	PROPN
federalism	NOUN
federation	PROPN
federer	PROPN
federico	PROPN
fedferico	PART
fedor	ADP
fee	NOUN
feel	PUNCT
feet	NOUN
feh	VERB
feh.	VERB
fehchhuah'	VERB
fehchhuak	VERB
fehchhuak.	VERB
fei	NOUN
feige	PROPN
feiin	ADJ
feijenoord-a	PROPN
feikibar	NOUN
fek	VERB
fekfawka	NOUN
fekir	PROPN
fel	ADJ
fel,	ADJ
fel.	ADJ
fela	PROPN
fela,	PROPN
fela?	PROPN
felah	ADJ
felfai	ADJ
felfai,	ADJ
felfai.	ADJ
felfela	PROPN
felfeli	PROPN
felfâi	ADJ
felhlel	ADJ
feli	PROPN
feli-te	PROPN
felicja	PROPN
felin	ADJ
felipe	PROPN
felix	PROPN
felix-a	NUM
fellaini	PROPN
fello	AUX
fellowship	NOUN
felna	NOUN
felna,	NOUN
felnaa	ADJ
felnain	NOUN
felon	NOUN
felsak	VERB
felte	NOUN
feltman	PROPN
feltu	NOUN
felzia	ADJ
fem	NOUN
female	ADJ
femina	PROPN
feminism	ADP
feminism,	NOUN
femse	ADJ
fen	VERB
fender	DET
fenerbache	PROPN
fenerbahce	PROPN
fenerbahçe	PROPN
feng.	VERB
feni	DET
fenthi:	NOUN
fenty	PROPN
fer	NOUN
feralpisalo	PROPN
ferdinand	PROPN
ferenc	PROPN
ferencvaros	VERB
fergie	PROPN
ferguson	PROPN
ferguson-i	PRON
fermi	PART
fermin	PUNCT
fermîn	PUNCT
fernandes	PROPN
fernandez	PROPN
fernandez-an	PROPN
fernandinho	PROPN
fernando	PART
fernândez	PROPN
ferozepur	PROPN
ferran	PROPN
ferrari	PROPN
ferry	VERB
fes	CCONJ
fes-in	PROPN
festa	NOUN
festival	NOUN
festival-a	PROPN
festival-ah	PROPN
festival’	NOUN
fet	NOUN
fete	NOUN
fetus	NOUN
feverb	DET
feyenoord	PROPN
feyenoord-a	ADP
feynman	PROPN
ffb	NUM
ffp	PART
fgfa	DET
fhtc	VERB
fi	VERB
fia	VERB
fiah	VERB
fiah.	VERB
fiah?	VERB
fiahin	ADJ
fiahin,	ADJ
fiahlo	ADJ
fiahna	NOUN
fiahna)	NOUN
fiahnaah	ADJ
fiahnate	NOUN
fiahsak	VERB
fiahtir	VERB
fiahtu	NOUN
fiam	VERB
fiam.	VERB
fiamna	NOUN
fiamthu	NOUN
fiamthua	NOUN
fiamthuah	ADJ
fiamthuin	ADJ
fiamthute	ADJ
fian	NOUN
fiancee	NOUN
fiangpi-ah	ADP
fianin	ADJ
fianrial	ADJ
fianriala	ADJ
fiante	NOUN
fiara	PUNCT
fiber	VERB
ficci	ADP
fiction	NOUN
fiddle	VERB
fidel	PROPN
fido	NOUN
field	NOUN
field,	PROPN
field-a	NOUN
field-ah	DET
fieldhouse-a	ADP
fifa	PROPN
fifa,	PUNCT
fifa-in	PROPN
fifa.com	ADP
fifth	DET
fight	PROPN
fight-a	DET
fighter	NOUN
figo	PROPN
fih	PROPN
fihlim	VERB
fihlim.	VERB
fihlima,	NOUN
fihlimna	NOUN
fihlîm	VERB
fijian	ADJ
fikayo	CCONJ
fikile	PROPN
filawr	NOUN
filawr,	NOUN
filawr.	NOUN
file	NOUN
file-ah	AUX
file.	VERB
filed	AUX
filhim.	ADP
filiberto	PROPN
filing	NOUN
filip	PROPN
filipi	PROPN
filipino	PROPN
filippo	PUNCT
filistia	PROPN
fillings	NOUN
fillipo	PUNCT
film	NOUN
film,	NOUN
film-a	NOUN
film-ah	NOUN
film-ah.	DET
filmfare	PROPN
films	NOUN
filmstar	NOUN
fim	VERB
fim.	VERB
fimin	ADJ
fimkar	PRON
fimkhur	VERB
fimkhur,	VERB
fimkhur.	VERB
fimkhura	ADV
fimkhurna	NOUN
fimtling	VERB
fin	VERB
fin,	VERB
fin.	VERB
fin.secy,	PUNCT
fina	ADJ
fina,	ADJ
final	ADJ
final-a	SCONJ
final-ah	NOUN
finalah	ADJ
finalist	NOUN
finalization	PROPN
finals	PROPN
finals-ah	PROPN
finance	PROPN
financial	ADJ
finchhuah	VERB
finchhuah.	VERB
finfiah	VERB
finfiah,	VERB
finfiah.	VERB
finfiahna	NOUN
fing	NOUN
fing,	ADJ
fing.	ADJ
fingah	ADJ
finger	PUNCT
fingin	ADJ
fingte	ADJ
fingvar	NOUN
finland	PROPN
finland-ah	ADP
finna	NOUN
finna,	NOUN
finna-ah	ADV
finnaa	ADJ
finnain	PRON
finnate	ADJ
finneas	SCONJ
finnish	PROPN
finrawl	NOUN
finte	ADJ
finthlak	ADJ
finthlak.	ADJ
finthlâk	ADJ
finthuril	ADP
fintu	NOUN
finzia	ADJ
fin’	VERB
fiona	PROPN
fiore	PROPN
fiorentina	PROPN
fir	ADJ
fire	NOUN
firefighting	NOUN
firefly,	VERB
firfiak	NOUN
firfiaka	ADJ
firfiakah	ADJ
firfiakte	NOUN
firfiakten	ADJ
firin	ADJ
firing	PUNCT
firm	NOUN
firmino	PROPN
firozabad	PROPN
first	ADJ
first-generation	DET
fishbowl	NOUN
fisheries	PROPN
fishing	PROPN
fissette	PROPN
fit	ADV
fithlakna	PUNCT
fitness	NOUN
fiwdc	VERB
fixture	NOUN
fk	PROPN
flabbergasted	VERB
flag	NOUN
flagship	NOUN
flamel	PROPN
flamenco	PROPN
flamengo	PROPN
flamini	AUX
flashcard	NOUN
flashcards	NOUN
flashlight	NOUN
flat	NOUN
flavio	PROPN
flavius	PUNCT
flavonoids	NOUN
flea	NOUN
fleek-ah	NOUN
fleming-a	PROPN
fletcher	PROPN
flexibility	NOUN
flight	NOUN
flight-ah	DET
flipkart	PROPN
flipkart-ah	ADP
flirt	VERB
flirtate	ADJ
flirting	VERB
floating	VERB
floor	NOUN
floor-a	NOUN
floor-ah	NOUN
florence	PROPN
florence-ah	PROPN
florencia	PROPN
florida	PROPN
florida-a	PROPN
florida-ah	PROPN
florida-in	PROPN
flower	DET
floyd	PROPN
flu	NOUN
fluminense-in	PUNCT
fluorescent	VERB
flute	DET
flynn	PROPN
flyover	NOUN
flyweight	ADJ
flyweight-ah	VERB
fm	PROPN
fmc-ah	ADJ
fmge&w	NOUN
fmgew	ADP
fmgst	PROPN
fmr	PROPN
fo	ADJ
fo!	ADJ
fo,	ADJ
fo.	ADJ
fo;	ADJ
fo?	ADJ
foa,	NOUN
focac	PROPN
focus	NOUN
foden	PROPN
foezullah	PROPN
fofana	PROPN
fogerty	PROPN
folarin	PROPN
folder	NOUN
folder-ah	NOUN
folk	NOUN
follow	PART
follower	VERB
fona	VERB
fona,	ADP
fonseca	PROPN
font	ADJ
food	NOUN
food)	NOUN
fool	PUNCT
football	NOUN
football,	PROPN
football-a	AUX
football-ah	NOUN
football-in	NOUN
footballa	DET
footballer	NOUN
footballers	NOUN
footnote	NOUN
for	PROPN
forbes	PROPN
forbes-in	NOUN
forbidden	AUX
force	NOUN
forces	NOUN
ford	PROPN
forecaster	NOUN
forecasting	NOUN
foreign	ADJ
foreigner	ADJ
foreigner-te	NOUN
foreman	DET
forensic	ADJ
forensics	NOUN
forest	PROPN
forest-in	PUNCT
forgery	NOUN
form	NOUN
form-ah	NOUN
formation	NUM
formula	PROPN
forrest	PROPN
forsthill	PUNCT
fortuna	PRON
fortuner	DET
forum	PROPN
forum-ah	NOUN
forward	ADV
forwarding	VERB
foster	PUNCT
fotia-ah	PROPN
foundation	PROPN
founders	PROPN
four	NUM
fournier	NOUN
fova,	CCONJ
fova.	NOUN
fovin	ADJ
foward	ADV
foxall	PROPN
foxconn	PROPN
foxes	PROPN
foxes-in	PROPN
fpc	PROPN
fpo	ADJ
fpos	PROPN
fr.	PUNCT
fracture	NOUN
frame	NOUN
fran-cis	PUNCT
franc	NOUN
france	PROPN
france,	PUNCT
france-a	PRON
france-ah	VERB
francesco	PUNCT
franchi	PROPN
franchi-ah	ADP
franchising	NOUN
francis	PROPN
francisco	PROPN
francisco,	AUX
francisco-a	ADP
francisco-ah	AUX
francisco-ah,	PROPN
francium	NUM
franck	PROPN
franco	PUNCT
frankenstein	PROPN
frankfurt	PROPN
franklin	PROPN
frappart,	PROPN
frasera	PRON
frattesi	PROPN
frazzled	VERB
freadys	PUNCT
freaky	PROPN
freb-a	PROPN
frech	PROPN
fred	ADP
fred,	PROPN
fred-a	ADP
fred-an	SCONJ
freddy	CCONJ
frederic	PUNCT
frederico	NOUN
frederiksen	PROPN
fredy	PROPN
free	ADJ
freekick	NOUN
freestyle	VERB
freethrow	DET
freeway	NOUN
freeway-ah	NOUN
freezer	NOUN
freezer-ah	DET
freiburg	PROPN
french	PROPN
french,	ADP
french-a	VERB
french-ah	PROPN
french-in	PROPN
frenchman	PROPN
frenkie	NOUN
freud	VERB
freud-a	PROPN
friday	PROPN
friday-ah	PROPN
fridge	NOUN
fridge-a	PRON
fridge-ah	PRON
frie	PART
friend	DET
friendly	ADJ
fries	NOUN
frimpong	PROPN
frisbee	PROPN
frisian	PUNCT
fritz	PROPN
frogman	NOUN
frontale	PROPN
frontline	NOUN
fronx	PROPN
frosinone	NOUN
frozen	ADJ
fructose	PROPN
frusciante	NOUN
fs	NOUN
fsa	PROPN
fsdl	PROPN
fsl	PROPN
fsl-a	ADJ
fst	NOUN
fst,	PROPN
ft	PROPN
fth	PROPN
fu	NOUN
fu.	NOUN
fu;	NOUN
fua	VERB
fual	ADJ
fuan	VERB
fuchsia	ADP
fucsovics	PROPN
fuel	NOUN
fughter	PRON
fuh	VERB
fuh.	VERB
fuhin	ADJ
fuhin,	ADJ
fuhrich	PROPN
fuh’	VERB
fuih	VERB
fuih.	VERB
fuih?	VERB
fuiha	PRON
fuiha,	CCONJ
fuihin	ADJ
fuihin,	ADJ
fuihin:	ADJ
fuihna	NOUN
fuihna,	NOUN
fuihpawrh	VERB
fuihpawrhtu	NOUN
fuihphur	AUX
fuihtu	NOUN
fuji	PROPN
fujimori	PROPN
fukche	VERB
fuke	NOUN
fukna	NOUN
fukuoka,	PROPN
fukushima	PROPN
fulani-hovin	PROPN
fulham	PROPN
fulhamfulhma	PROPN
full	ADJ
fullback	NOUN
fullkrug	PROPN
fumfe	ADJ
fumio	PROPN
fun	VERB
function	NOUN
fund	NOUN
fund-ah	PROPN
funding	NOUN
fundraiser	NOUN
fung	NOUN
fungus	NOUN
funin,	ADV
funna	NOUN
fur	NOUN
fur.	NOUN
furah	ADJ
furious	ADJ
furman	PROPN
furniture	NOUN
furpui	ADJ
furpuiin	NOUN
furs-in	AUX
furth	PROPN
furusho	PROPN
fury	PUNCT
futenma	PROPN
futon	NOUN
futsal	PROPN
futsal,	PROPN
futsal-a	PROPN
futui	PRON
fwd	PROPN
fxb	PROPN
fâbio	PUNCT
fâl	ADJ
fân	VERB
fâwm	VERB
fâwma	ADJ
fâwn	VERB
fâwnte'n	AUX
fâwp	VERB
fê	NOUN
fên	VERB
fîm	ADJ
fîmkhur	ADJ
fîmkhura,	ADJ
fûn	VERB
fûnte	NOUN
fûr	NOUN
fûrpui	NOUN
g	PROPN
g-20	PART
g20	PROPN
g2r	PROPN
g7	PROPN
g88	PROPN
ga,	PROPN
gaal	PROPN
gables	ADP
gabon	PUNCT
gabriel	PROPN
gabriel,	PROPN
gac	PROPN
gad	PUNCT
gada	VERB
gaddafi	PROPN
gaddafi-a	ADJ
gadgets	NOUN
gadhvi	PROPN
gadi	PROPN
gadkari	PROPN
gadot	PROPN
gael	PROPN
gaelic	ADP
gaemi	PROPN
gaga	PROPN
gagan	PROPN
gagangir	ADP
gaikwad	PROPN
gaither	PROPN
gaja	PROPN
gakpo	PUNCT
galactic	PROPN
galacticos	NOUN
galatasaray	PROPN
galatasaray-in	PROPN
galatasary-in	PUNCT
galaxy	NOUN
galaxy-ah	NOUN
galeed	DET
galer	PUNCT
galilee	PROPN
galileo	PROPN
galili	PRON
gallagher	PROPN
gallantry	PROPN
gallery	NOUN
gallery-ah	DET
galleys-a	PRON
gallic	PROPN
galtier	PROPN
gamal	PROPN
gambhir	PROPN
game	NOUN
game-a	NOUN
game-ah	NOUN
game-changer	NOUN
game-te	NOUN
gamer	NOUN
games	NOUN
games-a	PRON
games-ah	PROPN
gamlin-i	PROPN
gamma-ray	PROPN
gana	PROPN
ganc	PROPN
gandhi	PROPN
gandhi-a	SCONJ
ganesan	PROPN
ganesh	PROPN
gang	NOUN
gang-ah	NOUN
ganga	PROPN
gangotri	PUNCT
gangte	PUNCT
gangtok	ADP
gangtok-ah	PROPN
ganja	PROPN
gao	PROPN
garage	NOUN
garage-a	NOUN
garage-ah	NOUN
garbine	PROPN
garbyal-a	PROPN
garcia	PROPN
gardar	PUNCT
garden	NOUN
gardiner	PROPN
garehwal	PUNCT
gareth	PROPN
garfield-a	PROPN
garfield-an	PUNCT
garg	PROPN
garg,	PROPN
gariaband	PROPN
garib	DET
garissa	PROPN
garissa-a	ADV
garko	PROPN
garnet	DET
garo	ADJ
garros	PROPN
gas	NOUN
gasperini	PROPN
gasquet	VERB
gassova	PROPN
gate	NOUN
gate-ah	ADP
gate-te	PROPN
gates	PROPN
gates-a	NOUN
gats	PROPN
gats-2	PROPN
gats-3	PROPN
gatsby	PROPN
gatti	PROPN
gattuso	PROPN
gau	PROPN
gauff	PROPN
gauff-i	PUNCT
gauge	NOUN
gauhati	PROPN
gauhati-a	PROPN
gaurav	PROPN
gauri	PUNCT
gautam	PROPN
gautam,	PROPN
gauteng,	PROPN
gavit	PROPN
gawe	PROPN
gay	ADJ
gaya,	PROPN
gayle	PROPN
gaza	PROPN
gaza-a	ADP
gaza-ah	PROPN
gazette	NOUN
gbs	NOUN
gd	NOUN
gdp	NOUN
gea	NOUN
gearbox	NOUN
geba-a	PROPN
geeentech	PROPN
geelani	PROPN
geertruida	PROPN
geese	NOUN
gehena	NOUN
gehlot	PROPN
gehlot-a	DET
gelatin	PRON
gelson	PUNCT
gem	ADJ
geman	PRON
gen	PROPN
gen.	PROPN
gen.hqrs	PROPN
gene	NOUN
genenal	PROPN
general	PROPN
generalte	PROPN
generate	VERB
generation	NUM
generation-ah	NOUN
generator	PRON
generator-ah	NOUN
generic	ADJ
genesaret	PROPN
genesis	PROPN
genetic	ADJ
geneva	ADP
geneva-a	ADP
geneva-ah	VERB
genghis	PROPN
genie	DET
genitive	NOUN
gennaro	PROPN
genoa	PROPN
genovia	PROPN
genral	NOUN
gent	PROPN
gentleman	NOUN
gents	PROPN
genuine	ADP
genuineness	NOUN
geometrical	ADJ
geophysicist	NOUN
george	PROPN
george-a	PROPN
george-a'n	AUX
georgia	PROPN
georginio	PROPN
georgiy	PROPN
geospatial	ADJ
gepg	PROPN
gerar	PROPN
gerard	PROPN
gerber	PUNCT
gerd	PROPN
gere	PROPN
germain	PROPN
german	ADJ
german-ah	PROPN
german-ho	DET
german-hovin	PROPN
german-in	PROPN
germania	PROPN
germany	PROPN
germany,	PROPN
germany-a	DET
germany-ah	PROPN
germany-ahte	PRON
germany-in	PROPN
germân	PROPN
gernot	PROPN
gerrard	PROPN
gerrard-a	SCONJ
geta	NOUN
getafe	PROPN
gethsemani	PROPN
gethsemani-ah	PROPN
getter	PROPN
geugraphy	PROPN
gfa	PROPN
gfighter	NUM
ggp	DET
ghagra	PROPN
ghana	PROPN
ghanaian	PUNCT
ghani	PUNCT
ghanian	ADJ
ghar	PROPN
ghars	PROPN
ghars',	PROPN
ghautama	ADJ
ghaziabad	PROPN
ghazni	PROPN
ghc,	PROPN
ghesal	PROPN
ghetto	NOUN
ghor	PROPN
ghosting	VERB
ghouta-a	DET
ghulam	CCONJ
ghura	PROPN
giaccherini	PROPN
giacomo	PROPN
gian	PROPN
gianluca	NOUN
gianluigi	PROPN
giannantonio	PROPN
giannis	PUNCT
giants	PROPN
gibbs	PROPN
gibraltar	PROPN
gibrana	PROPN
gideona	PROPN
gift	PART
gig	PROPN
gigi	PROPN
gihon	PROPN
gijã³n	PROPN
gilbert	PROPN
gilgal	VERB
gilgal-ah	NUM
gilgeous-alexander	PROPN
gilgit-a	PROPN
gilgit-baltistan-ah	ADP
gillis	PROPN
gilmour	PROPN
gimenez	PROPN
giminez	PUNCT
gingiber	PROPN
ginkhansiam	ADP
ginzalal	PUNCT
giorgio	PROPN
giovani	PROPN
giovanni	PROPN
giraffe	NOUN
giri	PROPN
girish	PUNCT
girl	PROPN
girlfriend	NOUN
girls	PROPN
girona	PROPN
giroud	PROPN
giroud-a	VERB
girzzlies	PROPN
gis	DET
gittens	PROPN
giulio	PROPN
gixxer	PROPN
giza	PROPN
gjm	PROPN
gjore	PART
gladabch	NOUN
gladbach	PROPN
gladiator	NOUN
gland	NOUN
glanza	DET
glasgow	ADP
glass	NOUN
glazers	NOUN
gleason	PROPN
glee-a	PRON
gleison	PROPN
glen	PROPN
gli	PROPN
gliding	NOUN
glimt	PROPN
glitch	NOUN
global	ADJ
globalisation	NOUN
globalized	ADP
globemaster	PROPN
gloria	PROPN
glossary-ah	AUX
glossolalia	PROPN
gloster	PROPN
glove	NOUN
gloves	NOUN
gluten	VERB
glutenmas	ADP
glutes	CCONJ
gm	PUNCT
gm,	PUNCT
gma	PROPN
gmc	ADJ
gmch	PROPN
gmd	ADP
gmg	ADP
gmo	NOUN
gmr-a	PROPN
gmsc	PROPN
gmw	PROPN
gnabry	PROPN
gnla	PROPN
gnm	PROPN
gnohere	PROPN
goa	PROPN
goa,	PROPN
goa-a	PRON
goa-ah	PROPN
goal	NOUN
goal-a	ADP
goal-ah	NOUN
goal.	NOUN
goalie	NOUN
goalkeeper	NOUN
goalkepeer	PROPN
goalline	ADP
goalpara-ah	PUNCT
goan	NOUN
goblins	CCONJ
goc,	PUNCT
god	NUM
godavarman	PROPN
godfidence	PROPN
godown	PROPN
godswill	PROPN
goenka	PROPN
goetze	PROPN
goffin	PROPN
gofundme	ADP
goga	PROPN
gogain	PUNCT
goggle	NOUN
gogna	PROPN
gogoi	PROPN
goias	ADP
gokulam	PROPN
golaghat	PROPN
golaghat,	PROPN
golakganj	PROPN
golan	PROPN
golazo	PROPN
gold	NOUN
golden	PROPN
goldfish	NOUN
golding	PUNCT
goldy	PROPN
golf	NOUN
golfer	NOUN
goliath	PROPN
goliatha	PROPN
goliatha,	VERB
golovkin	NOUN
gomati	CCONJ
gomes	PROPN
gomez	PROPN
gomis	PROPN
gomora	PROPN
gomorra	PROPN
goncalo	PROPN
gonzalez	PROPN
gonzalo	PUNCT
gonã§alo	VERB
gonçalo	PUNCT
good	PROPN
goodall	PROPN
goodbyes	NOUN
goodell	PROPN
goodison	PROPN
google	PROPN
google-ah	PRON
google-in	AUX
google.com	PROPN
goosebumps	NOUN
gopal	PROPN
gopalganj	VERB
gopi	PROPN
gopichand	PROPN
gopinathan,	PROPN
gorakhpur	PROPN
gorakhpur-a	PROPN
goralski	PROPN
gorbachev	PROPN
gordian	PROPN
gore	PROPN
gores	PROPN
goretzka	PROPN
gorkha	PROPN
gorkha-te	PROPN
gorkhaland	PROPN
gorkhali	PROPN
gorner	PROPN
goro	PROPN
gosen	PROPN
gosens	PROPN
gospel	PROPN
gospels	PROPN
gosptel	ADP
got	PROPN
goth-a	PUNCT
gothenburg-ah	PROPN
gothic	ADJ
gotze	AUX
government	NOUN
government-te	NOUN
governor	PROPN
governor-general	PROPN
governor-in	PROPN
govt	PROPN
govt.	PROPN
gowda	NOUN
goya	ADP
goyal	PROPN
goyal,	PROPN
gp	PROPN
gp-ah	NOUN
gpa	PROPN
gpay	PROPN
gpdp	ADP
gpf	ADJ
gpl	PROPN
gps	NOUN
graafschap	PROPN
grabar-kitarovic	PROPN
grace	NOUN
grace-i	PUNCT
graceland	VERB
gracia	PROPN
grad	PROPN
grade	NOUN
graduate	VERB
graduate.	VERB
graduation	NOUN
graeff-a	PROPN
graet	PROPN
graf	PROPN
graffiti	PROPN
graft	NOUN
graham	PROPN
graham-a	ADP
grahama	PROPN
gram	NOUN
grameen	ADP
gramin	NUM
grammar	NOUN
grammy	PROPN
grammy-ah	DET
grams	NUM
granada	PROPN
grand	PROPN
grande	PROPN
grande,	PROPN
grandfather	INTJ
grandi	PROPN
grandmaster	NOUN
granit	PROPN
grant	PROPN
grant-an	PROPN
grant-in-aid	NOUN
grants	NOUN
grap	PROPN
grape	VERB
grape,	VERB
grape-a	NOUN
grapefruit	NOUN
grapefruit-guava	DET
graphic	ADJ
graphics	PROPN
grass	NOUN
grasso	VERB
grassroot	NOUN
gravenberch,	PROPN
gray	ADP
grayson	PROPN
graziano	PROPN
grealish	PROPN
great	PROPN
gree	PRON
greece	PROPN
greece,	PROPN
greece-ah	NUM
greek	ADJ
greek-ho	DET
green	PROPN
greene	PROPN
greengrocer	NOUN
greenland	ADJ
greenlandic	PUNCT
greenwood	PROPN
greg	PROPN
gregoire	PROPN
gregorio	PROPN
gregoritsch	PROPN
gregson	PROPN
greh	PROPN
greif	PROPN
grenade	NOUN
grenades	NOUN
grep	NOUN
gresini	PUNCT
greuther	VERB
griekspoor	PROPN
griezmann	PROPN
griezmann-a	PRON
griezmann-an	PROPN
griffiths	PROPN
griffiths-a	PROPN
grigor	PROPN
grigory	PUNCT
grik	DET
grille	DET
grimes	PROPN
grinder	NOUN
griselda	PROPN
grizzlies	NOUN
grizzly	NOUN
grossi	PUNCT
grosso	PROPN
ground	NOUN
ground,	PROPN
ground-ah	NOUN
groundbreaking	VERB
groundhog	PROPN
group	PROPN
group-a	NOUN
group-ah	NOUN
groupa	ADJ
grover	PROPN
grower	PROPN
growth	NOUN
gru	PROPN
grzegorz	ADP
grêp	NOUN
gs	PROPN
gs,	PUNCT
gsa	PROPN
gsc-ah	NOUN
gsdp	PROPN
gsi	PROPN
gsm-te	PROPN
gst	PROPN
gst-ah	PROPN
gtea	PUNCT
gu	PROPN
guacamole	PART
guam	ADJ
guangzhou-ah	ADP
guantanamo-ah	PRON
guarani	PROPN
guaranty	NOUN
guard	NOUN
guardado	PROPN
guardiola	PROPN
guarjardo	PROPN
guarterly	ADV
guatemala	PROPN
guawhati	PRON
guayaquil	PROPN
gucci	VERB
gudelj	PROPN
gudjohnsen-a	PUNCT
guehi	PROPN
guernicas	PROPN
guerrero	PUNCT
gueye	PROPN
guglielmo	PROPN
guide	NOUN
guilbert	PROPN
guillermo	PROPN
guimaraes	VERB
guinea	PROPN
guinea-a	PROPN
guinea-ah	ADP
guinness	PROPN
guirassy	PUNCT
guitar	NOUN
guitarist	NOUN
guite	PROPN
guite,	PROPN
gujarat	PROPN
gujarat,	PUNCT
gujarat-ah	PROPN
gujarati	ADP
gujjar	DET
gulbrandsen	ADP
guler	PROPN
guler,	ADP
gulf	PROPN
gulf-a	AUX
gulf-ah	ADJ
gulfam	PROPN
gulmohar	PROPN
gulshan	PROPN
gummidipoondi	PROPN
gummy	ADJ
gundam	PROPN
gundogan	PUNCT
gunjan	PROPN
gunji-ah	PROPN
gunnar	PROPN
gunners	PROPN
gunners-in	DET
guppies	NOUN
gupta	PROPN
gurmeet	PROPN
gurung	PROPN
gus	PROPN
gustav	PROPN
gustavo	PROPN
gutkha	PUNCT
guts	NOUN
guwahati	PROPN
guwahati,	PROPN
guwahati-a	PROPN
guwahati-ah	PROPN
guwahati-ahte	PUNCT
guwauhati	PROPN
gvardiol	PUNCT
gvp	PROPN
gwalior,	ADP
gwen	PROPN
gwss	PROPN
gylfi	AUX
gym	NOUN
gym-a	NOUN
gym-ah	NOUN
gyokeres	PROPN
gâler	PUNCT
h	PROPN
h&fw	PROPN
h-ah	PROPN
h.	PROPN
h.k.	PROPN
h.lalduhawma,	PROPN
h.lalremruata,	PROPN
h.lianzelan	PROPN
h.rohluna	PROPN
h1n1	PUNCT
ha	NOUN
ha!	NOUN
ha,	NOUN
ha-ah	VERB
ha-ha-ha,	VERB
ha.	NOUN
ha/wi	VERB
haadam	AUX
haahdam	VERB
haaland	PROPN
haaland-a	PROPN
haaland-an	PROPN
haarlem-ah	PUNCT
haat	PROPN
haavara	PROPN
habakkuka	PROPN
habakuka	PROPN
habi	PART
habib	PROPN
hacchek	PUNCT
hacertz	PROPN
hachang	VERB
hachhek	NOUN
hachhekah	PROPN
hachimura	PROPN
hackathon	PROPN
hacks	NOUN
hadada	PROPN
hadary	NOUN
haddadi	PROPN
hadi	ADP
hadi-a	PROPN
hadid	PROPN
hadrian-an	NOUN
hafeez	PROPN
hafiz	PROPN
haflong	PROPN
hag	PROPN
hagari	PROPN
hagarin	PROPN
hah	VERB
hah"	VERB
hah,	ADJ
haha.	PUNCT
hahaha	AUX
hahchawl	VERB
hahchawl.	VERB
hahchawlh	VERB
hahchawlhna	NOUN
hahchawlhtir	VERB
hahchawlhtir.	VERB
hahchhe	NOUN
hahchhiau	VERB
hahchhiau.	VERB
hahdam	VERB
hahdam!	VERB
hahdam.	VERB
hahdam?	ADJ
hahdamin	ADJ
hahdamna	NOUN
hahdamna,	NOUN
hahdampui	VERB
hahdamthlak	ADJ
hahdamthlak.	ADJ
hahdamtir	VERB
hahdamtir.	VERB
hahin	ADJ
hahipin	ADJ
hahlam	VERB
hahn	CCONJ
hahna	NOUN
hahnem	ADJ
hahni	VERB
hahpui	VERB
hahthlak	ADJ
hahthlak,	ADJ
hahthlak.	ADJ
hahthlakin	AUX
hahthlakzia	ADJ
hahthlâk	ADJ
hahum	ADP
hahîpin	ADV
hai	VERB
hai,	VERB
hai.	VERB
haichhuah	VERB
haichhuahna	NOUN
haichhuak	VERB
haichhuakah	VERB
haichiko	PUNCT
haider	VERB
haihawn	DET
haihawt	ADJ
haihchham	VERB
haihchhamtir	VERB
haikimi	PROPN
haiku	NOUN
hailakandi	ADP
hailakandi-ah	ADP
hailan	VERB
hailang'	VERB
hailanna	NOUN
hailey	PROPN
hailuhna	NOUN
hailut	VERB
haimual	PROPN
haina	ADJ
hairdryer	NOUN
hairstyle	ADJ
hairstyle-a	NOUN
haisan	AUX
haiti	PROPN
haitian	ADJ
hak	NOUN
hak.	NOUN
hak?	NOUN
hakamada	NUM
hakan	PUNCT
hakata	PROPN
hakha	ADP
hakim	ADP
hakimi	PROPN
hakodate	PROPN
hakpui	ADP
haktir	VERB
haktîr	VERB
hal	NOUN
hal.	NOUN
hal?	NOUN
halappa	PUNCT
haleluiah	PUNCT
halep	PROPN
half	NOUN
half-ah	NOUN
half-kilo	ADJ
halfah	NOUN
halflong	PROPN
halftime	NOUN
halh	ADJ
halh.	ADJ
haliburton	PROPN
halin	ADJ
halin,	ADJ
halkha	PROPN
hall	PROPN
hall,	PROPN
hall-a	ADP
hall-ah	PROPN
halladay	PUNCT
halleluia	INTJ
halleluiah	INTJ
haller	PROPN
halloween	PROPN
halloween-ah	PROPN
hallucination	NOUN
hallucinations	NOUN
hallway	NOUN
halmawi	NOUN
halmawite	CCONJ
halna	NOUN
halpuah	NOUN
halpuah,	NOUN
halral	VERB
halralin	ADJ
halsak	VERB
halsak.	VERB
haltu	NOUN
haltute	NOUN
ham	NOUN
ham.	NOUN
hama	PUNCT
hamana	PRON
hamari	PROPN
hamas	PROPN
hamas-in	PROPN
hamas-te	ADV
hamas-ten	PROPN
hamburg	PROPN
hamburger	NOUN
hamdan-a	PROPN
hamhaih	VERB
hamhaih.	VERB
hamilton	PROPN
hamilton-a	PROPN
hamilton-an	PRON
hammer	DET
hammers	PROPN
hammers-in	DET
hammhatna	NOUN
hammock	NOUN
hamna	VERB
hampden	PROPN
hampshire	PROPN
hamrik	NOUN
hamsapara	PROPN
hamsapara-a	DET
hamsik	PROPN
hamster	NOUN
hamstring	NOUN
hamtha	ADJ
hamthatna	NOUN
hamtu	NOUN
hamṭha	NOUN
hamṭhat	VERB
hamṭhatna	NOUN
hamṭhatnate	NOUN
han	ADV
hanagal	PROPN
hancko	PROPN
hand	DET
handball	NOUN
handel	NOUN
handholding	PROPN
handholding,	PROPN
handleman	DET
handloom	PROPN
handset	NOUN
handstand	NOUN
handyman	PROPN
hang	NOUN
hang,	NOUN
hangshing	PROPN
hani	PROPN
haniyeh	PROPN
hank	PROPN
hanks	PROPN
hannibal	PROPN
hannover	PROPN
hanoi,	PROPN
hanoi-a	PROPN
hanry	PROPN
hans	PROPN
hansom	NOUN
hantip	PRON
hanukkah	PROPN
haokholet	PROPN
haokip	PROPN
haokip,	PROPN
hap.	VERB
happiness	PROPN
hapta	NOUN
hapta"	NOUN
haptaah	PUNCT
har	NOUN
har!	ADJ
har,	NOUN
har.	NOUN
harajuku	PROPN
haram	PROPN
haram-te	PROPN
haran	VERB
harbor	PROPN
hard	ADJ
hardback	ADJ
hardcore	ADV
hardik	PROPN
hardin-a	PROPN
harding	PROPN
harh	VERB
harh.	VERB
harh?	VERB
harhchhuah	VERB
harhchhuak	VERB
harhfim	ADJ
harhin,	PRON
harhna	NOUN
harhna,	NOUN
harhnaah	ADV
harhna’	NOUN
harhtharna	NOUN
harhvang	ADJ
harhvâng	ADJ
hari	PROPN
hari-a	ADJ
haribabu	PROPN
harin,	ADJ
haris	CCONJ
harish	PROPN
hark	AUX
harleen	PROPN
harley	NOUN
harley-davidson	PROPN
harmon	PROPN
harmonica	PROPN
harmonised	VERB
harmonised-tu	DET
harmony	NOUN
harnaaz	PROPN
harold	PROPN
harp	NOUN
harper	NOUN
harpsichord	NOUN
harris	PROPN
harris-a	PROPN
harrison	PROPN
harrison,	PROPN
harry	PROPN
harry-a	PROPN
hars.	PRON
harsa	VERB
harsa,	VERB
harsa.	VERB
harsa:	VERB
harsaa	ADJ
harsaah	ADJ
harsain,	AUX
harsat	ADJ
harsat.	ADJ
harsat?	ADJ
harsate	ADJ
harsatna	NOUN
harsatna,	NOUN
harsatna?	NOUN
harsatnaah	ADJ
harsatnain	ADJ
harsatnat	AUX
harsatnate	NOUN
harsatzia	ADJ
harshita	AUX
harsstna	PRON
hartharna	PRON
hartley	PROPN
hartman	PROPN
harumafuji	PROPN
harumi	CCONJ
harvard	PROPN
harvard-a	PROPN
harvard-ah	PROPN
harvey	PROPN
haryana	PROPN
haryana-a	DET
haryana-ah	PUNCT
hasaranga	PROPN
hasenhuttl	PROPN
hasina	PROPN
hasong	PUNCT
hassan	PROPN
hastkala	PROPN
hat	AUX
hatate	ADJ
hatay	PROPN
hathaka	PROPN
hathaway	PROPN
hathras-ah	AUX
hatim	PUNCT
hatim-ah	ADV
hatsatna	NOUN
hattrick	NOUN
hau	NOUN
hau-a,	INTJ
hau-sakna	DET
hau.	NOUN
hau?	NOUN
haubiakmuan	PROPN
hauchhum	PROPN
haug	PROPN
hauh	VERB
hauh'	VERB
hauh.	VERB
hauhin	ADJ
hauhna	NOUN
hauhnar	NOUN
hauhnar-in	PROPN
hauhpui	ADJ
hauhsak	NOUN
hauhsak.	NOUN
hauhtu	NOUN
hauhuk	NOUN
hauhvin	PRON
haukhenkhama	PROPN
haulamchingi	PART
haulawng	PROPN
hauna	ADJ
hausa	NOUN
hausa,	NOUN
hausa.	NOUN
hausa?	NOUN
hausak	NOUN
hausakna	NOUN
hausakna,	NOUN
hausaknaah	ADJ
hausaknain	ADJ
hausaknate	NOUN
hausakpui	ADJ
hausakpuina	PRON
hausaktu	DET
hausakzia	ADJ
hausate	ADJ
hausaten	ADJ
hautak	ADJ
hautak.	ADJ
hautakah	ADJ
hautakin	ADJ
hautakzia	ADJ
haute-savoie	ADJ
hauva	PROPN
hauzel	PROPN
hav.	PROPN
haveli,	PROPN
haven	PROPN
havertz	PROPN
havre	PROPN
haw	VERB
haw.	VERB
haw?	VERB
hawa,	CCONJ
hawahtir	DET
hawaii	PROPN
hawaii-a	AUX
hawaii-ah	AUX
hawh	VERB
hawh,	VERB
hawh.	VERB
hawha	PART
hawhah	NOUN
hawhin	ADJ
hawhtir	VERB
hawi	NOUN
hawi.	NOUN
hawia	AUX
hawia,	VERB
hawichhuah	PRON
hawichhuak	VERB
hawih	VERB
hawihai	VERB
hawihai.	VERB
hawihawm	PRON
hawihawmna	VERB
hawiher	NOUN
hawiher,	NOUN
hawihhawm	ADJ
hawihhawmlohna	NOUN
hawihhawmna	NOUN
hawihhawmnaah	NOUN
hawihháwm	PRON
hawihhâwm	ADJ
hawihhâwmah	NOUN
hawihhâwmna	NOUN
hawihil	ADJ
hawiin	ADJ
hawiin,	ADJ
hawikir	VERB
hawin,	PROPN
hawina	NOUN
hawisan	VERB
hawisan.	VERB
hawisanna	NOUN
hawk	VERB
hawk.	VERB
hawkgop	NOUN
hawking	PROPN
hawking-a	VERB
hawklak	ADJ
hawks	PROPN
hawl	NOUN
hawla	PROPN
hawlam	ADJ
hawlan,	PROPN
hawlh	VERB
hawlh.	VERB
hawlin	ADJ
hawlin,	ADJ
hawlzau	DET
hawm.	NOUN
hawn	VERB
hawn.	VERB
hawn?	VERB
hawna	ADJ
hawng	NOUN
hawng.	NOUN
hawng?	VERB
hawnga	ADJ
hawnga.	ADJ
hawngin	ADJ
hawngin,	ADJ
hawngte	NOUN
hawngtu	NOUN
hawngtute	ADP
hawnin	ADJ
hawnna	NOUN
hawnnaah	ADJ
hawnnna	SCONJ
hawnsak	VERB
hawnsak.	VERB
hawnsan	VERB
hawntir	VERB
hawntîr	VERB
hawp	NOUN
hawpui	VERB
hawrawp	NOUN
hawrawp,	NOUN
hawrawpa	ADJ
hawrawppui	ADJ
hawrawppuia	ADJ
hawrh	VERB
hawrrawp	PRON
hawrrawppui	DET
hawsak	ADV
hawsan	VERB
hawt	VERB
hawte	VERB
hawtir	VERB
hawtu	NOUN
hawtute	NOUN
hayasaka	ADP
hayashi	PROPN
hayastan	PROPN
hayley	PUNCT
hazara	PROPN
hazare	PROPN
hazari	PROPN
hazarika	PROPN
hazerot	PROPN
hbc	VERB
hbkcp	PROPN
hc	PROPN
hcc	PROPN
hcdc	PROPN
hceek	ADV
hchaw	NOUN
hchuan	DET
hcl	PROPN
hd	PUNCT
hd-1	PROPN
hdfc	VERB
hduhdahna	ADV
he	VERB
he'	PRON
he,	VERB
he-heh.	PRON
he.	VERB
head	NOUN
head-ahte	NOUN
headline	NOUN
headmaster	DET
headmistress	ADP
headphone	NOUN
headphones	NOUN
headquarters	PROPN
headquarters,	PROPN
headquarters-in	PROPN
heah	ADV
health	PROPN
healthcare	PROPN
healthcare-a	VERB
heap	PROPN
hearing	PROPN
hearn	PROPN
heart	NOUN
heat	PROPN
heater	NOUN
heath	NOUN
heatwave-in	NOUN
heatwaves	NOUN
hebdo	DET
hebrai	PROPN
hebrai-ho	PUNCT
hebrew	PRON
hebron	PROPN
hebron-a	ADP
hebron-ah	ADP
hectare	NOUN
hector	PROPN
heh	NOUN
heh.	NOUN
hehna	NOUN
hei	PRON
hei,	INTJ
hei.	PRON
heiah	PRON
heiazela	PUNCT
heidenheim	NUM
heights	PROPN
heihi	PRON
heihian	PRON
heimlich	PROPN
heinrichs	PROPN
heith	ADV
heitihlai	ADV
heivang	SCONJ
hek	VERB
hek,	VERB
hek.	VERB
heklo.	ADJ
hekna	NOUN
hektu	NOUN
hel	NOUN
hel.	NOUN
hela	VERB
helai	ADJ
helaia	ADJ
helaiah	ADJ
helam	ADJ
helama	ADJ
helamah	ADJ
helen	PROPN
helga	PROPN
helh	VERB
helhhawlh	NOUN
helhkamah	VERB
helhmang	ADJ
helho	NOUN
helhoin	PRON
helhote	NOUN
helicopter	NOUN
helicopter-ah	NOUN
helicopter-in	PROPN
helicopter-te	NOUN
helio	PROPN
helipad	PROPN
helipad-ah	NOUN
hellas	VERB
hellium	NOUN
hello	INTJ
hello.	INTJ
helmand	PROPN
helmet	NOUN
helmet'	VERB
helna	NOUN
helnain	AUX
helpawl	NOUN
helpawl,	VERB
helpawlin	VERB
helpawlte	VERB
helpline	PROPN
helsinki	ADP
helte	ADJ
helten	VERB
hem	NOUN
hem.	NOUN
hemari	PROPN
hemi	PRON
hemichhung	ADP
hemingway	PROPN
hemirual	NOUN
hemophilia	ADP
hemp	PROPN
hemsworth	PROPN
henawm,	PRON
hence.	PUNCT
henderson	PROPN
hendo	PUNCT
hendrix-a	PRON
heng	ADJ
heng:	ADJ
henga	ADJ
hengah	ADJ
hengahte	ADJ
hengho	ADJ
henglai	ADJ
hengte	ADJ
hengtin	VERB
henning	PROPN
henpecked	VERB
henri	PROPN
henrik-a	PROPN
henrikh	PROPN
henry	PROPN
hep	PROPN
hepa	ADJ
hepatitis	SYM
heptullah	PROPN
her	VERB
herah	NOUN
herb	NOUN
herbal	ADJ
herbert	PUNCT
herchhuak	VERB
hercules	PROPN
herh	NOUN
herh.	NOUN
herhawm	VERB
herhna	NOUN
herhsawpa	ADJ
herhse	NOUN
herion	VERB
herman	PROPN
hermansen	PROPN
hermon	PROPN
hermoso	VERB
herna	VERB
hernandez	PROPN
hernández	PROPN
hero	NOUN
heroda	PROPN
herodan	PROPN
heroda’n	PUNCT
heroin	NOUN
heroine	NOUN
herpes	NOUN
herrem	DET
herrem.	VERB
herrera	PUNCT
herring	NOUN
hersan	PUNCT
herschel	PROPN
hershey	PROPN
hersheys	PROPN
hertha	PROPN
hertirtu	VERB
herzegovina	PROPN
hesbon-ah	ADP
heta	ADJ
hetah	ADJ
hetah,	ADJ
hetah.	VERB
hetha	PROPN
heti	ADJ
hetia	ADJ
hetiang	ADJ
hetiang.	ADJ
hetianga	ADJ
hetiangah	ADJ
hetiangin	ADJ
hetiangte	ADJ
hetichung	PRON
hetichunga	PRON
hetih	ADJ
hetihlai	ADV
hetihlaiin	ADV
hetihrual	ADP
hetmyer	PROPN
heu	VERB
heuh	NOUN
heung-min	PROPN
hexagon	NOUN
hey	INTJ
hey!	INTJ
hey,	INTJ
hey.	INTJ
heynckes	PROPN
heynckes-a	ADP
heysel	DET
hezabollah	PROPN
hezbollah	PROPN
hezekia	PROPN
hezekian	PROPN
hfa	PROPN
hfw	PROPN
hggpcs	PROPN
hgwih	ADJ
hhiat	DET
hhrang	DET
hi	ADJ
hi!	ADJ
hi!"	ADJ
hi!.	ADJ
hi!:	ADJ
hi,	ADJ
hi,"	ADJ
hi,’	DET
hi.	ADJ
hi."	ADJ
hi.ka	ADV
hi;	ADJ
hi?	ADJ
hi?.	ADJ
hiah	VERB
hial	ADJ
hial!	ADJ
hial.	ADJ
hiala	ADJ
hialah	ADJ
hialin	ADJ
hialna	NOUN
hialte	NOUN
hiam	ADJ
hian	CCONJ
hian!	CCONJ
hian'	CCONJ
hian,	CCONJ
hian.	CCONJ
hian."	CCONJ
hian.’	VERB
hian;	CCONJ
hianah	PROPN
hianhriaute	NOUN
hianin	ADJ
hiar	ADJ
hiar-pui	DET
hiat	VERB
hiau	ADJ
hibernian	PROPN
hicentral	PROPN
hiddleston	PROPN
hideko	PUNCT
hierarchy	NOUN
higashi-kakogawa	PROPN
higgs	PROPN
high	ADJ
high-level	ADJ
high-school	ADJ
high-speed	ADJ
higher	ADJ
higher-a	ADJ
highland	PUNCT
highlander	PROPN
highlight	VERB
highway	PROPN
highway-02	PROPN
highway-17-a	PROPN
highway-54	PROPN
highway-6	NUM
higuain	NOUN
higuain,	PROPN
hih	VERB
hijab	DET
hik	VERB
hiking	VERB
hiking-ah	VERB
hil	ADJ
hilal	PROPN
hilh	VERB
hill	PUNCT
hill-ah	ADP
hillard	PROPN
hillary	PROPN
hills	PROPN
hills-a	AUX
hilton	PROPN
hilton-ah	PROPN
hilux	PROPN
him	VERB
him,	VERB
him.	VERB
him?	VERB
hima	NOUN
hima,	ADP
himachal	PROPN
himah	AUX
himalayan	DET
himalayas	PROPN
himanta	PROPN
hime	PROPN
himihring	PUNCT
himin	VERB
himlo	ADJ
himlo.	ADJ
himna	NOUN
himna,	PRON
himnate	NOUN
himtu	ADJ
himtu,	ADJ
himzia	PRON
hina	ADJ
hinata	NOUN
hincapie	PROPN
hindi	PROPN
hindi-mizo	PROPN
hindu	PROPN
hindu-muslim	ADP
hindu-te	PROPN
hinduism	ADP
hindustan	PROPN
hindustani/	VERB
hinestroza	PROPN
hinges	NOUN
hingis	PROPN
hini	PUNCT
hinnom	PROPN
hip	NOUN
hip.	NOUN
hip?	NOUN
hiphei	PROPN
hipkins-a	PROPN
hipna	NOUN
hippie-ah	DET
hippo	DET
hippomenes-a	SCONJ
hipral	ADJ
hipsak	VERB
hipster	NOUN
hiptu	NOUN
hiraben	PROPN
hiranandani-a	PROPN
hiroki	PROPN
hiromi	PROPN
hiroshi	PROPN
hiroshima	PROPN
hisap	VERB
hisap-a	SCONJ
hisapa	ADJ
hisapin	ADJ
historian	NOUN
history	NOUN
history-a	ADP
history-ah	NOUN
hisâp	VERB
hit	NOUN
hit,	VERB
hit-and-run	VERB
hit?	VERB
hitachi	PROPN
hitchhiking	VERB
hitesh	PROPN
hithalaite	DET
hitler	PROPN
hitler-a	PROPN
hitlera	PROPN
hitmaker	ADJ
hiv	PROPN
hiv+	DET
hiv+ve	PROPN
hiv/	ADV
hiv/aids	CCONJ
hiṭhalaite	DET
hi’	ADJ
hjulmand-a	PROPN
hl	NOUN
hla	NOUN
hla!	NOUN
hla'	NOUN
hla,	NOUN
hla.	NOUN
hla100	PRON
hlaa	ADJ
hlaa,	ADJ
hlaah	ADJ
hlaahte	PART
hlaan’	ADV
hlabu	ADJ
hlabute	VERB
hlado	NOUN
hladote	NOUN
hlaf	NOUN
hlah	VERB
hlah.	VERB
hlahthlem	VERB
hlai	NOUN
hlaih	NOUN
hlaiin	PRON
hlain	VERB
hlaing	PROPN
hlak	ADJ
hlak.	ADJ
hlaka	ADJ
hlakin	ADJ
hlalin,	ADV
hlam	NOUN
hlamchhiah	VERB
hlamchhiah,	VERB
hlamchhiahtu	NOUN
hlamthum	NOUN
hlamzuih	NOUN
hlan	NOUN
hlan,	NOUN
hlan.	NOUN
hlan:	VERB
hlana	ADJ
hlang	NOUN
hlang.	NOUN
hlanga	ADJ
hlangin	ADJ
hlangkai	VERB
hlanin	ADJ
hlanin,	ADJ
hlanin;	ADJ
hlankai	VERB
hlanlan.	PRON
hlanna	NOUN
hlannaah	ADJ
hlantu	NOUN
hlantute	NOUN
hlap	VERB
hlap.	NOUN
hlaphuah	ADJ
hlaphuahthiamte	ADV
hlapui	ADJ
hlar.	ADJ
hlarh	ADJ
hlarua	PROPN
hlasak	PRON
hlat	VERB
hlat.	PROPN
hlat?	NOUN
hlatah	ADJ
hlate	ADJ
hlateah	ADV
hlathu	PUNCT
hlatsak	ADJ
hlattir	VERB
hlattîr	PRON
hlau	VERB
hlau!	VERB
hlau,	VERB
hlau.	VERB
hlaua	AUX
hlauh	ADJ
hlauh!	ADJ
hlauh.	ADJ
hlauh?	ADJ
hlauha	DET
hlauhawm	ADJ
hlauhawm,	ADJ
hlauhawm.	ADJ
hlauhawm?	ADJ
hlauhawma	ADJ
hlauhawmah	ADJ
hlauhawmin	ADJ
hlauhawmna	NOUN
hlauhawmna?	NOUN
hlauhawmte	ADJ
hlauhawmzia	ADJ
hlauhna	NOUN
hlauhna,	NOUN
hlauhna.	NOUN
hlauhnain	ADJ
hlauhruk	PROPN
hlauhthawn	VERB
hlauhthawnawm	NOUN
hlauhthawnawmloh.	VERB
hlauhthawngin	ADP
hlauhthawnna	NOUN
hlauhthawnnain	ADJ
hlauhzawm	VERB
hlauhzia	ADJ
hlauin	ADJ
hlaulo	PRON
hlauthawnawm	ADV
hlauthawng	ADJ
hlauthawng.	ADJ
hlauthawngah	ADJ
hlauthawngin	ADJ
hlauthâwng.	ADJ
hlauva	ADJ
hlauva,	ADJ
hlauvin	ADJ
hlauvin,	ADJ
hlawh	NOUN
hlawh,	NOUN
hlawh.	NOUN
hlawh.le	NOUN
hlawh;	NOUN
hlawh?	NOUN
hlawhah	ADJ
hlawhcham	NOUN
hlawhchham	VERB
hlawhchham.	VERB
hlawhchham?los	NOUN
hlawhchhamah	ADJ
hlawhchhamin	ADJ
hlawhchhamna	NOUN
hlawhchhamna,	NOUN
hlawhchhamnaah	ADJ
hlawhchhamnate	NOUN
hlawhchhamtir	VERB
hlawhchhuah	VERB
hlawhchhuak	VERB
hlawhchhuak.	VERB
hlawhfa	NOUN
hlawhfate	ADJ
hlawhfâ	PRON
hlawhin	ADJ
hlawhltin	VERB
hlawhlting	NOUN
hlawhna	NOUN
hlawhpung	VERB
hlawhte	NOUN
hlawhtinna	PUNCT
hlawhtinpui	ADP
hlawhtir	VERB
hlawhtl;in	VERB
hlawhtlin	VERB
hlawhtling	VERB
hlawhtling,	VERB
hlawhtling.	VERB
hlawhtlinglo	NOUN
hlawhtlingpui	NOUN
hlawhtlingte	ADJ
hlawhtlinin	ADJ
hlawhtlinna	NOUN
hlawhtlinna,	NOUN
hlawhtlinnaah	ADJ
hlawhtlinnain	ADJ
hlawhtlinnate	ADJ
hlawhtlinpui	VERB
hlawhtlinpuitute	ADP
hlawhtlting	PRON
hlawk	VERB
hlawk.	VERB
hlawk?	VERB
hlawkna	NOUN
hlawkna.	NOUN
hlawkna’	VERB
hlawkpui	VERB
hlawkpui.	VERB
hlawkpuiawm	AUX
hlawkpuiin	ADV
hlawkpuina	NOUN
hlawkpuinate	ADJ
hlawkthlak	ADJ
hlawkzawk	NOUN
hlawkzia	CCONJ
hlawl	ADJ
hlawl.	ADJ
hlawm	VERB
hlawm,	VERB
hlawm.	VERB
hlawma	ADJ
hlawmah	DET
hlawmin	ADJ
hlawn-kawng	ADP
hlawndo	PROPN
hlawng	VERB
hlawp	ADJ
hlawp.	ADJ
hlawt	ADJ
hlawtlin-na	AUX
hlazir	NOUN
hla’	PROPN
hle	ADV
hle!	ADV
hle,	ADV
hle,"	ADV
hle,’	ADV
hle-in	NOUN
hle.	ADV
hle.hmingtea	ADV
hle.mahse,	ADJ
hle.mizoram	ADJ
hle.northeast	ADJ
hle.sociedad	NOUN
hle:	ADV
hle;	ADV
hlea	PRON
hlec	PROPN
hleh	VERB
hlehsak	NOUN
hlei	ADJ
hlei.	ADJ
hleibik	VERB
hleih	NOUN
hleih.	NOUN
hleihluak	ADJ
hleihna	NOUN
hleihtheih	ADJ
hleihtheihloh,	VERB
hleihzia	NOUN
hleilen	NOUN
hleilenna	NOUN
hlein	ADJ
hleinem	ADJ
hleinem,	ADJ
hleinem.	ADJ
hleinem."	ADJ
hleinêm!	ADJ
hleinêm’	ADJ
hleithei	ADJ
hleitheih	ADV
hleitling	ADJ
hlek	ADJ
hlek,	ADJ
hlek.	ADJ
hleka	ADJ
hlekah	ADJ
hlekah,	ADJ
hlekin	ADJ
hlel	VERB
hlelh	NOUN
hlelin,	ADJ
hlem-hlêtna	NOUN
hlemai!	ADJ
hlemhle	ADJ
hlemhlet	VERB
hlemhlete	NOUN
hlemhletna	PRON
hlemhletnate,	PRON
hlemhlêtna	SCONJ
hlen	VERB
hlen'	VERB
hlen.	VERB
hlena	ADJ
hlenah	ADJ
hlenchhuah	VERB
hlenchhuah?	VERB
hlenchhuahna	NOUN
hlenchhuak	VERB
hlenchhuak.	VERB
hlenna	NOUN
hlen’	AUX
hlep	VERB
hlepna	NOUN
hlepru	VERB
hlepte	VERB
hlet	ADV
hleuh	VERB
hleuh.	VERB
hleuhna	NOUN
hleuhpui	VERB
hliah	VERB
hliah.	VERB
hliahkhuhtu	NOUN
hliam	VERB
hliam.	VERB
hliam?	VERB
hliamah	ADJ
hliamen	NOUN
hliamin	ADJ
hliamna	NOUN
hliampui	VERB
hliamte	NOUN
hliamtu	NOUN
hliappui	PROPN
hliappui,	PUNCT
hliappui-saichal	PROPN
hliappuiah	CCONJ
hliau	VERB
hliau.	VERB
hliauna	NOUN
hlih	VERB
hlihsak	VERB
hlihsak.	VERB
hlim	ADV
hlim,	ADV
hlim.	ADV
hlim?	ADJ
hlima	ADJ
hlimah	ADJ
hlimawm	VERB
hlimawm,	ADJ
hlimawm.	ADJ
hlimawmin	VERB
hlimawm’	VERB
hlimchhawn	ADV
hlimen	PROPN
hlimenin	PROPN
hlimhlawp	NOUN
hlimhlawpna	NOUN
hlimhlawt.	ADJ
hlimhlimi	PUNCT
hlimhlimi,	PUNCT
hlimin	ADJ
hlimin,	ADJ
hlimkawr	DET
hlimna	NOUN
hlimna,	NOUN
hlimnaah	ADJ
hlimnain	NOUN
hlimni	ADJ
hlimpui	VERB
hlimpui.	VERB
hlimpuiin,	ADV
hlimtak	ADV
hlimtaka	NOUN
hlimtakin	ADJ
hlimte	ADJ
hlimthla	ADJ
hlimthla,	ADJ
hlimthlaah	ADJ
hlimthlâk	ADJ
hling	NOUN
hling.	NOUN
hlingin	ADJ
hlingsi,	NOUN
hlip	VERB
hlip.	VERB
hlir	VERB
hlir.	VERB
hlira	ADJ
hlirin	ADJ
hlo	NOUN
hlobet	NOUN
hloh	VERB
hloh,	ADJ
hloh.	VERB
hloh?	VERB
hlohah	ADP
hlohin	ADJ
hlohna	NOUN
hlote	NOUN
hlothlawh	ADJ
hlu	VERB
hlu,	VERB
hlu.	VERB
hlua	ADP
hluah	ADV
hluahawmah	NOUN
hluai	ADJ
hluai.	ADJ
hluaina	PROPN
hluam	ADJ
hluar	VERB
hluar.	VERB
hluarin,	AUX
hluarna	NOUN
hlui	VERB
hlui,	VERB
hlui-a	DET
hlui.	VERB
hlui?	VERB
hluia	ADJ
hluiah	ADJ
hluihlawn	VERB
hluihlâwn	VERB
hluiin	ADJ
hluin	ADJ
hluite	ADJ
hlui’	VERB
hlukhla	PROPN
hlum	NOUN
hlum,	NOUN
hlum.	NOUN
hluma	ADJ
hlumna	NOUN
hlumte	ADJ
hlumtu	NOUN
hlun	ADJ
hlun,	ADJ
hluna	ADJ
hlunbuang	PROPN
hlung	VERB
hlunziki	VERB
hlup	ADJ
hlur	NOUN
hlur.	VERB
hlurh	VERB
hlut	VERB
hlut.	VERB
hlut?	VERB
hlutawm	PRON
hlute	ADJ
hlutin	ADJ
hlutna	NOUN
hlutna?	NOUN
hlutnate	NOUN
hlutsak	VERB
hlutzawng	DET
hlutzia	ADJ
hlutzia.	ADJ
hlutziate	VERB
hlychho	PROPN
hlàn	NOUN
hlàn.	NOUN
hlân	VERB
hlân.	NOUN
hlâna	ADJ
hlânchhâwng	DET
hlâng	NOUN
hlânga	VERB
hlânin	ADJ
hlâwk	VERB
hlâwk.	VERB
hlâwkna	NOUN
hlâwkpui	VERB
hlâwkpui?	VERB
hlâwkte	ADP
hlâwm	VERB
hlâwma	ADJ
hlâwmah	ADJ
hlâwmin	ADJ
hlê	VERB
hlê.	ADP
hlêp	ADJ
hlîam	VERB
hlîng	VERB
hlîp	VERB
hlîrin	ADJ
hlû	VERB
hlût	VERB
hma	ADJ
hma,	ADJ
hma-	ADJ
hma-chhawn	PROPN
hma-hruaitu	NOUN
hma.	ADJ
hma?	ADJ
hmaa	VERB
hmaa.	VERB
hmaah	ADJ
hmaah,	ADJ
hmaah.	ADJ
hmaah’	ADJ
hmaawnna	VERB
hmabak	NOUN
hmabaka	ADJ
hmabakah	ADJ
hmabakin	ADJ
hmabakin,	ADJ
hmabakte	ADJ
hmabâk	NOUN
hmabâkte	ADJ
hmachawn	NOUN
hmachawp	PROPN
hmachhawm	VERB
hmachhawn	VERB
hmachhawn.	VERB
hmachhawn?	VERB
hmachhawna	ADJ
hmachhawnah	NOUN
hmachhawnin	ADJ
hmachhawnin,	ADJ
hmachhawnna	NOUN
hmachhawnpui	VERB
hmachhawp	ADJ
hmachhawpte	ADJ
hmachhuan	VERB
hmachhuan.	VERB
hmachhuana	PART
hmahraitu	AUX
hmahruai	VERB
hmahruaina	NOUN
hmahruaitu	NOUN
hmahruaituah	ADJ
hmai	NOUN
hmaia	ADJ
hmaiah	ADJ
hmaibial	VERB
hmaichhan	ADJ
hmaichhana	ADJ
hmaichhanah	ADJ
hmaichika	PRON
hmaifang	NOUN
hmaih	VERB
hmaih.	VERB
hmaih?	VERB
hmaihthelh	ADJ
hmaikawr	NOUN
hmain	ADV
hmain,	ADV
hmain.	ADV
hmaisen	ADJ
hmaite	ADJ
hmaituam	NOUN
hmaituamna	PRON
hmak	ADJ
hmak.	ADJ
hmakhaw	ADJ
hmakhawsang	VERB
hmakhawthlir	PRON
hmakhua	NOUN
hmakin	VERB
hmalaia	ADJ
hmalak	VERB
hmalak.	VERB
hmalakho	ADJ
hmalakna	NOUN
hmalakna,	NOUN
hmalaknaa	ADJ
hmalaknaah	ADJ
hmalaknain	ADJ
hmalaknate	NOUN
hmalaknatur	AUX
hmalakpui	VERB
hmalakpuia	ADJ
hmalaksak	VERB
hmalakte	NOUN
hmalak’	VERB
hmalam	NOUN
hmalam,	NOUN
hmalamah	ADJ
hmalatu	PRON
hmalatute	NOUN
hmalâk	VERB
hmalâknaah	ADV
hmalâknain	ADJ
hman	VERB
hman!	VERB
hman,	VERB
hman.	VERB
hman/chher	PART
hman;	VERB
hman?	VERB
hmana	ADJ
hmana,	ADJ
hmanah	ADJ
hmanah,	ADJ
hmanatang	VERB
hmanaṭang	VERB
hmandan	ADJ
hmandan,	ADJ
hmang	VERB
hmang'	VERB
hmang,	VERB
hmang,"	VERB
hmang-in	PUNCT
hmang.	VERB
hmang?	VERB
hmanga	ADJ
hmanga,	ADJ
hmanga.	ADJ
hmanga/hla	NOUN
hmangah	ADJ
hmangai	ADJ
hmangaih	VERB
hmangaih'	VERB
hmangaih,	VERB
hmangaih.	VERB
hmangaiha	DET
hmangaiha,	PRON
hmangaihenliana	PUNCT
hmangaihin	ADJ
hmangaihin,	ADJ
hmangaihna	NOUN
hmangaihna'	NOUN
hmangaihna,	NOUN
hmangaihna.	NOUN
hmangaihnaa	NOUN
hmangaihnaah	ADJ
hmangaihnain	ADJ
hmangaihsanga	PUNCT
hmangaihte	ADJ
hmangaihten	ADJ
hmangaihtu	NOUN
hmangaihtu,	NOUN
hmangaihtu.	NOUN
hmangaihtute	NOUN
hmangaihtu’	NOUN
hmangaihzia	ADJ
hmangaihzualan	PROPN
hmangaihzuali	PUNCT
hmangaitute	NOUN
hmangcháng	NOUN
hmangho	ADJ
hmangihna	NOUN
hmangin	ADJ
hmangin,	ADJ
hmangin.	ADJ
hmangin;	ADJ
hmangleh	VERB
hmangral	VERB
hmangsualtuten	NOUN
hmangte	ADJ
hmangtea	PUNCT
hmangtein	VERB
hmangten	ADJ
hmangtu	NOUN
hmangtu?	NOUN
hmangtute	NOUN
hmanhlel	VERB
hmanhmawh	VERB
hmanhmawh,	VERB
hmanhmawh.	VERB
hmanhmawh?	VERB
hmanhmawha	DET
hmanhmawhna	ADJ
hmanhmawhthlak	ADJ
hmanhmawhthlak.	ADJ
hmanhmawhthlâk	ADJ
hmanhmwh	AUX
hmanin	ADJ
hmanin,	ADJ
hmanlai	NOUN
hmanlai,	ADJ
hmanlaia	ADJ
hmanlaiin	ADJ
hmanmêkah	ADV
hmanna	NOUN
hmanna.	NOUN
hmannaa	ADJ
hmannaah	ADJ
hmannah	VERB
hmannate	PUNCT
hmanni	NOUN
hmanpui	VERB
hmanpui.	VERB
hmanpui?	VERB
hmanpuiin	ADJ
hmanpuiin,	ADJ
hmanpuitu	NOUN
hmanral	VERB
hmanraw	NOUN
hmanrua	NOUN
hmanrua,	NOUN
hmanrua/tihdan	VERB
hmanruaah	ADJ
hmanruate	NOUN
hmansak	VERB
hmansual	VERB
hmansualna	NOUN
hmantan	NOUN
hmante	ADJ
hmante-vun	PROPN
hmantir	VERB
hmantlak	ADJ
hmantîr	NOUN
hmanzai	ADV
hmapui.	NOUN
hmar	NOUN
hmar,	NOUN
hmar-ah	NUM
hmar-chhak	DET
hmar-hmar-thlang	PRON
hmar-in	PROPN
hmar-âhmar-âm:	PROPN
hmarcha	NOUN
hmarcha,	NOUN
hmarchapui	NOUN
hmarchate	NOUN
hmarchhak	NOUN
hmarchhaka	ADJ
hmarchhakah	ADJ
hmarchhakah,a	DET
hmarel	DET
hmarkhawlian	ADP
hmarlam	ADJ
hmarlama	DET
hmarlamah	AUX
hmarphei	DET
hmarthlang	NOUN
hmartlang	CCONJ
hmarveng	PROPN
hmarvenga	PROPN
hmasa	ADV
hmasa,	ADV
hmasa.	ADV
hmasaa	VERB
hmasaah	ADJ
hmasaber	ADJ
hmasaberah	ADJ
hmasain	ADV
hmasain’	PUNCT
hmasak	VERB
hmasak.	VERB
hmasak?	ADV
hmasaka	ADJ
hmasakah	ADJ
hmasakber	ADJ
hmasakna	NOUN
hmasakte	ADJ
hmasang	NOUN
hmasate	ADJ
hmasate,	ADJ
hmasaten	ADJ
hmasatu	NOUN
hmasatute	ADJ
hmasawn	VERB
hmasawn.	VERB
hmasawna	ADJ
hmasawnin	CCONJ
hmasawnna	NOUN
hmasawnna,	NOUN
hmasawnnaa	ADJ
hmasawnnain	ADJ
hmasawnpui	ADJ
hmasawntir	VERB
hmasawntirte	NOUN
hmasial	VERB
hmasialna	NOUN
hmasialnate,	NOUN
hmasialsiak	NOUN
hmaska	NOUN
hmasâwn	VERB
hmasâwnna	NOUN
hmatawng	VERB
hmate	NOUN
hmathar	PRON
hmatheh	ADJ
hmatheha	ADJ
hmathlir	ADJ
hmathlir'	ADJ
hmathlir,	ADJ
hmathlirte	VERB
hmathlir’	ADJ
hmavir	ADJ
hmawh	VERB
hmawk	NOUN
hmawlh	NOUN
hmawm	VERB
hmawmsawm	NOUN
hmawngbu	ADJ
hmawngbuchhuah	ADJ
hmawngkawn,	PROPN
hmawngpui,	NOUN
hmawr	NOUN
hmawrah	ADJ
hmawrbawk	VERB
hmawrte	ADJ
hmazawn	NOUN
hmazawna	VERB
hmeh	VERB
hmeh.	VERB
hmehbel	NOUN
hmehbel.	NOUN
hmehchhuah	ADP
hmehlai	VERB
hmehnaa	ADJ
hmehpuah	ADJ
hmei	NOUN
hmei-chhiate	PRON
hmei-chhiatna	PUNCT
hmeichhe	NOUN
hmeichheho	ADJ
hmeichhia	NOUN
hmeichhia,	NOUN
hmeichhia-in	ADP
hmeichhia.	NOUN
hmeichhia?	NOUN
hmeichhiaa	ADJ
hmeichhiaah	ADJ
hmeichhiain	ADJ
hmeichhiat	ADJ
hmeichhiate	ADJ
hmeichhiate.	ADJ
hmeichhiaten	ADJ
hmeichhiatna	NOUN
hmeichhiatnaah	ADJ
hmeichiate	DET
hmeithai	NOUN
hmeithai,	NOUN
hmeithaiin	ADJ
hmeithaina	NOUN
hmeithaite	NOUN
hmel	NOUN
hmel!	NOUN
hmel'	NOUN
hmel,	NOUN
hmel.	NOUN
hmel;	NOUN
hmel?	NOUN
hmela	ADJ
hmelah	ADJ
hmelchhe	VERB
hmelchhia	VERB
hmelchhia,	ADJ
hmelchhiat	ADJ
hmelhem	VERB
hmelhmai	PRON
hmelhmang	ADJ
hmelhriat	NOUN
hmelhriat,	NOUN
hmelhriat.	NOUN
hmelhriatte	ADJ
hmelhriattir	NOUN
hmelhriattir.	NOUN
hmelin	ADJ
hmelma	NOUN
hmelma'	NOUN
hmelma,	NOUN
hmelmaa	ADJ
hmelmate	NOUN
hmelmate'n	PROPN
hmelmaten	ADJ
hmelpu	PROPN
hmelte	ADJ
hmeltha	ADJ
hmeltha,	ADJ
hmeltha.	ADJ
hmelthar	ADJ
hmelthat	ADJ
hmelthatna	NOUN
hmelthatnain	ADJ
hmelthatzia	ADJ
hmelṭha	ADJ
hmelṭha,	ADJ
hmelṭha.	ADJ
hmelṭhat	ADJ
hmelṭhatna	PRON
hmelṭhatpui	VERB
hmelṭhatzia	NOUN
hmer	NOUN
hmer.	VERB
hmerh	VERB
hmerin	ADJ
hmet	VERB
hmet.	VERB
hmetchhuak	VERB
hmetpuak	VERB
hmetpuak.	VERB
hmetpuaktu	NOUN
hmiah	ADJ
hmiah.	ADJ
hmiang!	ADJ
hmiang,	ADJ
hmiang.	ADJ
hmiang:	ADJ
hmiang?	ADJ
hmin	VERB
hmin.	VERB
hmin?	VERB
hming	NOUN
hming,	NOUN
hming-	NOUN
hming3.	NOUN
hming?	NOUN
hminga	PROPN
hminga'n	VERB
hmingah	NOUN
hmingchhe	VERB
hmingchhia	ADJ
hmingchhiat	ADJ
hmingchhiatna	NOUN
hmingchhiatna,	NOUN
hmingchunghnunga	PROPN
hmingchungnunga	PROPN
hmingchungnunga,	PROPN
hmingdailova	PROPN
hminghliau	VERB
hminghmerh	ADJ
hmingi	SYM
hmingin	ADJ
hmingin,	ADJ
hmingkawka	PUNCT
hminglem	ADJ
hmingmawia	PUNCT
hmingmuanin	PUNCT
hmingpekluhte	NOUN
hmingpelut	ADP
hmingpui,	NOUN
hmingpum	PART
hmingsanga	PUNCT
hmingsânga	PROPN
hmingte	ADJ
hmingtea	NOUN
hmingtei	PROPN
hmingtha	VERB
hmingthan	VERB
hmingthana	PUNCT
hmingthanfela	PROPN
hmingthang	VERB
hmingthang.	VERB
hmingthang?	VERB
hmingthanga	PROPN
hmingthangah	ADP
hmingthangi	PUNCT
hmingthangte	ADJ
hmingthanmawia	PROPN
hmingthanmawia,	PUNCT
hmingthanmawiin	PROPN
hmingthanna	NOUN
hmingthanpuia,	PROPN
hmingthansanga	PROPN
hmingthansangi,	PROPN
hmingthanzuala	PROPN
hmingthanzuali	PROPN
hmingthanzualin	PROPN
hmingthat	VERB
hmingthate	ADJ
hmingthatna	NOUN
hmingthatu	NOUN
hmingṭhatna	NOUN
hminna	NOUN
hmin’	ADV
hmm.	INTJ
hmsawnna	DET
hmu	VERB
hmu,	VERB
hmu.	VERB
hmu?	VERB
hmua	VERB
hmuah	VERB
hmuahna	NOUN
hmuak	VERB
hmuak.	VERB
hmuaka,	ADJ
hmuakin	ADJ
hmuaktu	NOUN
hmuam	VERB
hmuam,	VERB
hmuam.	VERB
hmuama	ADJ
hmuamah	PUNCT
hmuamhma	ADJ
hmuan	ADJ
hmuar	ADJ
hmuchhuak	VERB
hmuchhuak.	VERB
hmuchhuaktu	NOUN
hmufiah	ADJ
hmuh	VERB
hmuh!	VERB
hmuh,	VERB
hmuh-nawm	CCONJ
hmuh.	VERB
hmuh?	VERB
hmuha	ADV
hmuhah	ADJ
hmuhbelh	ADJ
hmuhbelhte	NOUN
hmuhchhuah	VERB
hmuhchhuah,	VERB
hmuhchhuahna	NOUN
hmuhchhuahte	ADJ
hmuhin	ADJ
hmuhin,	ADJ
hmuhlet	VERB
hmuhna	NOUN
hmuhnaah	ADJ
hmuhnawm	NOUN
hmuhnawm,	ADJ
hmuhnawm.	NOUN
hmuhnawma	PRON
hmuhnawmah	ADJ
hmuhnawmeast	ADP
hmuhnawmin,	PUNCT
hmuhnawn.	AUX
hmuhphiah	PROPN
hmuhpui	VERB
hmuhpui.	VERB
hmuhsak	VERB
hmuhsak.	VERB
hmuhsit	VERB
hmuhsitawm	ADJ
hmuhsitawma	ADJ
hmuhsitna	NOUN
hmuhte	ADJ
hmuhtheiha	ADJ
hmuhtheihna	NOUN
hmuhtir	VERB
hmuhtir.	VERB
hmuhtirin,	NOUN
hmuhtur	ADJ
hmuhtîr	VERB
hmui	NOUN
hmuia	ADJ
hmuiah	ADJ
hmuifang	NOUN
hmuifang-ah	PROPN
hmuihmul	NOUN
hmuiin	ADJ
hmuin	ADJ
hmuin,	ADJ
hmuingil	ADJ
hmuingil.	ADJ
hmuingilna	NOUN
hmuingîlna	NOUN
hmuitir	PROPN
hmuk	ADJ
hmul	NOUN
hmulet	VERB
hmulo	ADJ
hmulte	ADJ
hmulthi	NOUN
hmumawh	VERB
hmun	NOUN
hmun'	NOUN
hmun,	NOUN
hmun.	NOUN
hmun?	NOUN
hmuna	ADJ
hmunah	ADJ
hmunah.	ADJ
hmunahte	ADJ
hmunawl	ADJ
hmunawm	AUX
hmuncheng	PROPN
hmundang	ADJ
hmundanga	ADJ
hmundangte	VERB
hmung	VERB
hmunhlui	ADJ
hmunhluiah	NOUN
hmunhma	NOUN
hmunhma'	NOUN
hmunhma,	NOUN
hmunhmate	ADJ
hmunhmeltha	PROPN
hmunhmeltha,	PROPN
hmunhmelṭha	PUNCT
hmunhmáte	DET
hmunin	ADJ
hmunkhat	NOUN
hmunkhatah	ADJ
hmunkhawro	NOUN
hmunlai	PROPN
hmunnghak	NOUN
hmunphiah	NOUN
hmunphiah,	NOUN
hmunphiah-ah	ADP
hmunphiat	VERB
hmunpui	ADJ
hmunpui,	ADJ
hmunpuia	NOUN
hmunpuiah	ADJ
hmunpuite	ADJ
hmunruak	ADJ
hmunruakah	NOUN
hmunte	ADJ
hmuntha	NOUN
hmuntin	ADJ
hmuntinah	ADJ
hmunzau	NOUN
hmunzawl	PROPN
hmun’	NOUN
hmur	VERB
hmusit	VERB
hmusit.	VERB
hmusitin	ADJ
hmusitna	NOUN
hmusittu	NOUN
hmutheite	PROPN
hmutu	NOUN
hmutute	ADJ
hmân	VERB
hmâna	ADJ
hmânah	ADJ
hmânlai	ADJ
hmânlaia	ADJ
hmânlaiin	ADP
hmâr	NOUN
hmâr,	NOUN
hmârchhak	ADP
hmârchhakah	PROPN
hmârin	PROPN
hmârphei	DET
hmârthlang	ADJ
hmâwn	ADV
hmâwr	ADJ
hmêl	NOUN
hmêl.	NOUN
hmêlah	ADJ
hmêlchhe	VERB
hmêlhmang	ADJ
hmêlma	NOUN
hmêlmaa	ADJ
hmêlmate	NOUN
hmêlmaten	ADJ
hmêlmâte	NOUN
hmêlṭha	ADJ
hna	NOUN
hna,	NOUN
hna-	NOUN
hna-ah	PRON
hna.	NOUN
hna?	NOUN
hnaa	ADJ
hnaah	ADJ
hnah	NOUN
hnah,	NOUN
hnah-thial	ADP
hnah:	NOUN
hnaha	ADJ
hnahkhat	NOUN
hnahkhâwr	NOUN
hnahlan	PROPN
hnahlan,	PROPN
hnahlan-in	PUNCT
hnahnem	NOUN
hnahsin	ADJ
hnahte	ADJ
hnahthial	NOUN
hnahthial,	NOUN
hnahthial-a	PROPN
hnahthiala	ADJ
hnahthialah	PROPN
hnahthialahte	PUNCT
hnahthialin	PUNCT
hnahthlak	NOUN
hnahthlakte	ADJ
hnai	NOUN
hnai,	NOUN
hnai.	NOUN
hnaia	ADJ
hnaiah	ADJ
hnaih	VERB
hnaih'	VERB
hnaih.	VERB
hnaiha	ADJ
hnaihah	ADJ
hnaihbertu	ADP
hnaihchilh	VERB
hnaihchilh.	VERB
hnaihna	NOUN
hnaihte	ADJ
hnaihtu	NOUN
hnaihvai,	DET
hnaiin	ADJ
hnain	AUX
hnaina	VERB
hnaite	ADJ
hnaivai	ADJ
hnaivaia	ADJ
hnaivaiah	ADJ
hnalak	NOUN
hnam	NOUN
hnam,	NOUN
hnama	ADJ
hnamah	ADJ
hnamchawi	PRON
hnamdang	ADJ
hnamdangah	NOUN
hnamdangin	ADJ
hnamdangte	ADJ
hnamhlawm	VERB
hnamhnawih	ADJ
hnamin	ADJ
hnamkhat,	NOUN
hnamlam	ADJ
hnampuanzar	PROPN
hnampui	NOUN
hnampui-zia	ADP
hnamro	PROPN
hnamrun	VERB
hnamte	NOUN
hnamte-in	NOUN
hnamtin	ADJ
hnamtinin	PRON
hnamzia	ADJ
hnan	VERB
hnan.	VERB
hnang	NOUN
hnanghlai,	PUNCT
hnang’	NOUN
hnanin	ADJ
hnap	NOUN
hnapkhawn	NOUN
hnaptui	NOUN
hnar	NOUN
hnar.	NOUN
hnarah	ADJ
hnarahte	ADJ
hnarmawha	PRON
hnartu	ADP
hnaruak	NOUN
hnasang	PRON
hnate	NOUN
hnathawh	VERB
hnathawh)	VERB
hnathawh,	VERB
hnathawha	DET
hnathawhah	ADJ
hnathawhin	ADJ
hnathawhna	NOUN
hnathawhnaah	ADJ
hnathawhnain	ADJ
hnathawhpui	VERB
hnathawhpuite	NOUN
hnathawhte	NOUN
hnathawk	VERB
hnathawk,	VERB
hnathawka	ADJ
hnathawkah	ADJ
hnathawkin	ADJ
hnathawkte	NOUN
hnathawkte,	NOUN
hnathawkteah	ADV
hnathawkten	ADJ
hnathawktu	NOUN
hnathawktu,	NOUN
hnathawktute	NOUN
hnathawktute,	NOUN
hnathawktuten	ADJ
hnathel	DET
hnathial	PROPN
hnathiala	PROPN
hnatlan	NOUN
hnatlang	NOUN
hnatlang.	NOUN
hnatlanga	PRON
hnatlangah	VERB
hnatlangin	VERB
hnatlangpui	VERB
hnatlangpuia	ADJ
hnatlangte	DET
hnatlanna	NOUN
hnatlâng	NOUN
hnatul	VERB
hnawh	VERB
hnawh-khaha	PROPN
hnawh.	VERB
hnawhchhuah	ADJ
hnawhchhuah?	ADJ
hnawhin	ADJ
hnawhkhah	VERB
hnawhkhat	VERB
hnawhna	NOUN
hnawhsarum	VERB
hnawhte	ADJ
hnawih	VERB
hnawih,	VERB
hnawih.	VERB
hnawih?	VERB
hnawiha	ADJ
hnawihin	ADJ
hnawk	NOUN
hnawk!	NOUN
hnawk,	NOUN
hnawk.	NOUN
hnawkah	ADJ
hnawksak	VERB
hnawkte	NOUN
hnawl	NOUN
hnawl,	NOUN
hnawl.	NOUN
hnawla	ADJ
hnawla.	ADJ
hnawlin	VERB
hnawlna	NOUN
hnawlsak	VERB
hnawlsak.	VERB
hnawlte	NOUN
hnawltute	NOUN
hnawm	VERB
hnawm.	ADV
hnawmhnawk	NOUN
hnawmhnawkah	ADJ
hnawmhrut	VERB
hnawn	NOUN
hnawng	NOUN
hnawt	VERB
hnawt-chhuaktu	PUNCT
hnawtchhuak	VERB
hnawtchhuak.	VERB
hnawtchhuaktu	NOUN
hnawthawh	DET
hnawthawk	DET
hnawtin,	ADP
hne	VERB
hneawm	ADJ
hneh	VERB
hneh!	VERB
hneh'	VERB
hneh,	VERB
hneh.	VERB
hneh?	VERB
hneha	ADJ
hnehah	ADJ
hnehchhiah	VERB
hnehchhuh	VERB
hnehchhuh.	VERB
hnehin	ADJ
hnehin,	ADJ
hnehlet	PROPN
hnehna	NOUN
hnehnaah	ADJ
hnehnah	VERB
hnehpui	VERB
hnehpuia	NOUN
hnehsak	VERB
hnehsawh	VERB
hnehtu	NOUN
hnehtu,	NOUN
hnehtunba	NOUN
hnehtute	NOUN
hnehzia	ADJ
hnek	VERB
hnek.	VERB
hnekin	ADJ
hneklet	ADV
hnekna	NOUN
hnektir	VERB
hnem	VERB
hnem.	VERB
hnem."	VERB
hnema,	PROPN
hnemhnanpui	VERB
hnemin,	ADJ
hnemloh	CCONJ
hnemtu	NOUN
hnemzia	ADJ
hnen	ADJ
hnena	ADJ
hnenah	ADJ
hnenah,	ADJ
hnenah.	ADJ
hnenah:	ADJ
hnenah?	ADJ
hnenan	ADJ
hnephnawl	NOUN
hni	NOUN
hniah	PROPN
hniak	NOUN
hniakhnung	ADJ
hniakhung	VERB
hnial	NOUN
hnial.	NOUN
hnialfunga	ADJ
hnialna	NOUN
hnialtu	NOUN
hnialtute	NOUN
hniam	ADJ
hniam.	ADJ
hniama	ADJ
hniamah	ADJ
hniamin	ADJ
hniamin,	ADJ
hniamna	NOUN
hniamnaah	NOUN
hnianghnar	ADJ
hnianghnar.	ADJ
hnianghnarin	ADJ
hniarcheng,	ADP
hnichho,	PROPN
hnih	VERB
hnih,	VERB
hnih-khat	DET
hnih-thum	NUM
hniha	VERB
hnihah	VERB
hnihin	ADJ
hnihna	ADJ
hnihna,	ADJ
hnihnaa	ADJ
hnihnaah	ADJ
hnihte	ADJ
hnim	NOUN
hnim,	NOUN
hnim.	NOUN
hnimhlingnei	ADJ
hnimhnai	VERB
hnimi	PROPN
hnimin	ADJ
hnimtir	ADJ
hnip	NOUN
hnit	VERB
hnit.	VERB
hnlc	PROPN
hnmang	AUX
hnu	NOUN
hnu,	NOUN
hnu-a	ADJ
hnu-ah	ADV
hnu-in	VERB
hnu.	NOUN
hnua	ADJ
hnua,	ADJ
hnua.	ADJ
hnuaa	NOUN
hnuah	ADJ
hnuah,	ADJ
hnuah.	ADJ
hnuai	NOUN
hnuai.	NOUN
hnuaia	ADJ
hnuaia.	ADJ
hnuaiah	ADJ
hnuaiah,	ADJ
hnuaiah.	ADJ
hnuaiahte	NOUN
hnuaichhiah	VERB
hnuaih	AUX
hnuaihnung	ADJ
hnuaihnungte	ADJ
hnuaiin	DET
hnuailam	ADJ
hnuailamah	ADJ
hnual	VERB
hnual.	VERB
hnualna	SCONJ
hnualsuat	VERB
hnualsuatna	NOUN
hnuang	VERB
hnuchham	NOUN
hnuchhamte	PRON
hnuchhawn	VERB
hnuchhawna	ADJ
hnuchhawnin	ADJ
hnuchhiahin,	ADV
hnuchhui	VERB
hnuchhuina	NOUN
hnudeuh	ADV
hnudâlah	NOUN
hnufual	ADJ
hnufual.	ADJ
hnufualna	NOUN
hnufum	VERB
hnufûm	VERB
hnuh	NOUN
hnuhkir	VERB
hnuhluh	VERB
hnuhma	NOUN
hnuhmate	NOUN
hnuhna	NOUN
hnuhnawh	ADJ
hnuhnawh.	ADJ
hnuhnun	VERB
hnuhnung	VERB
hnuhnung.	VERB
hnuhnunga	ADJ
hnuhnungah	ADJ
hnuhnungahte	ADJ
hnuhnunte	ADV
hnuhnûng	VERB
hnuin	ADJ
hnuin,	ADJ
hnuk	NOUN
hnuk.	NOUN
hnukchhuak	VERB
hnukdawk	VERB
hnukkir	VERB
hnukkir.	VERB
hnuklut	VERB
hnukpui	ADJ
hnuktu	NOUN
hnukulh	NOUN
hnulamah	ADJ
hnum	NOUN
hnumuh	AUX
hnun	NOUN
hnuna	ADJ
hnung	NOUN
hnung,	NOUN
hnung.	NOUN
hnunga	ADJ
hnungah	ADJ
hnungchhawn	VERB
hnungkhirha	NOUN
hnunglam	ADJ
hnungtawlh	VERB
hnungtawlh.	VERB
hnungzang	NOUN
hnungzangah	ADJ
hnungzui	VERB
hnungzuiin	ADJ
hnungzuitu	NOUN
hnungzuitute	NOUN
hnungzâng	NOUN
hnungzângah	ADJ
hnunhnang	NOUN
hnur	VERB
hnutchhiah	VERB
hnutchhiah.	VERB
hnutchhiah?	VERB
hnutchhiahin	ADJ
hnutchhiahin,	ADJ
hnutchhiahte	ADJ
hnute	NOUN
hnute'	NOUN
hnuteah	ADJ
hnutetui	NOUN
hnâ	NOUN
hnâi	ADJ
hnâpin,	VERB
hnâr	NOUN
hnâwl	NOUN
hnâwn	VERB
hnêma,	PRON
hnêmin,	NOUN
hnên	ADJ
hnêna	ADJ
hnênah	ADJ
hnênah,	ADJ
hnênah.	ADJ
hnûa	ADJ
hnûhma	NOUN
hnûk	VERB
hnûn	NOUN
ho	VERB
ho!	VERB
ho'	VERB
ho,	VERB
ho.	VERB
hoa	PRON
hoah	ADV
hoarding	NOUN
hobby	NOUN
hobby:	PROPN
hockenheimring	PROPN
hockey	PROPN
hod	PROPN
hoeness	PROPN
hof-fenheim	ADP
hoffenheim	PROPN
hoffenheim-in	PROPN
hofmann	PROPN
hogwarts	PROPN
hohna	NOUN
hoin	AUX
hojai-ah	PROPN
hojbjerg	PROPN
hojlund	PROPN
hojlund-an	PROPN
hokkaido	PROPN
hokkaido-a	VERB
hokkaido-ah	PROPN
holam	ADJ
holi	ADP
holiday	NOUN
holiday-ah	ADJ
holland	PROPN
hollande	PUNCT
hollow	ADJ
hollywood	PROPN
hollywood,	PROPN
hollywood-ah	PROPN
holmes	PROPN
holographic	ADJ
holongi	PROPN
holy	DET
home	PROPN
home,	PROPN
home-a	DET
home-ah	PROPN
homeomorphism	NOUN
homeopathy	PROPN
homeschool	VERB
homesickness	ADJ
homestay	ADP
homework	NOUN
homework-ah	NOUN
homomorphism	NOUN
homophobe	NOUN
hona	NOUN
honaah	ADV
honate	NOUN
honble	PUNCT
honcharuk	PROPN
honda	PROPN
honduras	PROPN
honeymoon	NOUN
honeypreet	PROPN
hong	PROPN
hongkong	PROPN
honoapiilani	PROPN
honolulu	PROPN
honorary	PROPN
honoris	PROPN
honors	DET
hontade	PROPN
hontrade	PROPN
hooda-i	PROPN
hoodie	NOUN
hooligan	NOUN
hoop	ADJ
hoover	PROPN
hophnia	PUNCT
hopuiah	PART
horae	DET
horatio	PROPN
horeb	PROPN
hormone	NOUN
hormones	ADP
horner	PUNCT
hornet	PROPN
hornets	PROPN
horror	NOUN
horsemanship	DET
horseshoe	PROPN
horti	PROPN
horticulture	PROPN
horticulture-a	PROPN
horticulture-in	PUNCT
hortoki	PROPN
hortoki,	PROPN
hortoki-ah	PROPN
hortokiin	PROPN
horton	PROPN
horumonyaki	NOUN
horus	PROPN
hosa	NOUN
hosaia	PROPN
hosea,’	DET
hosni	PROPN
hospitak	PROPN
hospital	PROPN
hospital,	PROPN
hospital-ah	NOUN
hospital-in	DET
hospital-te	NOUN
hospitalah	NOUN
hossein-an	PROPN
host	NOUN
hostel	NOUN
hostel,	PROPN
hostela	NOUN
hot	ADJ
hot-dog	ADJ
hotcake	NOUN
hotdog	NOUN
hote	NOUN
hotel	NOUN
hotel-a	PRON
hotel-ah	NOUN
hoten	PROPN
hothira	PUNCT
hotkey	DET
hotline	NOUN
hotround	ADJ
hotspur	PROPN
hotspurs	PROPN
hotstar	PROPN
hotu	NOUN
hotu,	NOUN
hotu.	ADP
hotunu	NOUN
hotupa	NOUN
hotupa,	NOUN
hotupa.	NOUN
hotute	NOUN
hotute,	NOUN
hotuten	NOUN
hotuten,	DET
hour	NOUN
hours	PROPN
house	PROPN
house,	ADP
house-a	NOUN
house-ah	PROPN
housing	NOUN
houssem	PUNCT
houston	PROPN
houthi	PROPN
houthi-te	PROPN
houthis	PROPN
hova,	PRON
hove	CCONJ
hoverboard	NOUN
hovin	VERB
hovin,	VERB
howe	PROPN
hp	PROPN
hpc	PROPN
hpc-te	NOUN
hpcl-a	PROPN
hq	NOUN
hq,	PROPN
hqrs	PROPN
hqrs,	PROPN
hqrs-ah	PROPN
hqrs-in	PROPN
hqrs.	PROPN
hqrs.,	PROPN
hqrs.lawngtlai	PROPN
hqs	ADP
hra	VERB
hra.	ADJ
hradecky-an	PROPN
hrahsel	PROPN
hrai	NOUN
hrai'	NOUN
hrai:	NOUN
hraia	VERB
hraia,	PRON
hraite	NOUN
hraitirin,	ADV
hraitu	NOUN
hrai’	NOUN
hralh	VERB
hralh!	VERB
hralh,	VERB
hralh.	VERB
hralh?	VERB
hralha	ADJ
hralhchhawn	NOUN
hralhchhuah	VERB
hralhchhuahna	NOUN
hralhin	ADJ
hralhna	NOUN
hralhnaah	ADJ
hralhsumah	VERB
hralhte	NOUN
hralhtu	NOUN
hram	NOUN
hram.	NOUN
hramin	ADV
hramin,	NOUN
hramna	NOUN
hramte	ADJ
hramtute	AUX
hran	NOUN
hran'	VERB
hran,	NOUN
hran.	ADJ
hran;	NOUN
hrana	ADJ
hranah	ADJ
hrang	ADJ
hrang'	ADJ
hrang,	ADJ
hrang-	ADJ
hrang-ah	NUM
hrang.	ADJ
hrang;	ADJ
hranga	ADJ
hrangah	ADJ
hrangah,	ADJ
hrangah.	ADJ
hrangahte	AUX
hrangbana	PROPN
hrangchal	NOUN
hrangchalkawn	ADP
hrangchalkawn,	PUNCT
hrangchalkawnah	PROPN
hrangchhina	PROPN
hrangchhuana	NOUN
hrangchina	PROPN
hrangdawla	PROPN
hranghlui	ADJ
hrangho	PROPN
hrangin	ADJ
hrangkunga	PROPN
hrangkunga,	PROPN
hrangliantawna	PROPN
hrangluaia	PROPN
hranglung	NOUN
hrangmuana,	PROPN
hrangtawna	PROPN
hrangte	ADJ
hrangte,	ADJ
hrangte.	ADJ
hrangtea	NOUN
hrangten	ADJ
hrangthanga	PROPN
hrangthiauva	PROPN
hrangthuama	PROPN
hrangturzo	PROPN
hranin	ADJ
hranna	NOUN
hranpa	ADJ
hranpaa	ADJ
hranpain	ADJ
hransan	VERB
hrante	ADJ
hrat	NOUN
hrat.	NOUN
hratlak	NOUN
hraw	ADJ
hraw.	ADJ
hrawk	NOUN
hrawk.	NOUN
hrawkah	ADJ
hrawkbawk	PRON
hrawkhrui	VERB
hrawkin	ADJ
hrawl	ADJ
hrawm	VERB
hrawn	VERB
hrd	PROPN
hre	VERB
hre.	VERB
hreawm	ADJ
hreawm.	ADJ
hreawmin	ADJ
hreawmna	NOUN
hreawmzia	ADJ
hrechak.	ADJ
hrechang	VERB
hrechhuak	VERB
hrechhuak,	VERB
hrechhuak.	VERB
hrechiang	ADJ
hrechiang.	ADJ
hrechianga	ADJ
hrechiangin	ADJ
hrechiangtu	NOUN
hrechiangtu,	NOUN
hrechiangtute	NOUN
hrefiah	ADJ
hreh	VERB
hreh,	VERB
hreh.	VERB
hrehawm	ADJ
hrehawm!	ADJ
hrehawm.	ADJ
hrehawmin	ADJ
hrehawmna	NOUN
hrehawmna,	NOUN
hrehawmnaah	ADJ
hrehawmten	PROPN
hrehawmzia	ADJ
hrehlo	PART
hrehna	NOUN
hrei	NOUN
hreihhrawih	ADV
hreipui	NOUN
hrek	NOUN
hrekna	NOUN
hrekung	PROPN
hrelo	PART
hrelo,	VERB
hrelo.	VERB
hrem	VERB
hrem.	VERB
hrem?	VERB
hremhmun	NOUN
hremhmuna	ADJ
hremhmunah	ADJ
hremi	PUNCT
hremin	ADJ
hremna	NOUN
hremna:	NOUN
hremnaah	ADJ
hremte	ADJ
hremtir	DET
hren	NOUN
hreng	VERB
hreng.	VERB
hrengtu	NOUN
hrenin	ADJ
hrenna	NOUN
hrensak	VERB
hrente	NOUN
hrep	ADJ
hrepa	ADJ
hrereng	ADJ
hrereng.	ADJ
hrerengin	ADJ
hresaa	NOUN
hresaah	ADV
hresual	ADJ
hret	ADJ
hret,	NOUN
hret.	NOUN
hreta,	ADJ
hretah	ADJ
hrethei	ADJ
hrethiam	VERB
hrethiam,	VERB
hrethiam.	VERB
hrethiama,	PRON
hrethiamin	ADJ
hrethiamin,	ADJ
hrethiamtu	NOUN
hretiam.	ADP
hretin	ADJ
hretu	NOUN
hretu,	NOUN
hretu?	NOUN
hretute	NOUN
hreuh.	VERB
hri	NOUN
hri!	NOUN
hria	VERB
hria!	VERB
hria',	VERB
hria,	VERB
hria,"	VERB
hria.	VERB
hria."	VERB
hria.,	VERB
hria:	VERB
hria;	VERB
hria?	VERB
hriaa	ADJ
hriaa,	ADJ
hriain	NOUN
hriain,	PART
hriak	ADJ
hriakthih	VERB
hriam	NOUN
hriam.	NOUN
hriama	ADJ
hriamhrei	NOUN
hriamin	ADJ
hriamna	NOUN
hriang-tlang	PROPN
hrianghmun	ADP
hriangtlang	CCONJ
hriangtuinek	ADP
hriat	VERB
hriat,	VERB
hriat.	VERB
hriat/sawi	ADJ
hriat:	VERB
hriat?	VERB
hriata	ADJ
hriata,	ADJ
hriatah	ADJ
hriatbelh	CCONJ
hriatchhuah	VERB
hriatchhuah?	VERB
hriatchhuahtir	VERB
hriatchhuahtir.	VERB
hriatchian	ADJ
hriatchian.	ADJ
hriatchianna	ADJ
hriate	ADJ
hriaten	ADJ
hriatfiah	ADJ
hriatfiah.	ADJ
hriatfiaha	VERB
hriatfiahna	NOUN
hriathlawh	ADJ
hriati	VERB
hriatin	ADJ
hriatin,	ADJ
hriatkima	PROPN
hriatlar	ADJ
hriatlar,	ADJ
hriatloh	ADJ
hriatloh.	ADJ
hriatloha	ADJ
hriatna	NOUN
hriatna,	NOUN
hriatna.	NOUN
hriatnaah	ADJ
hriatnate	ADJ
hriatnawn	AUX
hriatphah	ADV
hriatphak	ADJ
hriatpui	VERB
hriatpui,	VERB
hriatpui.	VERB
hriatpuia	ADJ
hriatpuiin	ADJ
hriatpuina	NOUN
hriatpuinaa	ADJ
hriatpuinain	ADJ
hriatpuitu	NOUN
hriatreng	ADJ
hriatreng.	ADJ
hriatrengna	NOUN
hriatrengna,	NOUN
hriatrengnaah	ADJ
hriatsa	NOUN
hriatsa.	VERB
hriatsak	VERB
hriatsual	ADJ
hriattawh	PUNCT
hriatte	ADJ
hriatte'n.	NOUN
hriatten	ADJ
hriattheih	ADJ
hriatthiam	VERB
hriatthiam.	VERB
hriatthiam?	VERB
hriatthiamawm	PUNCT
hriatthiamna	NOUN
hriatthiampui	VERB
hriatthiampui.	VERB
hriattir	VERB
hriattir.	VERB
hriattir?	VERB
hriattirin	ADJ
hriattirna	NOUN
hriattirnaah	ADJ
hriattirnain	ADJ
hriattirtu	NOUN
hriattirtute	DET
hriattlan	AUX
hriattrir	ADP
hriattur	ADJ
hriattur:	ADJ
hriattír	VERB
hriattîr	VERB
hriattîr.	VERB
hriattîrin,	ADJ
hriatute	NOUN
hriatzauna	NOUN
hriatzela	PROPN
hriatzia	ADJ
hriau	NOUN
hria–	ADP
hridanna	NOUN
hrih	VERB
hrih.	VERB
hriin	ADJ
hrik	NOUN
hrik-	VERB
hrikai	ADJ
hrikaite	PRON
hrikin	ADJ
hrikte	ADP
hrikthlak	VERB
hril	VERB
hril-hai	PROPN
hril.	VERB
hrila	PART
hrila,	PRON
hrilen	PRON
hrileng	VERB
hrileng,	VERB
hrilfiah	NOUN
hrilh	NOUN
hrilh,	NOUN
hrilh.	NOUN
hrilh?	NOUN
hrilha	ADJ
hrilha,	ADJ
hrilhfiah	VERB
hrilhfiaha,	NOUN
hrilhfiahna	NOUN
hrilhfiahtu	NOUN
hrilhin	ADJ
hrilhin,	ADJ
hrilhin;	ADJ
hrilhlam	DET
hrilhlawkna	NOUN
hrilhlâwkna	NOUN
hrilhna	NOUN
hrilhte	ADJ
hrilhtir	VERB
hrilhtu	NOUN
hrilin	ADJ
hrilna	NOUN
hrilthansanga,	PROPN
hrilthansânga-te	PROPN
hriltu	ADJ
hriltute	NOUN
hrilêng	ADJ
hrim	ADJ
hrim!	ADJ
hrim,	ADV
hrim.	ADJ
hrim?	ADJ
hrima	ADJ
hrimah	ADJ
hrimah,	ADJ
hrimte	ADJ
hrin	VERB
hrinchhuah	VERB
hring	NOUN
hring"	NOUN
hring,	ADJ
hring.	NOUN
hringa	ADJ
hringah	VERB
hringchhuak	PUNCT
hringfa	ADJ
hringfate	NOUN
hringfate’n	AUX
hringin	ADJ
hringlang	PROPN
hringmi	NOUN
hringnun	ADJ
hringnuna	ADJ
hringnunah	ADJ
hringrel	NOUN
hringte	ADJ
hringtu	NOUN
hringtute	NOUN
hrinna	NOUN
hrinsak	VERB
hriphaw	PROPN
hripui	NOUN
hripuiin	ADJ
hripuite	ADJ
hrisel	ADJ
hrisel,	ADJ
hrisel.	ADJ
hriselin	ADJ
hrisello	NOUN
hrisellohna	PROPN
hriselna	NOUN
hriselna"	NOUN
hriselna,	NOUN
hriselna:	NOUN
hriselnaah	ADJ
hriselnain	ADJ
hriselnate	NOUN
hrisêl	ADJ
hrisêlna	NOUN
hrithla	VERB
hrithla.	VERB
hritlan	VERB
hritlang	VERB
hritlang,	VERB
hritlang.	VERB
hritlangin	ADJ
hritlân	VERB
hrittir	ADV
hrivei	VERB
hrivenna	ADP
hrmmm,	PROPN
hru	NOUN
hru.	NOUN
hruai	NOUN
hruai.	NOUN
hruai?	NOUN
hruaia	PROPN
hruaia,	PROPN
hruaiate	NOUN
hruaibo	VERB
hruaibo.	VERB
hruaichhuah	VERB
hruaichhuak	VERB
hruaichhuaktu	NOUN
hruaiin	ADJ
hruaiin,	ADJ
hruaikawi	VERB
hruaikawitu	NOUN
hruaikawn	PROPN
hruaikhawm	VERB
hruaikir	VERB
hruaina	NOUN
hruaina,	NOUN
hruainaah	ADV
hruainain	NOUN
hruaipui	VERB
hruaipui.	VERB
hruaisanga	PROPN
hruaitaa.	ADJ
hruaite	NOUN
hruaitir	VERB
hruaitu	NOUN
hruaitu,	NOUN
hruaitu-ah	PROPN
hruaitu?	NOUN
hruaituah	ADJ
hruaitue	PRON
hruaituin	ADJ
hruaitute	NOUN
hruaitute,	NOUN
hruaituten	ADJ
hruaizela	PROPN
hruaizela,	ADP
hruaizelan	PROPN
hrual	VERB
hrual.	VERB
hrufai	VERB
hrufaiin	ADJ
hruhfai	DET
hrui	NOUN
hruia	ADJ
hruih	NOUN
hruihrual	NOUN
hruihrualte	NOUN
hruiin	ADJ
hruikhat	PRON
hruipawrh	NOUN
hruipuan	VERB
hruite	NOUN
hruitezawl	ADP
hruizam	ADJ
hruizen	NOUN
hruk	NOUN
hrukfai	VERB
hrukna	NOUN
hruknapuan	PRON
hrukpuan	NOUN
hrul	NOUN
hrula	ADJ
hrulah	ADJ
hrulsakte	PRON
hruncakova	SYM
hrunskyi	PROPN
hrut	VERB
hrâm	NOUN
hrâm.	NOUN
hrâng	VERB
hrânga	PROPN
hrângluaia	PROPN
hrângzînga	PROPN
hrãm	VERB
hrèn	NOUN
hrêk	VERB
hrên	VERB
hrêng	VERB
hrênsak	VERB
hrúk	CCONJ
hrûk	VERB
hrûkfai	NOUN
hrûkna	NOUN
hrûkpuan	VERB
hrûla	ADJ
hrût	VERB
hrût.	VERB
hs	PROPN
hs-ii	PROPN
hsa	PROPN
hsing	PROPN
hslc	PROPN
hsoisokna	VERB
hsrp	PROPN
hss	PROPN
hss,	PROPN
hss-in	PROPN
hss-te	PROPN
hsslc	PROPN
hsslc-a	VERB
hsslc-ah	ADP
ht	PUNCT
hta	PROPN
hte	PROPN
htleng	NOUN
hu	NOUN
hu,	NOUN
hu-in	ADJ
hua	VERB
hua,	VERB
hua.	VERB
hua;	VERB
huai	NOUN
huai'	ADJ
huai,	NOUN
huai.	NOUN
huaia	AUX
huaihawt	VERB
huaihawt.	VERB
huaihawta	ADJ
huaihawtah	ADJ
huaihawtin	ADJ
huaihawtna	NOUN
huaihawtnaa	DET
huaihawtnaah	NOUN
huaihawtte	NOUN
huaihawttu	NOUN
huaihawttute	NOUN
huaiin	ADJ
huaina	NOUN
huaisar	ADJ
huaisen	ADJ
huaisen,	ADJ
huaisen.	ADJ
huaisenlo	ADJ
huaisenna	NOUN
huaisenna,	NOUN
huaisenna;	NOUN
huaisente	NOUN
huaisen’	ADJ
huaitaka	NOUN
hual	VERB
hual.	VERB
huala,	PROPN
hualien	PROPN
hualin	ADJ
hualna	NOUN
hualngo	NOUN
hualngohmun	PROPN
hualngohmunah	PROPN
hualthangi	PROPN
hualtu	NOUN
hualtu-ah	PROPN
huam	VERB
huam,	VERB
huam.	VERB
huam?	VERB
huama	ADJ
huamchhung	ADJ
huamchhunga	ADJ
huamchhungah	ADJ
huamhap	ADJ
huamin	ADJ
huamna	NOUN
huamtir	VERB
huamzau	DET
huan	NOUN
huan,	NOUN
huan/	NOUN
huan/leipui	VERB
huana	ADJ
huanah	ADJ
huang	NOUN
huanga	ADJ
huangah	ADJ
huangchhungah	ADJ
huangtau	ADJ
huante	NOUN
huap	VERB
huapa	ADJ
huapah	ADJ
huapin	ADJ
huapte	ADV
huapzau	ADJ
huapzo	PUNCT
huasak	PROPN
huat	NOUN
huat,	NOUN
huat?	NOUN
huathlala.	NOUN
huatna	NOUN
huatna,	NOUN
huatnaa	CCONJ
huatnain	NOUN
huatthla	ADJ
huatthlala	VERB
huatthlala.	VERB
huatthlalaawm	ADJ
huattir	VERB
huatzia	ADJ
huau	ADJ
huau,	ADV
huauna	NOUN
hubert	PROPN
huda	VERB
hudson	ADP
hudson-a	DET
hudson-odoi	PROPN
hugar	NOUN
hugger	NOUN
hugh	PROPN
hughes	PUNCT
hughphurh	VERB
hughton-a	ADV
hugo	PROPN
huh	NOUN
huh.	NOUN
huh?	NOUN
huhah	ADJ
huhang	ADJ
huhna	NOUN
huho	ADJ
huhoa	ADJ
huhoin	NOUN
huhoin,	ADV
huhova	ADJ
huhovin	ADJ
huhâng	ADJ
hui	VERB
hui.	ADJ
huiham.	INTJ
huiin,	NUM
huiluh	ADJ
huin	ADJ
huinh	NOUN
huisen	NOUN
huitzilopōchtli	ADP
hujlands	PROPN
huk	NOUN
huk.	NOUN
hul	VERB
hul.	VERB
hula	DET
hulhar	ADJ
hulhliap	NOUN
hulhliapah	ADJ
hulhu	ADP
hulhual	ADJ
hulhual'	ADV
hulhual.	ADJ
hulkenberg	PROPN
hull	PROPN
hulla	NOUN
hullo	PROPN
hulna	NOUN
hum	NOUN
humahalh	VERB
human	ADP
humanitarian	ADJ
humanity	NOUN
humankind	PROPN
humenaia	PROPN
humhalh	VERB
humhalh'	VERB
humhalh,	VERB
humhalh.	VERB
humhalh;	VERB
humhalh?	VERB
humhalha	ADJ
humhalhin	ADJ
humhalhna	NOUN
humhalhnaah	NOUN
humhalhpui	VERB
humhalhsak	VERB
humhalhte	NOUN
humhalhtu	NOUN
humhalhtute	NOUN
humhalhtuten	NOUN
humhim	VERB
humhim.	VERB
humhim?	VERB
humhimin	ADJ
humhimin,	ADJ
humhimna	NOUN
humhimtu	NOUN
hummels	PROPN
hummer	NOUN
humna	NOUN
humor	NOUN
humphrey	PROPN
humsual	ADJ
hun	ADJ
hun!	ADJ
hun,	ADJ
hun.	ADJ
hun:	ADJ
huna	ADJ
hunah	ADJ
hunah,	ADJ
hunah.	ADJ
hunahte	ADJ
hunawl	ADJ
hunawla	ADJ
hunbi	NOUN
hunchhan	ADJ
hunchhung	ADJ
hunchhungah	NOUN
hung	NOUN
hung.	NOUN
hungarian	ADJ
hungarian-ho	DET
hungaroring	ADP
hungary	PROPN
hungary,	PROPN
hungary-ah	PRON
hungary-in	PUNCT
hungna	NOUN
hungry	PROPN
hunin	ADJ
hunin,	ADJ
hunin.	ADJ
hunlai	ADJ
hunlaia	ADJ
hunlaiin	ADJ
hunlawmawma	PROPN
hunna	NOUN
hunpui	ADJ
hunpui,	ADJ
hunpuiah	ADJ
hunrei	ADJ
hunserh	ADJ
hunt	PROPN
huntawp	ADJ
hunte	ADJ
hunters	PROPN
huntha	ADJ
hunthar	ADJ
huntharin	ADJ
huntiam	NOUN
hunting	NOUN
huntingdoni	PROPN
huntrix-in	PROPN
hunuman	PROPN
hunṭha	DET
hun’	ADJ
hup	VERB
hup.	VERB
huphurh	VERB
huphurh.	VERB
huphurhawm	ADJ
huphurhna	NOUN
hupna	NOUN
hupsan	ADJ
hur	ADJ
hurkacz	PROPN
hurricane	NOUN
hurricane,	NOUN
hurricnae	NOUN
hurst	PROPN
hursualna,	NOUN
hussain	PROPN
huth	PROPN
hutna	NOUN
hutsulyak	PROPN
hutton-a	PROPN
hv	PUNCT
hvac	PROPN
hwang	PUNCT
hwc-phc	NUM
hyatt	PROPN
hybe	ADV
hyde-rabad	PROPN
hydel	PROPN
hyderabad	PROPN
hyderabad,	PROPN
hyderabada	PROPN
hydro	PROPN
hye-kyo-te	SCONJ
hyena	NOUN
hyeon	PROPN
hygiene	NOUN
hymn	ADP
hymns	PROPN
hynek	PROPN
hypothesis	NOUN
hypovolemic	ADJ
hysterectomy	NOUN
hyundai	PROPN
hyve	ADP
hyve,	PROPN
hàm	VERB
hám	NOUN
hâ	NOUN
hâi	VERB
hâk	NOUN
hâl	NOUN
hâl.	NOUN
hâlmawi	PUNCT
hâlpuah	NOUN
hâlpuah,	NOUN
hâlte	NOUN
hâng	NOUN
hâwn	VERB
hâwng.	NOUN
hâwngâwn	VERB
hêk	VERB
hêl	VERB
hêng	NOUN
hêngah	ADJ
hêngte	ADJ
hîng	VERB
hîp	NOUN
hù	NOUN
hû	NOUN
hûm	ADP
hûn	VERB
hûng	VERB
hûnna	NOUN
i	PRON
i&pr	PROPN
i'n	CCONJ
i,	PRON
i-day	PROPN
i-iii	PROPN
i.	PRON
i.d.	ADP
i.ruahsur	PUNCT
i10	NOUN
i20	NOUN
i:	PRON
i:dak	PRON
i`n	VERB
iaa	PROPN
iaea	PROPN
iaf	PROPN
iaf-te	DET
iago	PROPN
iai	NOUN
iaiawm	VERB
iaie	ADV
iak	VERB
iang	VERB
iangin	NOUN
iar	NOUN
ias	PROPN
ias,	PUNCT
ias-ah	PROPN
iase	PROPN
iay	PROPN
ib	NOUN
ibarisha	PUNCT
ibdlp	NOUN
ibe	PROPN
iberism	PROPN
ibf	PROPN
ibha	NOUN
ibiza	PROPN
ible	PROPN
ibm	PROPN
ibobi-a	PROPN
ibra	PROPN
ibrahim	PROPN
ibrahima	VERB
ibrahimovi-a	PROPN
ibrahimovic	PROPN
ibrahimovic'	PROPN
ibrahimovic',	PROPN
ibsd	PUNCT
ibu	PROPN
icap	PROPN
icar	ADP
icar-cifri	PROPN
icardi	PROPN
icardi-an	PROPN
icc	PROPN
iccc	PROPN
icd	PROPN
icds	PROPN
ice	NOUN
iceland	PROPN
icelandic	PUNCT
icfai	PROPN
icg	NOUN
icgs	PROPN
ichikawa	PROPN
ichiko	PROPN
ichiro	PROPN
icici	PROPN
icj	PROPN
icm,	PROPN
icmr	PUNCT
icon	PROPN
icon,	PROPN
icp	NOUN
ict	PROPN
ictc	PROPN
ictc-ah	PROPN
icu	PROPN
icu-a	PROPN
icu-ah	PROPN
id	NOUN
id-ul-firt	ADP
idaho	ADP
idai	PROPN
idb	ADP
idcf	PROPN
idea	PUNCT
ideas	NOUN
identification	DET
identity	ADJ
ideology	NOUN
idf	DET
idir	PROPN
idled	VERB
ido	PROPN
idol	PROPN
idol-ah	ADP
idrissa	PUNCT
ids	PROPN
idsp	PROPN
idsp-in	PUNCT
ie-ah	ADP
iec	PROPN
ied	NOUN
ieh	SCONJ
ieme	ADP
ierapetra	PROPN
ifad	PROPN
ifas	PROPN
ifb	PROPN
ifmis	PROPN
ifs	PROPN
ig	PROPN
ig-ah	PROPN
iga	PROPN
igad	AUX
iggl	VERB
iggy	CCONJ
ighc	PROPN
ignis	PUNCT
ignoaps	PROPN
ignou	PROPN
igor	PROPN
igp	PROPN
igp-in	DET
igtv	PROPN
igzp	ADP
ih,	NOUN
ihe	ADJ
iheartradio	PROPN
ihhl	NOUN
ihor	PROPN
ihr	PROPN
ii	PROPN
ii-a	AUX
ii-ah	PROPN
ii-na	PROPN
ii-naah	PROPN
iie	ADP
iifa	NOUN
iihr	ADP
iii	PROPN
iii,	PROPN
iii-a	DET
iii-ah	PROPN
iii-na	PRON
iim	PROPN
iim,	VERB
iim-rohtak	PUNCT
iimc	PROPN
iinpui	AUX
iirf	PROPN
iis	PUNCT
iit	PROPN
ikea	PROPN
ikeda	PROPN
iker	PROPN
ila	CCONJ
ila!	CCONJ
ila,	CCONJ
ila.	CCONJ
ila.'	CCONJ
ila.nitin	ADV
ila:	CCONJ
ila:-	CCONJ
ila;	CCONJ
ila?	CCONJ
ilang	CCONJ
illinois	ADP
illustration	VERB
ilmov	PUNCT
ilo	NOUN
ilo,	VERB
ilp	PROPN
ilrf	NOUN
ima	DET
imanuel	PROPN
imd	PROPN
imelda	PROPN
imf	PROPN
immanuel	PUNCT
immigrant	NOUN
immigration	PROPN
immobile	PROPN
immortals	PROPN
immunoassay	VERB
impcc	DET
impeach	VERB
imperialism	NOUN
imperialist	ADJ
imphal	PROPN
imphal,	PROPN
imphal-a	PROPN
imphal-ah	PROPN
imphala	PROPN
implementing	VERB
impotence	NOUN
impressionist	NOUN
improve	ADV
impumkhat	PRON
imr	PROPN
in	PRON
in!"	PRON
in,	PRON
in-a	PRON
in-ah	PRON
in-aidte	ADJ
in-bakkaih	NOUN
in-block	VERB
in-charge	NOUN
in-download	VERB
in-khawmah	ADP
in-pump	VERB
in-ring	ADV
in-um-chhuah	PRON
in-up	ADP
in-volunteer-in	VERB
in.	PRON
in."	PRON
in/zun	CCONJ
in;	ADV
in?	PRON
ina	PART
ina,	PROPN
ina.	PUNCT
inacio	PROPN
inadmit	PUNCT
inah	ADJ
inah,	ADJ
inahte	ADJ
inaki	NOUN
inan	VERB
inan.	VERB
inang	VERB
inang,	VERB
inang.	VERB
inanga	ADJ
inangah	ADJ
inanglo	ADJ
inanna	PRON
inauh	VERB
inauhelna	DET
inawi	VERB
inawih	PRON
inawkhlum	VERB
inawkhlum.	VERB
inawm	ADJ
inawn	NOUN
inawp	VERB
inawpbehna	NOUN
inawpna	NOUN
inbakkaih	VERB
inbakkaih.	VERB
inban-elhah	NOUN
inbang	VERB
inbarh	VERB
inbarha	ADV
inbawhthuah	ADV
inbawihsawm	PRON
inbawl	VERB
inbawl'	VERB
inbawr	VERB
inbe	VERB
inbei	VERB
inbei.	VERB
inbeih	VERB
inbeihna	NOUN
inbeihnaah	ADJ
inbeihnaah,	ADJ
inbeihnate	NOUN
inbeiin	ADJ
inbeisei	ADJ
inbeisei,	ADJ
inbeisei.	ADJ
inbeisei?	ADJ
inbeiseina	NOUN
inbel	VERB
inbel.	VERB
inbelhchhah	ADJ
inbelin	ADJ
inbelin,	ADJ
inbelna	PRON
inbelte	ADJ
inbenbel	VERB
inbenbelna	NOUN
inbeng	VERB
inbengbel	VERB
inbengbelin	VERB
inbengdai	VERB
inbengdaih	AUX
inbengvar.	VERB
inbepawp	ADP
inberawnin	ADJ
inbia	VERB
inbia.	VERB
inbia?	VERB
inbiak	VERB
inbiak-na	ADP
inbiak?	VERB
inbiakna	NOUN
inbiaknaah	ADJ
inbiaknain	ADP
inbiakpawh	VERB
inbiakpawhna	NOUN
inbiakrawn	VERB
inbiakrem	VERB
inbiakremna	NOUN
inbih	VERB
inbihchian	VERB
inboralsan	NOUN
inbox	NOUN
inbuai	VERB
inbuaipui	VERB
inbuaisaih.	NOUN
inbual	VERB
inbual.	VERB
inbual?	VERB
inbualna	NOUN
inbuan	VERB
inbuan.	VERB
inbuasaih.	CCONJ
inbuat-saih	ADP
inbuat-saihna	NOUN
inbuatsaih	VERB
inbuatsaih.	VERB
inbuatsaihin,	VERB
inbuatsaihna	NOUN
inbuatsaihna,	NOUN
inbuatsaihna:	NOUN
inbuatsaihnaah	ADJ
inbuatsaihnamfa	NOUN
inbuk	VERB
inbuk.	VERB
inbuktawk	ADJ
inbuktawkna	PART
inbul	ADJ
inbum	VERB
inbum.	VERB
inbumna	NOUN
inbun	VERB
inbunruak	ADJ
inbutsaih	AUX
inbânlek	PROPN
inbântir	ADP
inbêngbel	VERB
inbûk	VERB
inc	PROPN
incentive	NOUN
inch	NOUN
inchah	VERB
inchah.	VERB
inchai	VERB
inchai,	VERB
inchaih	VERB
inchaina	NOUN
inchan	VERB
inchanin	VERB
inchantir	VERB
inchantir.	VERB
inchantirna	NOUN
incharge	NOUN
incharge-ah	PROPN
inchawh	VERB
inchawhin,	CCONJ
inchawhpawlh	VERB
inchawih	VERB
inchawimawi	VERB
inchawimawina	NOUN
inchawina	NOUN
inchawk	VERB
inchawm	VERB
incheck-up	VERB
inchei	VERB
inchei,	VERB
inchei.	VERB
inchei?	VERB
incheia	ADJ
incheiin	ADJ
incheimawina	NOUN
incheina	NOUN
incheinaah	AUX
incheinate	NOUN
inchelh	VERB
inchemhäƒr	PART
inchen	ADJ
inchen.	ADJ
inchenchilh	VERB
incherna	CCONJ
inches	NOUN
inchhaih	VERB
inchhal	VERB
inchhal,	VERB
inchhal.	VERB
inchhalin	ADJ
inchhalte	PROPN
inchhal’	VERB
inchham	VERB
inchhan	VERB
inchhang	VERB
inchhanna	NOUN
inchhar	VERB
inchhawk	VERB
inchhawk.	VERB
inchhawka	ADJ
inchhawkin	NOUN
inchhawng	VERB
inchhawp	VERB
inchhawp.	VERB
inchhek	VERB
inchher	VERB
inchherna	NOUN
inchhiar	VERB
inchhiar.	VERB
inchhiarna	NOUN
inchhiarnaah	ADJ
inchhir	VERB
inchhir.	VERB
inchhira,	VERB
inchhirawm	ADJ
inchhirin	ADJ
inchhirna	NOUN
inchhirna,	NOUN
inchhitral	PRON
inchhu	VERB
inchhuah	VERB
inchhuan	VERB
inchhuang	VERB
inchhuang.	VERB
inchhuanna	NOUN
inchhui	VERB
inchhuih	VERB
inchhun	NOUN
inchhung	VERB
inchhunga	ADJ
inchhungah	ADJ
inchhungkhur	NOUN
inchhut	VERB
inchhál	DET
inchhâl	VERB
inchhâl,	VERB
inchhâng	VERB
inchhâwkin	ADJ
inchhêk	VERB
inchhîr	VERB
inchhîra	NOUN
inchhîrna	NOUN
inchhûng	VERB
inchhûnga	ADJ
inchhût	VERB
inchi	VERB
inchiah	VERB
inchiah.	VERB
inchiahpiah	VERB
inchian	VERB
inchibai	PART
inchibai.	NOUN
inchim,	VERB
inchimralna	NOUN
inchinfel	PRON
inching	VERB
inchingfel	VERB
inchiu	VERB
inchiuna	NOUN
inchiute	NOUN
incho	VERB
inchuh	VERB
inchuh.	VERB
inchuha	PUNCT
inchuhin	ADJ
inchuhna	NOUN
inchuhnaah	ADJ
inchung	ADJ
inchunga	ADJ
inchungah	ADJ
inchîmralna	PRON
inclusive	PUNCT
income	DET
indah	VERB
indah.	VERB
indahin	ADJ
indahna	NOUN
indahsang	ADP
indaih	VERB
indaihlohna	NOUN
indaihzai	ADJ
indan	VERB
indang	VERB
indang.	VERB
indap	VERB
indawh	VERB
indawh’	PRON
indawm	VERB
indawmkun	VERB
indawr	VERB
indawr.	VERB
indawra	NOUN
indawrna	NOUN
indawrnaah	ADJ
indawrpui	PART
indawt	VERB
indawta	ADJ
indawtin	ADJ
indea	ADP
indem	VERB
indem.	VERB
indenpendence	NOUN
indentification,	ADP
indepedendence	PROPN
indepedent-in	NOUN
independence	PROPN
independent	PROPN
independent-a	DET
index	NOUN
india	PROPN
india,	PROPN
india-a	AUX
india-ah	PROPN
india-bangladesh	PROPN
india-china	PROPN
india-in	PROPN
india-pakistan	PROPN
india-us	PROPN
indiaah	PROPN
indiain	PROPN
indian	ADJ
indian-ho	PROPN
indian?	ADJ
indiana	PUNCT
indianah	VERB
indianapolis	PROPN
indians	PROPN
indians-in	PROPN
indiaskills	PROPN
india’-ah	ADP
indicator	NOUN
indie	ADJ
indies	PROPN
indigo	PROPN
indil	VERB
indim	VERB
indimdawi	VERB
indimdawih	VERB
indin	VERB
indinthar	PUNCT
indira	PROPN
indo	VERB
indo-bangla	PROPN
indo-bangladesh	PROPN
indo-burma	PROPN
indo-myanmar	DET
indo.	VERB
indoh	PRON
indolence	PUNCT
indomongoloid	PROPN
indona	NOUN
indonaa	ADJ
indonaah	ADJ
indonain	VERB
indonesia	PROPN
indonesia-a	ADP
indonesia-ah	PROPN
indonesian	ADJ
indoor	PROPN
indoor-a	ADV
indopui	ADJ
indore	PROPN
indovin,	ADJ
induat	NOUN
induatna	NOUN
induel	NOUN
induh	VERB
induhamsiak	PRON
induhna	VERB
induhsak	ADJ
induhsakna	NOUN
induhtawk	VERB
induhtâwkna	PRON
industrial	PROPN
industrialised	VERB
industrialist	CCONJ
industries	PROPN
industry	NOUN
industry,	PROPN
industry-a	NOUN
inei	VERB
ineilo	VERB
inel	VERB
inel.	VERB
inelin	ADP
inelna	NOUN
inelna,	NOUN
inelnaa	ADJ
inelnaah	ADJ
inelnaten	CCONJ
inelpui	VERB
inelte	NOUN
inen	VERB
inen.	VERB
inena,	PRON
inendik	VERB
inenfiah	VERB
inenfiahin,	ADJ
inenfiahna	NOUN
inenfiahtirte	AUX
inenin	ADV
inenkawl	VERB
inenkawl.	VERB
inenkawl?	VERB
inenkawlin,	PRON
inenkawlna	NOUN
inenkawlnaah	ADJ
inenlet	VERB
inenletin,	VERB
inenna	NOUN
inentawn	VERB
inentir	VERB
inentir,	VERB
inentir.	VERB
inentirna	NOUN
inentîr	VERB
inep	VERB
inep.	VERB
inepna	NOUN
iner	VERB
inerna	NOUN
inertawn	ADJ
inertia	PROPN
infak	VERB
infakna	NOUN
infantino	PROPN
infawh	VERB
infawkkhawm	ADJ
infawp	VERB
infawp.	VERB
infected	ADJ
infection	NOUN
infenfiah	ADV
infiah	VERB
infiam	VERB
infiam,	VERB
infiam.	VERB
infiammi	ADP
infiammi,	DET
infiammite	NOUN
infiammiten	NOUN
infiammmi	NOUN
infiamna	NOUN
infiamna,	NOUN
infiamnaa	NOUN
infiamnaah	ADJ
infiamnate	ADJ
infiampui	VERB
infiampui.	VERB
infin	VERB
infinchhuah	VERB
infinitive	DET
infinna,	NOUN
influencer	NOUN
influenza	PUNCT
info	PROPN
informatian	ADP
information	NOUN
infotech	PROPN
infrared	ADJ
infrastructure	NOUN
infrustructure	PROPN
infuih	VERB
infuihna	NOUN
infuihnawn	PART
infuihphur	NOUN
infuihphurna	AUX
infuihtîr	VERB
inghahna	PRON
ingolstadt-in	NOUN
ings	NOUN
inha	PRON
inhai	VERB
inhaivur	VERB
inhaivurna	NOUN
inhal	VERB
inhalral	NOUN
inham	VERB
inhambuai	VERB
inhamtan	VERB
inhamtang	VERB
inharsatna	PRON
inhau	VERB
inhau.	VERB
inhaubap	PART
inhauh	VERB
inhauh,	VERB
inhauhna	NOUN
inhauna	NOUN
inhaw	VERB
inhawl	VERB
inhawlh	VERB
inhawmpuia	NOUN
inhawn	VERB
inhawng	VERB
inhawng.	VERB
inhawnga	ADJ
inhawnna	NOUN
inhawnzia	ADP
inhawr	VERB
inhawrsai	NOUN
inhel.	VERB
inhem	VERB
inhemna	NOUN
inher	VERB
inher.	VERB
inherah	ADV
inherchhuah	VERB
inherin	VERB
inherrem	ADJ
inhiatna	ADJ
inhlan	VERB
inhlan.	VERB
inhlanchhawn	VERB
inhlanchhawn,	VERB
inhlanchhawng.	DET
inhlanchhâwn,	DET
inhlang	VERB
inhlangkai	VERB
inhlangkai.	VERB
inhlanna	NOUN
inhlantharna	PROPN
inhlat	VERB
inhlat.	VERB
inhlat?	VERB
inhlau	ADP
inhlawh	VERB
inhlawh.	VERB
inhlawhchawpa	VERB
inhlawhfa	NOUN
inhlawhfate	ADJ
inhlawhna	NOUN
inhlawhnaah	ADP
inhlawhnate	NOUN
inhlawhpuite	PART
inhlawkna	NOUN
inhlawm	VERB
inhlei	ADJ
inhleuh	ADP
inhliahkhuh	VERB
inhliam	VERB
inhliam.	VERB
inhliam?	VERB
inhliamin	ADJ
inhliamna	NOUN
inhlimna	VERB
inhloh	ADP
inhlân	VERB
inhlîm	VERB
inhmachhawn	VERB
inhmachhawn.	VERB
inhmachhawna	VERB
inhmachhawnah	PRON
inhmachhawnin	ADJ
inhmachhawnna	NOUN
inhmachhawp	NOUN
inhmachhhawn	VERB
inhmakhua	VERB
inhmakhua.	VERB
inhmalakna	NOUN
inhman	VERB
inhmang	VERB
inhmang.	VERB
inhmang?	VERB
inhmangaih	ADJ
inhmangaih.	ADJ
inhmangaih?	ADJ
inhmangaihna	NOUN
inhmangaihna,	NOUN
inhmangaihnate	ADP
inhmangaihna’	PUNCT
inhmangaihna’,	PUNCT
inhmangin	ADP
inhmangin,	NOUN
inhmangte	NOUN
inhmanna	NOUN
inhmannaah	ADP
inhmantawm	VERB
inhmante	NOUN
inhmante,	ADP
inhmanṭawm	VERB
inhmatawnin	ADJ
inhmeh	VERB
inhmehnaa	NOUN
inhmel	PRON
inhmelhriat	VERB
inhmelhriat?	VERB
inhmelhriatna	NOUN
inhmelhriattir	VERB
inhmelhriattir.	VERB
inhmelhriattirna	NOUN
inhmelma	VERB
inhmelmakna	NOUN
inhmin	VERB
inhmu	VERB
inhmu.	VERB
inhmu?	VERB
inhmuam	ADV
inhmuchhuak	NOUN
inhmuh	VERB
inhmuh?	VERB
inhmuhfiahna	NOUN
inhmuhin	VERB
inhmuhkhawm	ADJ
inhmuhkhawmna	NOUN
inhmuhkhawmnaah	PROPN
inhmuhna	NOUN
inhmuhnaa	ADP
inhmuhsitna	NOUN
inhmuhthiam	VERB
inhmuhthiamloh	DET
inhmukhawm	ADJ
inhmukhawm.	ADJ
inhmukhawm?	ADJ
inhmukhawmin	ADJ
inhmun	NOUN
inhmusitna	NOUN
inhmuthiam	ADJ
inhmêlmâkna	NOUN
inhnai	VERB
inhnaichilhah	ADP
inhnaih	VERB
inhnaih?	VERB
inhnaihchilh	ADJ
inhnam-hnawih	NOUN
inhnamhnawih	VERB
inhnamhnawih.	VERB
inhnamhnawiha	ADJ
inhnamhnawihna	NOUN
inhnamhnawihte	NOUN
inhnangfâkna	NOUN
inhnathawh	DET
inhnawh	VERB
inhnawih	VERB
inhnawk	VERB
inhne	VERB
inhneh	VERB
inhnehna	NOUN
inhnehtawk	ADJ
inhnehtawk.	ADJ
inhnehtawka€¢thumvawrah	VERB
inhnehtawkin	ADJ
inhnehtawkin,	ADJ
inhnehtawkpui	VERB
inhnehtawkpui.	VERB
inhnehthawk.	DET
inhnehtir	VERB
inhnehtîr	VERB
inhnek	VERB
inhnek,	VERB
inhnek.	VERB
inhneka	DET
inhnem	VERB
inhnemna	NOUN
inhnerem	VERB
inhnial	VERB
inhnial.	VERB
inhnial?	VERB
inhnialna	NOUN
inhnialnaah	ADJ
inhnialnate	NOUN
inhnim	VERB
inhnimhnai	ADP
inhnuai	VERB
inhnuaiah	ADJ
inhnuaichhiah	VERB
inhnuh	VERB
inhnuhdawh	VERB
inhnuhdawk	AUX
inhnukdawk	VERB
inhnukdawk.	VERB
inhnukdawkin	ADP
inhnâwk	AUX
inhnîm	PUNCT
inhnûkdâwk	VERB
inhona	NOUN
inhralh	VERB
inhrawn	VERB
inhre	VERB
inhrechiang	VERB
inhrechiang.	VERB
inhrekna	NOUN
inhrelo.	VERB
inhrem	VERB
inhremna	NOUN
inhren	VERB
inhrereng.	NOUN
inhrethiam	VERB
inhria	VERB
inhria!	VERB
inhria,	VERB
inhria.	VERB
inhriain	VERB
inhriat	VERB
inhriat.	VERB
inhriat?	VERB
inhriatchhuah.	VERB
inhriatchian	VERB
inhriatchianna	NOUN
inhriate	NOUN
inhriatna	NOUN
inhriatna,	NOUN
inhriatnate	NOUN
inhriatpawhtawnna	PROPN
inhriatpui	VERB
inhriatpuina	NOUN
inhriatsak	VERB
inhriattawn	ADJ
inhriatthiam	VERB
inhriatthiamna	NOUN
inhriattir	VERB
inhriattir.	VERB
inhriattirna	NOUN
inhriattîr	VERB
inhrilh	VERB
inhrilh.	VERB
inhrilhin	ADJ
inhrilhna	NOUN
inhrosa	VERB
inhru	NOUN
inhruai	VERB
inhruaina	NOUN
inhruizuan	VERB
inhrúkpuan	VERB
inhual	VERB
inhual.	VERB
inhualna	NOUN
inhuam	VERB
inhuam,	VERB
inhuam.	VERB
inhuam?	VERB
inhuamna	NOUN
inhuat	VERB
inhuatna	NOUN
inhuatna'	NOUN
inhuattawnna	ADP
inhuhdawkhun	ADP
inhukdawk	DET
inhumhim	VERB
inhumhimna	NOUN
inhumhimna'	NOUN
inhung	VERB
inhung.	VERB
inhungbikna	PRON
inhungna	NOUN
inhup	VERB
inhâi	DET
iniesta	PROPN
inigo	PROPN
inin	NOUN
ininfiamna	PUNCT
initsik	VERB
injection	NOUN
ink	NOUN
inkah	VERB
inkahhai	ADJ
inkahhaina	NOUN
inkahhlum	NOUN
inkahna	NOUN
inkahnaah	ADJ
inkahpupchaw	NOUN
inkai	VERB
inkai-chhawnna	DET
inkaichhawn	VERB
inkaichhawng	ADV
inkaichhawnna	ADP
inkaidarh	DET
inkaihhnawih	ADJ
inkaihhnawihna	NOUN
inkaihhruai	VERB
inkaihhruaina	NOUN
inkaihhruaina,	NOUN
inkaihhruaitîr	NOUN
inkaihkuah.	ADP
inkaihruai	VERB
inkaiin	PRON
inkal	PRON
inkalh	VERB
inkalh-in	AUX
inkalh.	VERB
inkalhna	NOUN
inkalpawh	VERB
inkalpawh.	VERB
inkalpawhna	NOUN
inkalpawhna,	NOUN
inkalpawhnaa	DET
inkalpawhnate	NOUN
inkalpawlhna	PRON
inkalsan	ADJ
inkanchhawr	AUX
inkang	VERB
inkap	VERB
inkap.	VERB
inkaphlum	VERB
inkar	NOUN
inkar,	NOUN
inkar.	NOUN
inkara	ADJ
inkarah	NOUN
inkarah,	NOUN
inkarin	ADJ
inkarkik	NOUN
inkarna	NOUN
inkarte	ADJ
inkau	VERB
inkawhhmuh	VERB
inkawhhmuh.	VERB
inkawhhmuhna	NOUN
inkawhhmuhnate	NOUN
inkawhhmuhnate,	CCONJ
inkawhmuhna	DET
inkawk	PUNCT
inkawlti.	PRON
inkawltir	VERB
inkawm	VERB
inkawm.	VERB
inkawmhona	NOUN
inkawmhonaah	ADJ
inkawmhonain	DET
inkawmin	ADJ
inkawmin,	ADJ
inkawmna	NOUN
inkawmnaah	ADJ
inkawmngeih	VERB
inkawmngeihna	NOUN
inkawmpui	VERB
inkawp	VERB
inkawp.	VERB
inkawpin	ADJ
inkawpin,	ADJ
inkawpliberty	ADP
inkawpna	NOUN
inkawprema	VERB
inkawpte	ADJ
inkawtah	ADJ
inken	VERB
inkhai	VERB
inkhai.	VERB
inkhaichhuah	VERB
inkhaichhuahna	NOUN
inkhaichhuak	VERB
inkhaiding	VERB
inkhaihlum	VERB
inkhaikhawmna	NOUN
inkhairual	ADJ
inkhak	VERB
inkhalh	VERB
inkhalh.	VERB
inkhalhin	ADJ
inkhalhsak	VERB
inkham	VERB
inkhan	VERB
inkhap	VERB
inkhar	VERB
inkhar.	VERB
inkharkhip	VERB
inkharkhip.	VERB
inkharkhipna	NOUN
inkhawh	VERB
inkhawih	VERB
inkhawihsak	VERB
inkhawl	VERB
inkhawm	VERB
inkhawm-puia	DET
inkhawm.	VERB
inkhawma	ADJ
inkhawmah	ADJ
inkhawmahte	ADJ
inkhawmho	ADJ
inkhawmkhawm	PROPN
inkhawmkohhran	NOUN
inkhawmna	NOUN
inkhawmnaa	ADJ
inkhawmnaah	ADJ
inkhawmnaahte	ADJ
inkhawmnah	ADP
inkhawmpui	NOUN
inkhawmpui'	VERB
inkhawmpui,	NOUN
inkhawmpuia	ADJ
inkhawmpuiah	ADJ
inkhawmpuiahte	ADP
inkhawmpuiin	ADP
inkhawmpuilian	DET
inkhawmpuina	NOUN
inkhawmpuinaah	NOUN
inkhawmpuite	NOUN
inkhawmpui’	VERB
inkhawmte	NOUN
inkhawm’	PROPN
inkhawng	VERB
inkhawngaih	VERB
inkhawngaihna	NOUN
inkhel	VERB
inkhel.	VERB
inkhela	ADJ
inkhelah	ADJ
inkhelah,	ADJ
inkhelh	VERB
inkhelh.	VERB
inkhelhah	NOUN
inkhelhna	NOUN
inkhelhnaa	ADJ
inkhelhnaah	ADJ
inkhelin	ADJ
inkhelin,	ADJ
inkhelte	NOUN
inkhin	VERB
inkhing	VERB
inkhirh	AUX
inkhuahkhirh	VERB
inkhuahkhirhna	NOUN
inkhual	NOUN
inkhualtelem	NOUN
inkhuar	VERB
inkhuar.	VERB
inkhuarin,	NOUN
inkhuh	VERB
inkhuha,	NOUN
inkhuhna	NOUN
inkhung	VERB
inkhunghran	DET
inkhunghrang	VERB
inkhunghrang.	VERB
inkhunghranna	ADV
inkhàrkhip	ADV
inkhâr	VERB
inkhârkhip	VERB
inkhâwm	VERB
inkhâwm'	VERB
inkhâwm,	VERB
inkhâwm:	VERB
inkhâwma	NOUN
inkhâwmah	ADJ
inkhâwmho	ADJ
inkhâwmna	NOUN
inkhâwmnaa	ADJ
inkhâwmnaah	ADJ
inkhâwmpui	NOUN
inkhâwmpui,	NOUN
inkhâwmpuia	ADJ
inkhâwmpuiin	PUNCT
inkhâwmpuite	NOUN
inkhâwm’	X
inkhêl	VERB
inkhûrkhung	VERB
inkian	VERB
inkilkawi,	CCONJ
inkiss	PRON
inkjet	NOUN
inko	VERB
inkoh	VERB
inkohkhawmnaah	PROPN
inkohna	NOUN
inkokhawm	VERB
inkokhawm.	VERB
inkuah	VERB
inkuah.	VERB
inkuaha	VERB
inkulh	VERB
inkulh.	VERB
inkulhna	NOUN
inkungkaih	VERB
inkungkaihna	NOUN
inkutin	ADJ
inkutsuih	PRON
inkâr	NOUN
inkâra	ADJ
inkârah	NOUN
inkâwm	VERB
inkâwm.	VERB
inkâwmin,	NOUN
inkûngkaih	VERB
inla	VERB
inlahrang	VERB
inlaichin	VERB
inlaichin.	VERB
inlaichin?	VERB
inlaichinna	NOUN
inlaichinna,	NOUN
inlaichinnaah	ADJ
inlaichînna	NOUN
inlak	VERB
inlakhran	VERB
inlaksak	VERB
inlalawn	VERB
inlalut.	VERB
inlamah	ADJ
inlambunna	NOUN
inlamlet	VERB
inlamletna	VERB
inlamlêt	VERB
inlan	VERB
inlan.	VERB
inlan?	VERB
inlanah	ADV
inlanin	ADJ
inlanin,	ADJ
inlanna	NOUN
inlannaah	ADJ
inlanpui	PRON
inlante	NOUN
inlanzui	ADJ
inlar	VERB
inlar.	VERB
inlarna	NOUN
inlartîr	PROPN
inlawh	VERB
inlawm	VERB
inlawmlut	ADP
inlawmna	NOUN
inleh	VERB
inlehna	NOUN
inlehthal	VERB
inlehthalna	ADJ
inlehtir	VERB
inlehtîr	VERB
inlei	VERB
inlei.	VERB
inleina	NOUN
inlek	VERB
inleng	NOUN
inlengte	NOUN
inlenpawh	SCONJ
inlet	VERB
inluah	NOUN
inluhkhalh	VERB
inluk	VERB
inluling	VERB
inluling.	VERB
inlulungte	DET
inlum	ADJ
inlumlet	VERB
inlungrual	VERB
inlungrual.	VERB
inlungrualin	AUX
inlungrualna	NOUN
inlungrualna,	NOUN
inlut	AUX
inlâk	VERB
inlâr	VERB
inlârna	NOUN
inlârnate	NOUN
inlênpui	DET
inmamawh	VERB
inman	VERB
inmawhpuh	VERB
inmawi	VERB
inmeh	VERB
inmelh	VERB
inmet	VERB
inmihranhlak,	NOUN
inmil	VERB
inmil.	VERB
inmila	ADJ
inmillo	ADJ
inmualpho	VERB
inmung	VERB
inmusitna	ADJ
inn-ah	PUNCT
inna	NOUN
inna,	NOUN
innawh	VERB
innawr	VERB
innawr.	VERB
innawrluih	NOUN
innei	NOUN
innei,	VERB
innei.	NOUN
innei?	VERB
inneia,	PRON
inneih	VERB
inneih?	VERB
inneihna	NOUN
inneihna,	NOUN
inneihnaah	ADJ
inneihpui	ADV
inneihtir	VERB
inneihtîr	VERB
inneihtîr.	VERB
inneiin	ADJ
inneiin,	ADJ
inneite	NOUN
innek	VERB
innekchepna	PUNCT
innel	VERB
inner	PROPN
inngahna	PRON
inngai	VERB
inngai,	VERB
inngai-tlawm	VERB
inngai.	VERB
inngaidam	ADJ
inngaih	ADJ
inngaih.	ADJ
inngaihdam	VERB
inngaihhlut	VERB
inngaihlu	VERB
inngaihluhna	PRON
inngaihlut	VERB
inngaihna	NOUN
inngaihnate	ADJ
inngaihsak	VERB
inngaihtheih	VERB
inngaihthlak	ADJ
inngaihthlâk	ADJ
inngaihtir	PRON
inngaihtir.	NOUN
inngaihtlawm	ADJ
inngaihtlawmna	NOUN
inngaihtlâwm	ADJ
inngaihtlâwmna	NOUN
inngaihtlâwmna:	NOUN
inngaihtuah	VERB
inngaihtuah.	VERB
inngaihtuahna	NOUN
inngaihven	PUNCT
inngaihzawn	VERB
inngaihzawn?	VERB
inngaihzawna	NOUN
inngaihzawnna	NOUN
inngaihzawnnaah	ADP
inngaina	NOUN
inngainat	ADV
inngainatna	NOUN
inngaite	NOUN
inngaiten	VERB
inngaitlawm	VERB
inngaitlawma	SCONJ
inngaitlawmte	NOUN
inngaitlâwm	VERB
inngaitlâwmte	NOUN
inngaizawng	VERB
inngaizawng.	VERB
inngaizawnga	NOUN
inngam	ADJ
inngeih	ADJ
inngeihna	NOUN
inngen	VERB
inngen,	VERB
inngen.	VERB
innghah	VERB
innghahkhawmna	NOUN
innghahna	NOUN
innghahna,	NOUN
innghahnate	NOUN
innghaisaho	ADJ
innghaisakna	NOUN
innghakkhawm	VERB
innghat	VERB
innghat,	VERB
innghat.	VERB
innghatin	ADJ
innghatte	ADJ
inngheng.	VERB
innghirngho	VERB
innghirnghona	NOUN
innghirnghona,	NOUN
inngênin	ADP
innings	PRON
innings-ah	NOUN
innova	PROPN
innovative	AUX
innuai	VERB
innuih.	VERB
innuihzat	ADJ
innâwk	VERB
innêlna	NOUN
inpaihfai	ADJ
inpaihthawl	VERB
inpal	VERB
inpalai	VERB
inpalbuak	NOUN
inpawh	VERB
inpawhna	NOUN
inpawhna,	NOUN
inpawhnate	NOUN
inpawhtlang	PRON
inpawl	VERB
inpawlh	ADJ
inpawlh,	ADJ
inpawlho,	PROPN
inpawlhona	PRON
inpawlhsawp	VERB
inpawlin,	ADJ
inpawlkhawm	ADP
inpawlkhawmna	NOUN
inpawlna	NOUN
inpawm	VERB
inpawmchilh	VERB
inpawmna	NOUN
inpawng	ADJ
inpawngkahna	VERB
inpawngnekna	NOUN
inpawngsual	VERB
inpawt	VERB
inpe	VERB
inpe,	VERB
inpe.	VERB
inpeih	VERB
inpeih,	VERB
inpeih.	VERB
inpeihna	NOUN
inpeihsain	ADJ
inpein	ADJ
inpeipun	VERB
inpeizawn	VERB
inpek	VERB
inpek:	VERB
inpekchhawn	NOUN
inpekna	NOUN
inpekna-ah	CCONJ
inpekna:inpekna	NOUN
inpeknaa	NOUN
inpeknaah	NOUN
inpel	VERB
inpersan	VERB
inpet	VERB
inpete	ADJ
inphah	VERB
inphah.	VERB
inphahhniam	VERB
inphal	VERB
inphalraina	NOUN
inphalte	AUX
inphalten	NOUN
inphan	VERB
inphat	VERB
inphat,	VERB
inphat.	VERB
inphawrhchhuahna	ADJ
inphawrhna	NOUN
inphchhuab	SCONJ
inphelh	VERB
inphen	VERB
inphiar	VERB
inphiarruk	VERB
inpho	VERB
inphochhuah	VERB
inphochhuahna	PART
inphote	ADP
inphu	VERB
inphu.	VERB
inphuahsiak	VERB
inphuh	VERB
inphum	VERB
inphum.	VERB
inphumna	NOUN
inphumru	VERB
inphun	VERB
inphur	VERB
inphurkhawma.	PUNCT
inphut	VERB
inphûm	VERB
inpt	NOUN
inpuahchah	VERB
inpuahchah.	VERB
inpuahchahna	NOUN
inpuan	VERB
inpuanchhuahna	NOUN
inpuang	VERB
inpuang.	VERB
inpuangchhuak	PART
inpuanna	NOUN
inpuantir	VERB
inpuh	VERB
inpuh.	VERB
inpuhmawh	VERB
inpuhna	NOUN
inpuhnaa	PRON
inpuhtawn	NOUN
inpuhtawnnain	NOUN
inpui	VERB
inpuih	VERB
inpuihtawn	PRON
inpuitawn.	NOUN
inpuithiam	VERB
inpum	ADJ
inpumkhat	ADJ
inpumkhata	ADJ
inpumkhatna	NOUN
inpumkhatna'	NOUN
inpumkhatna,	NOUN
inpumkhatnaah	ADJ
inpumpek	VERB
inpumpek.	VERB
inpumpekna	NOUN
inpumpekte	NOUN
inpumpêk	VERB
input	VERB
inpâwl	VERB
inpâwlhona	DET
inpâwlna	NOUN
inpâwng	NOUN
inpêk	VERB
inpêkna	NOUN
inpêt	VERB
inpûksak	ADJ
inquiry	PROPN
inrahbehna	NOUN
inral	VERB
inralrin	VERB
inralring	VERB
inralrinna	NOUN
inralsai	VERB
inralthuam	VERB
inrawih	VERB
inrawk	VERB
inrawkna	NOUN
inrawlh	VERB
inrawlh.	VERB
inrawlh?	VERB
inrawlha	DET
inrawlhah	ADP
inrawlhin,	ADJ
inrawlhna	NOUN
inrawlhtu	NOUN
inrawn	VERB
inrawnkhawm	VERB
inrawnkhawmna	NOUN
inrawnkhawmnaah	ADP
inrawnna	NOUN
inrawntawna	NOUN
inrawt	VERB
inreh,	NOUN
inrel	VERB
inrelbawl	VERB
inrelbawl,	VERB
inrelbawla	NOUN
inrelbawlna	NOUN
inrelbawlnaa	PRON
inrelbawlnaah	ADP
inrelbawlnain	ADJ
inrelbawlnate	NOUN
inrelna	NOUN
inrem	VERB
inrem.	VERB
inrem?	VERB
inremchem	ADJ
inremchenna	SCONJ
inremdan	ADJ
inremin	ADJ
inremlohna	NOUN
inremna	NOUN
inremna,	NOUN
inremnaa	ADP
inremnaah	ADJ
inrempui.	VERB
inrempuitu	NOUN
inremte	NOUN
inremtu	NOUN
inremtîr	VERB
inren	VERB
inrenchem	VERB
inrenchemna	NOUN
inri	VERB
inri.	VERB
inriin	ADJ
inrikrapna	NOUN
inrim	VERB
inrin	VERB
inrina	NOUN
inrina,	NOUN
inrinaa	VERB
inrinaah	ADJ
inring	VERB
inring.	VERB
inringhlel	VERB
inringin	VERB
inringtawk	ADJ
inringtawn	ADJ
inringthul.	PROPN
inrinhlelh	ADJ
inrinhlelhna	NOUN
inrinna	NOUN
inrinni	NOUN
inrinni,	NOUN
inrinni-a	PROPN
inrinni-ah	VERB
inrinnia	ADJ
inrinniah	ADJ
inrinniin	ADP
inrinsiak	VERB
inrinsiakna	NOUN
inrintawk	ADJ
inrintawk,	ADJ
inrintawklohzia	NOUN
inrintawkna	NOUN
inrintawkna,	NOUN
inrintawnlohna	DET
inrintâwkna	NOUN
inruahman	VERB
inruahman.	VERB
inruahmanna	NOUN
inrual	VERB
inrual.	VERB
inrualkhai	VERB
inruat	VERB
inruat.	VERB
inruksak	VERB
inrun.	VERB
inrunna	NOUN
inrving	PROPN
inrâlrin	VERB
inrâwn	VERB
inrêk	VERB
inrêlbâwl	VERB
inrîk	NOUN
inrîna	NOUN
inrûk.	ADP
ins	PROPN
insah	VERB
insak	NOUN
insakna	NOUN
insangmar	VERB
insangphek	VERB
insanmar	VERB
insaseng	VERB
insaseng.	VERB
insasengin	VERB
insasengna	NOUN
insasengtir	VERB
insaturate	VERB
insawh	VERB
insawhngheh	VERB
insawhnghehna	NOUN
insawhnghet	VERB
insawi	VERB
insawi-fiahin,	ADV
insawi.	VERB
insawi;	VERB
insawia	ADJ
insawichhiat	VERB
insawichhiatna	NOUN
insawidan	PRON
insawifiah	VERB
insawifiah.	VERB
insawifiahin,	ADJ
insawifiahinkhelh	DET
insawifiahna	NOUN
insawifihlim	VERB
insawihfiah	PROPN
insawiin	ADJ
insawiin,	ADJ
insawimawinate	PUNCT
insawipui	NOUN
insawisa	VERB
insawisel	VERB
insawiselna	NOUN
insawisêl	PRON
insawisêlna	PRON
insawithaihna	NOUN
insawitheih	ADJ
insawithiamna	NOUN
insawizawi	VERB
insawizawina	NOUN
insawiṭhaih	NOUN
insawm	VERB
insawm.	VERB
insawn	VERB
insawn,	VERB
insawn.	VERB
insawnchhuak	VERB
insawnchhuak.	VERB
insawngbawl	VERB
insawnin	ADJ
insawnna	NOUN
insawnte	PROPN
insawntir	VERB
insawp	VERB
insawr	VERB
insawrbing	VERB
inseh	VERB
insel	VERB
insem	VERB
insem,	VERB
insem.	VERB
insemin	ADJ
insen	VERB
inseng	VERB
inseng.	VERB
insengso	ADJ
insengsoin	NOUN
insenso	PRON
insensona	ADJ
inserh	VERB
insi	VERB
insiam	VERB
insiam-that	PUNCT
insiam.	VERB
insiama	ADV
insiamchawpte	NOUN
insiamhhat	PRON
insiamin	VERB
insiamna	NOUN
insiamrem	VERB
insiamrem.	VERB
insiamremna	NOUN
insiamtha	VERB
insiamthaa	CCONJ
insiamthat	ADJ
insiamthatna	NOUN
insiamtu	NOUN
insiamṭha	VERB
insiamṭhain	CCONJ
insiamṭhat	ADJ
insiamṭhatna	NOUN
insik	VERB
insiksawi	VERB
insil	VERB
insilfai	VERB
insilfaina	NOUN
insilna	NOUN
insilsak	VERB
insingsa	VERB
insit	VERB
insitna	PUNCT
insorkar	VERB
inspector	NOUN
inss	PROPN
instagram	PROPN
instagram-ah	PROPN
instagram-ah,	PUNCT
install	PRON
installment	NOUN
instalment	NOUN
instituion	PUNCT
institute	PROPN
institute-ah,	ADP
institution	NOUN
instruction	NOUN
instrument	NOUN
instruments	VERB
insu	VERB
insu,	VERB
insu.	VERB
insuaalna	PRON
insuah	VERB
insual	VERB
insual,	VERB
insual.	VERB
insualna	NOUN
insualna,	NOUN
insualnaah	ADJ
insualnate	NOUN
insualtirnaa	VERB
insuam	VERB
insuan	VERB
insuhna	ADP
insuih	VERB
insuihkhawm	VERB
insuihkhawmna	ADP
insuihzawm	PRON
insuk	VERB
insukna	NOUN
insuksakna	CCONJ
insul	VERB
insulin	NOUN
insulpel	ADJ
insum	VERB
insum.	VERB
insuma	ADP
insumdawn	NOUN
insumdawntawnna	VERB
insumkar	ADJ
insumthei	ADJ
insumtheihna	NOUN
insurance	NOUN
insurance-ah	NOUN
insurer	DET
insurrection	DET
insut	VERB
insuthiam	AUX
insutna	NOUN
insutnaah	ADJ
inswng	ADP
insâwi	VERB
insâwm	VERB
insâwm.	VERB
insâwmna	PRON
insêng	VERB
insû.	PROPN
insûm	VERB
insûn	VERB
insût	VERB
intach	PROPN
intach,	PUNCT
intahhriarm	ADJ
intai	VERB
intaina	NOUN
intake	NOUN
intam	VERB
intan	VERB
intan.	VERB
intan?	VERB
intangkaipui	VERB
intanin	ADJ
intanin,	ADJ
intanna	NOUN
intanpui	VERB
intanpuitawn.	NUM
intar	VERB
intar.	VERB
intat	VERB
intathriam	VERB
intawh	VERB
intawhkhawm	VERB
intawhkhawmah	ADP
intawhtir	VERB
intawiawmna	ADJ
intawk	VERB
intawk.	VERB
intawkkhawm	PROPN
intawllen	VERB
intawm	VERB
intawm.	VERB
intawmtute	NOUN
intawn	VERB
intawng	VERB
intawng.	VERB
intawngin	ADJ
intawngpawng	NOUN
intawnna	AUX
inte	NOUN
inte-thawveng	PUNCT
inteh	VERB
intehkhin	VERB
intel	VERB
intelkhawm	VERB
intelkhawm.	VERB
intelkhawmna	NOUN
intelkhawmte	NOUN
intelkhawmten	VERB
intelligence	NOUN
intelthat	AUX
inten	VERB
inter	PROPN
inter-district	ADJ
interactive	PROPN
intercontinental	PROPN
interek.	ADV
interest	NOUN
interested	ADJ
interim	ADP
interior	ADJ
interlingua	PROPN
intermediate	ADP
interna-tional	DET
internal	PROPN
international	ADJ
internationalization	PUNCT
internet	NOUN
internet-	DET
internet-a	NOUN
internet-ah	PRON
internship	NOUN
interpol	NOUN
interrogator	NOUN
intersection	DET
interstellar	ADJ
interview	NOUN
interview-ah	DET
interviewee	NOUN
intestine	NOUN
inthah	VERB
inthahna	NOUN
intham	VERB
inthamna	NOUN
inthap	VERB
inthat	VERB
inthat.	VERB
inthau	PRON
inthawh	VERB
inthawhkhawmah	ADP
inthawi	VERB
inthawina	NOUN
inthawinaah	ADJ
inthawinate	NOUN
inthawlhin	ADJ
inthawn	VERB
inthawnna	NOUN
inthazo	VERB
intheh	VERB
intheh.	VERB
inthehdarh.	NOUN
inthehlarna	PRON
inthehthil	VERB
inthen	VERB
inthen.	VERB
inthen?	VERB
inthenawm.	NOUN
inthendarh	VERB
inthendarh.	VERB
inthenfaina	NOUN
inthenhranna	NOUN
inthenin	VERB
inthenna	NOUN
inthenna,	NOUN
inthhenna	NOUN
inthiam	VERB
inthian	VERB
inthian.	VERB
inthian?	VERB
inthianfai	VERB
inthianna	NOUN
inthianthar	ADJ
inthianthat	ADJ
inthianthatna	NOUN
inthiar	VERB
inthiarchhuak	PRON
inthiarfihlim	VERB
inthiarfihlim.	VERB
inthiarfihlîm	VERB
inthiarna	NOUN
inthiarnaah	ADJ
inthiarnate	NOUN
inthiat	VERB
inthik	VERB
inthing	VERB
inthlah	VERB
inthlahchhawn	ADJ
inthlahchhawng	VERB
inthlahdah	VERB
inthlahdah.	ADJ
inthlahdahah	SCONJ
inthlahdahna	NOUN
inthlahdul	VERB
inthlahdul.	NOUN
inthlahna	NOUN
inthlahpung	VERB
inthlahrun	VERB
inthlahrunawm	ADJ
inthlahrung	VERB
inthlahrung.	VERB
inthlahrunna	NOUN
inthlak	VERB
inthlak,	VERB
inthlak.	VERB
inthlak?	VERB
inthlakah	ADJ
inthlakdanglam	NOUN
inthlakdanglamna	NOUN
inthlakhlelhna	DET
inthlakna	NOUN
inthlaksak	ADJ
inthlakthleng	VERB
inthlamuan	VERB
inthlan	VERB
inthlan-puiah	NOUN
inthlana	NOUN
inthlanah	ADJ
inthlanchhawk	PUNCT
inthlang	VERB
inthlanin	ADJ
inthlann	VERB
inthlanna	NOUN
inthlannaa	ADJ
inthlannaah	ADJ
inthlanni	VERB
inthlanpui	NOUN
inthlanpui,	NOUN
inthlanpuia	NOUN
inthlanpuiah	ADJ
inthlanpuiahte	AUX
inthlau	ADJ
inthlau.	ADJ
inthlauh	ADJ
inthlauhna	NOUN
inthlauhna?	NOUN
inthlauhthlak	NOUN
inthlauhtirtu	NOUN
inthlauhzia	ADJ
inthlawp	VERB
inthleibikna	AUX
inthlemthlu	PRON
inthlen	VERB
inthleng	VERB
inthleng.	VERB
inthlengna	NOUN
inthli.	VERB
inthliar	VERB
inthliarna	NOUN
inthlit	VERB
inthlit.	NOUN
inthlun	VERB
inthlungkhawm.	PROPN
inthlunzawm	VERB
inthlunzawmna	NOUN
inthlâk	VERB
inthlâkna	NOUN
inthuah	VERB
inthuahthip	VERB
inthuam	VERB
inthuam.	VERB
inthuamin	ADJ
inthuamna	NOUN
inthuamnaah	ADJ
inthuamte	ADJ
inthuamten	AUX
inthukru	VERB
inthun	VERB
inthunun	VERB
inthununa	ADJ
inthununna	NOUN
inthup	VERB
inthup,	VERB
inthup.	VERB
inthup?	VERB
inthupna	NOUN
inthurual	VERB
inthurual.	VERB
inthuruala	ADJ
inthurualin	ADJ
inthut	VERB
inthutpui	VERB
inthâwina	NOUN
inti	VERB
inti,	VERB
inti-tatu.	NOUN
inti.	VERB
intiam	VERB
intiam.	VERB
intiamkamna	NOUN
intiamna	NOUN
intiamnate	ADJ
intiamrualho	NOUN
intiamthu	VERB
intiat	VERB
intibal.	ADJ
intibawlhhlawhte	AUX
intibuai	VERB
intibuai.	VERB
intibuaiin	NOUN
intichak	VERB
intichangkang	VERB
intifai	VERB
intifel	VERB
intifing	VERB
intih	VERB
intih'thlarau	VERB
intih-rinawm	VERB
intihah	ADJ
intihausa	ADJ
intihbuai	VERB
intihbuaina	NOUN
intihchak	VERB
intihchangkan	NOUN
intihchhiat	VERB
intihchhiat?	VERB
intihduhdah	VERB
intihduhdahna	NOUN
intihfai	PRON
intihhausakna	PRON
intihhhmuh	ADP
intihhlim	VERB
intihhlimna	NOUN
intihhlimna)	NOUN
intihhlimnain	ADJ
intihhlum	VERB
intihhlum?	VERB
intihhluma	VERB
intihhlumna	NOUN
intihhmingchhiat	PART
intihhminghchhiat	PRON
intihhmuh	VERB
intihhmuh.	VERB
intihhmuhna	NOUN
intihhranna	NOUN
intihhrisêl	AUX
intihkan	PRON
intihlal	VERB
intihlar	NOUN
intihlim	VERB
intihlim.	VERB
intihlimna	NOUN
intihlum	VERB
intihlum.	VERB
intihlumte	AUX
intihna	NOUN
intihnat	VERB
intihpalhna	NOUN
intihphur	SCONJ
intihphûr	VERB
intihre	VERB
intihrehawm	VERB
intihsak	VERB
intihsawtna	NOUN
intihsiak	VERB
intihsiak.	VERB
intihsiaka	AUX
intihsiakah	VERB
intihsiakna	NOUN
intihsiaknaa	NOUN
intihsiaknaah	ADJ
intihsilh	DET
intihtauh	CCONJ
intihthaihna	ADJ
intihthiam	VERB
intihuai	VERB
intihzahawm	NUM
intihzia	ADJ
intihṭhaih	NOUN
intiin	ADJ
intilal	VERB
intilian	VERB
intilungngai	VERB
intimualpho.	VERB
intina	NOUN
intina.	NOUN
intintuah	VERB
intipachanga	CCONJ
intipalh	VERB
intir	VERB
intirh	VERB
intisek	VERB
intitatu	VERB
intite	NOUN
intiten	ADJ
intithawveng.	ADP
intithei	VERB
intitheih	PRON
intithiam	VERB
intithianghlim	VERB
intithlarau	VERB
intithu	VERB
intiti	VERB
intitlawm	VERB
intitlawma,	PRON
intitlâwm	VERB
intizau	VERB
intizawlnei	NOUN
intlan	VERB
intlanchhawk	VERB
intlanisakna	ADJ
intlansiak	VERB
intlansiak.	VERB
intlansiaka	ADJ
intlansiakah	ADJ
intlansiakna	NOUN
intlansiakna-a	AUX
intlansiaknaa	NOUN
intlansiaknaah	ADJ
intlar	NOUN
intlar.	NOUN
intlar?	NOUN
intlarna	NOUN
intlarte	NOUN
intlawh	VERB
intlawhpawh	VERB
intlawhpawhna	NOUN
intlawn	VERB
intluk	VERB
intluk.	VERB
intlukna	NOUN
intluktlang	VERB
intluktlanna	NOUN
intluktlanna,	NOUN
intluktlânna	NOUN
intlânsiak	ADJ
intlânsiakah	NOUN
intodelh	VERB
intodelh.	VERB
intodelhna	NOUN
intolerance	NOUN
intrigued	AUX
intuai	VERB
intuaihriam	VERB
intuaithar	VERB
intuaitharna	PROPN
intuak	VERB
intualvuakna	NOUN
intuam	VERB
intuamin	ADJ
intuh	ADV
intuk	NOUN
intulut	VERB
intulût	VERB
intum	VERB
intum.	VERB
intumtur	AUX
intungnung	VERB
intunnun	VERB
intur	ADJ
intute	ADJ
intâl	ADJ
intâwk	VERB
intîr	VERB
inuai	ADP
inuluk	VERB
inum	VERB
inunau	ADJ
inunauna	NOUN
inunaunna	PRON
inup	VERB
invai	VERB
invaiin	PUNCT
invaivung	VERB
invanna	ADP
invau	VERB
invauna	NOUN
invaw	NOUN
invawm.	DET
invawn	VERB
invawng	VERB
invawng.	VERB
invawngfel	NOUN
invawrh	VERB
invawrhchho.	NOUN
invehthlemna	NOUN
inven	VERB
invena,	VERB
invendan	CCONJ
inveng	VERB
inveng.	VERB
invenhim	VERB
invenlawk	NOUN
invenna	NOUN
invenna.	NOUN
invennaa	ADP
investigatiaon	NOUN
investigation	NOUN
investigation-ah,	NOUN
investigator	NOUN
investigator-te	PUNCT
investment	NOUN
investor	NOUN
invil	VERB
invincibles	PROPN
invisible	ADJ
invithlum	DET
invoice	NOUN
invuah	VERB
invuahna	NOUN
invuak	VERB
invui	VERB
invuina	NOUN
invulh	VERB
invên	VERB
invêna,	VERB
invêng	VERB
invênna	NOUN
inzaghi	PROPN
inzah	VERB
inzahna	NOUN
inzahsak	VERB
inzahtawn	ADP
inzai	VERB
inzaina	NOUN
inzam	ADJ
inzamam-ul-haq	NOUN
inzar	VERB
inzarpharh	ADJ
inzarpharhin	PUNCT
inzat	VERB
inzat.	VERB
inzawh	VERB
inzawhna	NOUN
inzawm	VERB
inzawm,	VERB
inzawm.	VERB
inzawm?	VERB
inzawma	ADJ
inzawmin	ADJ
inzawmkhawm	VERB
inzawmkhawmna	NOUN
inzawmna	NOUN
inzawmna?	NOUN
inzawmnaah	ADJ
inzawmnate	NOUN
inzawmtir	VERB
inzawmtîr	VERB
inzawn	VERB
inzawng	VERB
inzawngah	ADP
inzawnna	NOUN
inzawrh	VERB
inzawrhna	NOUN
inzawt	VERB
inzawt.	VERB
inzeh	DET
inzep	VERB
inzep.	VERB
inziah	VERB
inziahluh	ADJ
inziahluhna	NOUN
inziahna	NOUN
inziahsiak	VERB
inziahsiakna	AUX
inziak	VERB
inziak!	VERB
inziak-lut	DET
inziak.	VERB
inziaklut	VERB
inziaklut.	VERB
inziaklutin,	NOUN
inziakna	NOUN
inziakte	ADJ
inzial	VERB
inzial.	VERB
inzir	VERB
inzir.	VERB
inzirchawp	DET
inzirchhuak	NOUN
inzirin	ADJ
inzirmi	ADJ
inzirna	NOUN
inzirnan	ADJ
inzirte	PART
inzirtir	VERB
inzirtir.	VERB
inzirtirin	ADJ
inzirtirin,	ADJ
inzirtirna	NOUN
inzirtirnna	ADJ
inzirtîr	VERB
inzirtîrna	NOUN
inzirtîrte	VERB
inzuar	VERB
inzuar.	VERB
inzuarte	NOUN
inzui	VERB
inzuia	VERB
inzul	VERB
inzâr	VERB
inzâwl	VERB
inzâwt	VERB
inzêp	VERB
inzîr	DET
inîtsikna	PRON
inîtsîkna	NOUN
inṭan	VERB
inṭan.	ADJ
inṭangkaipui	VERB
inṭanna	NOUN
inṭanpui	VERB
inṭawh	PUNCT
inṭawm	VERB
inṭawm.	VERB
inṭawmin,	PROPN
inṭawmte	NOUN
inṭawng	ADJ
inṭham	VERB
inṭhan.	ADJ
inṭhen	VERB
inṭhen-	VERB
inṭhen.	VERB
inṭhen?	VERB
inṭhenawm	VERB
inṭhendarh.	ADJ
inṭhendarhna	PRON
inṭhenin	ADJ
inṭhenin,	ADJ
inṭhenna	NOUN
inṭhian	VERB
inṭhianna	NOUN
inṭhianṭhat	VERB
inṭhianṭhatna	NOUN
inṭhianṭhatna.	NOUN
inṭâwm	VERB
io	PROPN
iob-ah	NOUN
ioc	PROPN
ioc-	PROPN
iocl	PROPN
iom	PROPN
ionescu,	PROPN
ios	ADV
ip	NOUN
ipad	PROPN
ipai	DET
ipc	PROPN
ipchmangin	PUNCT
ipft	PROPN
iphone	PROPN
iphone-ah	PROPN
iphone?	CCONJ
ipik	NOUN
ipl	DET
ipl-a	PRON
ipl-ah	DET
ipod	PROPN
ipr	PROPN
ipro	PROPN
ipro,	PUNCT
ips	PUNCT
ips,	PUNCT
ipswich	PROPN
ipswich,	PROPN
ipswich-in	PROPN
ipte	NOUN
ipteah	VERB
ipvm	DET
iq	PART
iqbal	PROPN
ir	NOUN
iran	PROPN
iran-a	PROPN
irani	PROPN
iranian	PUNCT
iraq	PROPN
iraq-a	NOUN
iraq-ah	PROPN
iraqi	ADJ
irb	PROPN
irctc	PROPN
ireland	PROPN
ireland-a	PRON
ireland-ah	PRON
irena	PROPN
irene	PROPN
irh	VERB
irhchhuak	VERB
irhfiak	NOUN
irhfiakin	ADP
irish	ADJ
iron	NOUN
ironing	VERB
irony	NOUN
irregular	ADJ
irresponsible	ADJ
irs	PROPN
irving	PROPN
is	AUX
isa	PROPN
isaac	PROPN
isaac-a	PROPN
isaak	VERB
isaaka	PROPN
isaakan	PROPN
isabela	PROPN
isac	PROPN
isaia	PROPN
isaia,	PUNCT
isak	PROPN
isaka	PROPN
isakar	PROPN
isakara	PROPN
isarael	DET
isbn	VERB
isco	PROPN
ishan	PROPN
ishant	PROPN
ishihara	PROPN
isiah	PROPN
isis	PROPN
iskar-ho	PROPN
iskariota	PROPN
iskut	NOUN
isl	PROPN
isl-ah	DET
islam	PROPN
islam-a	PROPN
islama	PROPN
islamabad	PROPN
islamabad-a	PROPN
islamic	DET
islamist	ADJ
island	NOUN
island,	PROPN
island-ah	NOUN
islanders	NOUN
islands	PROPN
islands-ah	VERB
ismael	ADJ
ismaela	PROPN
ismail	PROPN
ismeal	PROPN
isner	PROPN
isocyanate	PROPN
isolationism	NOUN
isoniazid	NOUN
ispck	PROPN
isps	NOUN
israel	PROPN
israel,	PROPN
israel-	PROPN
israel-a	PROPN
israel-gaza	PROPN
israel-hamas	DET
israel-ho	AUX
israel-hote	VERB
israel-in	PUNCT
israel-mite	DET
israel-te	PROPN
israela	PROPN
israelho	DET
israeli	ADJ
israeli-te	DET
israeli-ten	PRON
israelte	DET
israelten	PRON
isro	NOUN
isrt	NOUN
issa	NOUN
issahaku	PROPN
issue	NOUN
ist	ADJ
istanbul	PROPN
istanbul-a	VERB
istanbul-ah	PROPN
istiri	VERB
isu,	PROPN
isua	PROPN
isua'	PROPN
isua'n	PROPN
isua'n,	VERB
isua,	PROPN
isua-ah	ADP
isua.	PROPN
isua:	PROPN
isuaa	PRON
isuaah	ADP
isuan	PROPN
isuan,	VERB
isua’n	AUX
isudan	PROPN
isuâ	PUNCT
it	NOUN
ita	NOUN
itakura,	PROPN
italia	PROPN
italia-ah	PROPN
italian	ADJ
italian,	ADJ
italian-american	PROPN
italiana	PROPN
italicize	VERB
italy	PROPN
italy,	PUNCT
italy-a	PROPN
italy-ah	PROPN
itanagar	PROPN
itanagar-ah	PROPN
itawm	ADJ
itbp	PROPN
itc	PROPN
item	NOUN
itf	DET
iti	PROPN
iti,	PROPN
itih	PUNCT
itlf	PROPN
itlf-ah	PROPN
itm	PROPN
itsik	VERB
itsikna	NOUN
itsîkna,	NOUN
ittihad	PROPN
iu	INTJ
iv	PROPN
iv,	PROPN
iv-a	VERB
iv:millennium	PROPN
ivan	NOUN
ivano-frankivsk	PROPN
ivanov	NOUN
ivanovic	PROPN
iversen	PROPN
ivf	PROPN
ivorian	ADJ
ivory	PROPN
ivr	PROPN
iwdp	PROPN
iwf	DET
iwgp	PROPN
iwl	NOUN
iwmp	PROPN
iwobi	PROPN
iwt	PROPN
ix	PROPN
iyer	PROPN
iyer,	PROPN
izakaya	PROPN
izium	PROPN
izmir	PROPN
izo	PROPN
izria	PROPN
izu	ADP
izu-ah	PROPN
izāfa	NOUN
i’n	CCONJ
j	PROPN
j&s	PROPN
j-hope	PROPN
j.	PROPN
j.lalhmingliana	PROPN
j.lalrohlua	PROPN
jaafar	NOUN
jaani	PROPN
jabeur	PROPN
jabeza	NOUN
jabuticaba	PROPN
jac	PROPN
jac-te	DET
jacek	PROPN
jaci	PROPN
jack	PROPN
jack-a	PROPN
jackboot	NOUN
jacket	NOUN
jacket,	DET
jackets	NOUN
jackie	PROPN
jackqueline	PROPN
jackson	PROPN
jackson,	PROPN
jackson-a	PROPN
jackson-a,	PROPN
jackson-an	PROPN
jacksons-te	AUX
jacob	PROPN
jacoba	PROPN
jacpr	PROPN
jacques	PROPN
jada	PROPN
jadan	PROPN
jadeja	PROPN
jadhav	CCONJ
jadon	PROPN
jadon-an	PUNCT
jagadish	PROPN
jagdeep	NOUN
jagdish	PROPN
jahangir	ADP
jahaziela	PROPN
jai	PROPN
jail	NOUN
jail,	PROPN
jail-a	PRON
jail-ah	NOUN
jail-te	NOUN
jailor-ten	PUNCT
jain	PROPN
jaintia	PROPN
jaipur-a	PUNCT
jaipur-ah	ADP
jaipuria	PROPN
jair	PROPN
jairam	PROPN
jaish-e-mohammed	PROPN
jaishankar	PROPN
jaishankar-a	SCONJ
jaiswal,	PROPN
jaitley	PROPN
jakarta	NOUN
jakkham	AUX
jakob	PROPN
jakob-ho	ADP
jakoba	PROPN
jakoba'n	PROPN
jakoban	PROPN
jakub	PROPN
jal	PROPN
jalandhar	PROPN
jalen	PUNCT
jalenga	PROPN
jallikattu-a	ADP
jalpaiguri-guwahati	PROPN
jalukbari	PROPN
jam	NOUN
jam-ah	PRON
jamaatul	PROPN
jamaica	PROPN
jamal	PROPN
jamal,	PUNCT
jamal.	PUNCT
jamal?	PUNCT
jamalpur	PROPN
james	PROPN
james-a	NOUN
james.	ADP
jamie	PROPN
jamil	PROPN
jammat	PROPN
jammu	PROPN
jammu-a	DET
jamnagar	PROPN
jamoh	PROPN
jampui	PROPN
jamsehdpur	PROPN
jamshedpur	PROPN
jamthianlun	PROPN
jamui	PROPN
jamuna	PROPN
jan	PROPN
janani	PROPN
janata	PROPN
jane	PROPN
jane-i	PROPN
janeiro-ah	NOUN
jangkholun-a	PROPN
jani	ADJ
janie	PUNCT
janis	PROPN
janitor	NOUN
janker	PROPN
jankovic	PROPN
janne	PROPN
janneke	PROPN
jannik	PROPN
janpan	VERB
januari	PROPN
january	PROPN
january,	PROPN
january-may	PROPN
janury	PROPN
japan	NOUN
japan,	NOUN
japan-a	PROPN
japan-ah	PROPN
japanese	PROPN
japanese-ho	DET
japanese-style	ADJ
japhet	PUNCT
japi	PROPN
jardim	PUNCT
jareonroy	PROPN
jargon	NOUN
jarin-a	PROPN
jarkhand	PROPN
jaros	PROPN
jarrad	PROPN
jarrell	PROPN
jarrod	PROPN
jarwal	PROPN
jaryan	PROPN
jasmine	NOUN
jason	PROPN
jasprit	PROPN
jaswal	PROPN
jathang	PROPN
jatin	PROPN
jatinga	PROPN
jats	PROPN
jaui	PROPN
jaunpur	PUNCT
jautho	PROPN
java	DET
javadekar	PROPN
javanese	PROPN
javascript	PUNCT
javed	PROPN
javi	PROPN
javier	PROPN
jawaharlal	PROPN
jawan	PUNCT
jawhar	PROPN
jay-z	PROPN
jaya-i	PROPN
jayaji,	VERB
jayant	PROPN
jayanti	PROPN
jayasuriya	PROPN
jaycee	PUNCT
jaychandra	PROPN
jayden	PROPN
jaylen	PROPN
jayson	PUNCT
jaywalking	VERB
jazeera	PROPN
jazz	NOUN
jb	PROPN
jc	PROPN
jcb	NOUN
jcilps	PRON
jcm	PROPN
jd	PROPN
jdt	DET
je	PROPN
jeakson	PROPN
jean	PROPN
jean-in	PROPN
jeanne	PRON
jeannot	VERB
jeans	VERB
jeans-ah	ADP
jebeur	PUNCT
jection	PRON
jedaia	ADJ
jeddah	PROPN
jedi	DET
jee	ADJ
jeeevan	PROPN
jeep	NOUN
jeevan	PROPN
jeevika	PROPN
jeff	PROPN
jeff-an	PROPN
jefferson	PROPN
jeffrey	PROPN
jeffry	ADJ
jegar-sahadutha	PROPN
jeho-a	PROPN
jehoahaza	PROPN
jehoaza	PUNCT
jehoiada	PROPN
jehoiakima	PROPN
jehoiariba	PROPN
jehorama	PROPN
jehosaphata	PUNCT
jehova	PROPN
jehova'n	PROPN
jehova-ah	PROPN
jehovan	DET
jehua	PROPN
jeje	PROPN
jeje-an	AUX
jelena	PROPN
jelly	PROPN
jellybean	NOUN
jellyfish	NOUN
jem	PROPN
jen	PUNCT
jena	PROPN
jenifer	PROPN
jenifer'n	PROPN
jenifer-i	PROPN
jenifer-in	PROPN
jenner	PROPN
jennie	PROPN
jennifer	PROPN
jenny	PROPN
jens	PROPN
jensen	PROPN
jenson	PUNCT
jentail	ADV
jentailte	DET
jerameela	PROPN
jerc	PROPN
jeremia	PROPN
jeremia,	PROPN
jeremie	PUNCT
jeremy	PROPN
jeremy-a	NOUN
jeresalem	PROPN
jericho	PROPN
jeriko	PROPN
jermain	PROPN
jermaine	PROPN
jeroboama	PROPN
jerry	PROPN
jerry-a	PROPN
jersey	PROPN
jerubabela	ADP
jerusalem	PROPN
jerusalem,	NOUN
jerusalem-a	PRON
jerusalem-ah	NOUN
jerusalema	PUNCT
jerusalemah	ADP
jerusalemramngaihawmi.	CCONJ
jesaia	ADV
jesse	PROPN
jessica	VERB
jessie	PROPN
jessie-i	PROPN
jesus	PROPN
jet	PROPN
jets	NOUN
jew	PROPN
jewish	VERB
jews	PROPN
jezreel	PROPN
jf	PROPN
jfa	NOUN
jfc	PROPN
jh	PROPN
jha	PROPN
jha-te	CCONJ
jharkhand	PROPN
jharkhand-a	NOUN
jharkhand-ah	ADP
jharsugada	ADP
jhingan	PROPN
jhon	PROPN
ji	PROPN
jiban	PROPN
jica	PROPN
jihadist	NOUN
jihan	PROPN
jil	VERB
jill	PROPN
jim	PROPN
jim!	PUNCT
jim-a	PROPN
jim.	PUNCT
jima	ADP
jimi	PROPN
jimin	PROPN
jimin,	PUNCT
jimmy	PROPN
jimênez-a	PUNCT
jin	PROPN
jingiaseng	PROPN
jinping	PROPN
jintao-a	PRON
jio	PROPN
jiocinema	CCONJ
jire	PROPN
jiribam	PROPN
jiribam,	PROPN
jirtdan-a	PROPN
jjb-in	PROPN
jjm	PROPN
jk	PROPN
jmc	PROPN
jmm	PROPN
jn	PROPN
jnims	PROPN
jnnurm	NOUN
jnu	PROPN
jnv	PROPN
jnv-a	PART
jo-wilfried	PROPN
joaba	PROPN
joachim	PROPN
joakimi	PROPN
joan	PROPN
joanna	NOUN
joao	PROPN
joaquin	PROPN
joaquín	PROPN
job	NOUN
joba	NOUN
joba,	NOUN
jobe	ADJ
jobim	PROPN
jodhpur	PROPN
jodhpur-a	ADV
joe	PROPN
joel	PROPN
joey	PROPN
jogging	VERB
jogging-ah	VERB
johana	PROPN
johana,	PROPN
johanan	PROPN
johann	PROPN
johanna	PROPN
johannesburg	PUNCT
johar	PROPN
john	PROPN
john!	PUNCT
john,	PUNCT
john-a	PROPN
john-a'n	PROPN
john-an	PROPN
john-in	CCONJ
johnkenty	PROPN
johnnya	PROPN
johnson	PROPN
johnson-a	PROPN
johny	PROPN
johor	PROPN
joinning	PRON
joint	PROPN
jokanovic-a	PROPN
joke	AUX
jokic	PROPN
jolanta	PROPN
jolie	PROPN
jon-a	PROPN
jona	PROPN
jonas	PROPN
jonathan	PROPN
jonathan,	PROPN
jonathan-te	PROPN
jonathana	PROPN
jonathone-a	PROPN
jones	PROPN
jong	PROPN
jong-a	VERB
jongte	PROPN
jonjo	PROPN
jonny	CCONJ
joong-ki	PROPN
jopara	PROPN
joppa	PROPN
jorama	PROPN
jordan	PROPN
jordan,	PROPN
jordan-ah	ADP
jordon	PROPN
jorg	PROPN
jorgensen	CCONJ
jorhat	PROPN
jorhat,	PROPN
jorhat-ah	PROPN
jorhat-ahte	CCONJ
jos	PROPN
josbi	CCONJ
jose	PROPN
jose-a	PROPN
josef	ADP
josefa	PROPN
josefa,	DET
josep	PROPN
joseph	PROPN
joseph-a	PROPN
josepha	PROPN
josephus-a	PROPN
josh	PROPN
joshua	PROPN
joshuah	PROPN
josia	PROPN
josko	PROPN
josua	PROPN
josuan	ADP
josé	NUM
jota	PROPN
jotirao	PROPN
journal	PROPN
journalism	PROPN
journalist	NOUN
journalist,	NOUN
journalist-te	NOUN
journalist-ten	ADP
journey	NOUN
jovetic	PROPN
jovic,	PROPN
joyce	PROPN
joyce-i	PROPN
joão	PROPN
jp	PROPN
jr	PROPN
jr,	PROPN
jr.	PROPN
jrpa	PROPN
jsa	NOUN
jsy	PROPN
jt	PROPN
jt-in	PROPN
jt.	PROPN
juan	PROPN
juanan	PROPN
juarez	PROPN
juber	PROPN
jubilee	PROPN
jubili	PROPN
jud	NOUN
juda	PROPN
juda-ah	ADP
juda-ho	PROPN
juda-mi	NOUN
juda-te	PROPN
juda-ten	PROPN
judahote	DET
judai	ADP
judate	DET
judaten	PROPN
jude	PROPN
judeo-christian	ADJ
judeo-spanish,	PROPN
judge	NOUN
judge-te	NOUN
judiciary	DET
judit	PROPN
judith-i	PROPN
judo	PROPN
judo-ah	PROPN
judoka	NOUN
judy	PROPN
juhi	PROPN
juice	NOUN
julen	NOUN
juli	PROPN
julia	PROPN
julian	PROPN
julie	PROPN
julie-i	PROPN
juliet	PROPN
julius	PROPN
juliân	PROPN
july	NOUN
july,	NOUN
july-a	PUNCT
juma	PROPN
jump	NOUN
jumping	NOUN
jumpsuit	NOUN
june	PROPN
june,	PROPN
jung	PROPN
jung,	PROPN
jungkook	PROPN
jungle	NOUN
jungle-ah	ADP
junior	PROPN
junior-a	PUNCT
junior-an	PUNCT
junk	NOUN
juno	AUX
junqueras	PROPN
jupiter	PROPN
jupp	VERB
juraboev-ten	PROPN
jurgen	PROPN
jurrien	CCONJ
jurriën	PUNCT
jury	NOUN
jury-ah	PRON
juster	PROPN
justicialist	PROPN
justin	PROPN
juve	PROPN
juve-in	PROPN
juventus	PROPN
juventus-ah	PRON
juventus-in	PROPN
jv	PROPN
jv-a	PROPN
jw	PROPN
jyotiraditya	PROPN
jêrêmy	PROPN
jørgen	PROPN
k	NOUN
k-3727	NOUN
k-pop	ADJ
k.	NOUN
k.c-a	ADP
k.chozah	PROPN
k.hminga	PROPN
k.lalawmpuia	PROPN
k.laldawngliana,	PROPN
k.lalrinliana,	PROPN
k.lalrintluangan	PROPN
k.lalṭhathanga	PROPN
k.r	PROPN
k.saitluanga,	PUNCT
k.vanlalruati	PROPN
k.vanlalruati,	PROPN
k.vanlalvena	PROPN
k.vanlalvena,	PROPN
k.zoramchhani	PROPN
k15c	PROPN
k77-11	PROPN
ka	PRON
ka!	PRON
ka'	VERB
ka'n	PRON
ka,	PRON
ka.	VERB
ka/kan	PRON
kaa	AUX
kaah	ADJ
kaal	DET
kabak	PROPN
kabia	PROPN
kabil	PUNCT
kabila-a	PROPN
kabul	PROPN
kabul-a	DET
kabyle	PROPN
kabylie	PROPN
kacey	PROPN
kachhung	ADJ
kachin	PROPN
kacurri	PROPN
kadare	PROPN
kadavan-te	PROPN
kadyrov	PUNCT
kaensa	ADP
kaffy	PROPN
kah	VERB
kah-pawh	NOUN
kah?	VERB
kahchhiat	ADP
kahchhuah	VERB
kahhlum	VERB
kahna	NOUN
kahnaah	ADJ
kahpahin	ADJ
kahrawt	PROPN
kahruahna	NOUN
kai	NOUN
kai,	NOUN
kai-hruaiin	NOUN
kai.	NOUN
kaia	DET
kaia,	NOUN
kaiah	ADJ
kaiapha	PUNCT
kaichhawn	NOUN
kaichhawng	VERB
kaif	PROPN
kaih	NOUN
kaih'	NOUN
kaih-hawih	NOUN
kaih-hnawih	AUX
kaih-hruaina	PRON
kaih.	NOUN
kaiharh	VERB
kaiher	VERB
kaihharh	NOUN
kaihhnawiah	VERB
kaihhnawih	VERB
kaihhnawih,	VERB
kaihhnawiha	ADJ
kaihhnawihah	ADJ
kaihhnawihte	ADJ
kaihhnawihten	PRON
kaihhrai	VERB
kaihhruai	VERB
kaihhruai.	VERB
kaihhruaia	ADJ
kaihhruaiah	ADJ
kaihhruaihna	NOUN
kaihhruaiin	ADJ
kaihhruaina	NOUN
kaihhruainain	PROPN
kaihhruainate	ADJ
kaihhruaitangrual	DET
kaihhruaite	NOUN
kaihhruaitu	NOUN
kaihnawih	ADJ
kaihpawlh	DET
kaihruai	VERB
kaihruai.	VERB
kaihruaia.	ADJ
kaihruaiin	ADJ
kaihruaiin,	ADJ
kaihruain.	PUNCT
kaihruaina	NOUN
kaihruaitu	NOUN
kaihte	NOUN
kaihthawh	VERB
kaihthawha	VERB
kaihthawhin	ADJ
kaiin	ADJ
kaikawpin	ADJ
kaikichhuahah	ADP
kaikuang	NOUN
kaikuang’	NOUN
kailash	PUNCT
kailawn	NOUN
kailawn'	NOUN
kailawna	ADJ
kailawnah	ADJ
kailo,	NOUN
kailoh	NOUN
kaina	ADJ
kainaah	ADV
kainiih	NOUN
kaipeng	VERB
kaipui	VERB
kaisan	VERB
kaisang	VERB
kaisang.	VERB
kaisangte	NOUN
kaisanna	NOUN
kaisara	PROPN
kaisari	PRON
kaiserslautern	PROPN
kaite	ADJ
kaiten	NOUN
kaitenah	ADJ
kaithar	ADJ
kaitho	VERB
kaitho.	VERB
kaitir	VERB
kaitirtu	NOUN
kaitu	NOUN
kajola	PROPN
kak	NOUN
kakichhuaha	NOUN
kakkar	PROPN
kal	VERB
kal!	VERB
kal,	VERB
kal-khawmte	VERB
kal-pui	PROPN
kal.	VERB
kal;	VERB
kal?	VERB
kala	ADJ
kala,	ADJ
kalah	ADJ
kalahor	PROPN
kalajdzic	PROPN
kalamamma	PROPN
kalandarov	PROPN
kalchhuah	VERB
kalchhuak	VERB
kalchilh.	ADJ
kaldai	ADP
kaldai-ho	DET
kaldaiho	ADJ
kaldan	NOUN
kaleba	ADJ
kalemyo	PROPN
kalendar	NOUN
kalendarah	NOUN
kalewa	PROPN
kaleymyo	CCONJ
kalh	VERB
kalh.	VERB
kalh?	VERB
kalha	ADJ
kalhin	ADJ
kalhlen	ADJ
kalhlên	ADJ
kalhmang	NOUN
kalhmang?	NOUN
kalhmangte	ADV
kalhna	NOUN
kalhnate	NOUN
kalho	PROPN
kalhtu	NOUN
kalin	ADJ
kalin,	ADJ
kalinga	PROPN
kalinic	CCONJ
kaliningrad	PROPN
kalinmizoram	ADV
kalkan	VERB
kalkawi	VERB
kalkawng	NOUN
kalkawnga	ADJ
kalkawngah	ADJ
kalkawngte	ADJ
kalkawp	ADJ
kalkawp.	ADJ
kalkhawm	VERB
kalkhawm.	VERB
kalkhawmte	ADJ
kalkhawmten	ADJ
kalkhâwm	VERB
kalkhâwmte	VERB
kalki	PROPN
kallai	VERB
kallaite	VERB
kallam	ADV
kallas	PROPN
kallo	ADJ
kalna	NOUN
kalna,	NOUN
kalna.	NOUN
kalnaa	ADJ
kalnaah	ADJ
kalpah	ADJ
kalpawh	VERB
kalpawhna	NOUN
kalpel	VERB
kalpelin	PRON
kalphung	NOUN
kalphunga	ADJ
kalphungah	ADJ
kalphunghlui	VERB
kalphungte	ADJ
kalphungthar	PRON
kalphung’	ADJ
kalpui	VERB
kalpui.	VERB
kalpui.•loneitute	VERB
kalpui?	VERB
kalpuia	ADJ
kalpuiah	ADJ
kalpuiin	ADJ
kalpuiin,	ADJ
kalpuina	NOUN
kalpuite	ADJ
kalpuitu	NOUN
kalpêngte	PRON
kalral.	NOUN
kalrukna	ADJ
kalsan	VERB
kalsan.	VERB
kalsan?	VERB
kalsana	ADJ
kalsanin	ADJ
kalsanna	NOUN
kalsawn	VERB
kalsiamah	ADJ
kalsual	VERB
kalsualna	NOUN
kalta	ADV
kalta,	ADJ
kaltaa	DET
kaltaah	ADJ
kaltate	ADJ
kaltawh	ADJ
kalte	NOUN
kalten	ADJ
kaltir	VERB
kaltir.	VERB
kaltlang	VERB
kaltlanga	ADJ
kaltlanga.	ADJ
kaltlanga/	PROPN
kaltlangin	ADJ
kaltlangin,	ADJ
kaltlangin.	ADJ
kaltlangpui	VERB
kaltluang	ADJ
kaltluang.	NOUN
kaltu	ADJ
kalturte	VERB
kaltîr	VERB
kalu	PROPN
kaluga	ADJ
kalvari	PROPN
kalyan	PROPN
kalzel	AUX
kalzelna	NOUN
kam	VERB
kam,	VERB
kam.	VERB
kama	ADJ
kamada-an	PROPN
kamah	ADJ
kamahte	ADJ
kamakhya	PROPN
kamakura	DET
kamal	PROPN
kamal,	PROPN
kamal?mujtaba	PROPN
kamalanagar	PROPN
kambala	ADP
kambhampati	PROPN
kambhampati-an	PROPN
kambwala	PROPN
kamchhuak	NOUN
kamding	ADJ
kamenlok	PROPN
kami	PROPN
kamini	PROPN
kamis	PRON
kamis,	NOUN
kamite	ADJ
kamkhat	ADJ
kamlala	PROPN
kamlala,	PROPN
kamloa	PROPN
kamlova	PROPN
kamo	PROPN
kampf	PROPN
kampl	PROPN
kamrul	PROPN
kamrul-a	PROPN
kamtali	PROPN
kamtam	VERB
kan	PRON
kan,	PRON
kan.	PRON
kan:	PRON
kana	NOUN
kanaan	PROPN
kanaan,	PROPN
kanaana	PROPN
kanan	PROPN
kanan,	PROPN
kananin	PUNCT
kanantharah	VERB
kanchanjunga	PROPN
kanchanpura	CCONJ
kanchenchunga	PROPN
kanchendzonga	PROPN
kanchenjunga	PROPN
kanchhawr	PUNCT
kanda	PROPN
kandahar	PROPN
kandahar-ah	PROPN
kane	PROPN
kane-a	PROPN
kane-an	PUNCT
kanepi	ADP
kang	VERB
kang!	VERB
kang.	VERB
kangana	PROPN
kangaroo	NOUN
kangchat	ADJ
kangchat.	ADJ
kangchhe	NOUN
kangchhia.	NOUN
kanghelh	DET
kanghlum	VERB
kanghlum.	VERB
kanghmun	PROPN
kanghmun,	PROPN
kanghmunah	NUM
kangin	ADJ
kangkai	ADJ
kangkai.	ADJ
kangleipak	PROPN
kangmei	NOUN
kangmeiin	ADJ
kangmeite	PRON
kangpokpi	PUNCT
kangral	VERB
kangte	ADJ
kangthelh	ADJ
kangthelhtu	NOUN
kangthelhtute	NOUN
kangvai-a	AUX
kangṭhelh	PUNCT
kangṭhelhna	CCONJ
kangṭhelhtute	NOUN
kanhmun	PROPN
kani	PROPN
kanin	ADJ
kanin,	ADJ
kanja	PROPN
kanji	VERB
kanmun	ADP
kanna	NOUN
kannada	PROPN
kannan	ADJ
kanni	PRON
kanniyakumari	PROPN
kannun	NOUN
kanoute	PUNCT
kanpuah	NOUN
kansas-ah	VERB
kantaphon	PROPN
kante	PROPN
kanteerava	PROPN
kanti	PROPN
kantu	ADJ
kantute	VERB
kantu’	PROPN
kanye	PROPN
kanzi	PROPN
kaohsioung-ah	PROPN
kaoru	PUNCT
kap	NOUN
kap,	VERB
kap.	NOUN
kapa	ADJ
kapa'n	NOUN
kapa-an	NOUN
kapchhuak.	VERB
kapchungnunga	PROPN
kapernaum	PROPN
kaphleia	PROPN
kaphlum	VERB
kaphlum.	VERB
kaphlumin	NOUN
kaphlumtute	DET
kaphung	ADP
kapil	PROPN
kapin	ADP
kapna	NOUN
kapoor	PROPN
kapte	ADJ
kapten	NOUN
kapthlatuah	VERB
kaptu	ADJ
kapzawna,	PROPN
kar	NOUN
kar,	NOUN
kar.	NOUN
kara	VERB
karachi	PROPN
karachi,	PROPN
karah	VERB
karah,	VERB
karah.	VERB
karahte	ADJ
karakorum	PROPN
karalis	PROPN
karam	PROPN
karan	PUNCT
karandlaje	PROPN
karate	PROPN
karbi	ADJ
karcheh.	ADJ
kardashian	PROPN
kardec	PROPN
kare	PROPN
kareem	PUNCT
kareh	AUX
karei!	ADJ
karei,	ADJ
karen	PROPN
karga	PROPN
kargil	PROPN
kargil-a	ADP
karh	SCONJ
karhmasa	ADJ
karigaon	PROPN
karim	PROPN
karima	PROPN
karima-in	PROPN
karimganj	PROPN
karimganj-a	ADP
karimganj-ah	AUX
karin	NOUN
karizma	PROPN
karkalta	PUNCT
karkawng	ADJ
karkhat	ADJ
karkhatah	ADJ
karkhemis	NOUN
karki-i	PROPN
karl	PUNCT
karlakah	VERB
karleh	ADJ
karleha	DET
karlehah	ADJ
karlovic	PROPN
karlsruher	PROPN
karma	PROPN
karmel	ADP
karna	NOUN
karnataka	PROPN
karnataka,	PROPN
karnataka-a	ADP
karnataka-ah	ADP
karol	PUNCT
karolina	PUNCT
karoline	NOUN
karrueche	PROPN
karsinga	PROPN
kartawn	ADJ
kartawp	ADJ
kartawp-ah	PRON
kartawpa	ADJ
kartawpah	ADJ
kartawpah,	ADJ
kartel-in	PROPN
karthi	PUNCT
karthik	PROPN
karthumna	ADJ
kartik	PROPN
kartin	ADJ
kartinin,	ADP
kartluanin	NOUN
karyakaram	PROPN
karyakram	PROPN
karz-te	CCONJ
kar’	NOUN
kasatkina	PUNCT
kashi	PROPN
kashmir	PROPN
kashmir-a	PROPN
kashmir-ah	PROPN
kashmir-ahte	CCONJ
kashmir-in	DET
kashyap	PROPN
kasper	PROPN
kat	VERB
katakey,	PROPN
katakhal	VERB
katariya	PROPN
kate	PROPN
kate-i	PROPN
katerina	PROPN
katethong	ADP
kathar	PROPN
kathmandu	PROPN
kathy	PROPN
kathy-te	VERB
katie	PROPN
katihar-ah	PUNCT
katin	NOUN
katlangin	ADJ
katlicherra	PROPN
kato	PROPN
katompa	PROPN
katowice	PROPN
katrina	PROPN
katy	PROPN
katyusha	PROPN
katz	PROPN
kau	NOUN
kauh	ADV
kaur	PROPN
kauva	ADJ
kaw	NOUN
kaw-ṭhalo,	PUNCT
kawasaki	NOUN
kawchhung	NOUN
kawchhungah	ADJ
kawchhûng	NOUN
kawfi	NOUN
kawfi-a	ADP
kawfi-ah	AUX
kawh	VERB
kawh-hmuh	ADJ
kawh.	VERB
kawh?	VERB
kawhhmuh	VERB
kawhhmuh.	VERB
kawhhmuhna	NOUN
kawhhmuhtu	NOUN
kawhhmuhtute	VERB
kawhin	NOUN
kawhmawh	ADJ
kawhte	NOUN
kawhtebel	NOUN
kawhtir	ADP
kawi	NOUN
kawi.	NOUN
kawih	NOUN
kawihher	VERB
kawihsapirin	ADV
kawiin	CCONJ
kawikawm	PUNCT
kawipui	PROPN
kawisak	VERB
kawisan	VERB
kawk	VERB
kawk.	VERB
kawkalh	VERB
kawkalh.	VERB
kawkawlh	ADJ
kawktute	VERB
kawl	NOUN
kawl,	NOUN
kawl-phetha	CCONJ
kawl.	NOUN
kawla	ADJ
kawlawm	NOUN
kawlbem	PROPN
kawlbemah	VERB
kawlchaw	NOUN
kawlh	VERB
kawlh,	VERB
kawlh.	VERB
kawlhawk,	NOUN
kawlhrawng	ADJ
kawlhsen	VERB
kawlhsenho	ADJ
kawlhte	ADJ
kawlin	ADJ
kawlkhawmte	PROPN
kawlkulh	PROPN
kawlkulha	ADP
kawlkulhah	PROPN
kawlni	PROPN
kawlpetha	NOUN
kawlphe	VERB
kawlphein	ADJ
kawlphetha	NOUN
kawlphethaa	ADJ
kawlri	DET
kawlte	ADJ
kawlthei	NOUN
kawltir	VERB
kawltir.	VERB
kawltira	ADJ
kawltu	NOUN
kawltuah	ADJ
kawltute	ADJ
kawm	NOUN
kawm!	NOUN
kawm.	NOUN
kawm?	VERB
kawma	NOUN
kawmah	ADJ
kawmawl	NOUN
kawmawlin	PRON
kawmchar	NOUN
kawmchhak	NOUN
kawmchhakah	VERB
kawmenah	PUNCT
kawmin	ADJ
kawmin,	ADJ
kawmkual	VERB
kawmna	NOUN
kawmnaah	ADJ
kawmnaah,	ADJ
kawmngeih	ADJ
kawmnuam	VERB
kawmpui	VERB
kawmte	ADJ
kawmthlang	NOUN
kawmthlangten	NOUN
kawmtu	NOUN
kawn	NOUN
kawn,	NOUN
kawna	ADJ
kawnah	ADJ
kawng	NOUN
kawng'	NOUN
kawng,	NOUN
kawng-a	AUX
kawnga	ADJ
kawnga.	ADJ
kawngah	ADJ
kawngahte	ADJ
kawngbo	VERB
kawngchhak	VERB
kawngchhia	ADJ
kawngchhuat	NOUN
kawngdung	DET
kawnghren	NOUN
kawnghrên	ADJ
kawngin	ADJ
kawngka	NOUN
kawngkaa	ADJ
kawngkaah	ADJ
kawngkalte	DET
kawngkam	ADV
kawngkama	ADJ
kawngkapui	NOUN
kawngkate	ADJ
kawngkawia	PRON
kawngkhar	NOUN
kawngkharah	ADJ
kawngkharte	ADJ
kawngkhârah	ADJ
kawngkhârte	ADJ
kawnglaia	NOUN
kawnglaka	ADJ
kawnglakah	ADJ
kawngpui	NOUN
kawngpui,	NOUN
kawngpuia	ADJ
kawngpuiah	ADJ
kawngpuite	ADJ
kawngro	ADV
kawngsiam	ADJ
kawngsir	ADJ
kawngsira	ADJ
kawngsirah	NOUN
kawngte	ADJ
kawngthar	ADJ
kawngthlangah	ADJ
kawngthuam	PRON
kawngzawh	VERB
kawngzawh'	VERB
kawngzawh,	VERB
kawngzawha	DET
kawngzawhah	ADJ
kawngzawhna	ADP
kawngzawhnaa	DET
kawngzawhnaah	ADJ
kawngzawhte	DET
kawngzawhtu	NOUN
kawngzawhtute	NOUN
kawng’	DET
kawnkhar	NOUN
kawnkhua	PUNCT
kawnmawi	ADJ
kawnpui	ADJ
kawnpui,	ADJ
kawnpui-khamrang	PROPN
kawnpui-khamrâng	PROPN
kawnpuiah	ADJ
kawnpuiin	PROPN
kawnsat	NOUN
kawnzar	ADJ
kawp	NOUN
kawp,	NOUN
kawp.	NOUN
kawp?	NOUN
kawpa	ADJ
kawpin	ADJ
kawplai	DET
kawpna	NOUN
kawppui	NOUN
kawppuite	ADJ
kawpte	ADJ
kawpten	VERB
kawptir	ADJ
kawr	NOUN
kawr--tethawveng,	PUNCT
kawra	ADJ
kawrah	ADJ
kawrahte	ADJ
kawrawng	NOUN
kawrban	PRON
kawrchung	NOUN
kawrfual	NOUN
kawrfual,	NOUN
kawrfualte	ADJ
kawrhma	DET
kawrkilh	NOUN
kawrlum	NOUN
kawrpuichhuah	ADJ
kawrte	NOUN
kawrtethawveng	PROPN
kawrtethawvengah	PUNCT
kawrthah	PROPN
kawrthah,	PROPN
kawrthahah	ADP
kawsniewski	PROPN
kawt	NOUN
kawt,	NOUN
kawta	ADJ
kawtah	ADJ
kawtchhuah	NOUN
kawtchhuaha	ADP
kawtchhuahah	ADJ
kawthalo	ADV
kawthalo,	ADV
kawthalote	ADP
kawthalovin	CCONJ
kawthlerah	AUX
kawtkai	NOUN
kawtkaiah	ADJ
kawtlai	ADJ
kawtlaiah	ADJ
kawtlaite	NOUN
kawtthler	NOUN
kawtthlera	ADJ
kawtthlerah	ADJ
kawtthlerte	NOUN
kawtthlêr	NOUN
kawtthlêrahte	ADJ
kawtzawl	NOUN
kawtzawlah	PROPN
kawtzâwlah	NOUN
kawṭhalo	VERB
kawṭhalo,	VERB
kawṭhalote	NOUN
kayah	PROPN
kayak	PROPN
kayakalp	PROPN
kayal	PROPN
kayastha	PROPN
kazakh	PROPN
kazakhstan	PROPN
kazakhstan,	VERB
kazan	PROPN
kaziranga	PROPN
kazuhisa	PROPN
kazuki	PROPN
kazuo	PROPN
ka’n	PRON
kb	PROPN
kbwo	PROPN
kc	PROPN
kccsb	PROPN
kcom	PROPN
kcp	PROPN
kcr	PROPN
kdb	PROPN
kdfa	CCONJ
kdzkt	ADJ
ke	NOUN
ke"	NOUN
ke-a	INTJ
ke-in	ADP
kea	ADJ
keah	ADJ
kean	NOUN
keane	PROPN
keartuiah	ADJ
keating	PROPN
keats-a	PROPN
kebab	VERB
kebai	VERB
kechheh	AUX
keeper	NOUN
keeper-te	NOUN
keeperlukas	PROPN
keh	VERB
keh!	VERB
keh.	VERB
kehchhe	ADJ
kehchhia	VERB
kehchhiate	VERB
kehdarh	VERB
kehsawm	VERB
kehsawm.	VERB
kehthem	NOUN
kei	NOUN
kei!	PRON
kei,	PRON
kei.	NOUN
keia	PRON
keichuan	CCONJ
keifang	NOUN
keifang,	NOUN
keifangah	PRON
keifangtlanga	PROPN
keifangtlangte	CCONJ
keih	VERB
keiin	PRON
keiji	PROPN
keikaku	NOUN
keiko	PROPN
keila	PROPN
keilianthanga	PROPN
keima	PRON
keima'n	PRON
keimah	PRON
keimah.	PRON
keimah:	PRON
keimah?	PRON
keimaha	PRON
keimahah	PRON
keimahin	PRON
keimahni	PRON
keimahni.	PRON
keimahnia	PRON
keimahniah	PRON
keimahniin	PRON
keimahnin	PRON
keiman	PRON
kein	ADJ
keini	NOUN
keini'n	AUX
keini,	NOUN
keiniho	PRON
keiniin	PRON
keinin	PRON
keini’n	NOUN
keinni	PRON
keipawh	PRON
keipawh.	PRON
keipawhin	PRON
keipawn	PRON
keipui	NOUN
keir	PROPN
keisuke	PROPN
keita	PROPN
keite	NOUN
keitum	PROPN
keitum,	PROPN
keitum-ah	ADP
keitête	NOUN
keiṭum	PROPN
kejriwal	PROPN
kejriwal-a	PROPN
kek	VERB
kekawr	NOUN
kekawrah	VERB
kekawrte	NOUN
kekru	PROPN
kel	NOUN
kel?	NOUN
kelantan	PROPN
kelchal	NOUN
kelchawngi	PROPN
kele	PRON
kelkang	PROPN
kelkang,	PROPN
kelkanga	ADJ
kelkangah	ADP
kelleher	PROPN
keller	PROPN
keller-sutter	PROPN
kelley	PROPN
kelly	PROPN
kelly'	PROPN
kellyman	ADJ
kelpui	NOUN
kelsea	PROPN
kelte	NOUN
kemah	PROPN
ken	VERB
ken,	VERB
ken-a	PROPN
ken-an	PROPN
ken-hote	DET
ken.	VERB
ken?	VERB
kenan	PROPN
kenbo	PROPN
kendall	PROPN
kendra	PROPN
kendrick	PROPN
kenedy	NOUN
keng	NOUN
keng,	NOUN
keng.	NOUN
kenga	ADJ
kengchhuaktu,	PROPN
kengin	NOUN
kengin,	NOUN
kengkawh	VERB
kengkawh.	VERB
kengkawhtu	NOUN
kengkawhtu,	NOUN
kengkawhtute	NOUN
kengkawhtuten	PROPN
kengsain	PART
kengte	ADJ
kengtel	VERB
kengtel.	VERB
kengtu	NOUN
keni	PUNCT
keniin	PRON
kenji	PROPN
kenkawh	VERB
kenkawrh	ADP
kenkre	PROPN
kenkriai	PROPN
kennedy	PROPN
kenneth	PROPN
kenny	PROPN
kensuke	CCONJ
kent	PROPN
kent,	PRON
kent-a	PROPN
kent-te	DET
kenta	NOUN
kentaurus	PROPN
kente	ADJ
kentel	VERB
kentir	VERB
kentucky	PROPN
kenya	PROPN
kenyatta	PROPN
keoman	PROPN
kep	NOUN
kep,	NOUN
kepa	PUNCT
kephah	NOUN
kepran	PROPN
kepran-ah	ADP
keqh	AUX
ker	VERB
ker.	VERB
kerala	PROPN
kerala,	PROPN
kerala-a	PRON
kerala-ah	PROPN
kerala-in	PROPN
kerber	PROPN
kerek	VERB
kerela	NOUN
kerela,	PRON
kerem	PROPN
kerkez	PROPN
kerkez-a	AUX
kernel	NOUN
kerosene	NOUN
kerr	PROPN
kerry	PROPN
kesha	NOUN
kesha-te	PROPN
kessie	ADP
ketchama	PROPN
ketchup	DET
kete	NOUN
ketinte	VERB
keturi	PROPN
keu	VERB
keu.	VERB
keuc	ADP
keuh	VERB
keutirte	VERB
keuvin	VERB
kevin	PROPN
kevina	PROPN
key	NOUN
key-ah	NOUN
keyboard	NOUN
keys	CCONJ
kezungpui	NOUN
kezungtang	NOUN
kfw	PROPN
kg	NUM
kg-ah	ADP
kg-i	ADP
kg.1	PROPN
kg.3	NUM
kgb	DET
kgs	NUM
kh	PUNCT
kha	NOUN
kha!	NOUN
kha,	NOUN
kha-	NOUN
kha.	NOUN
kha."	NOUN
kha.dam	ADV
kha;	ADJ
kha?	NOUN
kha?.	NOUN
khabe	NOUN
khabea	ADJ
khabeah	ADJ
khabib	PUNCT
khachanov	PROPN
khah	VERB
khah.	VERB
khahin	DET
khahlum	NOUN
khahna	NOUN
khai	VERB
khai!	INTJ
khai,	INTJ
khai.	VERB
khaia	ADJ
khaichhuah	VERB
khaichhuahna	NOUN
khaichhuak	VERB
khaichhuaktu	VERB
khaidiat	NOUN
khaidingtu	NOUN
khaih	INTJ
khaihlaik	DET
khaihlak	ADJ
khaihlak.	ADJ
khaihlum	VERB
khaihlumtua	AUX
khaikhai	PRON
khaikhawm	VERB
khaikhawmin	PRON
khaikhawmna	NOUN
khaikhawmtu	DET
khaikhin	VERB
khaikhin.	VERB
khaikhinah	ADJ
khaikhinin	ADJ
khaikhinna	NOUN
khaikhinna:	NOUN
khaikhup	VERB
khaikhy	ADP
khaila,	PROPN
khain	DET
khaina	NOUN
khaipa	NOUN
khaipate	NOUN
khairual	ADJ
khaisa	DET
khak	NOUN
khaka	PRON
khakchangpara-a	VERB
khakha	CCONJ
khakin	ADJ
khakna	NOUN
khal	NOUN
khal,	ADJ
khal.	NOUN
khalai	ADJ
khaled	PROPN
khaleda	PROPN
khalh	VERB
khalh.	VERB
khalh?	VERB
khalha	ADJ
khalha,	ADJ
khalhah	ADJ
khalhin	ADJ
khalhngil	VERB
khalhte	ADJ
khalhtir	NOUN
khalhtu	NOUN
khalhtute	NOUN
khalhtuten	NOUN
khalid	PROPN
khalid-a	PROPN
khalid-te	PRON
khalifa	PROPN
khalil	PROPN
khalistani	PUNCT
khalthang	CCONJ
kham	NOUN
kham'	VERB
kham,	ADJ
kham.	NOUN
khama	ADJ
khamah	ADJ
khamah,	ADJ
khamawm	ADJ
khambhalia-ah	PROPN
khambhampati	PROPN
khamchungbuk,	PROPN
khameinei	PROPN
khami	ADJ
khamin	ADJ
khamin,	ADJ
khamkhawp	ADJ
khamliana	PROPN
khamlo	ADJ
khamphei	NOUN
khamrang	NOUN
khan	NOUN
khan,	NOUN
khan-a	PROPN
khan-te	DET
khan.	NOUN
khan."	NOUN
khan;	NOUN
khan?	NOUN
khanah	NOUN
khanb	VERB
khanchhuk	NOUN
khanchhukin	NOUN
khandaih	NOUN
khandaiha	ADJ
khandaihah	NOUN
khandaihin	ADJ
khandu	PROPN
khanetherlands	PROPN
khanewal	PROPN
khang	NOUN
khang,	VERB
khang.	PRON
khanghu	VERB
khanghua	PROPN
khanghuah	SCONJ
khanglang	INTJ
khanglang.	INTJ
khango	PROPN
khangte	NOUN
khanin	NOUN
khankawn	NOUN
khankawnah	PROPN
khanpui	ADJ
khanthuam	PROPN
khantlang	PROPN
khanu	NOUN
khanuari-ahte	PRON
khap	VERB
khap.	VERB
khapa	ADJ
khapburna	NOUN
khapna	ADJ
khapna'	ADJ
khapsak	NOUN
khapsak.	NOUN
khar	NOUN
khar,	NOUN
khar.	NOUN
khar;	NOUN
khara	ADJ
khara,	ADJ
kharchhawn	PRON
kharchhawng	NOUN
kharchhawnga,	PRON
kharchhawngin	NOUN
kharge	PROPN
kharin	NOUN
kharkhip	VERB
kharkhip.	VERB
kharkhoda	PROPN
kharkiv	PROPN
kharlachi,	PROPN
kharna	ADJ
kharpran	PROPN
kharpui	PRON
kharsak	ADJ
kharsak.	ADJ
khartoum	ADP
khartoum-ah	NOUN
kharzawl	PROPN
khasi	PROPN
khasi-ho	ADJ
khat	VERB
khat,	VERB
khat.	VERB
khata	ADJ
khatah	PRON
khatah,	PRON
khatakah	PRON
khati	CCONJ
khatia	PRON
khatiang	CCONJ
khatianga	CCONJ
khatih	ADV
khatihlaia	CCONJ
khatin	NOUN
khatkar	PROPN
khatla	PROPN
khatla,	PUNCT
khatla-in	PROPN
khatlaah	PROPN
khatlain	PROPN
khatlâah	PUNCT
khatna	NOUN
khatna,	ADJ
khatnaa	ADJ
khatnaah	ADJ
khatoon-i	PROPN
khatsweden	NOUN
khatte	ADJ
khattu	NOUN
khau	NOUN
khauh	NOUN
khauh.	NOUN
khauhna	NOUN
khaukhuap	NOUN
khaukhuapte	NOUN
khaute	NOUN
khavel	PRON
khaw	NOUN
khaw--puia	VERB
khaw-lailung,	PUNCT
khaw-ngaihna	ADJ
khaw-tlang	PRON
khaw-vel	ADV
khaw/	ADJ
khawaja	PROPN
khawbel	PROPN
khawbelin	VERB
khawbung	ADJ
khawbungah	ADJ
khawbungte	NOUN
khawchhak	NOUN
khawchhaka	ADJ
khawchhakah	ADJ
khawchhakhote	CCONJ
khawchhaklam	VERB
khawchhe	NOUN
khawchhiat	NOUN
khawchhuah	NOUN
khawchhuahna	ADV
khawchhuak	ADJ
khawchhuak.	ADJ
khawchhuakin	VERB
khawchhung	ADJ
khawchhunga	ADJ
khawchhungah	NOUN
khawchin	ADJ
khawchuam	NOUN
khawdang	ADJ
khawdanga	PART
khawdangah	VERB
khawdungsei	VERB
khawengah	ADP
khawfai	DET
khawgaihin	VERB
khawh	VERB
khawh.	VERB
khawhai	NOUN
khawhai-ah	ADP
khawhaiah	PROPN
khawhar	NOUN
khawhar,	NOUN
khawhar.	NOUN
khawharah	NOUN
khawharna	NOUN
khawharthlak	ADJ
khawharthlâk	ADJ
khawhawi	NOUN
khawhawina	NOUN
khawhchhuah	ADV
khawhin,	VERB
khawhmuh	NOUN
khawhnai	DET
khawhral	VERB
khawhral.	VERB
khawhralna	VERB
khawhralsak	NOUN
khawhri	AUX
khawhring	VERB
khawhthla	ADJ
khawhun	ADV
khawi	VERB
khawia	ADV
khawiah	ADV
khawiahmah	PRON
khawiahnge	VERB
khawiahnge?	AUX
khawiemaw	ADV
khawih	VERB
khawih.	VERB
khawih?	VERB
khawiha	NOUN
khawihah	VERB
khawihchhiat	VERB
khawihin	NOUN
khawihmun	NOUN
khawihmunah	ADV
khawihna	NOUN
khawihnaah	NOUN
khawihsak	ADJ
khawihte	VERB
khawihtu	NOUN
khawihtute	NOUN
khawii	VERB
khawikipah	ADJ
khawilai	ADJ
khawilaiah	ADJ
khawilailung	PROPN
khawilam	ADJ
khawimaw	NOUN
khawimaw,	NOUN
khawina	ADJ
khawitu	NOUN
khawiturte	NOUN
khawitute	NOUN
khawiva	PROPN
khawivah	NOUN
khawizu	NOUN
khawizû	NOUN
khawk	VERB
khawk.	VERB
khawkawn	ADP
khawkawn,	PROPN
khawkawnah	PROPN
khawkhen	ADJ
khawkheng	NOUN
khawkhenga	PUNCT
khawkhenna	ADP
khawkherh	NOUN
khawkhêng	NOUN
khawkrawk	NOUN
khawkâwnah	PROPN
khawl	NOUN
khawl,	NOUN
khawl.	NOUN
khawl?	VERB
khawla	VERB
khawlah	NOUN
khawlai	NOUN
khawlaia	ADJ
khawlaiah	ADJ
khawlaiahte	ADJ
khawlailung	PROPN
khawlailung-ah	NOUN
khawlailunga	PROPN
khawlaite	AUX
khawlaizawl	PROPN
khawlawi	NOUN
khawlekah	PROPN
khawlhring	NOUN
khawlian	NOUN
khawlin	ADJ
khawlkhawm	NOUN
khawlkhawm,	NOUN
khawlkhawm?	NOUN
khawlkhawmna	NOUN
khawlkungi	PROPN
khawlliana	PROPN
khawlna	ADJ
khawlo	NOUN
khawloh	NOUN
khawlohna	ADJ
khawlohnate	ADJ
khawlrinpuii	PROPN
khawlrinpuii,	PROPN
khawltang	PUNCT
khawlte	ADJ
khawltu	VERB
khawlum	ADJ
khawlum,	ADJ
khawlumin	DET
khawlvel	VERB
khawlvela	PRON
khawm	VERB
khawm,	VERB
khawm.	VERB
khawm?	VERB
khawma	ADJ
khawma,	ADJ
khawmah	NOUN
khawmahte	VERB
khawmawi	PROPN
khawmho	NOUN
khawmin	ADJ
khawmin,	ADJ
khawmna	ADJ
khawmna,	ADJ
khawmnaa	ADJ
khawmnaah	ADJ
khawmna’	NOUN
khawmpui	NOUN
khawmpuia	VERB
khawmpuiah	VERB
khawmte	ADJ
khawmten	VERB
khawmtirna	VERB
khawmtu	VERB
khawmtu,	VERB
khawmtute	NOUN
khawmual	NOUN
khawmual.	NOUN
khawmuala	NOUN
khawmualkaikuang	DET
khawmualpui	ADJ
khawmualpuia	NOUN
khawmualpuiah	ADJ
khawmuan	ADJ
khawmuang	ADV
khawm’	PUNCT
khawn	NOUN
khawn.	NOUN
khawn:	NOUN
khawna	NOUN
khawnah	PUNCT
khawnbawl	NOUN
khawnbawlte	ADJ
khawnbawlten	NOUN
khawng	VERB
khawng.	VERB
khawngaih	NOUN
khawngaih.	NOUN
khawngaiha	NOUN
khawngaihin	NOUN
khawngaihin!	NOUN
khawngaihin,	NOUN
khawngaihin.	NOUN
khawngaihin?	NOUN
khawngaihin?"	NOUN
khawngaihna	VERB
khawngaihnain	ADJ
khawngaihthlak	VERB
khawngaihthlak.	VERB
khawngaihthlakawm	PRON
khawngaihthlâk	VERB
khawngaihtu	NOUN
khawngaithlak	NOUN
khawnge	NOUN
khawnge,	NOUN
khawnge?	NOUN
khawngin	ADJ
khawngkhar	ADV
khawngkhawbai	AUX
khawnkhawm	ADJ
khawnkhâwm	NOUN
khawnluih	NOUN
khawnna	VERB
khawntu	NOUN
khawntute	NOUN
khawnvar	NOUN
khawnvartui	NOUN
khawp	ADV
khawp.	ADV
khawpa	NOUN
khawpa,	NOUN
khawpal	VERB
khawpawn	PROPN
khawper	ADJ
khawperte	ADJ
khawpin	ADJ
khawpkham	ADJ
khawpte	PRON
khawpui	VERB
khawpui,	VERB
khawpui.	VERB
khawpuia	ADJ
khawpuiah	ADJ
khawpuiahte	ADJ
khawpuiin	NOUN
khawpuimawia	PROPN
khawpuite	ADJ
khawpui’	VERB
khawr	NOUN
khawrah	NOUN
khawrh	NOUN
khawrhin,	PUNCT
khawrhna	NOUN
khawrihnim	PROPN
khawrihnim,	PUNCT
khawro	PRON
khawrpum	ADJ
khawruhlian	ADJ
khawsa	VERB
khawsa!	VERB
khawsa,	VERB
khawsa.	VERB
khawsaa	NOUN
khawsaho	VERB
khawsain	NOUN
khawsak	NOUN
khawsak.	NOUN
khawsakna	NOUN
khawsaknaah	NOUN
khawsakphung	PART
khawsakziate	NOUN
khawsate	ADJ
khawsazia	NOUN
khawsik	NOUN
khawsik,	NOUN
khawsik-te	ADJ
khawsikin	NOUN
khawsikpui	NOUN
khawsikte	NOUN
khawtetlangah	PROPN
khawthawn	PROPN
khawthawng	NOUN
khawthawng.	NOUN
khawthim	ADJ
khawthir	ADJ
khawthla	VERB
khawthlang	NOUN
khawthlangtuipui	PROPN
khawthlirah	ADV
khawtin	ADJ
khawtina	ADJ
khawtinah	ADJ
khawtinte	ADV
khawtlai	NOUN
khawtlai.	NOUN
khawtlang	NOUN
khawtlang,	NOUN
khawtlanga	ADJ
khawtlangah	ADJ
khawtlangah,	ADJ
khawtlanghruaitu	PRON
khawtlangin	NOUN
khawtlangtuipui	PROPN
khawtlâng	VERB
khawtlâng,	VERB
khawtlângah	PUNCT
khawtual	NOUN
khawtuala	VERB
khawvar	NOUN
khawvara	PROPN
khawvawh	ADJ
khawvawt	NOUN
khawvawt,	ADJ
khawvawtah	ADV
khawvel	NOUN
khawvel'	NOUN
khawvel,	NOUN
khawvel-a	DET
khawvel-ah	VERB
khawvel:	NOUN
khawvela	ADJ
khawvelah	ADJ
khawvelah,	ADJ
khawvelah.	ADJ
khawvelin	ADJ
khawvelpumah	NUM
khawvelpumpui	ADV
khawvelte	ADJ
khawvel’	NOUN
khawveng	ADJ
khawvengte	NOUN
khawvengten	NOUN
khawvennaah	ADV
khawverl	PRON
khawvélin	PROPN
khawvêl	NOUN
khawvêla	ADJ
khawvêlah	ADJ
khawvêlah:	ADJ
khawvêlin	ADJ
khawvêl’	NOUN
khawvêng	NOUN
khawvênna	ADJ
khawwelah	DET
khawzawl	NOUN
khawzawl,	NOUN
khawzawl-ah	PROPN
khawzawla	PROPN
khawzawlah	ADP
khawzawlin	ADV
khawzu	PRON
khawzâwl	NOUN
khawṭhalo	ADP
khedira	PROPN
kheh	VERB
khehpuam	ADJ
kheimit	ADJ
kheina	VERB
khek	VERB
khek.	VERB
khel	VERB
khel.	VERB
khela	ADJ
khelh	ADV
khelh,	ADV
khelh.	ADV
khelh?	ADV
khelha	VERB
khelhah	NOUN
khelhchhiat	VERB
khelhdun	ADJ
khelhna	ADJ
khelho	ADJ
khelho.	ADJ
khelhpui	ADJ
khelhpuiin	VERB
khelhsak.	ADJ
khelhtir	ADJ
khelin	NOUN
khelin,	NOUN
khelmual	ADJ
khelmual"	ADJ
khelmuala	NOUN
khelmualah	NOUN
khelmualte	PUNCT
khelo	PROPN
khelte	VERB
kheltha	NOUN
khelṭha	PROPN
khen	VERB
khenah	ADV
khenbeh	ADJ
khenbeh,	ADJ
khenbeha,	NOUN
khenbehte	ADJ
khenbehtir	ADJ
kheng	VERB
khengbet	VERB
khenglawt	PROPN
khenglut.	NOUN
khepre	PROPN
kher	VERB
kher.	VERB
kher?’	PUNCT
khera	VERB
kherh	ADJ
kheria	PROPN
kherin	ADJ
kherkhiap	ADJ
khermei	NOUN
kherson	PROPN
kherson-ah	PROPN
kherte	VERB
kheuh	VERB
khi	NOUN
khi,	VERB
khi.	NOUN
khian	NOUN
khian,	NOUN
khian.	NOUN
khiangawi'	VERB
khiangte	NOUN
khiangte,	NOUN
khiangte-in	PROPN
khiangtete	PROPN
khiangâwi'	VERB
khichat	ADJ
khih	VERB
khilli	PROPN
khim	VERB
khimi	PUNCT
khimtir	ADJ
khin	VERB
khing	VERB
khing.	VERB
khingah	NOUN
khingbai	ADJ
khingbai,	ADJ
khingbâi	NOUN
khinglet	ADJ
khinglettu	NOUN
khingpui	ADJ
khingpui,	ADJ
khingpuite	ADJ
khingpuiten	ADJ
khingtuin	ADP
khinna	ADJ
khir	VERB
khirh	ADJ
khirh.	ADJ
khirhin	ADJ
khirhkhan	NOUN
khirhkhante	PRON
khirhkhân	ADJ
khirkhan	ADJ
khita	PRON
khitah	ADV
khithie	PROPN
khithie,addl.dc	PROPN
khithie-in	PROPN
khitiang	ADJ
khitianga	NOUN
khitie,	PROPN
khleihriat	PROPN
khloe	PROPN
khmul	PRON
kho	NOUN
khole	PUNCT
khound,	PROPN
khoy	PROPN
khramtsova	PROPN
khris	PROPN
khrismas	PRON
khu	VERB
khua	NOUN
khua,	NOUN
khua-35	PRON
khua-a	ADV
khua-ah	NUM
khua-ah.	ADP
khua-in	PART
khua.	NOUN
khua/	ADJ
khuaa	ADJ
khuaah	ADJ
khuaahte	VERB
khuado	PROPN
khuah	VERB
khuahkhirh	ADJ
khuahkhirh.	ADJ
khuahkhirhna	VERB
khuahkhirhtu	NOUN
khuai	NOUN
khuaikhem	NOUN
khuaikhem.	NOUN
khuain	NOUN
khuaipui	NOUN
khuaivah	VERB
khuaizu	ADV
khual	NOUN
khual-lian	PROPN
khualbuk	NOUN
khualbuka	ADJ
khualbukah	VERB
khualchhawn	NOUN
khualchhunga	PROPN
khualen	PROPN
khualkhua	NOUN
khuallam	NOUN
khuallian	ADJ
khuallian,	ADJ
khuallianah	DET
khuallianin	NOUN
khualmual	PROPN
khualmuala	VERB
khualmualah	NOUN
khualrel	SCONJ
khualsim	PROPN
khualtha	NOUN
khualthangi	NOUN
khualzahawm	NOUN
khualzahawm,	NOUN
khualzin	NOUN
khualzin,	NOUN
khualzinna	NOUN
khualzinnaah	ADJ
khualzinte	ADJ
khualzinten	VERB
khuan	NOUN
khuang	VERB
khuang,	VERB
khuang.	VERB
khuanga	PROPN
khuangchawi	NOUN
khuangchera	PUNCT
khuangi,	PROPN
khuanglawi	PROPN
khuangleng	NOUN
khuangleng.	NOUN
khuanglenga	PROPN
khuangphah	CCONJ
khuangruah	VERB
khuangthing	NOUN
khuangthinga	VERB
khuangthli	VERB
khuangtâwki-te	PRON
khuangtê	NOUN
khuanu	VERB
khuanu’n	PROPN
khuap	VERB
khuapa	ADP
khuar	VERB
khuar.	VERB
khuara	ADJ
khuareiah	ADJ
khuarel	ADJ
khuarel-	ADJ
khuarelte	DET
khuarin	ADJ
khuarkhurrumah	NOUN
khuarkhurum	NOUN
khuarkhuruma	ADJ
khuarkhurumah	ADJ
khuarna	ADJ
khuarte	VERB
khuarêl	ADJ
khuatah	PRON
khuate	NOUN
khuatea	PART
khuaten	NOUN
khuavang	NOUN
khuavânglâmdâr	ADV
khuaêng	DET
khuh	NOUN
khuh,	NOUN
khuh.	NOUN
khuhhawng.	PROPN
khuhhawnna	NOUN
khuhhawnnaah	PROPN
khuhmawi	ADP
khuhna	VERB
khuhna,	VERB
khuhtu	ADV
khuih	VERB
khuih.	VERB
khuih?	VERB
khuihsak	ADJ
khuk	VERB
khuk.	VERB
khuka	VERB
khul	ADV
khulai	PRON
khullian	DET
khulpui	PRON
khum	NOUN
khum,	NOUN
khum.	NOUN
khum?	NOUN
khuma	ADJ
khuma'n	PROPN
khuma,	ADJ
khuma-an	PROPN
khumah	NOUN
khumbeta	NOUN
khumbetin	NOUN
khumbeu	NOUN
khumfa	NOUN
khumin	ADJ
khumla	VERB
khumna	ADJ
khumnaah	NOUN
khumpui	VERB
khumthanga,	PROPN
khumthei	NOUN
khumtir	ADJ
khumtir.	VERB
khumtung	PUNCT
khumtungah	PROPN
khumtute	PROPN
khun	ADJ
khung	VERB
khung!	VERB
khung.	VERB
khungah	VERB
khunghran	VERB
khunghrante	ADJ
khungin	NOUN
khungin,	NOUN
khungna	ADJ
khungtu	ADJ
khunkhan	ADJ
khup	NOUN
khup.	NOUN
khupah	NOUN
khupin	NOUN
khupkawi	NOUN
khuptuaha	SCONJ
khur	VERB
khur"	VERB
khur.	VERB
khura	ADJ
khurah	ADJ
khurhnain	ADJ
khurin	VERB
khurpuia	ADJ
khutah	ADV
khutah,	ADV
khuti	SCONJ
khvicha	NOUN
khyang	DET
khyber	PROPN
khàwi,	ADJ
khán	ADJ
khâk	VERB
khâm	NOUN
khâma	ADJ
khân	NOUN
khân,	ADV
khân.	NOUN
khâng	NOUN
khângah	NOUN
khâp	VERB
khâr	VERB
khâr,	VERB
khârna	ADJ
khârsak	ADJ
khârte	NOUN
khât	NOUN
khâwk	NOUN
khâwl	NOUN
khâwlin	VERB
khâwm	VERB
khâwm,	VERB
khâwma,	ADJ
khâwmah	NOUN
khâwmin	NOUN
khâwmin,	NOUN
khâwmna	ADJ
khâwmna,	ADJ
khâwmte	ADJ
khâwmten	VERB
khâwmtu	ADJ
khâwn	NOUN
khâwnvâr	NOUN
khêk	VERB
khêl	VERB
khêlmualah	ADV
khêng	VERB
khî	VERB
khîn	ADJ
khûk	VERB
khûm	NOUN
khûm.	NOUN
khûma	ADJ
khûr	ADJ
ki	NOUN
kia	PROPN
kiah	ADJ
kiam	NOUN
kiam.	NOUN
kian	VERB
kian.	VERB
kiang	VERB
kiang.	VERB
kianga	ADV
kiangah	ADJ
kianpui	NOUN
kiansak	VERB
kiansan	NOUN
kiantir	ADJ
kiau	NOUN
kibbutz	DET
kibu	PROPN
kibutz	PART
kidambi	NOUN
kido	PROPN
kids	NOUN
kidz	PROPN
kiem	AUX
kiev	PROPN
kiev-a	PROPN
kih	ADJ
kih?	ADJ
kihthluk	VERB
kik	NOUN
kik!	NOUN
kik.	NOUN
kikawi	ADJ
kikawn	PROPN
kikon	PROPN
kiktu	VERB
kil	VERB
kila	NOUN
kilh	NOUN
kilh.	NOUN
kilhna	NOUN
kilho	ADJ
kilho.	ADJ
kilikia	PROPN
kilkawina	ADJ
kilkhawr	ADJ
kilkhawra	ADJ
kilkhawrin	DET
killa	ADP
killifish	ADP
kilo	NOUN
kilogram	DET
kilometer	NOUN
kilometre	NOUN
kilometres	PROPN
kilpui	VERB
kilpui.	VERB
kilt	PRON
kim	ADV
kim,	ADV
kim.	ADV
kima	PROPN
kima'n	PROPN
kima,	PROPN
kima-an	PROPN
kima.	PUNCT
kimbuang-i	PROPN
kimchang	ADJ
kimchangin	VERB
kimchi	PROPN
kimeto	PROPN
kimi	PROPN
kimi,	PROPN
kimima	PROPN
kimin	ADJ
kimki	VERB
kimkima	PROPN
kimkimi:	PROPN
kimmich	PROPN
kimmizoramin	SCONJ
kimneo	PROPN
kimono	PROPN
kimpembe	ADV
kimte	AUX
kimtei	PROPN
kimtu	VERB
kimura	PROPN
kin	VERB
kindergarten	NOUN
kindergarten-ah	AUX
kindergartner	NOUN
king	VERB
king-a	PROPN
kingdom	PROPN
kingkong	PROPN
kings	NOUN
kings-in	ADP
kingsley	PROPN
kinjarapu	PROPN
kinoshita	PROPN
kintir	PRON
kiosks	PROPN
kipah	ADJ
kipgen	PROPN
kiphire	PROPN
kir	VERB
kir,	VERB
kir.	VERB
kir?	VERB
kiran	PUNCT
kirby	PUNCT
kirin	ADJ
kirin,	ADJ
kirirum	PROPN
kirleh	ADJ
kirloskar	PROPN
kirsan	ADJ
kirtir	VERB
kisama	PROPN
kisan	PROPN
kishan	PUNCT
kishida	PROPN
kishor	ADP
kishor-a	PROPN
kishori	PROPN
kissimmee,	PROPN
kissinger	PROPN
kit	VERB
kit.	VERB
kit;	VERB
kitchen-ah	NOUN
kite	NOUN
kittipong	PROPN
kitts	PROPN
kiu	NOUN
kiwi	NOUN
kiwior	PROPN
kiwior,	PROPN
kiyv	ADP
kjell	PROPN
kjp	PUNCT
kjv;	NOUN
kk	ADP
kkr	PROPN
kkr-ah	ADP
kl	CCONJ
klan	PROPN
klara	PUNCT
klava	PROPN
klay	PROPN
klementieff-te	PROPN
klhawpuia	NOUN
klingon	PROPN
klitschko	PROPN
klopp	PROPN
klopp-a	PROPN
klopp-a'n	PROPN
klopp-an	PROPN
kluivert	PROPN
klux	PROPN
klymenko	PROPN
km	NOUN
km,	PROPN
km.	VERB
km.560	NUM
km.80	VERB
kmmttp	PROPN
kms	PROPN
kn-high	NOUN
kn-i	NOUN
kn-lehkha	NOUN
kn-mbbs	NOUN
kn:eng	NOUN
kn:i	NOUN
kn:mizo	NOUN
kn:pawl	NOUN
kn:tlanglawn	NOUN
kn:tunlai	NOUN
kn:‘i-league’-ah	NOUN
knf	PROPN
kni	NOUN
knicks	PROPN
knife	NOUN
knight	PROPN
kno	PUNCT
knockout	NOUN
knockout-a	NOUN
knockout.	ADP
knot	ADJ
knoxville,	ADP
knp	PROPN
knp-a	ADP
knp-ah	NOUN
kntunah	NOUN
knvb	PROPN
ko	NOUN
ko.	NOUN
koa	DET
koalsib	PROPN
kobbie	ADP
kobe	PROPN
kobe-a	VERB
koblova	PROPN
kochi-a	NOUN
kock	PROPN
kodai	ADP
kodcu	PUNCT
koehler-a	PROPN
koeman	PROPN
koenigsberg	PROPN
koffi	PROPN
koh	NOUN
koh.	NOUN
koh?	NOUN
koha	VERB
koham	NOUN
kohchhuah	NOUN
kohhhranhote	PUNCT
kohhran	NOUN
kohhran,	NOUN
kohhran/	PROPN
kohhrana	ADJ
kohhranah	NOUN
kohhranho	ADJ
kohhranho,	ADJ
kohhranhote	ADJ
kohhranhoten	PRON
kohhranin	ADJ
kohhranina	SCONJ
kohhrante	VERB
kohhrante,	VERB
kohhranten	VERB
kohhran’	PRON
kohima	PROPN
kohima,	PROPN
kohima-a	PROPN
kohkhawm	VERB
kohli	PROPN
kohna	ADJ
kohna,	ADJ
kohnaah	VERB
kohte	VERB
kohva	VERB
kohvin	PRON
koin,	CCONJ
koizumi	PROPN
kokhawmin	NOUN
kokhawmin,	CCONJ
koki	NOUN
kokiah	NOUN
kokir.	NOUN
kokjahar	PROPN
kokorin	PROPN
kokrajhar,	PROPN
kokrajhar-a	PROPN
koku	NOUN
kolalian	PROPN
kolasb-in	PROPN
kolasib	PROPN
kolasib,	PROPN
kolasib-a	PROPN
kolasib-ah	PROPN
kolasib-in	PROPN
kolasibah	PROPN
kolasibin	PROPN
kolasih	PART
kolasinac	PROPN
kolasinac-an	PROPN
kolinda	NOUN
kolkalta	PROPN
kolkata	PROPN
kolkata,	PUNCT
kolkata-a	ADP
kolkata-ah	PROPN
kolkata-te	NOUN
kolkota	PRON
kolo	PROPN
kom	PROPN
komorowski-ten	PROPN
kompany	PROPN
kon	PROPN
konate	PROPN
koncz	PROPN
kondareddipalli	PROPN
konecki	PUNCT
kong	PROPN
kong-a	PROPN
kong-ah	PROPN
konghom	PROPN
kong’	PROPN
konkan	PROPN
konkani	PROPN
konkona	PROPN
konnect	PROPN
konrad	PROPN
konsa	PROPN
konstantinos	PROPN
konta	PROPN
kontaveit	PROPN
kontaveit-in	ADP
konyak	PROPN
kook	PROPN
kook-a	PROPN
koopmeiners-an	PROPN
kopang	ADP
kopanga	PRON
koppel	PROPN
korati	PROPN
kordofan	PROPN
korea	PROPN
korea,	PROPN
korea-a	NOUN
korea-ah	PROPN
korea-in	ADP
korea.	PROPN
korean	ADJ
korean,	PUNCT
korinth	PROPN
kornelia	PUNCT
kos	DET
koscielny	PROPN
kosh	PROPN
kosher	ADJ
kosoongnern	PROPN
kosovo	PROPN
kostas	PROPN
kostyuk	PROPN
kotatsu	DET
kotava	PROPN
kotlang	NOUN
kotlanga	ADJ
kotlangah	ADJ
kotu	VERB
koulibaly	PROPN
koumetio	PROPN
kourtney	CCONJ
koutney	PUNCT
kova	ADJ
kovac	PROPN
kovacic	PROPN
kovah	VERB
kovar	PROPN
kovin	ADP
kovind	NOUN
koyambedu	PROPN
kozacik	PROPN
kpop	PROPN
kr	PROPN
kramaric	PROPN
kranevitter	PROPN
krasnador	PRON
kraws	ADJ
kraws,	ADJ
kraws-a	PRON
kraws-ah	ADP
krawsa	ADJ
krawsah	ADJ
kraws’	ADJ
kreisler	PROPN
krejcikova	PROPN
kremlin	PROPN
kris	DET
kris-tiante	PROPN
krishan	PROPN
krishendu	PROPN
krishi	PROPN
krishna	PROPN
krishnendu	PROPN
krismas	ADJ
krismas,	ADJ
krismas-ah	VERB
krismasa	ADJ
krismasah	DET
krismaste	PRON
krista	PROPN
krista'	PRON
krista'n	PROPN
krista,	VERB
krista-in	PROPN
krista-in.	PROPN
krista.	PROPN
krista?	PROPN
kristaa	ADJ
kristaah	ADJ
krista’	NOUN
kristian	PROPN
kristian,	AUX
kristian-te	PROPN
kristian-te’n	PROPN
kristiana	NOUN
kristianah	ADJ
kristianin	PROPN
kristianna	ADJ
kristiannaah	NOUN
kristiannain	ADJ
kristiante	NOUN
kristianten	NOUN
kristiante’n	ADJ
kristin	ADJ
kristina	PROPN
kristmas	VERB
kristopherson	PROPN
krisztian	NOUN
krizo	PROPN
kroeger	PROPN
krogan	PROPN
kromah,	PROPN
kronilek	PROPN
kronum	PROPN
kroos	PROPN
kroos,	PROPN
kross	DET
kross-ah	VERB
krosschhuanmawia	PROPN
krosshnehzova	PROPN
krosshnehzova.	PROPN
krosswindz	PROPN
krumkake	PROPN
krychowiak	PROPN
krystal	PROPN
ks	PRON
kshetrigao	ADJ
ksu	PROPN
kt	PROPN
kt-a	PROPN
ktm	DET
ktp	PROPN
ktp-a	ADP
ktp-ah	PROPN
ktp-te	PROPN
ku	PROPN
kua	ADJ
kua,	ADJ
kuaa	ADJ
kuaah	VERB
kuah	VERB
kuah.	VERB
kuahbeh	ADP
kuahin	VERB
kuahkhawm.	VERB
kuai	VERB
kuai.	VERB
kuain	NOUN
kuak	NOUN
kuaksak	ADJ
kual	VERB
kual,	VERB
kual.	VERB
kuala	ADJ
kuala,	ADJ
kuala.	ADJ
kualah	ADJ
kualin	VERB
kualin,	VERB
kualkhung	NOUN
kualkhungna	NOUN
kualmawi	PUNCT
kualna	ADJ
kualnaah	ADJ
kualpui	VERB
kualte	NOUN
kuana	ADJ
kuang	NOUN
kuang,	NOUN
kuang-ah	VERB
kuang/	PRON
kuanga	ADJ
kuangkuah	VERB
kuangkuah.	VERB
kuangkuaha	NOUN
kuangkuahin	NOUN
kuangkuahin,	NOUN
kuangkuahtu	NOUN
kuau	NOUN
kubika	PROPN
kubjhar	SCONJ
kublai	PROPN
kubo	PROPN
kuchta	PROPN
kudam	NOUN
kudam,	NOUN
kudamah	NOUN
kudamte	ADJ
kudus	PROPN
kuh	VERB
kuhhnathawktute	NUM
kuhmum	ADJ
kuhva	NOUN
kuhva,	NOUN
kuhvate	VERB
kui	VERB
kuip	PROPN
kujur	PROPN
kuk	NOUN
kuki	PROPN
kuki-zo	PROPN
kuki-zomi	PROPN
kukies	PROPN
kukumber	PUNCT
kul.	VERB
kulh	VERB
kulha	NOUN
kulhbing	ADJ
kulhbingah	NOUN
kulhbingsâng	ADJ
kulhbîng	ADJ
kulhpui	NOUN
kulhte	NOUN
kuli	NOUN
kulikawn	PROPN
kulikawn,	PUNCT
kulikawna	ADP
kulikawnah	NOUN
kulikâwn	PROPN
kulkarni	PROPN
kulli	CCONJ
kulmuk	ADJ
kulmut	ADJ
kulothungan	PROPN
kum	VERB
kum,	VERB
kum.	VERB
kuma	ADJ
kumah	ADJ
kumail	PROPN
kumanam	PROPN
kumar	PROPN
kumar,	PROPN
kumar-a	PROPN
kumar-in	PROPN
kumaris	PROPN
kumbh	PROPN
kumbhigram,	PROPN
kumbi,	PROPN
kumbigram	PROPN
kumdang	ADJ
kumhlui	VERB
kumhlun	NOUN
kumhlunna	AUX
kumin	ADJ
kumin,	ADJ
kumina	NOUN
kuminah	NOUN
kumkhat	VERB
kumkhatah	ADJ
kumkhatna	ADJ
kumkhaw	ADJ
kumkhua	ADJ
kumkhua-in	PRON
kumkhuaa	NOUN
kumkhuain	NOUN
kumkhuain,	NOUN
kumkhuain.	NOUN
kumkuruh	NOUN
kummanam	PROPN
kumpinu	ADV
kumpuan	NOUN
kumpui	NOUN
kums	PRON
kumta	PROPN
kumtawp	ADJ
kumtawpa	ADJ
kumtawpah	ADJ
kumte	ADJ
kumthar	ADJ
kumtharah	NOUN
kumtin	ADJ
kumtin.	ADJ
kumtina	NOUN
kumtinin	NOUN
kumtir	ADJ
kumtirah	ADJ
kumtling	ADJ
kumtlinglo	ADJ
kumtluan	VERB
kumtluana	PRON
kumtluanin	VERB
kum’	VERB
kum’-ah	PART
kun	ADJ
kun.	ADJ
kun;	ADJ
kunal	PROPN
kunduz	PROPN
kung	NOUN
kunga	PROPN
kunga'n	PROPN
kunga-an	PROPN
kunga-in	PROPN
kunga.	ADV
kunga?	CCONJ
kungah	NOUN
kungi	PROPN
kungi'n	PROPN
kungi,	PRON
kungias	PROPN
kungkaih	ADJ
kungte	NOUN
kunin	VERB
kunze	PROPN
kupwara	PROPN
kur	ADV
kur,	ADV
kura	ADV
kurdish	ADJ
kurdistan	DET
kurna	ADV
kuro	PROPN
kursela	ADP
kurshid	PROPN
kursk	ADP
kurt	PUNCT
kurtai	NOUN
kurthlaktu	VERB
kurung	NOUN
kus	ADP
kusheshwar	PROPN
kushikatsu	PROPN
kusum	PROPN
kut	NOUN
kut'	NOUN
kut,	NOUN
kut-2019	PROPN
kut-ah	NOUN
kut-hnathawktuten	NOUN
kut-kea	ADP
kuta	VERB
kutah	ADJ
kutah,	ADJ
kutah.	ADJ
kutbeng	ADJ
kutbengin	NOUN
kutbûl	PROPN
kutch	PROPN
kutcher	VERB
kutchhuak	NOUN
kutchhuakte	NOUN
kutdawh	ADJ
kutdawhte	ADV
kuthnathawh	ADV
kuthnathawk	ADJ
kuthnathawka	NOUN
kuthnathawkte	ADJ
kuthnathawktu	NOUN
kuthnathawktute	NOUN
kuthnathawktuten	SCONJ
kuthnawktute	AUX
kuthnu	NOUN
kuthnu,	NOUN
kutin	ADJ
kutkawih	ADJ
kutkawiha	ADJ
kutkawk-a	DET
kutkawl	NOUN
kutkawr	NOUN
kutkawrah	ADP
kutke	NOUN
kutkea	VERB
kutling	PUNCT
kutna	ADJ
kutpa	NOUN
kutphah	NOUN
kutphahin	ADJ
kutpui	ADJ
kutpui,	ADJ
kutruak	VERB
kutruakin	ADJ
kuttang	VERB
kutte	NOUN
kutthemthiamna	ADJ
kutthlak	ADJ
kutthlak.	ADJ
kutthlaka	NOUN
kutthlakna	NOUN
kutthlakte	NOUN
kutthlaktu	ADJ
kutthlaktua	DET
kutthlaktute	PRON
kuttlinglova	ADJ
kuttual	NOUN
kuttum	VERB
kuttumin	VERB
kutty	PROPN
kutzalah	ADJ
kutze	ADJ
kutzia	VERB
kutziak	ADJ
kutzung	ADJ
kutzungah	VERB
kutzungchal	VERB
kutzunglai	PUNCT
kutzungpui	ADJ
kutzungtang	ADJ
kutzungtanga	ADJ
kutzungtangte	VERB
kutzungte	NOUN
kutzungṭang	ADJ
kut’	NOUN
kuwait	PROPN
kuznetsova	PROPN
kv	PROPN
kva	PROPN
kvaratskhelia	PROPN
kvi	PUNCT
kvic	PROPN
kvitova	PROPN
kvk	PROPN
kvs,	PROPN
kvsslv	PROPN
kyat	PROPN
kyi	PROPN
kyi-i	PROPN
kyii	PROPN
kyiv	ADP
kyle	PROPN
kylian	PROPN
kylie	PROPN
kyorugy-ah	PROPN
kyosuke	PROPN
kyoto	PROPN
kyoto-ah	PROPN
kyouou	ADJ
kyrgios	PROPN
kyrgystan	NOUN
kyrgyzstan	PUNCT
kyriani	PROPN
kyrie	PUNCT
kythira	PROPN
kyushu	PROPN
kyushu-ah	PRON
kzc	PROPN
kài	VERB
kàina	AUX
kái	ADV
kárah	ADJ
káwlhráwng	ADJ
kâ	VERB
kâah	ADJ
kâi	VERB
kâin	ADJ
kâit	PROPN
kâm	NOUN
kân	VERB
kâna	NOUN
kâng	VERB
kâng.	VERB
kângah,	ADJ
kângmei	ADJ
kângmeiin	PRON
kânin	ADJ
kânna	NOUN
kânsan	NOUN
kâp	VERB
kâr	VERB
kâra	ADJ
kârah	ADJ
kârlakah	VERB
kârtawp	ADV
kâr’	CCONJ
kâwi	VERB
kâwk	VERB
kâwkin	ADJ
kâwla	ADJ
kâwlkil	NOUN
kâwltu	PROPN
kâwm	NOUN
kâwm.	NOUN
kâwmin,	ADJ
kâwn	NOUN
kâwnah	AUX
kâwng	NOUN
kâwnpui	PROPN
kâwrin	ADP
kå¢p	PUNCT
kêl	NOUN
kêlkângah	NOUN
kî	PRON
kîl	NOUN
kîlho	ADJ
kîlho.	ADJ
kîr	ADJ
kîrsak	ADJ
kûn	ADJ
kûng	NOUN
kût	VERB
kûtah	ADJ
kûtnaah	ADJ
kûtpui	ADJ
kûtpuiin	VERB
kṭ	PROPN
kṭp	PROPN
kṭp,	PROPN
kṭp-a	VERB
kṭp-ah	NOUN
kṭp-ahte	PROPN
kṭp-te	PROPN
l	PROPN
l&pb	PROPN
l.	PROPN
l.thangmawia	PROPN
l5.00	VERB
la	NOUN
la!	ADV
la'	NOUN
la,	NOUN
la.	NOUN
la:	NOUN
la;	NOUN
la?	NOUN
lab	NOUN
lab-ah	NOUN
labana	PROPN
labanan	DET
label	NOUN
labeling	NOUN
labeouf	PROPN
labiakthanga	PROPN
labneh	PROPN
labor	PROPN
laboratory	NOUN
laboratory,	PROPN
laboratory-a	ADP
laboratory-ah	NOUN
labour	NOUN
labour-te	ADP
labours	PROPN
labs	PROPN
lacazette	PUNCT
lachhawng	NOUN
lachhuak	PRON
lachung	ADP
lacrosse	ADJ
lacs	NUM
lactulose	PROPN
lad	NOUN
ladakh	PROPN
ladc	PROPN
ladc-a	PUNCT
ladc-ah	ADP
ladeh,	PROPN
laden-a	VERB
ladino	PROPN
ladle	NOUN
lady	PROPN
lafc	PROPN
lag	NOUN
lagos	PROPN
lagos-ibadan	ADP
lah	NOUN
lah.	NOUN
lahin	VERB
lahin,	NOUN
lahkem	PROPN
lahm	PROPN
lahore	PROPN
lahore-ah	ADP
lai	NOUN
lai,	NOUN
lai-dcc	PROPN
lai.	NOUN
laia	ADV
laia,	ADV
laiah	NOUN
laiah,	NOUN
laiah?	NOUN
laiahte	ADJ
laibach	PROPN
laibâta	AUX
laichin	NOUN
laifa	AUX
laih	VERB
laih.	VERB
laih:	VERB
laihah	ADJ
laihawl	ADJ
laihawl,	ADJ
laihawl.	ADJ
laihawlah	NOUN
laihchhuah	NOUN
laihchhuahna	NOUN
laihchhuahnaa	VERB
laihna	NOUN
laihnaa	ADJ
laihsak	NOUN
laihtlang	VERB
laihzauh	PROPN
laiin	NOUN
laiin,	NOUN
laiin.	NOUN
laiin;	NOUN
laikaw,	PROPN
laikhuram	CCONJ
laiking	NOUN
lailak	ADP
lailapur	VERB
lailawk	VERB
lailawk.	VERB
lailawkna	ADJ
lailet	ADJ
laili	VERB
lailia	NOUN
lailiah	ADJ
lailianchhunga	PROPN
lailrelna	PROPN
lailung	PROPN
lailâwk	NOUN
laimer	PROPN
laimu	NOUN
laimu,	NOUN
lain	NOUN
lain,	NOUN
laina	VERB
laina,	VERB
lainat	VERB
lainat.	VERB
lainatawm	ADJ
lainate	ADJ
lainatin	ADJ
lainatna	ADJ
lainattu	ADJ
laipui	ADJ
laipui,	ADJ
laipui-a	PROPN
laipuia	ADJ
laipuiah	ADJ
laipuiin	PRON
laipuite	NOUN
laipuitlang	PROPN
laipuitlang,	PROPN
laipuitlâng,	PUNCT
lairam	PROPN
lairelna	PROPN
lairil	ADJ
lairila	PRON
lairotluanga	PROPN
laisa	PROPN
laite	ADJ
laitel	NOUN
laithangpuia	PROPN
laitlang	PROPN
laitu	NOUN
laitu,	NOUN
laituma	PROPN
laitute	NOUN
laituten	NOUN
laizawl	ADJ
laizawn	NOUN
laizawn,	NOUN
laizikan	PROPN
lajong	PROPN
lajong-in	PROPN
lajovic	PROPN
lak	VERB
lak,	VERB
lak.	VERB
lak?	VERB
laka	ADJ
laka,	ADP
lakah	NOUN
lakahte	ADJ
lakbelhin	NOUN
lakbo	ADJ
lakchhawn	ADJ
lakchhuah	ADJ
lake	PROPN
lakers	PROPN
lakes	PROPN
lakh	NOUN
lakh,	NUM
lakhawm	ADJ
lakhawm.	ADJ
lakhawmin	NOUN
lakhawmtute	NOUN
lakher	NOUN
lakhera	PROPN
lakhimpur	PROPN
lakhimpur-ah	PROPN
lakhipur	ADP
lakhpati	PROPN
lakhran	NOUN
lakhs	NUM
lakhuihthei	ADJ
lakhuihtheiah	PRON
lakhuihtheih	NOUN
lakhuihtheite	NOUN
lakin	VERB
lakkhawm	VERB
lakkhawmna	ADJ
lakkhawmte	VERB
laklawh	ADJ
laklawh,	ADJ
laklawh.	ADJ
laklet	NOUN
lakluh	NOUN
lakluh,	NOUN
lakluhna	ADJ
lakluhnaah	ADJ
lakluhte	NOUN
lakna	ADJ
laknaa	ADJ
laknaah	ADJ
laknate	ADJ
lakpen	VERB
lakpui	VERB
lakpui.	VERB
laksak	VERB
laksak.	VERB
laksakin	ADJ
laksaktute	VERB
laksawn	ADJ
lakshmanan	PROPN
lakshya	PUNCT
lakta	PART
lakte	VERB
lakthlak	NOUN
laktir	VERB
laktlak	NOUN
lal	NOUN
lal,	NOUN
lal-ah	PUNCT
lal-muansanga	PROPN
lal-pii	PROPN
lal-rammuanpuia	PUNCT
lal-tanpuia	PROPN
lal-thasanga	PROPN
lal.	NOUN
lala	PROPN
lalah	VERB
lalate	PRON
lalawithanga	PROPN
lalawmpuia	PROPN
lalawmpuia,	PROPN
lalawmpuii	PROPN
lalawmpuii,	PROPN
lalawmzuala	PROPN
lalbeiseia,	AUX
lalber	ADJ
lalber,	ADJ
lalbera	ADJ
lalberah	ADJ
lalberin	ADJ
lalbiak-nghetin	PUNCT
lalbiakdawlan	PROPN
lalbiakdika	PROPN
lalbiakdika,	PROPN
lalbiakdikan	PROPN
lalbiakenga	ADP
lalbiakengi	PROPN
lalbiakhlua	PROPN
lalbiakkima	PUNCT
lalbiakliana	PROPN
lalbiakmawia	PROPN
lalbiakmuana	NOUN
lalbiakngheti	CCONJ
lalbiaknghetin	PUNCT
lalbiaknia,	PROPN
lalbiaknungi	PROPN
lalbiaksanga	PROPN
lalbiaksanga,	PROPN
lalbiaksânga,	PROPN
lalbiakthanga	PROPN
lalbiakthanga,	PROPN
lalbiaktluanga	PROPN
lalbiaktluanga-ten	PROPN
lalbiaktluangan	PROPN
lalbiaktluangi,	PROPN
lalbiakzama	PROPN
lalbiakzama,	PROPN
lalbiakzaman	PROPN
lalbiakzauva	PROPN
lalbiakzuala	PROPN
lalbuanga	PROPN
lalbuka	VERB
lalburh,	PROPN
lalburha	ADP
lalchama	PROPN
lalchamliana	PROPN
lalchamliana,	PROPN
lalchamlianan	PROPN
lalchamliana’n	PROPN
lalchangliana	PROPN
lalchhanchhuahan	PROPN
lalchhandama	PROPN
lalchhandama,	PROPN
lalchhandami,	PROPN
lalchhanhima	PROPN
lalchhanhimi	PROPN
lalchhanhimi,	PROPN
lalchhanmawii	PROPN
lalchhanzova	PROPN
lalchhanzovan	PROPN
lalchhari	VERB
lalchhawnkima	PROPN
lalchhiarpuii,	PROPN
lalchhuanawma	PROPN
lalchhuanawman	PROPN
lalchhuanga	PROPN
lalchhuangan	PROPN
lalchhuangkima	PROPN
lalchhuangkima,	PROPN
lalchhuangkiman	PROPN
lalchhuangzeli	PROPN
lalchhuanmawia	PROPN
lalchhuansanga	PROPN
lalchhuanthanga	PROPN
lalchhuanzela	PROPN
lalchhunamawia	PUNCT
lalchhînga,	PROPN
lalchuangliana,	PROPN
lalchungnunga	PROPN
lalchungnungan	PROPN
lalchâmliana,	PROPN
laldailova	PROPN
laldampuia	PROPN
laldanmawia	PROPN
laldanmawia’n	PROPN
laldawngliana	PROPN
laldawngliana,	PROPN
laldawnglianan	PROPN
laldawngliani	PROPN
laldawngliani,	PROPN
laldawngzuala	NOUN
laldenga	PROPN
laldenga,	PROPN
laldengan	NOUN
laldensanga	VERB
laldina	PROPN
laldina,	PROPN
laldinchhunga	PROPN
laldingliana	PROPN
laldingliana,	PROPN
laldinglianan	PROPN
laldingluaia,	PROPN
laldingnghetan	PROPN
laldingpuia	PROPN
laldinhlua,	NUM
laldinmawia	PROPN
laldinmawia,	PROPN
laldinpuia	PROPN
laldinsanga	PROPN
laldinsangan	PROPN
laldinsânga,	PROPN
laldinthara	PROPN
laldinthara,	PROPN
laldintluanga	PROPN
laldintluanga,	PROPN
laldinzuali	PROPN
lalduatpuii	PROPN
lalduha,	PUNCT
lalduhawma	PROPN
lalduhawma,	PROPN
lalduhawmi	PROPN
lalduhchuangi	PUNCT
lalduhkima,	VERB
lalduhoma	PROPN
lalduhoma,	PROPN
lalduhoman	PROPN
lalduhsakan	PROPN
lalduhsanga,	PROPN
lalduhsangi	PUNCT
lalduhsânga	PROPN
lalduhthlana	PROPN
lalduhthlana,	PROPN
lalduhzuala	PROPN
lalengkima	NUM
lalengmawi	PROPN
lalengmawia	PROPN
lalengzama	PROPN
lalengzami	PROPN
lalengzaua,	PROPN
lalengzauva	PROPN
lalenkawla	PROPN
lalenkawlan	PROPN
lalenkawli	PROPN
lalfakawma	PUNCT
lalfakawmi	PROPN
lalfakmawia	PROPN
lalfakmawii	PROPN
lalfakzuala	PROPN
lalfakzuala,	PROPN
lalfakzualan	PROPN
lalfakzuali	PROPN
lalfamkima	PROPN
lalfamkiman	PROPN
lalfanu	DET
lalfapa	AUX
lalfelkima	CCONJ
lalginlen	PUNCT
lalhema	PROPN
lalherliana	PROPN
lalhimpuia	PROPN
lalhlansanga	PROPN
lalhlimmawii,	AUX
lalhlimpuia	PROPN
lalhlimpuian	PROPN
lalhlimpuii	ADP
lalhlimthara	PUNCT
lalhlira)	PROPN
lalhluna,	PROPN
lalhlunchhunga	NOUN
lalhlunpuii,	PROPN
lalhlupuii	PUNCT
lalhmachhuana	PROPN
lalhmachhuanan	PROPN
lalhmachhuani	PROPN
lalhmachuanan	PROPN
lalhmangaiha	PUNCT
lalhmangaihhlua	PROPN
lalhmangaihsanga	PROPN
lalhmangaihzuala,	PROPN
lalhmangaihzuali	PROPN
lalhmansanga	NOUN
lalhmingchhuanan	PROPN
lalhmingchhuanga	PROPN
lalhmingchhuanpuii	PROPN
lalhminghlua	PROPN
lalhmingliana	PROPN
lalhmingmawia	PROPN
lalhmingmawiin	PROPN
lalhmingmuani	NOUN
lalhmingropuia	PROPN
lalhmingsanga	PROPN
lalhmingsanga,	PROPN
lalhmingsangi	PROPN
lalhmingthanga	PROPN
lalhmingthangan	PROPN
lalhmuaka,	CCONJ
lalhmuchhuaka	PROPN
lalhmunenga	PROPN
lalhmunliana	PROPN
lalhmunmawia	PROPN
lalhmunsanga	PROPN
lalho	ADJ
lalhrekima	VERB
lalhrekiman	PROPN
lalhrezuala	PROPN
lalhriata	PROPN
lalhriatchhungan	PROPN
lalhriatpuia	PROPN
lalhriatpuia,	PROPN
lalhriatpuian	PROPN
lalhriatpuii	PROPN
lalhriatrenga	PROPN
lalhriatzuala	PROPN
lalhriatzuali	PROPN
lalhriatzuali,	PROPN
lalhruaisanga	PROPN
lalhruaitluang	ADJ
lalhruaitluanga	PROPN
lalhruaitluanga,	PROPN
lalhruaitluangan	PROPN
lalhruaitluangi	PROPN
lalhruaizela	PROPN
lalhruaizelan	PROPN
lalhuapzauvan	PROPN
lalhuliana	PROPN
lalhunliana	PROPN
lalhunthara	PUNCT
lali	PROPN
lalianzuala	NOUN
lalin	NOUN
lalin,	NOUN
laljenny	PROPN
lalkaisanga,	PROPN
lalkhama	PROPN
lalkhamana	PROPN
lalkhawpuimawia	VERB
lalkiman	PROPN
lalkohbika	PROPN
lalkulha	PROPN
lalkunga	PROPN
lallai	ADJ
lallana	PROPN
lallana-te	PROPN
lallawma	PROPN
lallawmawma	PROPN
lallawmkima	PROPN
lallawmpuii,	PROPN
lallawmsanga	PROPN
lallawmsangi	PROPN
lallawmzuala	PROPN
lallawmzuala,	PROPN
lallawmzuali	PROPN
lallen,	PROPN
lalliana	PROPN
lallianchhunga	PROPN
lallianchhunga,	PROPN
lalliani	PROPN
lalliani,	PUNCT
lallianmawia	PROPN
lallianmawia,	PROPN
lallianmawian	PROPN
lallianpuii	PROPN
lalliansanga	PROPN
lalliansawta	PROPN
lalliantluanga	PROPN
lalliantluangi	PROPN
lallianvuta	PROPN
lallianzama	PROPN
lallianzuala	PROPN
lallianzuala,	PROPN
lallianzuali	PROPN
lallukhum	ADJ
lallula	PROPN
lallungmuana	PROPN
lallâwmzuala,	PROPN
lalmakthanga,	ADP
lalmalsawma	PROPN
lalmalsawma,	AUX
lalmalsawmi	PROPN
lalmalsawmi,	PROPN
lalmalsawmtluanga	PROPN
lalmalsawmzauva	PROPN
lalmalsawmzauva,	PROPN
lalmama	ADP
lalmawia	PROPN
lalmawizuala	PUNCT
lalmichhinga	CCONJ
lalmuana	PROPN
lalmuana'n	PROPN
lalmuana-ho	PROPN
lalmuana-te	PROPN
lalmuanawma	PROPN
lalmuanawma,	PROPN
lalmuanawmi,	PROPN
lalmuankima	NOUN
lalmuankima,	PROPN
lalmuanpuia	PROPN
lalmuanpuia,	PROPN
lalmuanpuian	PUNCT
lalmuanpuii	PROPN
lalmuanpuii,	PROPN
lalmuansanga	PROPN
lalmuansangan	PROPN
lalmuanthanga	PROPN
lalmuanzoa	NOUN
lalmuanzova	PROPN
lalmuanzova,	PROPN
lalmuanzuala	PROPN
lalmuanzualan	PROPN
lalmungliana	ADP
lalna	NOUN
lalna,	NOUN
lalneihkimi	CCONJ
lalneihthanga	PROPN
lalneihtluanga	PROPN
lalneihzovi,	PROPN
lalngaihawmi	PROPN
lalngaihthanga,	PROPN
lalngainatawm,	PROPN
lalngengpuii	PROPN
lalnghakliana	PROPN
lalnghakliani-te	PROPN
lalnghaktluanga	PUNCT
lalnghawrliana	CCONJ
lalngheta	PROPN
lalnghinglova	PROPN
lalnghâkliana,	PROPN
lalnghînglova	PROPN
lalngura	PROPN
lalngurauva	PROPN
lalnilawma	PROPN
lalniliana,	PROPN
lalnipuii	PROPN
lalnisai	PROPN
lalnisai,	PROPN
lalnithanga,	PROPN
lalnu	ADJ
lalnu,	ADJ
lalnunchama,	PROPN
lalnundanga	PROPN
lalnundanga,	PROPN
lalnundiki	PROPN
lalnunfela	ADP
lalnunhlima	PROPN
lalnunhlima,	PROPN
lalnunhlua	PROPN
lalnunkima	PUNCT
lalnunkimi	PROPN
lalnunkimin	PROPN
lalnunmawia	PROPN
lalnunmawia,	PROPN
lalnunmawia,principalgovt.champhaicollegechuan	PROPN
lalnunmawian	PUNCT
lalnunmawii	PROPN
lalnunnema	PUNCT
lalnunneman	PROPN
lalnunnemi	PUNCT
lalnunnuami	PUNCT
lalnunpuia	PROPN
lalnunpuii	PROPN
lalnunsanga	PROPN
lalnunsanga,	PROPN
lalnunsangi	PROPN
lalnunsiaman	PROPN
lalnunsiami	PROPN
lalnuntluanga	PROPN
lalnuntluanga,	PROPN
lalnuntluangan	PROPN
lalnuntluangi	PROPN
lalnuntluangi,	PRON
lalnunzama	PROPN
lalnunzama,	NOUN
lalnunzawmi	NOUN
lalnunzira	PROPN
lalnunziran	PROPN
lalnutui	PUNCT
laloo	DET
lalpa	NOUN
lalpa'n	VERB
lalpa,	NOUN
lalpa-a	DET
lalpa-ah	DET
lalpa.	NOUN
lalpa?	NOUN
lalpaa	ADJ
lalpaah	ADJ
lalpan	ADJ
lalparmawii	PROPN
lalpa’n	PROPN
lalpekhlua	PROPN
lalpekhlua,	PROPN
lalpekhluan	PROPN
lalpekhlui,	PROPN
lalpekliana	PROPN
lalpekliana,	PROPN
lalpeksanga	PROPN
lalphunga	PROPN
lalpianfela	PROPN
lalpiang-thari	VERB
lalpiangthara	PROPN
lalpiangthara,	PROPN
lalpianmawii,	PROPN
lalpianthangi	VERB
lalram	DET
lalram,	PROPN
lalram-hluni	NOUN
lalram-lawma	PROPN
lalrambuatsaiha	PROPN
lalrambuatsaiha,	PROPN
lalrambuatsaihan	PROPN
lalramchhaniten	PROPN
lalramchhuana	PROPN
lalramchullova	PROPN
lalramchulova	CCONJ
lalramdini	PROPN
lalramdinsanga	PROPN
lalramenga	PROPN
lalramenga,	PROPN
lalramengan	PROPN
lalramhlimawmi	PROPN
lalramhluna	PROPN
lalramhmunmawia	PROPN
lalrami	PROPN
lalramliana	PROPN
lalramliana,	PROPN
lalramlianan	PUNCT
lalramlianin	PUNCT
lalramluahpuia	PROPN
lalrammawia	PROPN
lalrammawia,	NOUN
lalrammuana	PROPN
lalrammuana,	PROPN
lalrammuanan	PROPN
lalrammuani,	PROPN
lalrammuanpuia	NOUN
lalramnghaka	PROPN
lalramnghaki,	PROPN
lalramngheta,	PUNCT
lalramnunfelan	PUNCT
lalrampanmawia	PROPN
lalrampara	PROPN
lalramsanga	PROPN
lalramthanga	PROPN
lalramthanga,	PROPN
lalramthianghlima	PROPN
lalramzaua	PROPN
lalramzauva	PROPN
lalrawna	PROPN
lalrawngbawla	PROPN
lalrawngbawli	PROPN
lalrawnliana	PUNCT
lalrawnlianan	NOUN
lalremkima	PUNCT
lalremlianan	PROPN
lalremmawia	PROPN
lalremmawii	PROPN
lalremmawiin	PROPN
lalremngheta	PROPN
lalrempuia	PROPN
lalrempuia,	PROPN
lalrempuii	PROPN
lalremruata	PROPN
lalremruata,	PROPN
lalremruatan	PROPN
lalremruati	PROPN
lalremruatin	PROPN
lalremsanga	PROPN
lalremsangi	PROPN
lalremsangpuii,	PROPN
lalremsiama	PROPN
lalremsiami	PROPN
lalremsiamin	PROPN
lalremthanga	PROPN
lalremtluanga	PROPN
lalremtluangan	PUNCT
lalrengpuia	PROPN
lalrengpuii	PROPN
lalrihlui,	PROPN
lalrikhawman	PUNCT
lalrimawia	PUNCT
lalrimawii	PROPN
lalrina	PROPN
lalrinawma	PROPN
lalrinawma,	PROPN
lalrinawman	PROPN
lalrinchhana	PROPN
lalrinchhana,	PROPN
lalrinchhanan	PROPN
lalrinchhani	PROPN
lalrinchhhanan	PROPN
lalrinchhuanga,	PROPN
lalrindika	PROPN
lalrindika,	PROPN
lalrindikan	PROPN
lalrindiki	PROPN
lalrinenga	PROPN
lalrinfela	PROPN
lalrinfeli	PUNCT
lalringa,	ADP
lalringliana	PROPN
lalringngheta,	PROPN
lalrinhlua	PROPN
lalrinhlua,	PROPN
lalrinkdika	PROPN
lalrinkima	PROPN
lalrinkimi,	PRON
lalrinliana	PROPN
lalrinmawia	PROPN
lalrinmawia,	PROPN
lalrinmawii,	PROPN
lalrinmuana	PROPN
lalrinmuana,	PUNCT
lalrinmuanan	PROPN
lalrinmuani	PROPN
lalrinngheta,	PROPN
lalrinngliana	PROPN
lalrinnunga	PROPN
lalrinpuia	PROPN
lalrinpuia,	PROPN
lalrinpuii	PROPN
lalrinpuiin	PROPN
lalrinsanga	PROPN
lalrinsanga,	PROPN
lalrinsangi	PROPN
lalrinthanga	PROPN
lalrinthangin	PROPN
lalrinthari	PROPN
lalrintlingi	PROPN
lalrintluanga	PROPN
lalrintluangi	PROPN
lalrinzuala	PROPN
lalrinzuala,	PUNCT
lalrinzualan	PROPN
lalrinzuali	PROPN
lalrinzuali.	PROPN
lalrobiaka	PROPN
lalrochaliana	ADP
lalrochana	PROPN
lalrochuanga	PROPN
lalroenga	PROPN
lalrohlua	PROPN
lalrohluan	PROPN
lalrohlun	PROPN
lalrokhawma	PUNCT
lalrokhuma	PROPN
lalrokima	PROPN
lalromawia	VERB
lalropari,	PROPN
lalropianga	PUNCT
lalropuia	NOUN
lalropuia,	PROPN
lalrosanga	PROPN
lalrosanga,	PROPN
lalrosiama	PUNCT
lalrothanga	PROPN
lalrothuama	PUNCT
lalrozama	PROPN
lalrozama,	PROPN
lalrozaman	PROPN
lalrozara	PROPN
lalruali	ADP
lalruat-thara	PUNCT
lalruat-tharan	PROPN
lalruatfela	PROPN
lalruatfela,	PROPN
lalruatfelan	PROPN
lalruatfeli	PROPN
lalruathlu,	PUNCT
lalruathlua	NOUN
lalruatkima	PROPN
lalruatkima,	PROPN
lalruatkima,aizawl	PROPN
lalruatkimi	PROPN
lalruatkimi,	PROPN
lalruatliana	PROPN
lalruatmawia	PROPN
lalruatpui	PROPN
lalruatpuia	PROPN
lalruatpuian	PROPN
lalruatpuii	PROPN
lalruatsanga	PROPN
lalruatsanga,	PROPN
lalruatsangan	PROPN
lalruatthara	PROPN
lalruattharan	PUNCT
lalruattluanga	PROPN
lalruatzela	PROPN
lalsang-zuala	PROPN
lalsanga	PROPN
lalsangliana	PROPN
lalsangliana,	PROPN
lalsanglianan	PROPN
lalsangluaian	PROPN
lalsanglura	PROPN
lalsanglura,	PROPN
lalsangpuii	PROPN
lalsangzela	PROPN
lalsangzuala	PROPN
lalsangzualan	PROPN
lalsangzuali	PROPN
lalsavunga	PROPN
lalsawivunga	PROPN
lalsawma	PUNCT
lalsawmi	PROPN
lalsawmliana	PROPN
lalsawmliana,	PROPN
lalsawmpuia,	PROPN
lalsawmvela	PROPN
lalsawmzela	PROPN
lalsawta	PROPN
lalsawta,	PROPN
lalsawtan	PROPN
lalsiamhnuna	PROPN
lalsiamkimi	PROPN
lalsânglûra	VERB
lalsângzuali	PROPN
laltanpuia	PROPN
laltanpuia,	PROPN
laltanpuian	PROPN
laltanpuii	PROPN
laltawnliana	PROPN
lalte	ADJ
lalten	NOUN
lalthafali	ADJ
lalthahluna	PROPN
lalthakima,	PROPN
lalthan-liana	NOUN
lalthan-lianan	PROPN
lalthanfela	ADP
lalthangfala,	PROPN
lalthangkima	PROPN
lalthangliana	PROPN
lalthangliana,	CCONJ
lalthanglianan	PROPN
lalthangliani	PROPN
lalthangmawia	PROPN
lalthangmawii	PROPN
lalthangpuii	PROPN
lalthangvela	PUNCT
lalthanhawla	PROPN
lalthankima	NOUN
lalthanliana	PROPN
lalthanliana,	PROPN
lalthanlianan	PROPN
lalthanmawia	PROPN
lalthanmawii	PUNCT
lalthanmawii,	PUNCT
lalthanpuia	PROPN
lalthanpuii	PROPN
lalthansanga	PROPN
lalthansanga,	PROPN
lalthansangan	PROPN
lalthansiama	PROPN
lalthansânga	PROPN
lalthantluanga	PROPN
lalthantluangi	CCONJ
lalthanzama,	PROPN
lalthanzami	PROPN
lalthanzara-ten	PROPN
lalthanzuala	PUNCT
laltharzeli,	PROPN
lalthasangi	PROPN
lalthathanga	PROPN
lalthatpuia	PROPN
lalthawmliana	PROPN
lalthawmmawia	PROPN
lalthazama	PROPN
lalthazawnga	PROPN
lalthazuala	PROPN
lalthazuali	PROPN
lalthiangi	PUNCT
lalthla-muana	PROPN
lalthla-muani	PROPN
lalthlamuana	PROPN
lalthlamuana,	PROPN
lalthlamuankimi	PROPN
lalthlamuanpuia	PROPN
lalthlamuanpuia,	PROPN
lalthlamuanpuii	PROPN
lalthlanawma	NOUN
lalthlangliana	PROPN
lalthlanthangi	PROPN
lalthlengliana	NOUN
lalthlengliana,	PROPN
lalthlenglianate	PUNCT
lalthuama	NOUN
lalthuami	PROPN
lalthuammawia	PROPN
lalthuthaa	PROPN
lalthuthlunga	PROPN
lalthuthlungdiki	PROPN
lalthuthlungliana	ADJ
lalthuthlungthari	PROPN
lalthutphah	NOUN
lalthutphahte	NOUN
lalthutthleng	NOUN
lalthutthlengah,	NOUN
laltir	NOUN
laltlanchhuaha	PROPN
laltlandiki	PROPN
laltlanhluan	PROPN
laltlankima	PROPN
laltlankiman	PROPN
laltlanmawia	PROPN
laltlanmawia,	PROPN
laltlansanga	PROPN
laltlanthanga,	PROPN
laltlanzova	PUNCT
laltleipuia	NUM
laltluanga	PROPN
laltluangliana	PROPN
laltluangliani,	PROPN
laltupa	ADJ
lalu	PROPN
lalut	ADJ
lalut.	ADJ
lalutin	VERB
lalutin,	VERB
lalvenchhunga	PROPN
lalvenhima	PUNCT
lalvenhima,	PROPN
lalvenhimi	PROPN
lalvenhimi,	NOUN
lalvensangin	PROPN
lalvohbika	NOUN
lalvulluaia,	PROPN
lalvulmawia	PROPN
lalvunga	PUNCT
lalzahngoa	PROPN
lalzama,	PROPN
lalzamlova	PROPN
lalzapi-te	PRON
lalzaran’	PROPN
lalzarliana	PROPN
lalzarmawia	PROPN
lalzarmawii	PROPN
lalzarmawii,	PROPN
lalzarmawiin	PROPN
lalzarzoliana	PROPN
lalzarzova	PROPN
lalzawma	PROPN
lalzawmliana	PUNCT
lalzawmmawia	PROPN
lalzawmpuii	PROPN
lalzemawia	PROPN
lalzetluanga	PUNCT
lalzia	NOUN
lalzidinga	PROPN
lalzikan	PROPN
lalzikpuii	PROPN
lalzirliana	PROPN
lalzirliana,	PROPN
lalzirmawia	PROPN
lalzova	PROPN
lalzuiliana	PROPN
lalzuilianin	PROPN
lalzuithanga	PROPN
lalzuithanga,	PROPN
lalzâwna	PROPN
lalṭanpuia	PROPN
lalṭanpuia,	PROPN
lalṭhakima	PROPN
lalṭhathanga	PROPN
lalṭhatpuia	PROPN
lalṭhazualan	PROPN
lalṭhazuali	PROPN
lalṭhuami	PROPN
lalṭhuthleng	PROPN
lalṭhutphah	ADJ
lalṭhutthleng	NOUN
lalṭhutthlêng	NOUN
lam	ADJ
lam!	ADJ
lam'	ADJ
lam,	ADJ
lam,mumbai	ADP
lam-mualah	DET
lam.	ADJ
lam:	VERB
lam?	ADJ
lama	ADJ
lama-a	PROPN
lama.	ADJ
lamah	ADJ
lamah!	ADJ
lamah,	ADJ
lamah.	ADJ
lamahte	ADJ
laman	ADJ
lamar	NOUN
lamar,	NOUN
lambert	PROPN
lambun	ADJ
lambuna	ADJ
lamchhip	PROPN
lamdang	VERB
lameka	PROPN
lamela	PROPN
lamhainamdi	PROPN
lamhawi	ADJ
lamhla	PRON
lamhnai	ADJ
lamho	NOUN
lamin	VERB
lamine	PROPN
lamka	PROPN
lamkal	NOUN
lamkawia	ADV
lamkhuang	NOUN
lamlian	ADJ
lammens	PROPN
lammual	ADJ
lammual,	ADJ
lammual-ah	PROPN
lammuala	NOUN
lammualah	ADJ
lammuanthang	ADP
lamna	NOUN
lamnaah	PRON
lamngaihchin	PROPN
lampang	ADJ
lampanga	ADJ
lampangah	ADJ
lampard	PROPN
lampard-a	PROPN
lamphel-a	ADP
lamptey	PROPN
lampui	NOUN
lamri	VERB
lamrik	ADJ
lamrikte	DET
lamsuaka	PROPN
lamsuaka-te	PROPN
lamtang	ADJ
lamtanga	ADJ
lamtangte	ADJ
lamtawi	ADJ
lamte	NOUN
lamtea	NOUN
lamten	ADP
lamte’n	PRON
lamthai	PROPN
lamthiam	ADJ
lamtluang	ADJ
lamtluang'	ADJ
lamtluang’	ADJ
lamtual	X
lamtupa	NOUN
lamtute	NOUN
lamzang	ADJ
lamzawl	NOUN
lamzâwng	PRON
lamṭang	ADJ
lam’	ADP
lan	VERB
lan.	VERB
lan?	VERB
lana	PROPN
lancaster	DET
lanchhuah	NOUN
lanchhuahna	NOUN
lanchhuahtir	PRON
land	PROPN
landan	ADJ
landanah	ADJ
landanin	ADJ
landiras	PROPN
lando	PROPN
landscaper	DET
lane	SYM
lang	VERB
lang!	VERB
lang,	VERB
lang.	VERB
lang."	VERB
lang;	VERB
langa	VERB
langa.	VERB
langauge	PUNCT
langchhuak	ADJ
langchiang	ADJ
langin	NOUN
langkhanphong	PROPN
langkhao	NOUN
langley	PROPN
langrawng	ADJ
langsar	VERB
langsar,	ADJ
langsar.	VERB
langsar:	ADJ
langsarah	ADJ
langsarin	NOUN
langsâr	VERB
langte	ADJ
langthei	ADJ
langtlang	ADJ
langtu	ADJ
language	NOUN
lanka	PROPN
lanka-ah	PROPN
lankan	PROPN
lankesh	PROPN
lankesh-i	NUM
lanna	ADJ
lanpui	NOUN
lansak.	VERB
lansar	DET
lansarh	VERB
lansarhna	NOUN
lantir	VERB
lantir,	ADV
lantir.	NOUN
lantir?	NOUN
lantira	ADJ
lantirin	NOUN
lantirna	ADJ
lantirnaa	NOUN
lantirnaah	NOUN
lantirtu	NOUN
lantirtute	NOUN
lantîr	NOUN
lantîr.	VERB
lantîr?	PROPN
lantîrin	CCONJ
lantîrin,	NOUN
lantîrtheih	PRON
lantîrtu	ADJ
lanu	PROPN
lanya	PROPN
lanz	PROPN
lanzarote-ah	PROPN
lao	PROPN
laoa	DET
laodikei	DET
laos	PROPN
laos,	PROPN
laos-ah	AUX
laotian	PROPN
laowang-an	PUNCT
lap	VERB
lapang	PROPN
lapaw	NOUN
laporta	PROPN
laporte	PROPN
laptop	NOUN
laptop-a	NOUN
lapua	NOUN
lapuaa	NOUN
laqshya	PROPN
lar	ADJ
lar,	ADJ
lar.	ADJ
lara	PROPN
large	ADJ
larh	NOUN
larin	NOUN
larki	NOUN
larna	NOUN
larpui	ADJ
larpuitu	ADJ
larsaktu	VERB
larsap	ADJ
larsap,	ADJ
larsapin	NOUN
larsapte	VERB
larte	VERB
lartu	NOUN
las	PROPN
laser	PROPN
lashkar-e-taiba	PROPN
lasi	NOUN
lask	PROPN
laskar	VERB
laskshadweep-ah	PROPN
laslo	PROPN
lasmar	PROPN
last	ADJ
lata	PROPN
late	VERB
latex	NOUN
latin	PROPN
latin-a	VERB
latina	ADJ
latino	PROPN
latium	ADP
latu	NOUN
latu,	ADV
latuin	ADJ
latute	NOUN
latvia	ADP
lau	NOUN
laugardalsvã¶llur,	PROPN
laui	ADP
laukkai	PROPN
launchers	NOUN
launderette-ah	NOUN
laundering	NOUN
laundrette-ah	ADV
laura	PROPN
laura,	PROPN
lauren	PROPN
laurent	PROPN
laureus	PROPN
laurie	PROPN
laurie,	PROPN
lautaro	PROPN
lava	PRON
lavandou-ah	PROPN
lavezzi	PROPN
lavia	PROPN
lavigne	NOUN
lavrov	PROPN
law	VERB
law!	VERB
law-te	NOUN
law.	VERB
lawbei	PROPN
lawg	PUNCT
lawh	VERB
lawh.	VERB
lawhleng	VERB
lawhna	ADJ
lawhtu	NOUN
lawi	VERB
lawi.	VERB
lawia	PROPN
lawih	NOUN
lawih.	NOUN
lawiha	SCONJ
lawiin	VERB
lawilo	ADJ
lawilopa,	VERB
lawilut	VERB
lawina	NOUN
lawipu,	NOUN
lawipu-ah	PUNCT
lawipuiah	VERB
lawitlanga	NOUN
lawitlangah	PROPN
lawiza,	NOUN
lawk	VERB
lawk,	VERB
lawk.	VERB
lawk:	ADV
lawk?	VERB
lawka	ADV
lawkah	ADJ
lawkin	VERB
lawkna	ADJ
lawkna.	ADJ
lawknate	AUX
lawkna’	ADJ
lawkte	VERB
lawkten	PUNCT
lawktu	NOUN
lawler	PROPN
lawm	ADV
lawm!	ADV
lawm!"	ADV
lawm!'	ADV
lawm'	ADV
lawm,	ADV
lawm-awm	NOUN
lawm.	ADV
lawm;	ADV
lawm?	ADJ
lawma	ADJ
lawma'n	PRON
lawman	PROPN
lawmawm	ADJ
lawmawm!	ADJ
lawmawm,	ADJ
lawmawm.	ADJ
lawmawma	ADJ
lawmawma,	ADJ
lawmawmah	NOUN
lawmawmin	ADJ
lawmg	NOUN
lawmhu	NOUN
lawmi	PROPN
lawmin	NOUN
lawmin,	NOUN
lawmkiman	PUNCT
lawmkunga	PROPN
lawmla	PUNCT
lawmlohna	NOUN
lawmluh	ADJ
lawmluhna	VERB
lawmluhte	AUX
lawmlut	ADJ
lawmlut.	NOUN
lawmman	NOUN
lawmman,	NOUN
lawmman:	NOUN
lawmmanah	ADJ
lawmmante	NOUN
lawmna	NOUN
lawmna"	NOUN
lawmna,	NOUN
lawmna-ah	PROPN
lawmnaa	ADJ
lawmnaah	VERB
lawmnain	VERB
lawmnan	ADJ
lawmpui	VERB
lawmpui.	VERB
lawmpuiin	NOUN
lawmpuiin,	NOUN
lawmpuina	NOUN
lawmpuinan	AUX
lawmsak	NOUN
lawmte	ADJ
lawmtea	NOUN
lawmthu	NOUN
lawmthusawi	ADJ
lawmthusawina	NOUN
lawmthute	ADJ
lawmtlai	NOUN
lawmtling	PRON
lawmtlâk	NOUN
lawmtute	VERB
lawmzawng	ADJ
lawmzia	ADJ
lawn	VERB
lawn,	VERB
lawn.	VERB
lawna	VERB
lawnchhuak	PRON
lawng	NOUN
lawng,	NOUN
lawng-tlai	PROPN
lawng.	NOUN
lawnga	NOUN
lawngah	ADJ
lawngchawlh	NOUN
lawngchawlhna	NOUN
lawngin	VERB
lawngkar	NOUN
lawngleng	ADJ
lawnglian	NOUN
lawngpu	NOUN
lawngte	NOUN
lawngtlai	PROPN
lawngtlai,	ADP
lawngtlai-a	PROPN
lawngtlai-chawngte	PROPN
lawngtlai-tuipuiferry	PROPN
lawngtlaia	VERB
lawngtlaiah	VERB
lawngtlaiahte	CCONJ
lawngtlaiin	PUNCT
lawnin	NOUN
lawp	ADV
lawr	VERB
lawrence	PROPN
lawrkhawm	NOUN
lawrlak	ADJ
lawyer	PRON
lawyer-te	NOUN
laxmi	PROPN
layal	PROPN
layer	NOUN
layla	PROPN
layla'n	PROPN
layla-i	PROPN
layla-in	AUX
lazai	NOUN
lazara	PROPN
lazarz	PROPN
lazio	PROPN
lazio-ah	AUX
laºk	NOUN
la’	VERB
lb	ADJ
lba	PROPN
lbam-in	DET
lbs	PROPN
lc	PROPN
lc,	PUNCT
lc-in	PROPN
lc-te	DET
lca	PROPN
lcdc	NOUN
lch-ah	PROPN
lci	PROPN
ld	PROPN
ld-darchhun	PRON
lda	DET
ldc	PROPN
lde	PROPN
ldloa	NOUN
ldycc	NOUN
le	NOUN
le!	NOUN
le!!	NOUN
le!?	NOUN
le!ka	AUX
le"	NOUN
le,	NOUN
le.	NOUN
le?	NOUN
le?.	NOUN
le?’	SYM
lead,	PROPN
leader	PROPN
leader,	PUNCT
leader-in	PUNCT
leaders	NOUN
league	PROPN
league,	PROPN
league-a	PROPN
league-ah	PROPN
leagues	PROPN
leahue	PROPN
leahy	PROPN
leaii	PUNCT
leaning	DET
leann	PROPN
leao	PROPN
leaque	PROPN
lease	PROPN
lebanese	ADJ
lebanon	PROPN
lebanon-a	DET
leblanc	PROPN
lebron	PROPN
lecce	PROPN
lech	PROPN
leclerc	PROPN
lectern	NOUN
lectionis	PROPN
lecture	NOUN
lecturer	NUM
lecturer,	PROPN
ledecky	PROPN
lee	PROPN
leeds	PROPN
leeds-in	PROPN
leedsleeds	PROPN
lefse	PROPN
left	VERB
left,	ADJ
left-back	VERB
leg	ADJ
leg-a	PRON
leganes	PRON
legend	NOUN
legendary	ADJ
leghari	PROPN
legion	PRON
legislative	DET
legislator	PROPN
legislators	NOUN
legislature	PROPN
lego	AUX
legos	NOUN
legue	PROPN
leh	CCONJ
leh!	ADV
leh%	NOUN
leh,	CCONJ
leh.	CCONJ
leh.duh	VERB
leh?	CCONJ
leha	ADJ
leha,	ADJ
lehah	VERB
lehchhawng	PRON
lehchhâwng	ADP
lehecka	PUNCT
lehhawi	ADJ
lehhawi.	ADJ
lehhlin	ADV
lehi	ADP
lehi.	NOUN
lehin	NOUN
lehin,	NOUN
lehkha	VERB
lehkhaa	NOUN
lehkhaah	PRON
lehkhabu	NOUN
lehkhabu,	NOUN
lehkhabu-ah	PRON
lehkhabua	ADJ
lehkhabuah	ADJ
lehkhabuin	ADJ
lehkhabute	ADJ
lehkhabûah	ADJ
lehkhaipah	VERB
lehkhaphek	PRON
lehkhapuan	NOUN
lehkhata	NOUN
lehkhatah	ADV
lehkhate	ADJ
lehkhathawn	ADJ
lehkhathawnah	NOUN
lehkhathawnhovah	PROPN
lehkhathawnin	PROPN
lehkhathawnte	NOUN
lehkhathiam	ADJ
lehkhathiam,	ADJ
lehkhathiamna	ADJ
lehkhathiamte	ADJ
lehkhathiamte,	ADJ
lehkhatui	ADJ
lehkhaziaktute	NOUN
lehkhazialte	DET
lehkhazir	ADJ
lehkhazirna	VERB
lehkhim	NOUN
lehlam	VERB
lehlama	ADJ
lehlamah	ADJ
lehlamah,	ADJ
lehlamin	VERB
lehlan	ADV
lehlang	ADJ
lehlangin	VERB
lehlin	NOUN
lehlin,	NOUN
lehlin?	NOUN
lehlinna	NOUN
lehlinnaah	VERB
lehlinsak.	NOUN
lehlinte	NOUN
lehlintu	PRON
lehna	ADJ
lehna,	ADJ
lehnaa	NOUN
lehnaah	ADV
lehna’	ADJ
lehnghal	VERB
lehnghal!	VERB
lehnghal,	VERB
lehnghal.	VERB
lehnghalin!	NUM
lehnghalin.	ADJ
lehnghâl	NOUN
lehnghâl!	ADJ
lehnghâl.	NOUN
lehpek	VERB
lehpek.	VERB
lehpekah	DET
lehpekin	ADJ
lehpel	VERB
lehpel.	VERB
lehpelh	ADJ
lehpelin	PRON
lehpelin,	PROPN
lehsak	VERB
lehte	ADJ
lehthal	VERB
lehthal.	VERB
lehthalin	ADJ
lehthaltu	PRON
lehthin	VERB
lehthuak	PRON
lehtu	ADP
lehzel	ADJ
lehzel.	ADJ
lehzelna	ADJ
lehzual	ADJ
lehzual.	ADJ
lehzual?	ADJ
lehzuala	ADJ
lehzualah	NOUN
lehzualin	ADJ
lehzualna	ADJ
lehzualtu	NOUN
lehzêl	ADJ
lehṭhin	VERB
leh’	ADJ
lei	VERB
lei,	VERB
lei.	VERB
lei."	VERB
lei?	VERB
leia	ADJ
leia.	ADJ
leiah	VERB
leiah,	VERB
leiba	VERB
leibat	ADJ
leibate	NOUN
leibâ	DET
leicester	PROPN
leichhamin	ADP
leichhawn	PUNCT
leidawh	NOUN
leih	VERB
leih!	VERB
leih.	VERB
leihlawn	NOUN
leihnuai	ADJ
leiin	VERB
leikai	PROPN
leikhawm	NOUN
leilaih	VERB
leilawn	NOUN
leilehah	ADJ
leilehsa	DET
leilet	ADJ
leilet,	ADJ
leilet-a	SCONJ
leileta	NOUN
leiletah	NOUN
leili	ADV
leilo	ADJ
leilung	NOUN
leilung,	NOUN
leilunga	ADJ
leilungah	ADJ
leilungin	NOUN
leilâwn	NOUN
leimakhuong	PROPN
leiman	NOUN
leiman,	NOUN
leimin	VERB
leimin,	VERB
leimin-in	SCONJ
leimina	PRON
leiminah	ADP
leiminin	NOUN
leiminna	VERB
leina	ADJ
leinaa	ADJ
leinaah	NOUN
leinate	VERB
leipui	NOUN
leipzig	PROPN
leipzig,	PROPN
leipzig-ah	PRON
leipzig-in	PROPN
leirawhchan	NOUN
leirem	ADJ
leisak	NOUN
leisak.	NOUN
leisakin	PUNCT
leisakin,	CCONJ
leisakna	NOUN
leisaktu	NOUN
leisaktute	VERB
leisang	PROPN
leishemba	PUNCT
leitan	PROPN
leitanah	PROPN
leitawh	NOUN
leitawlh	NOUN
leite	NOUN
leitha	NOUN
leithum	VERB
leitir	VERB
leitlahniam	NOUN
leitlangpui	ADJ
leitlangpuia	ADP
leitu	NOUN
leitute	ADJ
leituten	NOUN
leitîr	ADJ
leiverh	ADJ
leiverh,	ADJ
leivung	ADJ
leivungte	ADJ
leivut	ADJ
leivûng	NOUN
leiya	VERB
leizpig	ADP
lei’	VERB
lek	ADJ
lek.	ADJ
leka	ADJ
lekah	ADJ
lekah.	ADJ
lekain	NUM
lekha	NOUN
lekhabu	DET
lekhapuan-te	NOUN
lekhi	PROPN
lekin	ADV
lekin.	ADV
lekkawh	ADJ
lekkawhtute	NOUN
leklam	VERB
lekte	ADJ
lelte	NOUN
lem	NOUN
lem,	NOUN
lem.	NOUN
lema	NOUN
lemah	NOUN
lemchan	VERB
lemchang	ADJ
lemchang,	ADJ
lemchanna	ADJ
lemin	NOUN
lemlo	ADJ
lemlo.	ADJ
lemlote	ADV
lemonis	ADP
lemte	ADJ
lemziah	ADJ
lemziak	VERB
lemziak-thiamten	PRON
lemziakte	DET
len	VERB
len.	VERB
lena	PROPN
lenah	ADJ
lenahte	NOUN
lenchhuah	VERB
lenchhuahpui?	ADP
lenchilh	PROPN
lenchilh.	NOUN
lenchilhin	VERB
lenchim	NOUN
lendun	VERB
leng	VERB
leng'	VERB
leng,	VERB
leng.	VERB
leng;	VERB
lenga	ADJ
lengah	VERB
lengchhuak	NOUN
lengi	ADJ
lengin	NOUN
lengin,	NOUN
lengkhawm	NOUN
lengkual	AUX
lenglet	ADJ
lenglut	NOUN
lenglut.	NOUN
lengphar	PUNCT
lengpui	ADJ
lengpui,	ADJ
lengpui-mamit	ADP
lengpuia	ADJ
lengpuiah	PROPN
lengtar	NOUN
lengte	NOUN
lengteng	ADJ
lengvak	ADJ
lengvel	ADJ
lengzem	NOUN
lengzemah	PROPN
lenin	ADJ
leningrad	PROPN
lenkhawm	NOUN
lenkhawmna	NOUN
lenlai	VERB
lenlut	NOUN
lenmawiií	PROPN
lenna	NOUN
lennaa	VERB
lennaah	NOUN
lennart	PROPN
lennate	NOUN
leno	PROPN
lenovo	PROPN
lenpui	NOUN
lenpuitu	VERB
lenrual	PROPN
lens	NOUN
lente	NOUN
lentil	NOUN
lentir,	ADJ
lentlang	DET
lenzawng	NOUN
leo	PROPN
leon	PROPN
leon,	PROPN
leonard	PROPN
leonardo	PROPN
leonce	PROPN
leopards	PROPN
lep	VERB
leplerh	ADJ
leplêrh	NOUN
ler	ADJ
lera	ADJ
lerh	VERB
leroy	NOUN
lersia	PROPN
les	PROPN
lesde	PROPN
lesson	NOUN
let	NOUN
let.	NOUN
let?	NOUN
leta	ADJ
letah	ADJ
leterme	PROPN
lethletu	NOUN
letin	ADJ
letin,	ADJ
letizia	PROPN
letleh	VERB
letling	NOUN
letling.	NOUN
letlingtu	NOUN
letlingtute	NOUN
letlingtuten	VERB
letna	ADJ
letpao	PROPN
letter	NOUN
letterhead	NOUN
lettir	NOUN
lettu	ADJ
lettuce	DET
levante	PROPN
levante-in	PROPN
level	NOUN
level-ah	VERB
leverdez	PROPN
leverkusen	PROPN
leverkusen-in	PROPN
levi	ADP
levi-ho	PROPN
levi-hote	PROPN
levia	NOUN
levine	PROPN
lewan-dowski	PROPN
lewandoski	PROPN
lewandowski	PROPN
lewin	PROPN
lewinsky	PROPN
lewis	PROPN
lewy	PROPN
leyla	PROPN
lezual	ADJ
lfp	PROPN
lg	PROPN
lgbtq	PROPN
lhouvum	NOUN
li	NOUN
liability	NOUN
liah	ADJ
liah-meivap	VERB
liak	ADJ
liak.	ADJ
liam	VERB
liam-a	PROPN
liam.	VERB
liama	NOUN
liama,	NOUN
liamin	ADJ
liamnaah	VERB
liampui	VERB
liamsan	ADJ
liamsan.	ADJ
liamta	VERB
liamtaa	VERB
liamtir	NOUN
lian	NOUN
lian,	NOUN
lian-sailova	VERB
lian.	NOUN
lian/chak	DET
lian?	NOUN
liana	ADJ
liana'n	PROPN
liana,	ADJ
liana-an	PROPN
liana.	ADJ
liana?	ADJ
lianah	ADJ
lianahte	ADJ
lianber	NOUN
lianbuanga	PROPN
lianchama	PROPN
lianchawii,	PROPN
lianchhawnan	PROPN
lianchhiari	PROPN
lianchia	NOUN
lianchia,	NOUN
liandala	PROPN
liandawla	PRON
liandinga	PROPN
liandinga,	PROPN
liandula	PROPN
liangkhaia	PROPN
lianhawla,	VERB
lianhminga	PROPN
lianhna	PROPN
lianhote	ADJ
liani	PROPN
lianin	NOUN
lianite	PROPN
liankhuma	PROPN
liankunga	PROPN
lianlalmawi	PROPN
lianmawia	PROPN
lianmawia,	PROPN
lianmawii	PROPN
lianmunga,	PROPN
lianphunga	PROPN
lianpui	ADJ
lianpuia	VERB
lianpuiah	NOUN
liansailova,	PROPN
liansanga	PROPN
liansanglura	PROPN
liansangpuii	PROPN
liansangzuala	PROPN
liansânga	SCONJ
liante	ADJ
liantham	NOUN
lianthanga,	PROPN
lianthangpuia	PROPN
lianthangpuii	PROPN
lianthangpuii,	PROPN
liantluanga	PROPN
liantluanga,	PROPN
liantu	ADV
lianzama	ADP
lianzela	PROPN
lianzuala	PROPN
lianzuala,	PROPN
lianzuali	PROPN
liau	NOUN
liau,	NOUN
liau.	NOUN
liauin	PART
liauvin	VERB
liberalised	ADJ
liberalism	NOUN
liberian	PROPN
liberpool	PUNCT
liberties	PROPN
library	NOUN
library-a	PRON
library-ah	NOUN
library-te	NOUN
librivox	NOUN
libya	ADJ
licence	NOUN
license	NOUN
lichen	ADV
lichess.org	PROPN
lichtsteiner	AUX
licorice	NOUN
lida	PROPN
liddell-a	ADP
lidia	PROPN
liechtenstein	VERB
lieke	PROPN
liepaja	VERB
lieutenant	PROPN
liezietsu	PROPN
life	PROPN
life'	PROPN
lifeboat	PRON
lifejacket	NOUN
lifeline	NOUN
lifeskills	NOUN
lifetime	PROPN
lifter	DET
liga	PROPN
liga-ah	PROPN
light	NOUN
lightbulb	NOUN
lightheavy	ADJ
lightweight	VERB
ligt	PROPN
ligue	PROPN
liin	NOUN
liisa-in	PROPN
lik	VERB
likaru	PROPN
likbk	PROPN
likbkṭp	DET
likers	PROPN
likud	PROPN
lil	PROPN
lila	PROPN
lilam	NOUN
lilamna	NOUN
lilamnaah	VERB
lilamtuin,	NOUN
lilia	VERB
liliana	NOUN
lilies	NOUN
lilis	CCONJ
lilite	AUX
lilitu,	PUNCT
lillard	PUNCT
lilothia	PROPN
liluh	NOUN
lily	CCONJ
lim	VERB
lima-ah	PROPN
limetd	PROPN
limit	NOUN
limo	NOUN
limousine	VERB
lin	ADJ
lina	ADJ
linaa	ADJ
linaah	NOUN
lincoln	PROPN
lincoln-a	ADV
linda	PROPN
linda-i	NOUN
lindelof	PROPN
lindgard	PROPN
line	NOUN
line-a	PRON
line-ah	AUX
linette	PROPN
lineup	DET
lineup-ah	PART
ling	ADJ
lingala	PRON
lingard	PROPN
lingayat	PROPN
lingayats	PROPN
lingleta	NOUN
lingonberries	PROPN
lingthal	VERB
linguist	NOUN
linguistic	ADP
lingyat	PUNCT
lingyats	PROPN
link	NOUN
linkage	NOUN
linkin	PROPN
lino	PROPN
linux	PROPN
lio	PROPN
lionasgate	PROPN
lionel	PROPN
lions	PROPN
lions-ten	PROPN
lipa	PROPN
lippi	PROPN
lipstick	NOUN
liquidity	NOUN
lir	VERB
lira	PROPN
lirnghin	VERB
lirnghing	VERB
lirnghing,	VERB
lirnghingah	ADJ
lirnghingin	VERB
lirnghinna	ADP
lirthei	ADJ
lirthei,	ADJ
lirtheia	ADJ
lirtheiah	ADJ
lirtheiin	ADJ
lirtheite	ADJ
lisa	PROPN
lisala	PROPN
lisandro	PROPN
lisbon	PROPN
lisbon-ah	ADV
lisey-i	VERB
lisha	PROPN
list	NOUN
list-a	NOUN
list-ah	PRON
listing	NOUN
listner	VERB
litani	DET
literacy	PROPN
literature	NOUN
literature-a	NOUN
liters	NOUN
lithuania	PROPN
lithuania-ah	AUX
lithuanian	PUNCT
litre	NOUN
litres	NOUN
little	ADJ
liu	PUNCT
liudmila	NOUN
liv	NOUN
livakovic	PROPN
live	ADJ
live-a	ADV
live-in	PROPN
liverool	PRON
liverpool	PROPN
liverpool-ah	PROPN
liverpool-in	PROPN
liverpool-ten	PROPN
lives	PROPN
livingston	PUNCT
livni-i	PROPN
liz	PROPN
lizard	VERB
ljubicic-an	PROPN
lka	PROPN
llangollen	PROPN
llb	PROPN
llorente	PROPN
lloris	PROPN
lloyd-a	PROPN
lltf	PROPN
lm	CCONJ
lmc	PROPN
lmv	NOUN
lo	ADJ
lo!	ADJ
lo!!!	ADJ
lo!"	ADJ
lo!.	ADJ
lo!aw	PART
lo"	VERB
lo'	ADJ
lo'm	AUX
lo,	ADJ
lo,"	ADJ
lo,.	VERB
lo,’	PART
lo-	VERB
lo-ah	ADP
lo-dawt	AUX
lo-hriatthiamna	NOUN
lo-in	AUX
lo.	ADJ
lo.!	ADJ
lo."	ADJ
lo.a	ADJ
lo.hemi	ADV
lo.kha	VERB
lo.mahse	PUNCT
lo.spurs	VERB
lo.tih	ADJ
lo.’	VERB
lo/ram	PART
lo:	ADJ
lo;	ADJ
lo?	ADJ
lo?!	ADJ
lo?angin	PUNCT
loa	ADJ
loa,	NOUN
loa.	PART
loa;	PROPN
loaf	NOUN
loah	VERB
loan	NOUN
loan-a	ADP
loan-in	NOUN
loansak	NOUN
lobby	NOUN
lobby-ah	NOUN
lobo	PROPN
lobo-1	PUNCT
lobster	NOUN
loc-a	PRON
local	PROPN
locality	PROPN
loch	PROPN
lochelsea	ADP
lochiram	PROPN
lockdown	NOUN
locker	NOUN
lockheed	PROPN
lockie	PROPN
lodge	ADJ
lodge,	PROPN
logarithmic	ADJ
loglan	PROPN
logo	NOUN
logogram	NOUN
logos	NOUN
loh	ADV
loh!	ADV
loh"	ADV
loh'	ADV
loh,	ADV
loh-na	VERB
loh.	ADV
loh;	ADV
loh?	ADV
loh?"	ADV
loh?’	PRON
loha	VERB
loha,	PRON
lohah	NOUN
lohar	PROPN
lohia	PROPN
lohin	NOUN
lohin,	NOUN
lohna	NOUN
lohna'n	AUX
lohna,	NOUN
lohna.	NOUN
lohna?	NOUN
lohnaah	NOUN
lohnain	NOUN
lohnate	ADJ
lohna’	NOUN
lohnen	NOUN
loho	VERB
lohsak	DET
lohte	ADJ
lohte.	ADJ
lohten	VERB
lohtheihloha	ADJ
lohtir	ADJ
lohtir.	ADJ
lohtîr	ADV
lohva	ADJ
lohva,	ADP
lohva.	NOUN
lohvah	CCONJ
lohvin	ADJ
lohvin,	ADJ
lohvin.	ADJ
lohzia	ADJ
lohziate	VERB
lohziate,	NOUN
loh’	ADV
loicy	PUNCT
loin	VERB
loin,	NOUN
loin.	PRON
loinbavarians	DET
loisy	PROPN
lojban	PROPN
lojban-ah	PRON
lojbanologist	SCONJ
lok	PROPN
lokal	ADJ
lokal,	ADJ
lokal.	ADJ
lokal?	ADJ
lokalte	VERB
lokayukta	PROPN
lokayukta-ah	PROPN
lokayukta-in	PROPN
loke	PROPN
lokeswar	PROPN
loki	VERB
lokir	VERB
lokomotiva	PROPN
lokonga	PROPN
lokpal	DET
loktak	VERB
lokyukta	PROPN
lola	PROPN
lolet	VERB
lollipop	NOUN
lometa	PROPN
lomilan	SCONJ
london	PROPN
london-a	PRON
london-ah	AUX
londonah	ADP
lonei	VERB
loneih	NOUN
loneimi	PRON
loneitu	ADJ
loneitu,	ADJ
loneitute	ADJ
loneituten	NOUN
lonestar	PROPN
lonestar-in	ADP
longding	NOUN
longitudinal	ADJ
longjing	ADJ
longman	PROPN
longoria	PROPN
loofah	NOUN
loop	NOUN
loory	DET
lop	PROPN
lopes	PROPN
lopetegui	PROPN
lopez	PROPN
lord	PROPN
lorde	PUNCT
lords	PROPN
lords-in	PROPN
lorenzo	PROPN
lorho	PROPN
lori	PROPN
lorient	PROPN
lorrain	PROPN
lorrain-a	PROPN
lorry	NOUN
los	PROPN
loss:	PROPN
lota	PROPN
lote	ADJ
lote,	ADJ
loteah	ADJ
loteah,	ADJ
loten	ADJ
lotha	PROPN
lotion	NOUN
lotr	DET
lottery	NOUN
lotu	NOUN
lotu,	NOUN
lotun	ADJ
lotute	ADJ
lotuten	PART
lotu’	PRON
louis	PROPN
louis-a	PROPN
louise	PROPN
louisiana	PROPN
lounge	VERB
louvre-ah	VERB
lova	ADV
lova'	ADV
lova,	ADV
lova.	ADV
lova;	ADV
lovah	ADJ
lovah,	ADJ
lovang	ADJ
lovang!	ADJ
lovang'	ADJ
lovang,	ADJ
lovang,"	ADJ
lovang.	ADJ
lovang;	ADJ
lovang?	ADJ
lovato	PROPN
love	VERB
love'	PROPN
love,	NOUN
love.	ADP
lovebirds	NOUN
lovin	ADV
lovin,	ADV
lovin.	ADV
lovin;	ADV
loving.	PART
lovlina	PROPN
lovro	PUNCT
lovy	PUNCT
low	PROPN
low-cost	ADJ
low-floor	ADJ
low-grade	ADP
lower	PROPN
lowry,	PROPN
loy	PROPN
lozano	PROPN
loṭhazawl	ADP
lo—mihring	NOUN
lo’	ADJ
lo’m	AUX
lo’ng	PART
lpg	PROPN
lpgas	PUNCT
lps	PROPN
lps,	PROPN
lr	PROPN
lr,s	PROPN
lrm	PROPN
lrs	PROPN
lrswc	ADP
lrt	PROPN
lsa	PROPN
lsc	PROPN
lsṭkdp-te	DET
lt	PROPN
lt.	PROPN
ltd	PROPN
ltd-in	PROPN
ltd.	DET
ltd.,	PUNCT
ltd.-in	PROPN
ltf	PROPN
ltrs	NOUN
ltte	DET
lttf	ADP
ltuk	ADJ
lu	NOUN
lu,	NOUN
lu-a	ADP
lu-ces--cu	PROPN
lua	NOUN
luah	NOUN
luah,	ADJ
luah.	NOUN
luah?	NOUN
luaha	DET
luahah	ADJ
luahin	ADJ
luahin,	ADJ
luahkhat	ADJ
luahkhat.	ADJ
luahlai	ADJ
luahlan	ADJ
luahlum	ADJ
luahlumtu	ADJ
luahna	NOUN
luahsak	VERB
luahte	VERB
luahtir	NOUN
luahtu	NOUN
luahtu,	NOUN
luahtur	NOUN
luahtute	ADV
luahtîr	ADJ
luahzui	AUX
luai	VERB
luaia,	PROPN
luaian	PROPN
luaina	NOUN
luak	NOUN
luak!	NOUN
luak,	NOUN
luan	VERB
luan.	VERB
luanda	PROPN
luang	VERB
luang.	VERB
luang?	VERB
luanga	VERB
luangchhuak	VERB
luangchhuaka	PRON
luangliam	ADJ
luangliam.	ADJ
luangmual	PROPN
luangmual,	PROPN
luangmuala	ADP
luangmualah	PROPN
luangmualin	PROPN
luangno	ADJ
luangpawl	PROPN
luangpawn	PUNCT
luangpâwn	ADP
luangral	ADJ
luangrual	NOUN
luankawr	ADJ
luankawrte	VERB
luankhawm	NOUN
luanna	ADJ
luanral	NOUN
luanralna	VERB
luanraltirin	NOUN
luantir	NOUN
luat	ADJ
luatah	NOUN
luatna	ADV
luattuk	ADJ
lubitz	PROPN
lubung	VERB
luca	PROPN
lucas	PROPN
lucescu	PROPN
lucia	PROPN
luciano	PROPN
lucie	PROPN
lucien	NOUN
lucifer-a,	PROPN
lucifera,	PROPN
lucknow	PROPN
lucknow,	PROPN
lucknow-in	PROPN
lucy	PROPN
ludhiana	PROPN
ludogorets	PROPN
ludwigsparkstadion-ah	PROPN
lufhta	PROPN
lugano	PROPN
luh	NOUN
luh.	NOUN
luh?	NOUN
luha	NOUN
luhah,	NOUN
luhai	NOUN
luhai.	NOUN
luhaithlak	ADJ
luhaithlâk	VERB
luhchhuah	ADJ
luhchhuah.	ADJ
luhchhuahin,	PRON
luhchilh	NOUN
luhchilh.	NOUN
luhchilh?	NOUN
luhchilhin	ADJ
luhcholhin,	CCONJ
luhin	NOUN
luhka	AUX
luhkapui	DET
luhkawlh	AUX
luhkhug	NOUN
luhkhung	ADJ
luhkhung.	ADJ
luhlul	VERB
luhlulah	NOUN
luhna	ADJ
luhnaah	ADJ
luhpui	NOUN
luhpui.	NOUN
luhsan	ADJ
luhte	NOUN
luhtir	NOUN
luhtir,	NOUN
luhtir.	NOUN
luhtir?	VERB
lui	NOUN
lui,	NOUN
lui-ah	PROPN
lui.	NOUN
luia	ADJ
luiah	ADJ
luidung	NOUN
luidunga	PRON
luih	VERB
luihsak	ADJ
luihtir	VERB
luihtîr	NOUN
luiin	SCONJ
luikama	ADJ
luikamah	NOUN
luikawr	NOUN
luikawra	AUX
luikawrah	ADJ
luikawrte	NOUN
luin	ADV
luipui	ADJ
luipuia	ADJ
luipuiah	ADJ
luipuiahte	NOUN
luiral	ADJ
luis	PROPN
luite	NOUN
luiteah	ADJ
luituite	NOUN
luiz	PROPN
luka	PROPN
lukaku	PROPN
lukaku-an	PROPN
lukashenko	PROPN
luke	PROPN
luke,	PROPN
lukeba	PROPN
lukham	ADJ
lukhama	ADJ
lukhamin	ADJ
lukhawng	NOUN
lukhum	VERB
lukhumte	VERB
lukhup	ADV
lul	ADV
lula	PROPN
lulai	ADV
lulei	NOUN
lulin	AUX
lum	ADV
lum!	ADV
lum,	ADV
lum.	ADV
lum?’	ADV
luma	ADJ
lumah	ADJ
luman	NOUN
lumberjack	NOUN
lumding	PROPN
lumehna	NOUN
lumen	NOUN
lumin	NOUN
lumin,	NOUN
lumna	NOUN
lumpsum	PROPN
lumtu	NOUN
lun	ADJ
luna	ADJ
lunch	NOUN
lunch-ah	NOUN
lundevall	PROPN
luneng	PROPN
lung	NOUN
lung,	NOUN
lung-ah	DET
lung-awilohna	PRON
lung-lei	ADJ
lung-leiin	PROPN
lunga	VERB
lungalhthei	ADJ
lungawi	VERB
lungawi,	VERB
lungawi.	VERB
lungawihlohna	PRON
lungawihna	ADJ
lungawilo	NOUN
lungawilo,	NOUN
lungawiloh	NOUN
lungawilohna	NOUN
lungawina	ADJ
lungawina,	ADJ
lungawinaah	NOUN
lungawinate	PROPN
lungawipuitu	ADJ
lungawithlak	ADJ
lungbang	NOUN
lungbanga	VERB
lungbangte	VERB
lungbial	PROPN
lungbul	NOUN
lungchhe	ADJ
lungchhia,	ADJ
lungchhiain	NOUN
lungchhiat	ADJ
lungchhiathlak	ADJ
lungchhiatthlak	NOUN
lungchhiatthlak,	NOUN
lungchhiatthlâk	ADJ
lungchhuan	PROPN
lungdai	ADJ
lungdaiah	ADJ
lungdar	NOUN
lungdarah	ADP
lungdawh	VERB
lungdawhah	ADP
lungduh	VERB
lungfun	PRON
lunghauka-ah	ADP
lunghlu	NOUN
lunghlu-a	NOUN
lunghlu’	PUNCT
lunghnual	ADJ
lunghnur	VERB
lunghrim	PRON
lungin	NOUN
lunginah	VERB
lungkawlh	VERB
lungkawlhah	PROPN
lungkham	VERB
lungkham?	VERB
lungkhama	ADJ
lungkhamna	ADJ
lungkhamnain	ADJ
lungkhamnate	ADJ
lungkuang	PROPN
lunglawn	PROPN
lunglawna	PROPN
lunglei	NOUN
lunglei,	NOUN
lunglei-a	PROPN
lunglei-ah	PROPN
lunglei-te	PROPN
lunglei-tlabung	PROPN
lungleia	ADJ
lungleiah	ADJ
lungleiaṭanga	PROPN
lungleiin	ADJ
lunglen	NOUN
lunglen.	NOUN
lungleng	NOUN
lungleng.	NOUN
lunglenna	NOUN
lunglenna,	NOUN
lunglennain	ADP
lunglenthlak	ADJ
lunglenthlak.	ADJ
lunglenthlâk	NOUN
lungli	NOUN
lunglêng	NOUN
lungmak	PROPN
lungman	NOUN
lungmantam	ADJ
lungmual	PROPN
lungmuan	ADJ
lungmuana	PROPN
lungmuang	VERB
lungmuatah	PROPN
lungna	PUNCT
lungngai	VERB
lungngai!	ADJ
lungngai,	VERB
lungngai.	VERB
lungngaia	ADJ
lungngaih	NOUN
lungngaih?	NOUN
lungngaiha	PRON
lungngaihin	NOUN
lungngaihna	ADJ
lungngaihna,	ADJ
lungngaihnain	ADJ
lungngaihnate	VERB
lungngaihnaten	VERB
lungngaihthlak	ADJ
lungngaihthlâk	NOUN
lungngaiin	ADJ
lungngaiin,	ADJ
lungngaite	VERB
lungnglei	ADP
lungni	VERB
lungni.	VERB
lungnih	ADJ
lungnihlohna	ADJ
lungphang	NOUN
lungphek	ADJ
lungpher	NOUN
lungpho	NOUN
lungphu	NOUN
lungphum	NOUN
lungphun	ADJ
lungphung	ADJ
lungphunlian	PROPN
lungphunte	NOUN
lungphun’	VERB
lungphur	NOUN
lungphûm	NOUN
lungphûmte	ADJ
lungpuam	NOUN
lungpui	NOUN
lungpuiah	ADJ
lungpuizawl	NOUN
lungpuk	NOUN
lungral	NOUN
lungrang	PROPN
lungrem	ADJ
lungreng	PROPN
lungrual	NOUN
lungrual.	NOUN
lungruala	DET
lungrualna	VERB
lungrualpui	ADJ
lungrun	NOUN
lungsen	PROPN
lungsenah	NOUN
lungsi	ADJ
lungtan	NOUN
lungtanah	PROPN
lungte	NOUN
lungtein	ADJ
lungthin	PUNCT
lungthlu	VERB
lungthu	NOUN
lungtian	VERB
lungtileng	PROPN
lungtohlawt	NOUN
lungtohlâwt	NOUN
lungva	CCONJ
lungvar	PROPN
lungverh	ADP
lungzarhtum	PROPN
lungzarhtum,	PROPN
lunin	PROPN
luo	PRON
luphut	NOUN
lupus	NOUN
lurh	VERB
luruh	NOUN
lusei	NOUN
luseia	PROPN
lushai	PROPN
lusun	ADJ
lusunna	ADJ
lusûnte	VERB
lut	ADJ
lut,	ADJ
lut.	ADJ
lut."	ADJ
lut?	ADJ
lutchhuak	NOUN
lute	PART
lutin	VERB
lutin,	VERB
luton	PROPN
lutsharel	PROPN
lutte	NOUN
luttu	ADJ
luttute	ADJ
lutuk	ADJ
lutuk!	ADJ
lutuk'	ADJ
lutuk,	ADJ
lutuk,a	ADV
lutuk.	ADJ
lutuk;	ADJ
lutuk?	ADJ
lutuka	ADJ
lutukah	ADJ
lutukin	NOUN
lutukna	ADJ
lutukte	NOUN
luv	PROPN
luxembourg	PROPN
luxury	NOUN
luṭuak	ADV
lv	PROPN
lvg	PROPN
lviv	PROPN
lvm	ADV
lvmh	PUNCT
lwa	NOUN
lwe	NUM
lychee	PART
lychik	ADJ
lycopene	PROPN
lycrecia	ADJ
lyman	PROPN
lymph	NOUN
lymphocytes	ADP
lymphoma	NOUN
lymphomas	PROPN
lyngdoh	PUNCT
lyngsih	PROPN
lyon	PROPN
lyon-a	PROPN
lyon-ah	PRON
lyonnais	PROPN
lyric	PUNCT
lyusya	PROPN
lz	NOUN
lz-a	PROPN
lza	PROPN
lza,	PROPN
lzpi	PUNCT
làwm	VERB
lák	PROPN
láºk	NOUN
lâiin	NOUN
lâk	ADP
lâk,	ADP
lâkah	ADJ
lâkna	ADJ
lâkpui	VERB
lâksak	VERB
lâm	VERB
lâm.	VERB
lâmin	NOUN
lâmna	DET
lâmtîr	PRON
lâmzâwl	NOUN
lân	VERB
lâr	NOUN
lâr.	NOUN
lâra	ADJ
lârsap	VERB
lâwk	VERB
lâwk.	VERB
lâwkna	ADJ
lâwknate	ADJ
lâwkte	VERB
lâwk’	VERB
lâwm	NOUN
lâwma	ADJ
lâwmawm	ADJ
lâwmin	ADJ
lâwmlâwma	CCONJ
lâwmman	ADJ
lâwmna	ADJ
lâwmpuitu,	NOUN
lâwmthu	ADJ
lâwmtu	ADJ
lâwmzia	ADJ
lâwn	ADJ
lâwng	VERB
lâwnga	ADJ
lâwrkhâwm	VERB
lã³pez	PROPN
lèn	NOUN
léa	PROPN
léng	ADV
lêka	VERB
lêm	ADV
lên	NOUN
lênchungho	VERB
lêng	VERB
lêng.	VERB
lêngin	NOUN
lêngkhâwm	PUNCT
lêngvâk	PRON
lênin	ADJ
lênna	NOUN
lêt	VERB
lêt.	VERB
lêt?	VERB
lêtna	ADJ
lìrnghîng	VERB
lîm	VERB
lûah	ADJ
lûn	CCONJ
lûng	VERB
lûng,	VERB
lûnlaiah	VERB
lût	ADJ
lût.	ADJ
lûtin	ADJ
lûtte	NOUN
m	PRON
m!	PRON
m-i	PROPN
m.	PROPN
m.a	PRON
m.laikaw	PROPN
m.venkaia	PROPN
m23	PROPN
m270	PROPN
m_space	NOUN
m_spcace	NOUN
ma	VERB
ma'am,	ADJ
maah	PROPN
maaka	NOUN
mabiaa	SCONJ
mabiaki	ADV
mabululu	PUNCT
mac	PROPN
macaron	NOUN
macarthur	PROPN
macbook	PROPN
macdonald	PROPN
macedonia	PROPN
macedonia-in	PROPN
macgiver	PROPN
mach	PROPN
machete	NOUN
machiavelli	VERB
machida	PROPN
machine	NOUN
machine-a	PRON
machine-ah	NOUN
mackintosh	PROPN
maclaren	PROPN
macmillan	PROPN
macri	PROPN
mact	PROPN
mact-in	NOUN
macy-i	PROPN
madagascar	PROPN
madame	CCONJ
madanrting	PUNCT
madanrting,	PROPN
madc	PROPN
madc-a	ADP
maddie	PROPN
maddison	NOUN
maddison-a	NOUN
madelaine	PROPN
madeley	PROPN
madhav	PROPN
madhu	PROPN
madhuri	PROPN
madhya	PROPN
madison	ADP
madonna	PROPN
madras	PROPN
madrasa	NOUN
madrassa-a	DET
madrassa-te	NOUN
madrid	PROPN
madrid,	PROPN
madrid-ah	PROPN
madrid-in	PROPN
mads	PROPN
madueke	PROPN
madurai-ah	PRON
maduro	PROPN
madyha	PROPN
maehle	PROPN
maenga	PUNCT
maestro	NOUN
maf,	PROPN
mafaa	PROPN
mafeli	PROPN
mafia	PRON
magazine	NOUN
magazine-a	DET
magdalena	PROPN
magdalini	PROPN
magdalini,	PROPN
maggi	PROPN
magic	ADJ
magician	NOUN
magisterial	PROPN
magistrate	PROPN
maglev	PROPN
maglica	PROPN
magnesium	PROPN
magnet	NOUN
magnetron	PROPN
magnite	DET
magnitude	ADP
magnus	PROPN
mago	PROPN
magpies	PROPN
magufuli	PUNCT
maguire	PROPN
magway	PUNCT
mah	ADV
mah!	ADV
mah,	ADV
mah.	ADV
mah;	ADV
maha	DET
mahagathbandhan	PROPN
mahal	PROPN
mahalaxmi	PROPN
mahalder	PUNCT
mahapanchayat-ah	PROPN
maharaj	PUNCT
maharashtra	PROPN
maharashtra,	PROPN
maharashtra-a	NOUN
maharashtra-ah	PROPN
mahatma	PROPN
mahato	PROPN
mahaveer	PROPN
mahayuti	PUNCT
mahco	PROPN
mahesh	PROPN
maheswari	PROPN
mahila	CCONJ
mahila,	CCONJ
mahin	ADV
mahin!	ADV
mahin,	ADV
mahindra	PROPN
mahinhra	PROPN
mahjong	PROPN
mahla	ADV
mahla,	ADV
mahler	PROPN
mahmoud	PROPN
mahmuaka	PROPN
mahna	PRON
mahna!	PRON
mahna!engvangin	ADV
mahna'	PRON
mahna,	PRON
mahna.	PRON
mahna?	PRON
mahni	PRON
mahni-a	PUNCT
mahni.	PRON
mahnia	ADJ
mahniin	CCONJ
mahnâ	PRON
mahomes	PUNCT
mahotsav	PROPN
mahotsava	PROPN
mahra	PROPN
mahrez	PROPN
mahruaii	PROPN
mahruaitea	ADJ
mahse	CCONJ
mahse,	CCONJ
mahse.	CCONJ
mahse.ka	CCONJ
mahse;	CCONJ
mahsela	NOUN
mahsela,	NOUN
mahtab	PROPN
mahudhee	PROPN
mahuli	PROPN
mahuma	PROPN
mai	ADV
mai!	ADV
mai!!	ADV
mai!.	ADV
mai!’	ADV
mai'	ADJ
mai*	AUX
mai,	ADV
mai,"	ADV
mai.	ADV
mai."	ADV
mai.har	ADV
mai.hmun	ADV
mai.kan	ADJ
mai.mahse,ka	PRON
mai.thihna	ADJ
mai.thla	ADJ
mai;	ADV
mai?	ADV
maia	ADJ
maia,	PRON
maia.	ADJ
maiah	PRON
maiah,	ADP
maian	NOUN
maian:	NOUN
maicham	NOUN
maichamah	ADJ
maichâm	NOUN
maichâmah	ADJ
maichâmahte	ADJ
maidconnect	PROPN
maiduguri	PROPN
maihun	NOUN
maiin	ADJ
maiin,	ADJ
maiin.	ADJ
maija	NOUN
mail	NOUN
mail-in	NOUN
mail-order	DET
maimaw	NOUN
maimawm	NOUN
maimawm/maimawm	PUNCT
maimawms	PROPN
maimawms-in	PUNCT
maimawmsah	PROPN
maimitchhing	VERB
maimu	NOUN
main	DET
mainoo	PROPN
mainstream	NOUN
mainz	PROPN
maipawl	NOUN
mairang	PROPN
mairawk	NOUN
maire	PROPN
maisie	PROPN
maite	VERB
maitheh,	NOUN
maitheh.	PRON
maithei	VERB
maithei!	VERB
maithei,	VERB
maithei.	VERB
maithei;	VERB
maithei?	VERB
maitur	ADP
mai…….	NOUN
maj	PROPN
maj.	PROPN
maja	DET
majcen	PROPN
majer,	PROPN
majid	PROPN
major	NUM
majuli	PROPN
majumdar	PROPN
mak	VERB
mak,	VERB
mak.	VERB
mak/danglam	NOUN
maka	ADV
maka,	ADV
makabia	DET
makarova	PROPN
makatduai	ADP
make-up	VERB
makedonia	ADP
makeup	NOUN
makhachev	VERB
makhelot	PROPN
makhija	PROPN
makin	AUX
maklo	NOUN
makmawh	VERB
makmawha	NOUN
makna	NOUN
makpa	NOUN
maksak	NOUN
makta-duai	ADJ
maktaduai	ADJ
maktadui	PUNCT
maktduai	ADP
makte	ADJ
makti	NOUN
makti.	NOUN
maktih	VERB
makwana	PROPN
makzia	ADV
mal	NOUN
mal,	NOUN
mala	PROPN
malacia	PROPN
malaga	PROPN
malaga-a	PROPN
malagasy	PUNCT
malage	PROPN
malah	AUX
malappuram,	VERB
malaria	PROPN
malawi	PROPN
malawma	PUNCT
malay	PUNCT
malaysia	PROPN
malaysia-a	AUX
malaysia-ah	NOUN
malaysian	VERB
malchungah	ADJ
maldini	PROPN
maldives	PROPN
maldvies	PROPN
male	PROPN
malen	PROPN
malh	ADV
mali	PROPN
mali-ah	PROPN
malik	PROPN
malin	ADJ
malinga	PROPN
maliwal	PROPN
mall	NOUN
mall-ah	NOUN
mall-te	NOUN
malla	PROPN
mallet	VERB
mallikarjun	PROPN
mallikhajun	PROPN
mallo	PROPN
mallorca	PROPN
mallorca-ah	PRON
malmak	VERB
malmak.	VERB
malman	NOUN
malmo	PROPN
malmâk	NOUN
malone	PROPN
malou	PROPN
malpractice	NOUN
malpractices	DET
malpui	NOUN
malpuiah	VERB
malsawm	VERB
malsawm-zuala	PROPN
malsawma	PROPN
malsawma'n	PROPN
malsawma,	PUNCT
malsawma-an	PROPN
malsawma.	PUNCT
malsawma?	PUNCT
malsawmdawngkimi	PUNCT
malsawmdawngliana	PROPN
malsawmdawngzela	PROPN
malsawmdawngzuala	PROPN
malsawmdawngzuali	NOUN
malsawmfela	PROPN
malsawmfela,	ADP
malsawmfelan	PROPN
malsawmhlua	NOUN
malsawmi	PROPN
malsawmin	NOUN
malsawmkima	PROPN
malsawmkima,	PROPN
malsawmkimi	PROPN
malsawmkimi,	PROPN
malsawmliana	PROPN
malsawmna	NOUN
malsawmna:	NOUN
malsawmnaa	ADJ
malsawmnaah	ADJ
malsawmnain	NOUN
malsawmnate	ADJ
malsawmpuia	PROPN
malsawmsak	NOUN
malsawmsanga	PROPN
malsawmthanga,	PROPN
malsawmthangi	PROPN
malsawmtluanga	PROPN
malsawmtluanga,	PROPN
malsawmtluangan	PROPN
malsawmtluangi	PROPN
malsawmzelan	PROPN
malsawmzuala	PROPN
malsawnna	NOUN
malsâwm	ADJ
malsâwmhlua	PROPN
malsâwmin	NOUN
malsâwmna	ADJ
malsâwmtluanga	PUNCT
malsâwmtu	NOUN
malta	PROPN
malta-ah	PROPN
maltana	PRON
malte	VERB
maltese	PROPN
mam	VERB
mam.	VERB
mama	NOUN
mama,	NOUN
mamadou	PUNCT
maman	PROPN
mamata	PROPN
mamawh	VERB
mamawh!	VERB
mamawh,	VERB
mamawh.	VERB
mamawh;	VERB
mamawh?	VERB
mamawhah	NOUN
mamawhin	NOUN
mamawhna	NOUN
mamawhnaah	NOUN
mamawhnate	NOUN
mamawhte	NOUN
mamawhtu	ADJ
mamawhtute	ADJ
mamawhzia	NOUN
mamawia	ADJ
mamawia,	AUX
mamb	PROPN
mambawih,	PROPN
mamco,	PROPN
mami	NOUN
mami,	NOUN
mamit	PROPN
mamit,	PROPN
mamit-ah	ADP
mamit-ahte	PRON
mamit-aizawl	PROPN
mamit-in	PROPN
mamita	PROPN
mamitah	PROPN
mammal	NOUN
mammography	NOUN
mammy	ADJ
mamon	PROPN
mampui	PUNCT
mampuia	PROPN
mamtuka	ADP
mamuani	PROPN
man	NOUN
man!	NOUN
man,	NOUN
man.	NOUN
man/	ADV
man?	NOUN
mana	ADJ
management	NOUN
manager	NOUN
manager'	NOUN
manager,	PROPN
manager-ah	NOUN
manager-in	NUM
managing	PROPN
manah	ADJ
manaj	PROPN
manajit	NOUN
manaka.	PUNCT
manasa	PROPN
manasea	PROPN
manav	PROPN
manawm	NOUN
manbej	PROPN
manch	PROPN
manchester	PROPN
manchester-a	VERB
manchester-ah	ADV
manchester.	PUNCT
manchetser	PROPN
manchhuah	DET
mancini	PROPN
mandaly,	ADP
mandan	CCONJ
mandap	PROPN
mandarin	PROPN
mandavya	PROPN
mandhana	PROPN
mandi	PUNCT
mandir	PROPN
mandir-a	VERB
mandirasora	VERB
mandolin	NOUN
mandwai	PROPN
mandwi	PROPN
mandzukic,	PROPN
mandzukic-te	PROPN
mane	PROPN
mane,	PROPN
manesar-a	ADJ
maneuver	PROPN
mang	NOUN
mang.	NOUN
mangah	VERB
mangai	PROPN
mangaka	CCONJ
mangalamd	PUNCT
mangaldoi	PUNCT
mangaluru-ah	PROPN
mangan	VERB
mangang	ADJ
mangang,	ADJ
mangang.	ADJ
manganga	ADJ
mangangin	ADJ
mangangna	DET
manganna	ADJ
manganna,	ADJ
mangannate	NOUN
manganthlak	VERB
manganthlaktak	NOUN
manganthlâk	VERB
manganzia	VERB
mangan’	SCONJ
mangchhia	NOUN
mange	ADJ
mangheta	PROPN
manghilh	VERB
mangjangam	PROPN
mangkai	ADV
mangkheng	VERB
mangkhengin	ADJ
manglo.	PART
manglova	PRON
mangneia	VERB
mangnghilh	NOUN
mangphan	NOUN
mangphan.	NOUN
mangra	PROPN
mangtha	NOUN
mangtha!	NOUN
mangṭha	NOUN
mangṭha!	NOUN
manhattan	PROPN
manhattan-ah	ADV
manhla	NOUN
manhlâ	NOUN
manhwa	PROPN
mani	PUNCT
maniesh	PROPN
manifesto	NOUN
manifesto-ah	NOUN
manikbond	ADP
manikganj	PROPN
manin	ADJ
manin,	ADJ
manipal	PROPN
manipulation	NOUN
manipur	PROPN
manipur,	PROPN
manipur-a	PROPN
manipur-ah	PROPN
manipur-in	PROPN
manipur-myanmar	PROPN
manipur-te	CCONJ
manipura	PROPN
manipurah	PROPN
manipuri	PROPN
manisha	PROPN
manmad	PROPN
manmohan	PROPN
mann	PROPN
manna	NOUN
manner	ADJ
manners	DET
mannschaft	PROPN
manny	PROPN
mano-har	PUNCT
manohar	PROPN
manoharmayum	ADP
manoj	PROPN
manolo	ADP
manon	PROPN
manpuina	NOUN
manpuitu	PUNCT
mans	PUNCT
mansak	NOUN
mansfield	PROPN
mansingh	PROPN
mansion	NOUN
mansukh	PROPN
mantang	NOUN
mante	VERB
mantirte	VERB
mantri	PROPN
mantu	ADJ
mantute	NOUN
manuel	PROPN
manuni	PROPN
manushi	PROPN
manvir	PROPN
manzano	PROPN
manzorro	PROPN
mao	PROPN
maoism	NOUN
maoist	NOUN
maoist-a	DET
maoist-te	SCONJ
map	ADJ
map-a	PRON
map-ah	VERB
mapiana	PROPN
maples	NOUN
maps	PROPN
mapuia	PROPN
mapuia,	PROPN
mapuian	PROPN
mapuii	PROPN
maqsood	PROPN
mar	VERB
mar.	VERB
mara	PROPN
mara,	DET
maradona	PROPN
maraii	VERB
marak	PROPN
maranatha	ADP
marate	DET
marathon	NOUN
marathon-ah	NOUN
marathwada	PROPN
marboat	PROPN
marc	PROPN
marc,	PROPN
marc-andre	NOUN
marcedes	NOUN
marcel	PROPN
marcelino	ADP
marcello	PROPN
marcelo	PROPN
march	PROPN
march,	PROPN
march-ah	PROPN
marchand	PUNCT
marche	PROPN
marching	NOUN
marchisio	PROPN
marcin	PROPN
marco	PROPN
marconi	PROPN
marcos	PROPN
marcus	PROPN
marcus-a	NOUN
mardom-e	PUNCT
maresa	PUNCT
maresca	PROPN
marg	PROPN
marg,	PROPN
margaret	PROPN
margarita	NOUN
margaritas	NOUN
marh	PROPN
mari	PROPN
mari!	PUNCT
mari,	PROPN
mari?	PUNCT
maria	PROPN
maria-in	PROPN
mariah	PROPN
mariano	PROPN
maribor	VERB
maribor-ah	ADP
maribor:	NOUN
marie	PROPN
marie-i	NOUN
marie-in	PROPN
marigold	NOUN
marija	PUNCT
marika	PROPN
marilla	PROPN
marilla?	PUNCT
marilyn	PROPN
marin	PROPN
marina	PROPN
marina,	PROPN
marinakis	PROPN
marine	VERB
mariners	DET
marino	PROPN
mario	PROPN
mariono	VERB
marita	PROPN
maritimo	PROPN
marjan	PART
mark	NOUN
mark-an	PRON
marka	PROPN
marka,	PUNCT
markaz-a	PROPN
markdown	PROPN
market	NOUN
market-a	ADP
market-ah	NOUN
marketah	PROPN
marketing	NOUN
markis	PROPN
markku-a	NOUN
markle	PROPN
marko	ADP
markovic	PROPN
marksheet	PROPN
markup	ADJ
marla	ADP
marley	PROPN
marmalade	NOUN
marmoush	PUNCT
marotta	PROPN
marouane	ADP
marozsan	PROPN
marpara	PROPN
marpara-ii	PROPN
marquerite	PROPN
marquez	PROPN
marquez-a	PRON
marquinhos	PUNCT
marrcelino	PROPN
marreo	PROPN
marriott-ah	PRON
mars	PROPN
mars-ah	PRON
marsai	PUNCT
marseille	PROPN
marseille-a	PRON
marseille-ah	ADP
marshal	PROPN
marshmallow	NOUN
marshmello	PROPN
marsille	PROPN
marsupial	NOUN
marta	PROPN
martar	NOUN
martar-na	ADP
martar-te	NOUN
martarte	PRON
martens	PROPN
martha's	PROPN
marthi	NOUN
martial	VERB
martian	ADJ
martic	PROPN
martin	PROPN
martina	PUNCT
martinelli	PROPN
martinez	PROPN
martini	PRON
martino	PROPN
martins	CCONJ
marton	VERB
martínez-an	PUNCT
martîn	PROPN
maruat,	PUNCT
maruata	PROPN
maruatan	PROPN
maruati	PROPN
maruati,	PROPN
marulanda	PROPN
maruta	PROPN
maruti	PROPN
marvin	PROPN
marxism	PROPN
mary	PROPN
mary'n	PUNCT
mary,	PROPN
mary-i	PROPN
mary-in	VERB
mary.	PUNCT
mary?	VERB
maryland-ah	PUNCT
maryna	NOUN
masa	DET
masala	ADV
masaru	PROPN
mascara	NOUN
mascarpone	NOUN
mascherano	PROPN
masensen	AUX
masha	PROPN
mashed	ADJ
masi	PUNCT
masih	PROPN
masih-a	PROPN
masihi	PROPN
mask	NOUN
maskie	PROPN
masks	NOUN
mason	DET
masreka	ADP
mass	NOUN
massa	PROPN
massimiliano	PROPN
master	NOUN
masters	PROPN
masters-ah	PROPN
masuaku	PROPN
masvidal	PROPN
mat	NOUN
mata	PROPN
matar	PROPN
match	NOUN
match-ah	NOUN
matcha	PROPN
matches	NOUN
mate	CCONJ
matej	PUNCT
mateo	PUNCT
matera	PROPN
material	NOUN
materialistic	ADJ
materials	NOUN
mateus	PROPN
math	NOUN
math,	NOUN
math-ah	NOUN
mathematical	ADJ
mathematics	NOUN
mathematics,technology	NOUN
mathematics-ah	NOUN
matheus	PROPN
mathias	PROPN
mathiyan-te	PUNCT
mathlenga	PROPN
mathlenga,	PROPN
maths	NOUN
maths-ah	PRON
maths.	NOUN
mathura	PROPN
mathura-a	AUX
mathurin	PROPN
matias	PROPN
matic	PROPN
matip	PROPN
matithia	PROPN
matlani	PROPN
matmur	PROPN
matobato	PROPN
matos	PROPN
matres	NOUN
matru	PROPN
matryoshka	PROPN
mats	PROPN
matsuyama	DET
matt	PROPN
matt-a	DET
mattania	PROPN
matteo	PROPN
matthaia	PROPN
matthaia,	PROPN
matthaus	PROPN
matthew	PROPN
matthew,	ADP
matthias	NOUN
matthijs	PROPN
mattia	PROPN
mattias	PUNCT
matus	PROPN
mau	NOUN
mau,	NOUN
maubawk	PROPN
maubawk-ah	PROPN
maubuang	PROPN
maubuang,	PROPN
mauchar,	PROPN
mauh	ADP
maui	PROPN
maukh	PROPN
maumual,	PROPN
maunchehr	ADP
maupay	PROPN
maurice	PROPN
mauricio	PROPN
maurico	PROPN
mauritius	PROPN
mauritius,	PROPN
maurizio	PROPN
mauro	PROPN
mauruangi	PROPN
maurya	PROPN
mausen	ADP
mautak	PROPN
mautam	NOUN
maute	NOUN
mauthei	NOUN
mautlang,	PROPN
mautlang-ah	PROPN
mautuai	NOUN
mavala	PROPN
mavericks	PROPN
maw	NOUN
maw!	NOUN
maw!!	NOUN
maw!.	NOUN
maw!in	ADV
maw,	NOUN
maw.	NOUN
maw.!	NOUN
maw?	NOUN
mawh	NOUN
mawh-phurhna	NOUN
mawh.	NOUN
mawhah	ADJ
mawhchhiat	NOUN
mawhchhiatna	VERB
mawhphur	ADJ
mawhphur.	ADJ
mawhphur?	ADJ
mawhphura,	ADJ
mawhphurh	NOUN
mawhphurhna	NOUN
mawhphurhnaa	NOUN
mawhphurhnaah	VERB
mawhphurhnate	ADJ
mawhphurna	NOUN
mawhphurtu	ADJ
mawhphurtu?	ADJ
mawhphurtua	ADJ
mawhphurtuah	ADJ
mawhphurtute	NOUN
mawhpuh	NOUN
mawhpuh.	NOUN
mawhpuh?	NOUN
mawhpuhtute	PRON
mawi	ADJ
mawi'	ADJ
mawi,	ADJ
mawi.	ADJ
mawia	PROPN
mawia'n	PROPN
mawia,	PUNCT
mawia-an	PROPN
mawia-te	PROPN
mawia.	PRON
mawia?	PUNCT
mawih	ADV
mawihmingthanga	PROPN
mawihmingthanga,	PROPN
mawii	PROPN
mawii'n	PROPN
mawii,	AUX
mawii-in	VERB
mawii.	AUX
mawiin	ADJ
mawiin,	ADJ
mawilo	NOUN
mawilo.	NOUN
mawilotu	NOUN
mawimumbai-in	CCONJ
mawina	NOUN
mawina,	NOUN
mawinaah	ADJ
mawinate	VERB
mawitean	PUNCT
mawitei	PROPN
mawitu	ADJ
mawizia	ADJ
mawi’,	PUNCT
mawjan	ADP
mawkhanu	PROPN
mawl	INTJ
mawl,	INTJ
mawl.	INTJ
mawla	VERB
mawlai	PROPN
mawle!	VERB
mawle!!	VERB
mawle,’	VERB
mawle.	VERB
mawle?	VERB
mawlh	NOUN
mawlh.	NOUN
mawlhin	ADJ
mawlhna	ADJ
mawlmang	NOUN
mawlna	ADJ
mawm	ADJ
mawm,	ADJ
mawmrang	DET
mawmrâng	DET
mawn	NOUN
mawng	VERB
mawng,	VERB
mawngah	NOUN
mawnghlimna	VERB
mawngkawhur	NOUN
mawngkawhurho	NOUN
mawngpawp	VERB
mawngphah	ADJ
mawngphaha	AUX
mawngphahah	ADJ
mawngrit	PART
mawngvawmbâ	PRON
mawngzawm	AUX
mawp	NOUN
mawp.	NOUN
mawphurna	PRON
mawphurtu	DET
mawpte	VERB
mawsawla	DET
mawutor	PROPN
mawza	NOUN
mawzaah	VERB
max	PROPN
maxey	PROPN
maxi	ADJ
maxicab	PROPN
maxime	PROPN
maximilian	NOUN
maxwel	PROPN
maxwell's	PROPN
may	PROPN
may,	PROPN
may-i	PROPN
may-june	PROPN
maya	PUNCT
mayai	PROPN
mayan	ADP
mayawati	PROPN
mayawati-te	CCONJ
mayers	PROPN
mayonnaise	NOUN
mayor	NOUN
mayorte	VERB
mayotte	PROPN
mayu	PUNCT
mayuko	PROPN
mayulu,	PUNCT
mayweather	PROPN
mazar	NUM
mazepin	PROPN
mazhar	PUNCT
maziya	PROPN
mazraoui	PROPN
mba	PROPN
mbalula	PROPN
mbandaka,	PROPN
mbappe	PROPN
mbappe,	PROPN
mbappe-an	PROPN
mbappte	PROPN
mbba	PROPN
mbbs	PROPN
mbbs,	PUNCT
mbcc	PROPN
mbdc	PROPN
mbeumo	PROPN
mbocwwb	PROPN
mbs	PROPN
mbsa	ADP
mbse	PROPN
mc	PROPN
mc-a	PUNCT
mca	PROPN
mcaa	ADP
mcaat-ah	NOUN
mcab	PROPN
mcc	PROPN
mcc-a	ADP
mccain	PROPN
mccarthy	PROPN
mccartney	PROPN
mccullum	PROPN
mccurdy	PROPN
mcd	PROPN
mcdonald's	PROPN
mcgregor	PROPN
mcgregor-a	ADP
mcgregor-te	VERB
mchta	PROPN
mchugh	PROPN
mci	PROPN
mckennie	PROPN
mckinley	PROPN
mckinley-an	VERB
mcl-a	DET
mclaren	PROPN
mclaren-ah	VERB
mclean	PROPN
mcmurdo-ah	PRON
mcnally	PROPN
mcneil	PROPN
mco	PROPN
mcp	PUNCT
mcs	PROPN
mcs,	PROPN
mcsa	PROPN
mcsu	PROPN
mcsu-te	PUNCT
mcta	ADJ
mctominay	PROPN
mctominay,	PROPN
mctominay-an	PUNCT
mctomminay	PROPN
mcu-ah	CCONJ
mcvu	PROPN
mcvu-ten	PROPN
md	PROPN
mdc	PROPN
mdc,	PROPN
mdc-te	PUNCT
mdc-ten	VERB
mdco	PROPN
mdfc	PROPN
mdh	PUNCT
mdl	PROPN
mdm	PROPN
mdmk-te	CCONJ
mdr-	ADP
mdr-tb	PROPN
mdtc	PROPN
me	ADV
mec	DET
mecca	PROPN
mecca-ah	VERB
mechanic	NOUN
medai	PROPN
medal	NOUN
medal,	NOUN
medevdev	PROPN
media	NOUN
media-a	VERB
media-ah	ADV
media-te	NOUN
median	PUNCT
mediate	DET
mediatek	PROPN
mediator	NOUN
medical	ADJ
medicine	NOUN
meditate	VERB
mediterranean	AUX
mediuma	PROPN
medvedev	PROPN
mee	PROPN
meecl	PROPN
meena	PROPN
meenakshi	PROPN
meerut-a	PROPN
meerut-ah	PROPN
meet	DET
meeting	NOUN
meeting-a	NOUN
meeting-ah	NOUN
meetinga	DET
meetingah	ADP
meetings:	NOUN
mefcof	PROPN
meg	PROPN
mega	PROPN
megalomania	NOUN
megan	PROPN
megawatt	VERB
meghalaya	PROPN
meghalaya,	PUNCT
meghalaya-a	PROPN
meghalaya-ah	ADP
meghalaya-te	PROPN
meghan	PROPN
meghan-i	PUNCT
meghwal	PROPN
meh	VERB
meh.	NOUN
mehiel	PROPN
mehnna	DET
mehta	PUNCT
mehtab	PROPN
mei	NOUN
mei.	NOUN
meia	ADJ
meiah	ADJ
meialh	ADJ
meialhte	NOUN
meichhem	DET
meichhemna	ADV
meichher	NOUN
meichherchhitten	NOUN
meichhia	AUX
meida	PROPN
meidil	NOUN
meidum	PROPN
meidum-a	VERB
meiduma	PRON
meier	PROPN
meihawl	VERB
meiin	NOUN
meiji	PROPN
meikhu	ADJ
meikhuin	VERB
meikhûin	ADJ
meiktila,	PROPN
meiling	ADJ
meimit	PUNCT
mein	PROPN
meipui	ADJ
meipuia	ADJ
meipuiah	NOUN
meipuiin	NOUN
meisi	NOUN
meisite	NOUN
meitei	NOUN
meitei-ho	PRON
meitei-in	PROPN
meitei-te	VERB
meithallawn	ADJ
meivap	NOUN
meivâpah	NOUN
meizial	VERB
meizial,	VERB
meizialin	PROPN
meizu	VERB
meizuk	NOUN
meizûk	VERB
mek	ADJ
mek!	ADJ
mek,	ADJ
mek.	ADJ
mek?	ADJ
meka	ADJ
meka,	ADJ
mekah	ADJ
mekah,	ADJ
mekelle	PROPN
mekin	NOUN
mekin,	NOUN
mekna	NOUN
meknaah	ADJ
meknaah,	ADJ
mekte	ADJ
mekten	ADJ
mektu	ADJ
mektu,	ADJ
mektute	NOUN
mek….chhuak	NOUN
mel	NOUN
mel-5	ADP
mela	ADJ
melanesian	PROPN
melanie	PROPN
melanie-in	PROPN
melanoma	PROPN
melbourne	PROPN
melbuk	VERB
melendez-i	PUNCT
melh	ADV
melh.	ADV
melhin	ADJ
melhriat	PRON
melikov	PROPN
melilla	PROPN
melissa	PUNCT
melkisedeka	ADP
melkizedeka	PROPN
mellisa-i	PROPN
mellung	NOUN
melodrama	PROPN
melody	PUNCT
meloni	PROPN
melriat	PROPN
melthum	PROPN
melthumah	DET
melvenga	PROPN
melville	PROPN
member	NOUN
member,	PROPN
member-a	NOUN
member-ah	NOUN
member-in	PROPN
member-pui	NOUN
member-puite,	NOUN
member-te	NOUN
member-ten	NUM
member-te’n	DET
memberah	NOUN
members	NOUN
members-te	NOUN
memberte	NOUN
memento-te	NOUN
memo	PUNCT
memon	PROPN
memorabilia	PROPN
memorandum	NOUN
memorandum-ah	NOUN
memorial	PROPN
memorial-ah	AUX
memphis	PUNCT
memsot	PROPN
men	NOUN
men.	NOUN
mendes	PUNCT
mendes,	PUNCT
mendez	PROPN
mendoza	PROPN
mendy	PROPN
meneghini	PROPN
meng	VERB
meng.	VERB
mengele	PROPN
mengmawii	PUNCT
mennad	PROPN
mennad-an	PROPN
menorca	PROPN
menpui	VERB
mensik	PROPN
mental	ADJ
mentor	NOUN
menu	NOUN
meow	VERB
mep	ADV
mepham	VERB
meppadi-a	VERB
mer	AUX
mera	PROPN
meraria	PROPN
merbeel,	PROPN
mercedes	PRON
mercury	ADP
mercy	PUNCT
meret	PROPN
mergim	PROPN
merhi	PROPN
meriam	PROPN
merino	PROPN
merino-a	PROPN
merit	PROPN
merkel	PROPN
merkel-i	PROPN
mermaid	NOUN
mers	NOUN
merseyside	PROPN
merseyside-ah	AUX
mertens	PROPN
mery	PROPN
merz	PUNCT
mesl	PROPN
mesma	VERB
mesoclisis	NOUN
mesopotamia	ADJ
mesosphere	PROPN
message	NOUN
messi	PROPN
messi,	PROPN
messi-a	SCONJ
messi-an	PROPN
messia	PROPN
messia,	PUNCT
messianic	PROPN
mestalla	VERB
mesut	PROPN
met	VERB
met.	VERB
metal	VERB
metallica	PROPN
metamfetamine	PROPN
metei	PROPN
meteorite	NOUN
meteorological	PROPN
meter	NOUN
meth	PROPN
methamphatamine	ADP
methamphetamine	NOUN
methamphetaminete	PROPN
method	NOUN
methodist	DET
metlicherra	PROPN
metlife	PROPN
metna	AUX
metre	NOUN
metre-a	NOUN
metres	NOUN
metric	PROPN
metro	PROPN
metropolitano-ah	PROPN
mets	NOUN
mette	PROPN
metz	PROPN
meuh	ADV
meuh.	ADV
meuha	NOUN
meuhin	ADJ
meuhin,	ADJ
meuhlo.	VERB
meuhvin	NOUN
mexes	PROPN
mexican	ADJ
mexico	PROPN
mexico-ah	PROPN
mexico-in	PROPN
mexio	PRON
meze	NOUN
mezhyhirya	PART
mfa	PROPN
mfa-in	PROPN
mfas	PROPN
mfc	NOUN
mfl1	PROPN
mfm	PROPN
mfm-in	PROPN
mfn	PROPN
mfprtc-ah	NOUN
mfs	PROPN
mfs,	PUNCT
mfsl-ah	PROPN
mg	NOUN
mgda	DET
mgladbach,	PROPN
mgnrega	PROPN
mgnrega,pmay-g,pm-kissan	PROPN
mgnregga,	PUNCT
mgnregs	NOUN
mgrega	PROPN
mha	PROPN
mhb	PART
mhcs	ADP
mhici	PROPN
mhip	PROPN
mhip,	PROPN
mhip-ah	PROPN
mhip-in	PROPN
mhip-te	PROPN
mhmsa	PUNCT
mhps	PROPN
mhrd	PROPN
mhs	PROPN
mhsa	PUNCT
mhtc	PROPN
mi	NOUN
mi'	NOUN
mi'n	VERB
mi,	NOUN
mi,’	ADJ
mi-8m	ADP
mi-ah	SCONJ
mi-thiamten	NOUN
mi.	NOUN
mi.?	NOUN
mi?	NOUN
mia	PROPN
miah	ADJ
miahlo	ADJ
miahlo.	ADJ
mial	ADJ
mial.	ADV
mialung	PROPN
miami	PROPN
miami-dade	PROPN
miaowing	VERB
mias	DET
miau	VERB
miau.	VERB
mibik	ADJ
mic	ADP
michael	PROPN
michael-a	PROPN
michaels	PROPN
michail	PUNCT
michak	ADJ
michel	NOUN
michelle	PROPN
michengten	PUNCT
michy	NOUN
micky	NOUN
micro	PROPN
micro-observer	DET
micromanagers	NOUN
microorganisms	NOUN
microphone	NOUN
microplastics	NOUN
microprocessor	NOUN
microscope	NOUN
microscopy	NOUN
microsoft	PROPN
microwave-ah	NOUN
mid-fielder	PART
midang	ADJ
midang,	ADJ
midangah	ADJ
midangin	ADJ
midangte	ADJ
midangten	PRON
midantgte	PRON
middle	PROPN
middlesbrough	NOUN
middlesbrough-te	CCONJ
middleton	PROPN
middleweight	NOUN
middling	ADJ
midel	PRON
midfied	ADP
midfield	NOUN
midfield-a	NOUN
midfield-ah	NOUN
midfielder	NOUN
midfileder	NOUN
midh	PROPN
midia	PROPN
midian	ADJ
midian-hote	ADP
midielder	NOUN
midik	NOUN
midlands-a	AUX
midnight	NOUN
midori-in	PROPN
midsize	ADJ
midsized	ADJ
midterms	DET
midtjylland	PROPN
midum	ADJ
midwifery	CCONJ
mifco	NOUN
mifco,	ADP
mifco-a	NOUN
mifel	ADJ
mifel,	ADJ
mifello	NOUN
mifing	VERB
mifingte	NOUN
mifingten	VERB
mig	ADP
mig-29ks	NOUN
migdal	PROPN
migdol	ADP
miglahssa	PROPN
miglahssa-ah	PROPN
migos-te	CCONJ
mih	NOUN
mihaela	PROPN
mihajlovic	PUNCT
mihang	NOUN
miharsa	PRON
miharsate	NOUN
mihausa	DET
mihausate	DET
mihausaten	AUX
mihkhual	DET
mihlim	ADV
mihlim’	ADV
mihlun	PROPN
mihngi-in	PROPN
mihrangin	NOUN
mihratkhawkheng,	ADP
mihrin	AUX
mihring	NOUN
mihring,	NOUN
mihring-in	ADP
mihring.	NOUN
mihringa	ADJ
mihringah	ADJ
mihringin	ADJ
mihringpui	ADJ
mihringpuite	ADJ
mihringte	ADJ
mihringte.	ADJ
mihringten,	NOUN
mihringtena	ADJ
mihringte’n	VERB
mihrinna’	ADJ
mihrring	ADJ
mihuai	NOUN
miin	ADJ
mika	PROPN
mikael	PROPN
mikal	PROPN
mikali	NUM
mike	PROPN
mike,	PUNCT
mike-a	ADP
mikel	PROPN
mikhual	ADJ
mikhual,	ADJ
mikhual.	ADJ
mikhual/chhimtute	NOUN
mikhualin	ADJ
mikhuallo	PRON
mikhualna	ADJ
mikhualte	NOUN
mikhualtu	VERB
mikhualtute	ADV
mikkhual	DET
mikmas	PROPN
miku	PUNCT
mil	NOUN
mil-a	CCONJ
mila	PART
milalai	VERB
milan	PROPN
milan-ah	PROPN
milan-in	PROPN
milar	NOUN
milarte	NOUN
milarten	VERB
mildred-i	ADP
mile	NOUN
mileage	NOUN
milem	NOUN
milembiate	NOUN
milemte	ADJ
miles	NOUN
miley	PROPN
milian	ADJ
milik	PUNCT
milim	ADJ
milim,	ADJ
milin	ADJ
milind	PROPN
milinkovic-savic	PROPN
milit	PROPN
military	DET
military-ah	NOUN
milivojevic	NOUN
milk	ADJ
milkaii	AUX
milkman	PROPN
milkshake	NOUN
milky	PROPN
mill	ADJ
mill-ah	NOUN
millenium	PROPN
millennials	NOUN
millennials-te	NOUN
millennium	PROPN
miller	PROPN
millets	PUNCT
million	NUM
millionaire	NOUN
millo	DET
millwall	PROPN
millwall,	PROPN
millwall-in	NOUN
milos	PROPN
milovanovic	PROPN
milpui	VERB
milton	PROPN
milton-a	PROPN
milwaukee	PROPN
mim	NOUN
mima	ADJ
mimal	ADJ
mimal,	ADJ
mimal,pawl	NOUN
mimala	ADJ
mimalah	NOUN
mimalin	ADJ
mimalten	VERB
mimawl	ADJ
mimbung	ADP
mimer	ADP
mimer-ah	ADP
mimers	VERB
mimi	PROPN
miming	VERB
mimir	ADJ
mimirin	NOUN
mimirten	PUNCT
mimkut	NOUN
mimsa	PROPN
mimuala	ADV
mimualah	SCONJ
min	PRON
min-jae	PROPN
min.	PRON
minaj	PROPN
minaur	PROPN
mindanao	PROPN
mindset	NOUN
mindy	PROPN
mineco	PROPN
mineco,	PROPN
minecraft	PRON
minecraft,	PUNCT
minefield	NOUN
minendra	PROPN
miner	NOUN
minerva	PROPN
minesweeper	PROPN
minetest	PROPN
ming	PROPN
mingo	NOUN
minh	PROPN
minhmuhdan	PRON
mini	PROPN
mini-	PROPN
mini-skirt	VERB
mini-sports	PROPN
minimart	NOUN
minister	PROPN
minister,	PROPN
minister-in	PROPN
minister-te	NOUN
minister-ten	PUNCT
minister/	DET
ministermize	NOUN
ministers	PROPN
ministerte	DET
ministry	PROPN
minit	ADJ
minivan	NOUN
minnesota	PROPN
minogue	PROPN
minor	DET
minority	NOUN
minority-te	NOUN
minpui,	PROPN
minsiter	SCONJ
minsiter-te	ADV
minster-ho	PROPN
minti	AUX
minung	PROPN
minusma	PROPN
minute	NOUN
minute-a	PROPN
minute-ah	NOUN
minutes	ADP
minutue	DET
minyute	ADP
minz	PROPN
mioa	PROPN
miocic,	PROPN
mip	PROPN
mip-ah	ADP
mipa	NOUN
mipa,	NOUN
mipa-in	PUNCT
mipaa	ADJ
mipaah	ADJ
mipaat	VERB
mipaho	ADJ
mipain	NOUN
mipakhat	NOUN
mipakhatin	NOUN
mipat	VERB
mipat/hmeichhiatna	ADP
mipate	NOUN
mipaten	NOUN
mipaten.	NOUN
mipatpui	ADJ
mipawimawh	ADJ
mipiuite	NOUN
mipoty	PROPN
mipsa	PROPN
mipui	NOUN
mipui,	NOUN
mipui-te	ADV
mipuia	ADJ
mipuiah	ADJ
mipuiin	ADJ
mipuite	VERB
mipuite,	VERB
mipuiten	ADJ
mipuitling	PRON
mipuitling,	NOUN
miputie	NOUN
mirage	NOUN
miramistin	NOUN
miranda	PUNCT
mirandes	VERB
mirawng	PUNCT
mircea	PROPN
mirethei	ADJ
miretheite	DET
mirhing	VERB
miriami,	NOUN
mirintlakte	CCONJ
mirra	NUM
mirwaiz	CCONJ
mirzaguda	PROPN
mis	PROPN
mis,	PUNCT
misa	PROPN
misanthropic	ADJ
misawmte	NOUN
mishra	PROPN
mishra,	PROPN
mislav	PROPN
mism	VERB
misprint	NOUN
miss	PROPN
missile	NOUN
missile-a	NOUN
missiles	NOUN
missiology-ah	NOUN
mission	PROPN
mission-in	PROPN
missionary	NOUN
missionary-a	NUM
missionary-ah	NOUN
missionary-in	DET
missionary-te	PRON
missionary-te'n	NOUN
missionary-teah	NOUN
missionary-ten	NOUN
missions	NOUN
missiouri	ADV
mississippi	PROPN
missouri	PROPN
missouri-ah	ADP
missourri,	PUNCT
missta	PROPN
missta,	PROPN
missy	PRON
mistablow	PROPN
mistake	DET
mister	PROPN
mistic	PROPN
mistiri	NOUN
mistiri-te	NOUN
mistress	NOUN
misual	NOUN
misualho	ADJ
misualin	ADJ
misualpa	ADJ
misualte	NOUN
mit	NOUN
mit-hmuhah	ADV
mit.	NOUN
mit?	NOUN
mita	ADJ
mitah	ADJ
mitah,	ADJ
mitam	ADJ
mitang	DET
mitawng	PRON
mitchell	PROPN
mitdel	VERB
mitdel.	ADJ
mitdeli	PUNCT
mitdelin	NOUN
mitdelna	ADJ
mitdelpa,	ADJ
mitdelte	NOUN
mitdelten	ADJ
mite	ADJ
mite'n	NOUN
mite,	ADJ
miteah	ADJ
miteho	VERB
miten	VERB
mitha	ADJ
mithahnem	ADJ
mithar	ADJ
mithenkhat	DET
mithi	VERB
mithiam	ADJ
mithiam-ten	PRON
mithiamte	ADJ
mithiamte'n	ADJ
mithiamten	ADJ
mithianghlim	ADJ
mithmuh	ADJ
mithmuha	NOUN
mithmuhah	ADJ
mithmuhin	NOUN
mithmul	NOUN
mitin	ADJ
mitinin	ADJ
mitinte	NOUN
mitinten	NOUN
mitkhap	ADV
mitkhapkar	ADJ
mitko	ADV
mitlawmngai	NOUN
mitlemte	ADV
mitliam	PUNCT
mitliam:	PROPN
mitmei	VERB
mitmeng	VERB
mitmengah	NOUN
mitmengin	VERB
mitmu	NOUN
mitna	NOUN
mitoma	PROPN
mitra	PROPN
mitrovic	PROPN
mitsiai	PRON
mitt	NOUN
mittag	PROPN
mitte	NOUN
mitten	NOUN
mitthi	ADV
mitthiin	ADJ
mitthite	DET
mitthla	VERB
mitthla.	VERB
mitthlaah	NOUN
mittlung	NOUN
mittra	PROPN
mittui	NOUN
mittuiin	ADJ
mittuite	ADJ
mitulini	ADP
mitvar	ADJ
mitvârte	ADJ
mixtape	PUNCT
mixture-ah	NOUN
miyaji	PROPN
miyazawa	PUNCT
miyung	PROPN
mizba	PUNCT
mize	ADJ
mizia	ADJ
mizia,	ADJ
miziate	NOUN
mizo	NOUN
mizo,	NOUN
mizo-in	SCONJ
mizo-ram	PROPN
mizo-rama	AUX
mizo-ramah	NOUN
mizo-tawng	DET
mizo-te	PROPN
mizofate	ADJ
mizofed	PROPN
mizofed,	ADP
mizoin	PRON
mizopa	VERB
mizopain	PROPN
mizopuite	ADJ
mizoram	PROPN
mizoram,	PROPN
mizoram-a	PROPN
mizoram-ah	PROPN
mizoram-ahte	PROPN
mizoram-assam	PUNCT
mizoram-in	PRON
mizoram:	NOUN
mizoram;	NOUN
mizorama	PROPN
mizoramaah	VERB
mizoramah	PROPN
mizoramin	PROPN
mizoran	PROPN
mizorma	NOUN
mizote	ADJ
mizote,	ADJ
mizotean	PUNCT
mizoten	ADJ
mizovin	NOUN
mizozia	VERB
mizpe	PROPN
mizuta	PROPN
miṭhahnem	ADJ
miṭhenkhat	DET
mi’	NOUN
mja	PROPN
mja-te	DET
mja-ten	NOUN
mk	PROPN
mk-a	PROPN
mkcp	PROPN
mkhc	PROPN
mkhc-ah	PRON
mkhitaryan	PROPN
ml	NUM
ml120-ah	NUM
mla	PROPN
mla,	PROPN
mla-a	NOUN
mla-ah	PROPN
mla-in	PUNCT
mla-te	NOUN
mla-ten	NOUN
mla/	PROPN
mlachuan	ADJ
mladenovic	PROPN
mlate	NOUN
mlb	ADP
mlc	ADP
mld	PROPN
mlg	DET
mlp	PROPN
mlpc	PROPN
mlrs	PROPN
mls	PROPN
mls-ah	PRON
mltp	PROPN
mm	NUM
mma	PROPN
mma-ah	PRON
mmmd	PROPN
mmpxv	PROPN
mmr	PROPN
mmv	PROPN
mna	PROPN
mnangagwa	NOUN
mnf	PROPN
mnf,	PUNCT
mnf-a	AUX
mnf-ah	PROPN
mnf-in	PROPN
mnf-te	PROPN
mnf-ten	NOUN
mnfṭhalaite	ADP
mnrega	PROPN
mns	PROPN
mnwf	PUNCT
mnyf	PROPN
mo	VERB
mo,	VERB
moab	PROPN
mobile	ADJ
mobilephone	NOUN
mobilise-na	NOUN
mobilizer	NOUN
mobley	PROPN
mod	PROPN
model	NOUN
modelling	VERB
modena-a	PROPN
moder	NOUN
moderate	ADJ
moderator	PROPN
moderator,	PROPN
moderator-ah	DET
moderator-in	PROPN
moderatorin	PROPN
modern	ADJ
modernise	PART
modernity	PUNCT
modeste	NUM
modi	PROPN
modi,	PROPN
modi-a	PROPN
modi-an	PROPN
modiji	PROPN
modillion	DET
modric	PROPN
mogadishu-a	DET
mohali-ah	PROPN
mohamed	PROPN
mohammad	PROPN
mohammed	PUNCT
mohammed,	ADJ
mohammed-a	PRON
mohammedan	PROPN
mohammedan-in	PROPN
mohan	PROPN
mohand	PRON
mohd	NOUN
mohfw	PROPN
mohicans-in	PART
mohit	PROPN
mohmammad	PROPN
mohun	PROPN
moin	DET
moipuia:	NOUN
moirang	ADP
moirangthem	PUNCT
moise	NOUN
moises	PROPN
moisturizer	NOUN
moisés	VERB
moisês	PROPN
moitra	PROPN
mokoena	PROPN
mokokchung	PROPN
mokokchung-ahte	CCONJ
mold	NOUN
molde	VERB
moldova	PROPN
moldovan	PROPN
molester	NOUN
molin	PUNCT
molineux	VERB
molineux-a	PROPN
molner	PROPN
molteni	PROPN
mom	PROPN
mombasa-ah	PROPN
mombati	VERB
moment"	PUNCT
momento	CCONJ
moments	VERB
momin	PROPN
mon-chengladbach	ADP
mona	PROPN
monaco	PROPN
monaco-ah	AUX
monadikos	PROPN
monagasque	PROPN
monalisa	PROPN
monchengladbach	PROPN
moncloa	ADP
monday	PRON
monday-ah	PROPN
mondragon	PROPN
moneitu	NOUN
monet	PROPN
money	NOUN
monfils	PROPN
mongolian	ADJ
monica	PROPN
monier	PROPN
monierkhal	PUNCT
monigong	PROPN
monitor	PROPN
monitoring	PROPN
monk	NOUN
monkeypox	NOUN
monogamous	ADJ
monogamy	PUNCT
monolithic	ADJ
monondo	PROPN
monroe	PROPN
mons,	PROPN
monsanto	PROPN
monsoon	DET
monster	NOUN
monte	PROPN
montella	PROPN
montenegro	PROPN
monterrey	PROPN
monthly	ADJ
montiel	PROPN
montilivi-ah	PROPN
montmartre-a	PROPN
montpellier-ah	PROPN
montreal	PROPN
monu	ADP
monument	PROPN
monyawa	PROPN
monza	ADP
monzó	PROPN
mood	NOUN
mood-ah	PRON
moore	PROPN
moosewala	PROPN
mopng	PROPN
moque	ADV
moral	NOUN
moranchapalli	PUNCT
morata	PROPN
morbi	PROPN
morcha	ADJ
mordekaia	PROPN
morebethgath	PROPN
moreh	PROPN
moreh-a	PROPN
moreno	PROPN
morgan	PROPN
morgan-an	PROPN
morikawa	PROPN
morocco	PROPN
morrison	PROPN
morroco	PROPN
mortar	VERB
morth	NOUN
mos	PROPN
moscow	PROPN
moscow-ah	PROPN
moses	PROPN
moses-a	NOUN
moshiri	PROPN
mosi	PROPN
mosia	PROPN
mosia'n	PROPN
mosian	PROPN
mosian,	PROPN
moskal	DET
mosolman-ten	ADP
mosque	NOUN
mosque-a	NOUN
mosque-ah	NOUN
mosquera	ADP
mosul	PROPN
mot	PROPN
motda	NOUN
motel	NOUN
motel-ah	NOUN
moth-a	PROPN
motha	PROPN
mother	PROPN
mother's	PROPN
motherboard	NOUN
motherfucker	NOUN
motherless	ADP
motihari,	PROPN
motlagh	PROPN
motocorp	PROPN
motogp	PROPN
motogp-a	NUM
motogp-ah	ADV
motor	ADV
motor,	ADV
motor-a	VERB
motor-ah	NOUN
motor-in	NOUN
motor-te	NOUN
motora	NOUN
motorcycle	NOUN
motorcycle-ah	NOUN
motorin	DET
motorized	ADJ
motors	PROPN
motorsport	PROPN
motta	PROPN
mou	NOUN
mounstephen	PROPN
mount	PROPN
mount,	PROPN
mountain	PROPN
mounty	NOUN
moura,	PROPN
mourinho	PROPN
mourn	PUNCT
moussa	PROPN
movcd-ner	PROPN
movement	NOUN
movement’	PUNCT
movie	NOUN
movie'	PROPN
movie-ah	DET
movies	NOUN
movive	VERB
mowbray	PROPN
moxifloxacin	ADP
moy	PROPN
moyes	PROPN
mozambique	PROPN
mozart	PROPN
mp	PROPN
mp,	PROPN
mp-ah	PROPN
mp-in	DET
mp-te	NOUN
mpass	PROPN
mpc	PROPN
mpc-te	PROPN
mpcb	PROPN
mpcc	PROPN
mpcc,	PROPN
mpcc-in	PUNCT
mpcs	PROPN
mpcv	PROPN
mpf	PROPN
mpf-a	PROPN
mpf-ahte	PROPN
mpfa	NOUN
mpfc	PROPN
mpl	PROPN
mpl-3	PROPN
mpl-a	PROPN
mpl-ah	PROPN
mpl1	NOUN
mpl1-a	ADP
mpl10	PROPN
mpl10-a	PROPN
mpl11	PROPN
mpl11-a	DET
mpl11-ah	AUX
mpl12	ADP
mpl12-ah	PROPN
mpl2	PROPN
mpl3	PROPN
mpl4-a	DET
mpl5	PROPN
mpl6	PROPN
mpl6-a	PROPN
mpl8-ah	PROPN
mpl9-ah	PROPN
mpmcc	CCONJ
mpox	NOUN
mpro-te	PUNCT
mps	PROPN
mps,	PUNCT
mpsa	PROPN
mpsc	PROPN
mpsc-ah	DET
mpsoa	PROPN
mpta	PROPN
mpv	PROPN
mpwd	PROPN
mpycc	PROPN
mr	PROPN
mr.	PROPN
mra	NOUN
mrb	PROPN
mrb-in	PROPN
mri	PROPN
mridula	PROPN
mro,	PUNCT
mrp	ADP
mrrc	PROPN
mrs.	PROPN
mrsb	PROPN
mrtv	PUNCT
ms	PROPN
ms.	ADP
msa	PROPN
msacs	PROPN
msb	PROPN
msci	PROPN
msci-ah	PROPN
mscpcr	PROPN
mscu	PROPN
mscw	PROPN
msde	ADP
msea	PUNCT
msg	PROPN
mshcs	PROPN
msl	PROPN
msl-ah	PROPN
msl1	PROPN
msl1-ah	PROPN
msl2	PROPN
msl4	PROPN
msl4-ah	PROPN
msme	PROPN
msn	NOUN
mso	PROPN
msp	PROPN
mspcb	PROPN
mspmc	PROPN
mssb	ADJ
mssc	PROPN
msssb	NOUN
msssb-in	NUM
mssta	PROPN
mssu	PROPN
mssu-in	DET
mssu:	NOUN
mst	DET
msta	PROPN
msu	PROPN
mt	PROPN
mt,	NUM
mt.	PROPN
mta	PROPN
mtach	AUX
mtd	VERB
mtd100-in	ADP
mtd11.8	SYM
mtd16.6	NUM
mtd24	NUM
mtd51	NOUN
mtd75	VERB
mtda	NOUN
mtkp	PROPN
mtm	PROPN
mtnl	ADP
mtp	PROPN
mts	PROPN
mtv	PROPN
mu	VERB
mu,	VERB
mu-ah	ADP
mu.	VERB
muah	AUX
mual	NOUN
mual,	NOUN
mual.	NOUN
muala	ADJ
mualah	ADJ
mualah,	ADJ
mualbu	PROPN
mualbuhvum	ADP
mualcheng	PROPN
mualchin	PROPN
mualkawi	VERB
mualkhang	PROPN
muallai	DET
muallaiah	ADP
muallianpuiah	PROPN
muallungthu	PROPN
mualneitu	ADJ
mualneituin	DET
mualpho	ADJ
mualpho!	ADJ
mualpho.	ADJ
mualphona	ADJ
mualphonaah	ADJ
mualphonain	VERB
mualphopui	ADJ
mualphothlak	ADJ
mualphothlâk.	ADJ
mualpui	ADJ
mualpui,	ADJ
mualpui-	ADJ
mualpuia	ADJ
mualpuiah	ADJ
mualpuikawnah	VERB
mualsir	VERB
mualthuam	PROPN
mualveng	ADJ
mualvum	ADJ
muammar	PROPN
muan	ADJ
muan-awm	ADP
muana	NOUN
muanawm	ADJ
muanawm,	ADJ
muanawma	PROPN
muanawma,	PROPN
muanchanna	NOUN
muang	ADV
muang,	ADV
muang.	ADV
muanga	ADJ
muanga,	ADJ
muangchang	ADJ
muangchangin	ADJ
muangchângin	ADJ
muangin	NOUN
muani	PROPN
muankima,	NOUN
muanleitu	PROPN
muanna	VERB
muanna,	VERB
muannate	NOUN
muanpuia	PROPN
muanpuia,	PROPN
muanpuii,	PROPN
muansanga	PROPN
muantea	PROPN
muantei	PROPN
muat	VERB
muay-thai-ah	CCONJ
muaythai	PROPN
mubarak	PROPN
mubarikpur	PROPN
muchhip	CCONJ
mudh	ADP
mudh-nyoma	PUNCT
mudra	PROPN
mudryk	PROPN
mudun.	DET
muffin	PUNCT
muffler	NOUN
muga	VERB
mugabe	PROPN
mugged	VERB
mughal	PROPN
muguruza	NOUN
muhal,	PROPN
muhammad	PROPN
muhammad,	PROPN
muhammad-a	PROPN
muhcs	PROPN
muhcs-a	ADP
muhil	VERB
muhil,	VERB
muhil.	VERB
muhil?	VERB
muhilte	ADJ
muhlum'	DET
muhlum;	PROPN
muhmmad	PROPN
muhsc	PROPN
muhyiddin	PROPN
muhîl	ADJ
muin	ADJ
muivah	PROPN
muizoramin	PUNCT
muizzu	PUNCT
muja	CCONJ
mujeeb	CCONJ
muk	NOUN
muka	PROPN
mukansanga	PROPN
mukesh	PUNCT
mukherjee	PROPN
mukherjee,	PROPN
mukherji	PROPN
mukhi	PROPN
mukroh	PROPN
mukt	PROPN
mukto	PROPN
mukul	PROPN
mulan	PROPN
mulatto	NOUN
mulco	NOUN
muller	PUNCT
mulligan	PROPN
mullusoge	PROPN
multan	PROPN
multidisciplinary	ADJ
multimillionaire	DET
multinational	ADJ
multipurpose	PROPN
mulukawlh	ADJ
mulvaney	PROPN
mum	NOUN
mum.	ADJ
mum?	NOUN
mumal	ADJ
mumalin	VERB
mumallo	ADV
mumallo.	ADJ
mumang	VERB
mumang.	VERB
mumanga	ADJ
mumangah	ADJ
mumangte	ADJ
mumbai	PROPN
mumbai,	PROPN
mumbai-a	PRON
mumbai-ah	VERB
mumbai-in	PRON
mumbai-te	NOUN
mumps	ADP
mun	VERB
muna	NOUN
munda	PROPN
munekoppa	PROPN
munich	PROPN
munich-in	PROPN
municipal	PROPN
municipalities	PROPN
munir	PROPN
muniz	PROPN
munna	PROPN
munphiah	PRON
munshian	PROPN
muntari	PROPN
mup	NOUN
mup,	PUNCT
mup.	DET
mupi	DET
mupui	NOUN
mur	NOUN
mural	NOUN
muraleedharan	PROPN
murat	PROPN
muriqi	PROPN
murkoh	PUNCT
murlen	PROPN
murmu	PROPN
murmu-i	PROPN
murna	ADJ
murna,	ADJ
murphy	PROPN
murray	PROPN
murugan	PROPN
murvate	ADP
murzaffarpur	PUNCT
musa	PROPN
musetti	PROPN
museum	NOUN
museum-a	NOUN
museum-ah	NOUN
museveni	PUNCT
musgraves	PROPN
musharraf	PROPN
mushroom	NOUN
musiala	PROPN
music	NOUN
music-a	PRON
music-ah	DET
musical	ADJ
musicals	NOUN
musicares	PROPN
musician	NOUN
musician-ten	NOUN
musk	AUX
muslim	PROPN
muslim-ho	PROPN
muslim-hovin	DET
muslim-te	PROPN
muslim-ten	PROPN
muslims	PROPN
musonda	PROPN
musovic	PROPN
musqan-ah	ADP
mussel	NOUN
mussels	AUX
mussolini-a	PROPN
mustafa	PROPN
mustafi	PUNCT
mustafizur	PROPN
mustagur	PROPN
musudan	PROPN
mut	NOUN
mut.	NOUN
mut?	NOUN
mutai	PROPN
mutan	ADJ
mutants	PROPN
mutbu	PRON
mutchhuah	ADJ
mutduhnu!	PUNCT
mutelen	VERB
mutha	PUNCT
muthamma	PROPN
muthi	PROPN
muthi-ah	PROPN
muthia	VERB
muthilh	NOUN
muthilhna	VERB
muthilhsan	VERB
muthilhtheihna	VERB
muthilhtir	VERB
muthilhtîr	VERB
muthlu	ADJ
muthlu.	ADJ
muthluktir	CCONJ
muthlum	ADJ
mutkawr	PART
mutmawh	ADJ
mutmu	VERB
mutna	ADJ
mutnaah	NOUN
muto	PROPN
mutpui	ADJ
mutpui.	ADJ
mutpuiah	NOUN
mutsan	VERB
mutsu	ADP
mutthilh	NOUN
mutthlu	VERB
mutthlu.	VERB
mutthluk	VERB
muttir	VERB
muttir.	VERB
muttui	NOUN
mutui	VERB
mutàn	ADP
muzaffarpur	PROPN
muzuk	ADJ
mv	PROPN
mva	PROPN
mvi	NOUN
mvmc	PUNCT
mvp	PROPN
mvp-ah	PRON
mvu	NOUN
mvumpa	PROPN
mw	PROPN
mwanza	PROPN
mwc	PROPN
my	PUNCT
myaadhaar	PROPN
myanmar	PROPN
myanmar,	ADP
myanmar-a	DET
myanmar-ah	PROPN
myanmar-ahte	PUNCT
myc	PROPN
myc-in	PROPN
mycodern	PUNCT
myingyan-ahte	PROPN
mykhailo	PROPN
mykolenko	PROPN
mykonos,	ADP
myrmecina	NOUN
mysophobe	ADJ
mz	PROPN
mz-04	PROPN
mz-04a	NOUN
mz-09	VERB
mz-11	PUNCT
mz01	PROPN
mzi	PUNCT
mzp	PROPN
mzp,	PROPN
mzp-in	NOUN
mzp-te	PROPN
mzp-ten	DET
mzsrlm	PROPN
mzsu	PROPN
mzu	PROPN
mzu-a	VERB
mzu-ah	PROPN
mzusc	PROPN
mzusu	DET
mâi	INTJ
mâimu	VERB
mâk.	VERB
mâkmawh	VERB
mâkpate	NOUN
mâl	VERB
mâm	NOUN
mârquez	PROPN
mâu	NOUN
mâw?	ADP
mâwi	ADJ
mâwii	PUNCT
mâwitu	ADJ
mâwl	INTJ
mâwlmang	PRON
mã¶nchengladbach	PROPN
mêk	ADJ
mêk,	ADJ
mêk.	ADJ
mêkah	ADJ
mêkin	NOUN
mêkin,	NOUN
mêknaah	VERB
mêkte	NOUN
mêl	NOUN
mêlbûk	PROPN
mêlthum	ADP
mî	PRON
mîte	ADJ
mût	VERB
müller	PROPN
n	PROPN
n.	PROPN
n.hlimen	PROPN
n.zanguran	PROPN
na	VERB
na!	VERB
na'n	PRON
na'ngin	NOUN
na'ngin.	ADJ
na,	VERB
na.	VERB
na?	VERB
naa	AUX
naa,	ADV
naa.	VERB
naaah	ADP
naac	PROPN
naacp-ah	PROPN
naah	ADV
naamana	PROPN
naaotla-iii	ADP
naatu’	PROPN
nabard	PROPN
nabard,	NOUN
nabard-ridf	ADP
nabendu	PUNCT
nabi	PROPN
nabil	PROPN
nabin-a	PROPN
nachang	ADJ
nachhan	ADJ
nachhawkna	ADV
nachhâwk	PRON
nacho	PROPN
nachungin	CCONJ
nacháng	VERB
nachâng	VERB
nacional	PROPN
naco	ADP
nadaba	PUNCT
nadal	PROPN
nadal,	PROPN
nadar	NOUN
nadda	PROPN
nadirshaw,	PROPN
nadu	PROPN
nadu-ah	PROPN
nafam	NOUN
nafed	PUNCT
nafta	PROPN
naga	PROPN
nagal	PART
nagaland	PROPN
nagaland,	PROPN
nagaland-a	PROPN
nagaland-ah	AUX
nagaon,	PROPN
nagaon-ah	PROPN
nagar	PROPN
nagar,	PROPN
nagarathna	PROPN
nagarik	PROPN
nagarkurnool	PROPN
nagashima	PROPN
nagelsmann	PROPN
nagelsmann-a	DET
nagesh,	PROPN
nagla	PROPN
nagmah	PRON
nagorno-karabakh	PROPN
nagoya	PROPN
nagoya-ah	PROPN
nagpur	ADP
nagrale,	PROPN
nagy	PUNCT
nahaia	ADJ
naharup,	PROPN
nahawm	CCONJ
nahek	ADJ
nahora	PROPN
nahuma	ADP
naidu	PROPN
nail	NOUN
nain	NOUN
nain,	NOUN
nainital	PROPN
nair,	PROPN
nairobi	PART
nairobi,	PROPN
naismith	PROPN
najagarh	PROPN
najib	PROPN
najma	PROPN
nak	VERB
naka	PROPN
nakah	ADV
nakamatsu	PROPN
nakamoto-an	PROPN
nakar	VERB
nakata	AUX
naked	NOUN
nakido	NOUN
nakin	ADV
nakina	ADJ
nakinah	VERB
nakinah,	ADV
nakinah.	VERB
nakine	PRON
nakinhun	PRON
nakkin	ADV
nakkum	ADJ
nakkum,	ADJ
nakkuma	NOUN
nakkumah	NOUN
naksha	PROPN
naktip	PRON
naktipah	INTJ
naktuk	ADJ
naktuk,	ADJ
naktuk.	ADJ
naktuka	PRON
naktukah	ADV
naktukte	AUX
naktûkah	ADJ
nakum	ADJ
nakuma	ADV
nakumah	ADJ
nal	ADP
nal,	PUNCT
nal.	PRON
nala	ADJ
nalaileng	NOUN
nalbari,	PROPN
nalbari-ah	PROPN
nalh	ADJ
nalh,	ADJ
nalh.	ADJ
nalha	ADJ
nalhin	NOUN
nalhna	NOUN
nalkawn-chamdur	PROPN
nam	VERB
nam.	VERB
namai	VERB
namailo	ADJ
namana	PROPN
namasudra	PROPN
nambar	NOUN
namber	NOUN
namchi	PROPN
namdhari	CCONJ
namechange	NOUN
namen	ADJ
namenlo	ADJ
nameuh	VERB
nameuh.	VERB
nami	ADP
namibia	PROPN
namnul	NOUN
namnula	VERB
namnûl	VERB
namsai	PROPN
namthluk	VERB
namên	ADJ
nan	ADJ
nan'	ADJ
nan,	ADJ
nan.	ADJ
nan:	ADJ
nan;	ADJ
nan?	ADJ
nana	NOUN
nancy	PROPN
nanda	PROPN
nanded	PROPN
nandha	NOUN
nandigram-a	PRON
nandini	PUNCT
nanem	AUX
nang	VERB
nang,	VERB
nang.	VERB
nanga	VERB
nangching.	ADJ
nangin	PRON
nangin,	PRON
nangma	PRON
nangmah	PRON
nangmah!	PRON
nangmah,	PRON
nangmah.	PRON
nangmaha	ADJ
nangmahah	PRON
nangmahin	PRON
nangmahni	PRON
nangmahnia	ADJ
nangmahniah	PRON
nangmahnin	PRON
nangman	ADJ
nangnen	PRON
nangni	PRON
nangni,	PRON
nangnin	PRON
nangnin,	PRON
nangpawh	PRON
nangpawh.	PUNCT
nangpawhin	PRON
nanjiani	PROPN
nanny	NOUN
nano	PROPN
nanocraft	NOUN
nante	PUNCT
nantes	NOUN
naomi	PROPN
naples	PROPN
napoleon	PROPN
napoli	PROPN
napoli,	PROPN
napoli-ah	PROPN
napoli-in	PROPN
nara	PROPN
nara.	CCONJ
naran	ADJ
naranin	ADJ
naraoka	DET
naravane	PROPN
naraw	NUM
narawh	ADJ
narawh!	ADJ
narayanan	PROPN
narcissistic	ADJ
narcotics	PROPN
naredra	PROPN
narenda	PROPN
narendra	PROPN
naresh	PROPN
nari	PROPN
nari,	PROPN
narita	PROPN
narrations-te	NOUN
naruhodo-a	PROPN
naruto	PROPN
narânin	ADJ
nas	PROPN
nasa	ADV
nasa,	ADV
nasa.	ADV
nasa.benfica	ADP
nasaa,	ADV
nasaah	VERB
nasain	VERB
nasapadmaavat	PUNCT
nasat	ADV
nasatak	ADJ
nasate	VERB
nasaten	ADJ
nasatna	PART
nasatzia	VERB
naseem	PUNCT
nasha	PROPN
nashville	PROPN
nashville,	PROPN
nashville-a	PART
nashville-ah	AUX
nasib	PROPN
nasingpara	PROPN
nasiriya	PROPN
nasona.	PUNCT
nasraoui	PROPN
nassr	PROPN
nat	VERB
nat.	VERB
natak	PROPN
natalia	PROPN
nate	NOUN
nath-a	PROPN
nathan	PROPN
nathana	PROPN
nathanaela	PROPN
nathanan	PROPN
nathaniel	CCONJ
nation	PUNCT
nationa	NOUN
national	PROPN
nationalism	NOUN
nationalism-ah	ADP
nationalism-in	NOUN
nationals	ADJ
nations	PROPN
nations-ah	PRON
natives’tih	PUNCT
nativity	NOUN
natna	NOUN
natna,	NOUN
natna.	NOUN
natna:	NOUN
natnain	NOUN
natnate	VERB
nato	PROPN
natpui	NOUN
natthlak	ADV
natto	NOUN
natural	ADJ
nau	NOUN
nau!'	NOUN
nau,	NOUN
nau-pangte	NOUN
naua	NOUN
nauban	NOUN
naughton	PROPN
nauh	ADJ
nauhruaikawn	PROPN
nauneih	ADJ
nauneihna	PRON
naungcho	PROPN
naunu	ADV
naupa	VERB
naupai	ADJ
naupaiah	ADV
naupainaah	ADJ
naupaite	VERB
naupan	NOUN
naupang	VERB
naupang,	VERB
naupang.	VERB
naupang/tleirawl	ADJ
naupang?	VERB
naupangah	NOUN
naupangchhia	ADJ
naupangho	ADJ
naupangin	NOUN
naupangte	ADJ
naupangte'n	PRON
naupangtea	NOUN
naupangteah	ADJ
naupangten	NOUN
naupanlai	VERB
naupanna	NOUN
naupiang	ADJ
naupiangte	ADP
nausel	PROPN
nausen	NOUN
nausente	ADJ
naushad	PROPN
nausên	NOUN
naute	NOUN
naute!	NOUN
naute,	NOUN
naute-ah	ADJ
nautei	PUNCT
nautein	NOUN
nautelem	VERB
nauten	NOUN
nauzuarzo	VERB
navalny	PROPN
navalnya	PROPN
navami	PROPN
navarro	PROPN
naveen	PROPN
navi	PUNCT
navneet	PROPN
navone	PROPN
navratilova	PROPN
navy	PROPN
navy-ah	PROPN
naw	PRON
naw.	VERB
nawada	PROPN
nawalh	NOUN
nawh	VERB
nawhalh	NOUN
nawhchizawrh	NOUN
nawhchizawrhna	VERB
nawhchizuar	NOUN
nawhchizuarah	ADJ
nawhchizuarte	VERB
nawhfelt	SCONJ
nawhna	VERB
nawhreh	VERB
nawi	NOUN
nawk	VERB
nawk.	VERB
nawlh	VERB
nawlh!	VERB
nawlh.	VERB
nawlpui	ADJ
nawlpuiin	ADJ
nawlpuiina	NOUN
nawlpuite	ADJ
nawlpuiten	VERB
nawm	VERB
nawmchen	NOUN
nawmchenna	ADJ
nawmna	VERB
nawmna,	VERB
nawmnah	ADJ
nawmnate	VERB
nawmpui	NOUN
nawmsak	VERB
nawmsakna	NOUN
nawmsakna,	NOUN
nawmsam	NOUN
nawmsip	VERB
nawmzia	ADJ
nawn	ADV
nawn.	ADV
nawna	ADJ
nawnghkio	DET
nawnin	NOUN
nawnleh	PRON
nawnna	NOUN
nawnte	AUX
nawntir	NOUN
nawntu,	PRON
nawr	VERB
nawr.	VERB
nawrah	VERB
nawrchhuah	NOUN
nawrh	VERB
nawrh.	VERB
nawrhlirha	PRON
nawrhna	NOUN
nawrhnaa	NOUN
nawrlet	NOUN
nawrluh	VERB
nawrluih	PRON
nawrna	NOUN
nawrpui.	VERB
nawrtu	VERB
nawt	VERB
nawt.	VERB
nawt;	VERB
naxal	ADJ
naxalite	PUNCT
naxi	ADJ
nayak	NOUN
nayanar	PROPN
nayef	PUNCT
nayyar-a	PROPN
naz-a	PROPN
nazareth	PROPN
nazawng	ADJ
nazawnga	ADV
nazawngah	ADJ
nazawngin	NOUN
nazi	ADJ
nazi-ho	PROPN
nazif	PROPN
nazual	AUX
nazuk	PROPN
na’n;	NOUN
nba	PROPN
nba-a	PROPN
nba-ah	PROPN
nbe	PROPN
nbpu	PROPN
nbw	DET
nc	PROPN
ncb	PROPN
ncc	PROPN
ncci	PROPN
ncd	PROPN
ncm	PROPN
ncord	PROPN
ncp	PROPN
ncr	PROPN
ncrb	PROPN
ncsc	DET
nct	NOUN
nct-ah	PROPN
nd&ps	PROPN
nda	PROPN
nda-a	PRON
ndd	PROPN
ndma	DET
ndombele	PROPN
ndpa	PROPN
ndpp	NOUN
ndpp-bjp	PROPN
ndps	PROPN
ndrf	PROPN
ndrf,	PROPN
ndtv	PROPN
ne	PROPN
ne-tanyahu	PROPN
neal	PROPN
neamatighat	CCONJ
neapolitan-style	PUNCT
neara,1971	PROPN
nebukadnezara	PROPN
nebukadnezzara	PROPN
nec	PROPN
nec,	PUNCT
necktie	NOUN
necktie-ah	PRON
necla	PUNCT
necs	PROPN
neda	PROPN
nedfi	PROPN
nedp	PROPN
nedunchezhiyan	PROPN
nedved	PROPN
neelakantan	ADJ
neepco	PROPN
neesham	PROPN
neet	PROPN
negativ	ADJ
negative	ADJ
negative-ah	ADP
negishi	PUNCT
negotiation	NOUN
negra	PROPN
neha	PUNCT
nehemia	PROPN
nehemia’n,	PROPN
nehru	PROPN
nehru-a	DET
nehu	PROPN
nehusu	PROPN
nehwal	PROPN
nei	ADJ
nei!	ADJ
nei"	ADJ
nei,	ADJ
nei.	ADJ
nei.lawmthu	NOUN
nei:	ADJ
nei;	ADJ
nei?	ADJ
neia	ADJ
neia,	ADJ
neiah	ADJ
neicc	ADJ
neiccya	PROPN
neida-in	PROPN
neig-rihms	ADP
neighbor	PRON
neigrihms	PROPN
neih	VERB
neih!	VERB
neih,	VERB
neih.	VERB
neih?	VERB
neiha	ADJ
neiha,	ADJ
neihah	ADJ
neihahte	ADJ
neihbawiah	DET
neihbawih	PROPN
neihchhuan	PROPN
neihchhun	NOUN
neihdawn	NOUN
neihin	AUX
neihlala	PROPN
neihlet	PUNCT
neihloh	ADP
neihloh-ah	PROPN
neihlohna	NOUN
neihna	ADJ
neihnaah	VERB
neihnaah,	VERB
neihpui	VERB
neihpui.	VERB
neihpuiah	ADJ
neihpuii	CCONJ
neihpuiin	ADJ
neihsa	VERB
neihsak	VERB
neihsan	NOUN
neihsate	ADJ
neihsial	PROPN
neihte	VERB
neihthinglungkhawngin,	PROPN
neihtir	VERB
neihtir.	VERB
neihtirtu	VERB
neihtîr	NOUN
neihtîrtu	ADJ
neihzia	ADJ
neihzui	ADJ
neiin	VERB
neiin,	VERB
neiin.	VERB
neikir	VERB
neil	NOUN
neil-a	PROPN
neilo	ADJ
neilo.	ADJ
neilote	ADJ
neilova	ADJ
neilovin	AUX
neinung	NOUN
neiphui	PROPN
neipp	DET
neite	ADJ
neite'n	VERB
neite,	ADJ
neiten	VERB
neitha	NOUN
neittuten	NOUN
neitu	ADJ
neitu,	ADJ
neitu-in	NOUN
neitu.	ADJ
neitua	ADJ
neituah	NOUN
neituin	ADJ
neitunu	PRON
neitupa	NOUN
neiturinchak	ADJ
neitute	NOUN
neitute,	NOUN
neituten	VERB
neizui.	DET
nei’	VERB
nek	VERB
nek.	VERB
neka	VERB
nekchep	ADJ
nekchepin	VERB
nekchepna	ADJ
nekcheptu	DET
nekchhuak	PRON
nekna	VERB
nel	VERB
nel.	VERB
nelachal	NOUN
nelawm	ADJ
nelawm.	ADJ
nelh	ADJ
nelics	PROPN
nelson	PROPN
nelson-a	PROPN
nem	VERB
nem!	ADV
nem,	VERB
nem.	VERB
nemah	NOUN
nemanja	PROPN
nembel	VERB
nemcha	CCONJ
nemin	NOUN
nemkai	VERB
nemna	AUX
nemngheh	NOUN
nemngheh?	NOUN
nemngheha	VERB
nemnghehna	VERB
nemnghet	NOUN
nemnghet.	NOUN
nemnghetin	VERB
nemnghetin,	VERB
nemnghettu	NOUN
nemoto	PROPN
nempf	PROPN
nemsak	PUNCT
nemtsov	PROPN
nen	ADJ
nen!	ADJ
nen'	ADJ
nen,	ADJ
nen.	ADJ
nen;	ADJ
nena	ADJ
nena.	ADJ
nente	ADV
nen’	ADJ
neo	PROPN
neocov	PROPN
nep	VERB
nepal	PROPN
nepal-ah	AUX
nepal-te	CCONJ
nepalese	ADJ
nepali	PROPN
nepenthe	NOUN
nepnawi	NOUN
nepnawiah	PUNCT
nepram	PROPN
neptune	PROPN
nepzia	VERB
ner	VERB
ner-ah	ADP
ner-in	PRON
ner.	VERB
nera-mac,	PROPN
neramac	PROPN
nerazzurri	DET
neres	PUNCT
nerhema	PUNCT
nerijus	PROPN
nerist	ADP
nerm	PROPN
nero	PROPN
nero-an	PROPN
neroca	PROPN
nertps	PROPN
nerve	NOUN
nesids	PROPN
neso	PROPN
ness	PROPN
net	ADP
netanyahu	PROPN
netanyahu-a	PROPN
netanyahu-an	PROPN
netflix	PROPN
nethania	PROPN
nether-lands	PROPN
netherlands	PROPN
netherlands-ah	PROPN
netherlands-in	DET
neto	PROPN
nets	PROPN
network	NOUN
network-ah	NOUN
netz-a	PROPN
neu	ADJ
neuer	PROPN
neuh	ADJ
neuh.	ADJ
neuilly-on-the-seine,	PROPN
neuli	PROPN
neum-ten	PROPN
neumann	PROPN
neuroscientist-te	NOUN
neutral	ADP
neutralized	VERB
nevek	PROPN
neven	PROPN
neves	PROPN
neville	PUNCT
nevis	PROPN
new	PROPN
new-mpacs	ADP
newcastle	PROPN
newcomer	ADP
newey	PROPN
newjeans	PROPN
newsah	PROPN
newspaper	NOUN
newspaper-ah	DET
newton	PROPN
newton-a	ADP
newtons	PROPN
nexon	PROPN
next	ADJ
neycc	DET
neymar	PROPN
neymar,	PUNCT
neymar-te	PROPN
nfbs	PROPN
nfdc	PROPN
nfl	PROPN
nfl-a	NUM
nfsa	PROPN
nfsa,	PROPN
nga	ADJ
nga!	ADJ
nga,	ADJ
nga.	ADJ
ngaa	AUX
ngaah	ADP
ngadam	VERB
ngah	ADV
ngah!	ADV
ngah,	ADV
ngah.	ADV
ngahchhuah	NOUN
ngahei	ADP
ngai	ADJ
ngai!	ADJ
ngai,	ADJ
ngai.	ADJ
ngai."	ADJ
ngai:	ADJ
ngai;	ADJ
ngai?	ADJ
ngaia	ADJ
ngaiah	VERB
ngaichan	VERB
ngaichang	VERB
ngaichang.	VERB
ngaichangin	NOUN
ngaichangtu	NOUN
ngaichâng	ADJ
ngaichânga	ADJ
ngaichângin	VERB
ngaidam	VERB
ngaidam.	VERB
ngaidama,	NOUN
ngaidamtu	VERB
ngaidang	ADP
ngaih	VERB
ngaih,	VERB
ngaih-nat	NOUN
ngaih-tuahna	ADJ
ngaih-ven	ADJ
ngaih.	VERB
ngaih?	VERB
ngaiha	VERB
ngaihah	ADJ
ngaihaw	PROPN
ngaihawm	VERB
ngaihchan	VERB
ngaihchanna	NOUN
ngaihchân	VERB
ngaihdam	NOUN
ngaihdamna	ADJ
ngaihdamna:	ADJ
ngaihdamsakte	ADJ
ngaihdan	NOUN
ngaihdan,	NOUN
ngaihdan.	NOUN
ngaihdan?	NOUN
ngaihdana	ADJ
ngaihdanah	VERB
ngaihdante	VERB
ngaihdân	ADJ
ngaihfin	ADP
ngaihhhlut	NOUN
ngaihhlut	ADJ
ngaihhluta,	PROPN
ngaihhlutah	PUNCT
ngaihhlutawm	NOUN
ngaihhlutna	VERB
ngaihhlutzia	NOUN
ngaihhnathiam	NOUN
ngaihhnathiamna	VERB
ngaihhniamna	VERB
ngaihhrui	NOUN
ngaihhruina	NOUN
ngaihhsak	NOUN
ngaihin	NOUN
ngaihlu	VERB
ngaihlu.	VERB
ngaihlua	ADJ
ngaihluin	VERB
ngaihluten	VERB
ngaihlutute	VERB
ngaihmawh	VERB
ngaihmawhawm	VERB
ngaihna	VERB
ngaihna.	VERB
ngaihnaah	NOUN
ngaihnat	ADJ
ngaihnathiam	ADJ
ngaihnathiamna	PRON
ngaihnawm	ADJ
ngaihnawm,	ADJ
ngaihnawm.	ADJ
ngaihnawmin	ADJ
ngaihnawm’	ADJ
ngaihnep	NOUN
ngaihnobei	VERB
ngaihnobeina	AUX
ngaihpawimawh	NOUN
ngaihpawimawh.	NOUN
ngaihpawlh	ADJ
ngaihrhlak	VERB
ngaihruat	VERB
ngaihruatna	VERB
ngaihsak	VERB
ngaihsak,	VERB
ngaihsak.	VERB
ngaihsak?	VERB
ngaihsaka	ADJ
ngaihsaklo	ADJ
ngaihsaklotu	NUM
ngaihsakna	ADJ
ngaihsaknaah	VERB
ngaihsaktu	ADJ
ngaihsaktute	ADJ
ngaihsam	NOUN
ngaihsam,	NOUN
ngaihsamna	NOUN
ngaihsan	VERB
ngaihsan.	VERB
ngaihsanawm	NOUN
ngaihsanna	ADJ
ngaihsante	VERB
ngaihsual	VERB
ngaihsân	VERB
ngaihsânawm	NOUN
ngaihsânawmna	PUNCT
ngaihsânna	NOUN
ngaihte	VERB
ngaihtea	PROPN
ngaihten	ADJ
ngaihtha	ADJ
ngaihthah	VERB
ngaihthah.	VERB
ngaihthahah	NOUN
ngaihthak	NOUN
ngaihthat	ADJ
ngaihthathat	ADJ
ngaihtheih	VERB
ngaihthiam	NOUN
ngaihthla	ADJ
ngaihthlak	VERB
ngaihthlak,	VERB
ngaihthlak?	VERB
ngaihthlakin	NOUN
ngaihthlakna	VERB
ngaihthlaksak	ADJ
ngaihthlaksak.	ADJ
ngaihthlaktir	PRON
ngaihthlâk	VERB
ngaihthlâksak	ADJ
ngaihtlak	VERB
ngaihtuah	VERB
ngaihtuah'	VERB
ngaihtuah.	VERB
ngaihtuah?	VERB
ngaihtuaha	ADJ
ngaihtuaha,	ADJ
ngaihtuahawm	ADJ
ngaihtuahawm.	ADJ
ngaihtuahhian	ADP
ngaihtuahho	ADJ
ngaihtuahho.	ADJ
ngaihtuahhovin,	NOUN
ngaihtuahin	NOUN
ngaihtuahin,	NOUN
ngaihtuahna	ADJ
ngaihtuahna,	ADJ
ngaihtuahna.	ADJ
ngaihtuahnaa	ADJ
ngaihtuahnaah	ADJ
ngaihtuahnain	VERB
ngaihtuahnate	NOUN
ngaihtuahnate?	NOUN
ngaihtuahpui	VERB
ngaihtuahsak	ADJ
ngaihtuahsak.	ADJ
ngaihtuahte	NOUN
ngaihtuahtir.	NOUN
ngaihtuahtu	ADJ
ngaihtuahtu,	ADJ
ngaihtuahtute	NOUN
ngaihtuahzui	NOUN
ngaihtuana	AUX
ngaihven	VERB
ngaihven.	VERB
ngaihven?	VERB
ngaihvena	NOUN
ngaihvena,	NOUN
ngaihvenin	ADJ
ngaihvenna	VERB
ngaihventir	NOUN
ngaihventu	VERB
ngaihzamna	VERB
ngaihzawn	NOUN
ngaihzawng	NOUN
ngaihzawngnu	PRON
ngaihzawngte	NOUN
ngaihzawnna	VERB
ngaihzia	ADP
ngaihzuali	PROPN
ngaihzuali-ah	PROPN
ngaihzâwng	NOUN
ngaihṭha	ADJ
ngaiin	ADJ
ngaiin,	ADJ
ngaiin.	ADJ
ngailemlo	ADP
ngailo	ADJ
ngailo.	ADJ
ngailoh	ADJ
ngailova,	VERB
ngaimawh	VERB
ngaimawhin	VERB
ngaimawhna	NOUN
ngaimawhtu	NOUN
ngaina	VERB
ngaina!	VERB
ngaina,	VERB
ngaina.	VERB
ngaina:	VERB
ngaina;	VERB
ngaina?	VERB
ngainat	NOUN
ngainat,	NOUN
ngainat.	NOUN
ngainat:	NOUN
ngainat?	NOUN
ngainatawm	NOUN
ngainatawm.	ADJ
ngainate	ADJ
ngainatna	VERB
ngainatna’	VERB
ngainatu	ADJ
ngainatute	ADJ
ngainatuten	ADJ
ngainawm	PUNCT
ngainei	ADP
ngainep	VERB
ngainepa,	PROPN
ngaingam	AUX
ngainêp	VERB
ngaipawimawh	VERB
ngaipawimawha	PRON
ngaisang	VERB
ngaisang,	VERB
ngaisang.	VERB
ngaisangin	NOUN
ngaisangtute	NOUN
ngaisual	ADJ
ngaisâng	NOUN
ngaisâng.	NOUN
ngaisângtu	ADJ
ngaite	VERB
ngaiteh,	AUX
ngaiteii	VERB
ngaithei	VERB
ngaithei.	VERB
ngaithiam	VERB
ngaithin.	PART
ngaithla	VERB
ngaithla!	VERB
ngaithla,	VERB
ngaithla.	VERB
ngaithla."	VERB
ngaithlaa	NOUN
ngaithlain	VERB
ngaithlak	VERB
ngaithlatu	NOUN
ngaithlatu?	NOUN
ngaithlatute	ADJ
ngaithuk	VERB
ngaitlang	NUM
ngaitlawm.	VERB
ngaitu	VERB
ngaituah	PRON
ngaitute	VERB
ngaizam	VERB
ngaizawl	VERB
ngaizawng	NOUN
ngaizawng.	NOUN
ngaizel	ADP
ngaizelkham	DET
ngal	NOUN
ngal.	NOUN
ngalrek	NOUN
ngam	ADV
ngam!	ADV
ngam'	ADV
ngam,	ADV
ngam.	ADV
ngam?	ADV
ngama	ADJ
ngamawm	ADJ
ngambawma	CCONJ
ngamin	NOUN
ngamlo.	ADJ
ngamloh	AUX
ngamna	VERB
ngampa	VERB
ngampa.	VERB
ngampat	VERB
ngampatna	PART
ngamte	VERB
ngamten	AUX
ngamthlakna	PUNCT
ngamthlem	VERB
ngamtlak,	CCONJ
ngamtlakah	PART
ngamtu	ADJ
ngamtute	ADJ
ngan	NOUN
ngana	NOUN
nganaah	ADJ
ngang	NOUN
ngang.	NOUN
nganlang	PROPN
ngannou	PROPN
ngap	VERB
ngar	ADV
ngar.	ADV
ngartu	ADP
ngat	VERB
ngat,	VERB
ngat.	VERB
ngata	PART
ngate	NOUN
ngati	SCONJ
ngatinge	SCONJ
ngau	NOUN
ngaw	NOUN
ngawdur	NOUN
ngawi	VERB
ngawi!	VERB
ngawi,	VERB
ngawi.	VERB
ngawichawi	VERB
ngawih	ADV
ngawih,	ADV
ngawih.	ADV
ngawiha	NOUN
ngawihbo	DET
ngawihna	VERB
ngawihpui	VERB
ngawihsan	NOUN
ngawihsan.	NOUN
ngawihte	VERB
ngawirengin	PRON
ngawivung	PROPN
ngawl	VERB
ngawla	CCONJ
ngawlvei	NOUN
ngawlveite	NOUN
ngawng	VERB
ngawng.	VERB
ngawpui	ADJ
ngawpuiah	NOUN
ngawr	NOUN
ngawrh	NOUN
ngawt	NOUN
ngawt.	NOUN
ngawta	NOUN
ngawtin	NOUN
ngawtna	PART
ngawtte	PART
nga’	ADJ
nge	ADV
nge!	ADV
nge!chanmari	ADV
nge,	ADV
nge.	ADV
nge?	ADV
nge?"	ADV
nge??	ADV
nge?champions	SCONJ
nge?paris	SCONJ
nge?’	SCONJ
ngedi	ADP
ngeh.	ADJ
ngei	ADJ
ngei,	ADJ
ngei.	ADJ
ngeia	ADJ
ngeia.	ADJ
ngeiah	ADJ
ngeiawm	ADJ
ngeiawm.	ADJ
ngeih	VERB
ngeih.	VERB
ngeiin	ADJ
ngeiin,	ADJ
ngeiin.	ADJ
ngeiina	PUNCT
ngeina	PART
ngeite	NOUN
ngeiten	DET
ngel	ADJ
ngelnghet	VERB
ngem?	NOUN
ngem?’	VERB
ngen	VERB
ngen,	VERB
ngen.	VERB
ngen?	VERB
ngena	ADJ
ngengpuikai	PROPN
ngenin	NOUN
ngenin,	NOUN
ngenna	ADJ
ngennate	ADJ
ngenngawl	VERB
ngensak	ADJ
ngente	NOUN
ngente,	NOUN
ngentiang	PROPN
ngentluanga,	PUNCT
ngentîr	NOUN
nget	VERB
nggets	VERB
ngha	NOUN
nghadawl,	ADJ
nghafeite	VERB
nghah	NOUN
nghah.	NOUN
nghah?	NOUN
nghahchhan	VERB
nghahchhana	NOUN
nghahfak	NOUN
nghahfak,	NOUN
nghahhlehawm	ADV
nghahhlel	VERB
nghahhlelh	ADJ
nghahhlelhawm	NOUN
nghahhrah	ADJ
nghahlelhawm	ADJ
nghahna	NOUN
nghahngamna	VERB
nghahtir	VERB
nghaisa	VERB
nghaisak	NOUN
nghaisakna	NOUN
nghaisatu	ADJ
nghak	VERB
nghak!	VERB
nghak,	VERB
nghak.	VERB
nghak...	VERB
nghaka	PROPN
nghaka,	PROPN
nghaka.	PROPN
nghakhlel	VERB
nghakhlel.	VERB
nghakhleltu	ADV
nghakin	NOUN
nghakpuii	PROPN
nghaktu	NOUN
nghaktu,	NOUN
nghaktunu	ADJ
nghaktute	NOUN
nghakuai	NOUN
nghal	NOUN
nghal!	NOUN
nghal,	NOUN
nghal.	NOUN
nghala	NOUN
nghalchawm	ADP
nghalchawmah	PROPN
nghalh	DET
nghalim,	NOUN
nghalimluia	PROPN
nghalin	NOUN
nghalin,	NOUN
nghalna	NOUN
ngham	NOUN
ngham-in	VERB
nghapui	VERB
nghat	VERB
nghat.	VERB
nghat.ioc	NOUN
nghata,	NOUN
nghate	NOUN
nghatemitlawk	PROPN
nghatin	ADJ
nghattu	NOUN
nghauh	NOUN
nghawk	NOUN
nghawk.	NOUN
nghawng	NOUN
nghawng'	NOUN
nghawng,	NOUN
nghawng.	NOUN
nghawng.?	NOUN
nghawng:	NOUN
nghawng?	NOUN
nghawngah	NOUN
nghawngawrh	NOUN
nghawngbah	VERB
nghawngin	NOUN
nghawngkawl	NOUN
nghawngkawl/	VERB
nghawngkawlin	PRON
nghawngte	NOUN
nghawngtu	VERB
nghawr	VERB
nghe	VERB
nghe!	VERB
nghe,	VERB
nghe-in	NOUN
nghe.	VERB
ngheh	VERB
nghehin	NOUN
nghehna	NOUN
nghehnain	VERB
nghehtîr	VERB
nghei	VERB
nghei.	VERB
ngheia	NOUN
ngheiin	NOUN
ngheina	NOUN
ngheitir	ADJ
nghek	ADJ
nghelh	VERB
nghenchhan	ADV
ngheng	VERB
ngheng.	VERB
nghenga	ADJ
nghengin	ADJ
nghet	VERB
nghet'	VERB
nghet,	VERB
nghet.	VERB
ngheta	ADJ
nghetin	ADJ
nghetin,	ADJ
nghetlo	NOUN
nghilh	ADV
nghin	VERB
nghing	VERB
nghing.	VERB
nghuai.	VERB
nghuk	NOUN
nghuk.	ADP
nghulh	ADV
nghulhin	CCONJ
nghunhnam	ADJ
nghâk	VERB
nghâkhlel	VERB
nghâkin	NOUN
nghâl	NOUN
nghâl,	ADV
nghâl.	NOUN
nghâwng	NOUN
nghâwngah	NOUN
nghâwngkawl	NOUN
nghîng	ADJ
ngiai	ADJ
ngial	ADJ
ngialngan	NOUN
ngialngan;	NOUN
ngialngana	NOUN
ngialnghet	VERB
ngiang	VERB
ngiat	VERB
ngiatin	NOUN
ngiatna	NOUN
ngiatte	VERB
ngiau,	VERB
ngihdan	NOUN
ngil	NOUN
ngil.	NOUN
ngilna	ADJ
ngilnei	ADJ
ngilneih	NOUN
ngilneihna	NOUN
ngilneihna,	NOUN
ngilneihnaah	NOUN
ngilneihzia	NOUN
ngland	VERB
ngo	ADJ
ngo,	ADJ
ngo-a	AUX
ngo-ah	PROPN
ngo-ahte	PROPN
ngo-te	PROPN
ngo-ten	NOUN
ngo-tena	PRON
ngocc	PROPN
ngocc-in	DET
ngolo	PROPN
ngongaihluni	PUNCT
ngopa	PROPN
ngopa,	PROPN
ngos	ADV
ngounoue	PROPN
ngt	DET
ngthla	ADP
nguai	ADJ
nguai.	ADJ
ngui	ADJ
ngui,	ADJ
ngui.	ADJ
nguiin	ADJ
nguina	ADJ
ngul	NOUN
ngulte	NOUN
ngulzathuaman	PROPN
ngun	NOUN
ngun.	NOUN
ngunhnamin	ADJ
ngunlianchunga	PROPN
nguntakin	NOUN
ngunthluk	ADJ
ngur	NOUN
ngura	ADJ
nguran	PROPN
ngurauva	PROPN
ngurchamliana	PROPN
ngurchuai	ADJ
ngurdingliana	PROPN
ngurdinthari,	PROPN
ngurhminglianan	CCONJ
ngurhmingliani	PROPN
ngurmawii	PROPN
ngursaimawia	PUNCT
ngurthanmawia	PROPN
ngurthansaga	PROPN
ngurthansanga	PROPN
ngurthantluanga	PROPN
ngurthantluangan	PROPN
ngurthantluangi,	PROPN
ngut	ADV
ngzun	PRON
ngâi	VERB
ngâi.9.	NOUN
ngâite	VERB
ngãi	CCONJ
ngêlnghet	VERB
ngên	NOUN
ngên.	NOUN
ngîl	ADJ
nh	PROPN
nh-06	NUM
nh-154	PROPN
nh-2	NUM
nh-27	NUM
nh-302	PROPN
nh-306	PROPN
nh-37	NOUN
nh-37-ah	DET
nh-44a	NUM
nh-54	NUM
nh-6	NUM
nh06	ADP
nhava	ADP
nhc	PROPN
nhdcil	PROPN
nhdcil-in	PROPN
nhdp	PROPN
nhidcl	PROPN
nhidcl,	PROPN
nhidcl-te	PROPN
nhm	PROPN
nhm-a	NOUN
ni	ADV
ni!	ADV
ni!"	ADV
ni"	ADV
ni'	ADV
ni',	ADV
ni'a.	PUNCT
ni,	ADV
ni,"	ADV
ni,'	ADV
ni,a	ADJ
ni,’	ADV
ni-a	ADP
ni-ah	PROPN
ni-kuminah	PUNCT
ni.	PART
ni.!	ADV
ni."	ADV
ni.a	NOUN
ni.bennett	AUX
ni.chawlhlawk	NUM
ni.chuan	AUX
ni.hmangaihna	NOUN
ni.internet	NOUN
ni.kumin	PROPN
ni.thlalak:	PROPN
ni.vanglaini	NOUN
ni:	ADV
ni:-	ADV
ni;	ADV
ni?	ADV
ni?"	ADV
ni?'	ADV
nia	PART
nia!	NOUN
nia"	PRON
nia,	NOUN
nia,'	ADP
nia,.	PUNCT
nia,teunsang	ADJ
nia.	VERB
nia."	VERB
nia.in	ADJ
nia?	VERB
nia?!	PRON
niah	ADV
niah.	PROPN
niaih	DET
nial	ADV
niam	NOUN
niang	SCONJ
niang,	ADV
niang.	PRON
niang?	PRON
nias-a	ADP
niawm	NOUN
nia’	PART
nibawk	ADV
niber	NOUN
niberin	ADJ
nibling	NOUN
nic	PROPN
nic,	PROPN
nicaragua	PROPN
nicargua-te	PUNCT
nicea	PROPN
nichhuak	ADV
nichin	ADJ
nichina	ADV
nicholas	PROPN
nicholas,	PROPN
nicholas-a	SCONJ
nichungin	ADJ
nick	PROPN
nicki	CCONJ
nicky	PROPN
nicky-a	VERB
niclas	PROPN
nico	PROPN
nicobar	PROPN
nicola	PART
nicola,	PUNCT
nicolai	PROPN
nicolas	PROPN
nicolo	PROPN
nicu	PROPN
nidang	ADJ
nidanga	ADJ
nidangah	VERB
nidhi	PROPN
nielit	PROPN
nielsen	PROPN
nieng,	NOUN
niepid	VERB
niepmd,	PROPN
nietzsche	PROPN
niger	PROPN
niger,	PROPN
niger-ah	AUX
nigeria	PROPN
nigeria,	PROPN
nigeria-ah	PROPN
nigerian	ADJ
nigeriens	PROPN
nighasan	PROPN
night	NOUN
nightclub	NOUN
nightclub-ah	NOUN
nightlife	NOUN
nightstand	DET
nih	VERB
nih!	VERB
nih'	VERB
nih,	VERB
nih.	VERB
nih?	VERB
nih?"	VERB
nih?fate	PUNCT
nih?’	AUX
niha	ADV
niha,	PRON
nihar	PROPN
niharika	PROPN
nihawi	NOUN
nihawichi	ADJ
nihawipar	NOUN
nihin	PUNCT
nihin,	NUM
nihkhuaa	ADP
nihlai	ADJ
nihlaiin	ADJ
nihlawh	ADJ
nihlawhna	ADV
nihlawhthlak	NOUN
nihlawhzia	NOUN
nihliap	NOUN
nihliap,	NOUN
nihliap?	NOUN
nihmahsela,	ADV
nihna	ADJ
nihna,	ADJ
nihna.	ADJ
nihnaa	ADJ
nihnaah	ADJ
nihnain	NOUN
nihnate	ADJ
nihna’	PUNCT
nihnih	ADP
nihnnaa	DET
nihphung	ADJ
nihpui	VERB
nihpui.	VERB
nihte	VERB
nihtir	ADJ
nihtîr	NOUN
nihzia	ADJ
niin	CCONJ
niin!	CCONJ
niin,	CCONJ
niin.	CCONJ
niina	DET
nijah	PROPN
nika	PUNCT
nikai	AUX
nikang	PRON
nike	PROPN
nikhat-ah	NOUN
nikhata	ADJ
nikhatah	VERB
nikhaw	VERB
nikhawhrelovin	ADP
nikhil	PROPN
nikhua	ADJ
nikhuaa	PROPN
nikhuaah	ADJ
nikhuain	NOUN
nikhual	PRON
nikhualo	NOUN
nikhualohna	PRON
nikhuate	NOUN
nikin	ADJ
nikinah	PRON
nikita	PROPN
nikko	PROPN
nikodema	PROPN
nikodeman	PROPN
nikola	PROPN
nikola,	PROPN
nikshay	PROPN
niku	PRON
nikuala	PROPN
nikum	NOUN
nikum-a	DET
nikuma	PRON
nikumah	ADV
nikunja	PROPN
nil	NOUN
nilai	VERB
nilai,	VERB
nilaini	NOUN
nilaini-a	PRON
nilainia	DET
nilainiah	NOUN
nile	PROPN
nilen	ADV
nileng	NOUN
nileng.	ADJ
nilenga	ADJ
nilengin	NOUN
nilo	ADJ
nilo,	ADJ
nilo.	ADJ
niloin	NOUN
niloin,	NOUN
nilova	VERB
nilovin	CCONJ
nilovin,	CCONJ
nilum	CCONJ
nilêngin	ADJ
nim	ADV
nimah	VERB
nimahse	CCONJ
nimahse,	CCONJ
nimahsela	CCONJ
nimahsela,	CCONJ
nimahshela	PUNCT
nimahsuhila,	NOUN
niman	NOUN
nimaw,	PRON
nimbu	PUNCT
nimes-ah	PRON
nimianah	PRON
nimin	NOUN
nimin,	NOUN
nimin-a	NOUN
nimin:	NOUN
nimina	ADJ
niminah	VERB
niminah,	VERB
niminpiah	ADJ
niminpiah.	ADJ
nimrod	ADP
nin	NOUN
nin,	NOUN
nina	CCONJ
ninawm	VERB
ninawm,	VERB
ninawm.	VERB
ninevi	PROPN
ning	VERB
ning,	VERB
ning.	VERB
ninga	ADJ
ningani	NOUN
ningani,	NOUN
ningani-a	DET
ningania	DET
ningawm	NOUN
ningkhawng	ADJ
ningkhawngte	PUNCT
ningol	PROPN
ningthouja	PROPN
ninhlei	ADJ
nini	PROPN
ninna	VERB
nino	PROPN
nintendo	PROPN
nios	PROPN
nipah	PROPN
nipahfawma	VERB
nipui	ADV
nipui,	ADV
nipuia	VERB
nipuiah	NOUN
nipun	PROPN
niqab	NOUN
niraj	PROPN
nirav	PROPN
nirbhay	PROPN
nirf	PROPN
nirgraani	PROPN
nirjhar-a	PROPN
nirmal	PUNCT
niruk	ADJ
nirupam	PROPN
nisa	DET
nisaah	ADJ
nisapui	ADJ
nise	NOUN
nise,	NOUN
nise.	NOUN
nisela,	NOUN
nishikori	PROPN
nishimoto	PROPN
nishino	PROPN
nishioka	PROPN
nishtar	PROPN
nishu	PROPN
nisi	ADJ
nissan	PUNCT
nistelrooy	PROPN
nisterooy	PROPN
nit	PROPN
nita	PRON
nite	ADJ
nite,	ADJ
nite-ah	ADP
nitea	PROPN
nitei	PROPN
niten	NOUN
nithanga	PROPN
nithanga,	PROPN
nithum	ADJ
niti	PROPN
nitin	ADJ
nitin,	ADJ
nitina	ADJ
nitinin	ADJ
nitip	ADP
nitish	PROPN
nitlak	ADJ
nitrazepam	NOUN
nitrogen	NOUN
niv	PROPN
niwas	PUNCT
niwchenna	PRON
nixon	PROPN
niyas	NOUN
niyazbekov	PROPN
nizamuddin	PROPN
nizan	ADJ
nizana	ADJ
nizanah	ADJ
nizanah,	ADJ
nizhny	PROPN
niziu	PROPN
nizung	NOUN
niâwm	ADP
ni’	PART
ni”	ADV
njac	PROPN
nk	PROPN
nketiah	PROPN
nketiahat	PUNCT
nkorea	PROPN
nkunku	PROPN
nl	PROPN
nl.	PROPN
nla	PROPN
nlcpr	PROPN
nlcpr,	PROPN
nld	DET
nlft	PROPN
nltp	PROPN
nlup	NOUN
nlup-nedp	NOUN
nm	PROPN
nmba	PROPN
nmc	PROPN
nmc-ah	PROPN
nmdfc	NOUN
nmnf	PROPN
nna	PROPN
nneihna	NOUN
no	NOUN
no.	NOUN
no.1	PROPN
no.1-ah	ADP
no.2	NOUN
no.3	ADP
no.3-ah	ADP
noaohtlah	CCONJ
nobel	PROPN
nodal	PROPN
nods	NUM
noel	PROPN
nohro,	PROPN
noida	CCONJ
noisemaker	NOUN
nok	PROPN
nokhenthanga	VERB
nokia	PRON
noklak	PROPN
nolan	PROPN
nole!	ADP
nomad	PROPN
nomawi	NOUN
nomination	NOUN
nomination-ahte	PRON
nominations	NOUN
nominee	PRON
nominees	NOUN
nomura	PROPN
non	PROPN
non-breaking	DET
non-cooperation	ADJ
non-departmental	ADJ
non-fiction	VERB
non-ipc	ADP
non-mizo	ADJ
nongsaiñ	PROPN
noni	PROPN
noodles	PRON
nopui	ADJ
norcia	PROPN
norde	PROPN
nordic	ADJ
norgay	PROPN
normann	ADP
norovirus	NOUN
norrie	PROPN
norris	PROPN
norte	PROPN
norte-a	DET
north	PROPN
north,	PROPN
north-a	PROPN
north-ah	ADP
north-east	ADV
north-i	PROPN
north-in	NOUN
northah	PROPN
northampton	PUNCT
northeast	PROPN
northern	ADP
northwest	CCONJ
nortje	PROPN
norway	PROPN
norway,	PROPN
norway-in	ADV
norwegian	PROPN
norwegian,	ADJ
norwich	PROPN
norwich-in	PROPN
noskova	PROPN
notation	NOUN
note	NOUN
note-te	NOUN
note:	PART
notea	PROPN
notebook	NOUN
notepad	NOUN
notepad-a	NOUN
notepaper	NOUN
notification	DET
notlia	PROPN
notthingham	NUM
nottingham	PROPN
notê	ADJ
notête	NOUN
nou	PROPN
noun	NOUN
noun-in	ADP
noussair	VERB
nov	PUNCT
nov.	PROPN
nova	PROPN
novak	PROPN
novan	SCONJ
novbember,	PROPN
novel	NOUN
novelette	NOUN
november	PROPN
november,	ADP
november-a	ADP
november-ah	PRON
november.2022	PROPN
novgorod	PROPN
novosibirsk	PROPN
noxatilla	PROPN
npa	PROPN
npcb	PROPN
npcdcs	ADJ
npf	PROPN
npg	PROPN
npp	PROPN
nppcd	ADV
nppcd-a	PROPN
npr	PROPN
nps	NUM
npss	PROPN
npss-ten	PROPN
nqas	DET
nrc	PROPN
nrcp	PROPN
nrdwp	PROPN
nregs	NOUN
nrhm	PROPN
nrr	NOUN
nsa	DET
nscn	PROPN
nscn-im	PROPN
nscn-te	CCONJ
nsf	PROPN
nsrcel	PROPN
nss	PROPN
nssh	PROPN
nsui	PROPN
nsync	PROPN
nt	PROPN
ntcp	PROPN
ntu	PROPN
ntum	PROPN
ntv	SCONJ
nu	NOUN
nu!	NOUN
nu&pate	ADV
nu,	NOUN
nu.	ADP
nu?	PROPN
nuai	ADJ
nuai.	ADJ
nuaia	VERB
nuaibo	ADJ
nuaichimit	VERB
nuaih	ADJ
nuaih.	ADJ
nuaihnih	ADJ
nuaiin	NOUN
nuaikhat	ADJ
nuaithum	NOUN
nuaitu	ADJ
nual	ADJ
nual.	ADJ
nualin	ADJ
nuam	ADJ
nuam,	ADJ
nuam.	ADJ
nuama	ADJ
nuamah	ADJ
nuamah,	ADJ
nuamin	ADJ
nuamlo	ADJ
nuamsa	ADJ
nuamsam	ADJ
nuamtawla	ADP
nuamte	VERB
nuamti	VERB
nuamtàwla	ADP
nuar	NOUN
nuar.	NOUN
nuarte	NOUN
nuber	PROPN
nuchhuni	NUM
nuclear	ADJ
nudist	ADJ
nufa	NOUN
nufing	PRON
nug	PROPN
nuggets	PROPN
nuh	DET
nuho	VERB
nuhrawn/	NOUN
nui	VERB
nui.	VERB
nuiai	NOUN
nuih	ADV
nuih.	ADV
nuih?	ADV
nuiha	ADJ
nuihkhum	VERB
nuihmel	DET
nuihna	VERB
nuihnaah	ADV
nuihnem	VERB
nuihpui	ADJ
nuihsan	NOUN
nuihtir	PRON
nuihza	ADJ
nuihzat	ADJ
nuihzat.	ADJ
nuihzathlak	ADJ
nuihzatna	ADJ
nuihzatte	ADJ
nuihzatthlak	NOUN
nuihzatthlak!	NOUN
nuihzatthlak.	NOUN
nuihzatthlâk	ADJ
nuihzattute	VERB
nuin	ADJ
nuina	DET
nuipui	AUX
nuk	VERB
nuk.	ADJ
nukiri	PROPN
nul	PROPN
nula	VERB
nula,	VERB
nula.	VERB
nulaihawl	PRON
nulat	VERB
nulat-tlangval	NOUN
nulate	ADJ
nulaten	ADJ
nulate’n	ADJ
nulh	PRON
nulm	NOUN
num	NUM
numami	PROPN
number	NOUN
number-ah	NOUN
numbers	PROPN
number’	PUNCT
numitor	PROPN
nun	NOUN
nun'	NOUN
nun,	NOUN
nun.	NOUN
nun?	NOUN
nuna	ADJ
nuna,	NOUN
nunah	NOUN
nunau	ADJ
nunau,	ADJ
nunauho	NUM
nunaute	ADJ
nunavut	ADP
nunchan	ADJ
nundan	ADJ
nundana	ADJ
nunes	PROPN
nunez	PROPN
nunez,	PROPN
nunfelan	PROPN
nung	ADJ
nung,	ADJ
nung.	ADJ
nunga	NOUN
nunga,	NOUN
nungah	NOUN
nungba	PROPN
nungcha	ADJ
nungcha,	ADJ
nungchang	ADJ
nungchanga	PRON
nungchangah	ADJ
nungchangte	ADJ
nungchate	ADJ
nungdama	ADJ
nungdamin	ADJ
nungdamte	VERB
nungi	PROPN
nungin	NOUN
nungin,	NOUN
nungphung	ADJ
nungte	ADJ
nungtu	VERB
nungtu,	NOUN
nung’	DET
nunhlui	ADJ
nunho	NOUN
nunhona	NOUN
nunin	NOUN
nunkawng	ADJ
nunkawngah	DET
nunkhaw	NOUN
nunkhua	ADJ
nunmawi'	PUNCT
nunmawia	PROPN
nunna	ADJ
nunna,	ADJ
nunnaah	ADJ
nunnain	VERB
nunna’	ADJ
nunnem	NOUN
nunnem,	NOUN
nuno	PROPN
nunphung	ADJ
nunphung,	ADJ
nunphunga	ADJ
nunphungah	ADJ
nunpui	ADJ
nunpui?	ADJ
nunpuia	PROPN
nunpuia!"	PART
nunpuia'n	PROPN
nunpuia-an	PROPN
nunpuia.	NOUN
nunpuii	PROPN
nunpuina	AUX
nunpuitu	ADJ
nunrawn	VERB
nunrawng	ADJ
nunrawngin	ADJ
nunrawnna	NOUN
nunrawnnaah	ADJ
nunrâwn	VERB
nunrâwnnate	NOUN
nunsury	ADP
nunte	DET
nunthanga	CCONJ
nunthar	ADJ
nunthara	PROPN
nunui	PROPN
nunui'n	CCONJ
nunzia	NOUN
nun’	NOUN
nupa	NOUN
nupa,	NOUN
nupa/inkawi	PRON
nupaa	NOUN
nupui	VERB
nupui,	VERB
nupui/	PROPN
nupui/pasal	PRON
nupuia	ADJ
nupuiah	ADJ
nupuiin	ADJ
nupuite	VERB
nupuitu	PROPN
nupur	PROPN
nur	DET
nure	PUNCT
nuri	PROPN
nurmagomedov	PROPN
nurpur	ADP
nurse	NOUN
nurse-te	DET
nursery	PROPN
nurseten	VERB
nursing	NOUN
nusa	PROPN
nut	ADJ
nutapa	ADJ
nutate	NOUN
nute	NOUN
nutei	PRON
nutella	PROPN
nuten	NOUN
nuthlawi	NOUN
nutling	ADV
nutrient	NOUN
nutrients	CCONJ
nuts	NOUN
nvbdd	PROPN
nwpra	VERB
nws	PROPN
nyako	PUNCT
nyby	PROPN
nyk	ADP
nyk-in	PROPN
nyks	PROPN
nyoma	PROPN
nzonzi	PROPN
ná	NOUN
ná,	NOUN
nán	NOUN
náwlpui	ADJ
náwlpuiin	ADJ
nâ	VERB
nâ,	VERB
nâin,	NOUN
nâk	CCONJ
nâkruh	NOUN
nâl	ADJ
nân	CCONJ
nân,	NOUN
nân.	NOUN
nâna	ADJ
nâng	VERB
nângmah	ADJ
nâp	AUX
nâp.	PUNCT
nâwlpui	ADJ
nâwt	VERB
nã.	ADV
nêk	VERB
nêk.	VERB
nêktu	PROPN
nêl	ADV
nêm	PROPN
nêm,	ADJ
nên	CCONJ
nên,	NOUN
nên.	VERB
nêna	ADJ
nêp	VERB
ní	NOUN
nî	ADV
nîah	ADJ
nîmes-ah	PROPN
nîte	ADJ
nî’	ADV
nørgaard	PROPN
nû,	NUM
nāhuatl	PROPN
o	ADJ
oak	NOUN
oar	NOUN
oasis	PROPN
oat	NOUN
oatmeal	DET
oats	NOUN
oaxaca-ah	PUNCT
ob	DET
ob-12-a	DET
obama	PROPN
obc	PROPN
obed-edoma	PROPN
oberoi	PUNCT
obi	ADJ
obligated	ADJ
obninsk	PROPN
oboe	NOUN
obscurity	PRON
observer	NOUN
oc	PROPN
ocala-ah	PROPN
ocampos	PROPN
occitan	PROPN
occupy	PROPN
ocean	PROPN
oceania	PROPN
ocha	PROPN
ochieng	NOUN
ocotber	PRON
oct	ADP
oct,	PROPN
oct.	PROPN
oct/nov	PROPN
octagon	PROPN
october	PROPN
october,	PROPN
october-a	PROPN
october-ah	PRON
odds	PROPN
odegaard	NOUN
odf	DET
odf,	ADP
odi	PROPN
odisha	PROPN
odisha-ah	PROPN
odoi-a	DET
odometer	NOUN
oedipus	PROPN
of	ADP
ofc	PROPN
off	ADP
offcut	PROPN
offee	CCONJ
offer	NOUN
office	NOUN
office,	PROPN
office-a	PRON
office-ah	NOUN
office-ah,	NOUN
office-in	ADP
officeah	AUX
officer	NOUN
officer,	PROPN
officer-in	ADP
officer-in-charge	PROPN
officer-te	NOUN
officer-ten	DET
officers	PROPN
officerte	NOUN
official	NOUN
official,	NOUN
official-a	VERB
official-in	PROPN
official-te	NOUN
official-ten	NOUN
officials	PUNCT
officials-te	PROPN
officialte	VERB
offroad	ADJ
offset	PROPN
offshore	ADJ
offside	ADP
offside-a	AUX
ogawa	PROPN
ogbeche	PROPN
ogbene-a	PROPN
oglethorpe	PROPN
ogq	PUNCT
oh!	INTJ
oh,	INTJ
ohara	PROPN
ohio	VERB
ohio-ah	PROPN
ohms	NOUN
oic	PROPN
oikos	PROPN
oil	NOUN
oinam	CCONJ
ok	ADJ
ok,	INTJ
okereke	PROPN
okinawa-ah	PROPN
okinawan	PROPN
oklahoma	NOUN
okm	PROPN
okolie	PUNCT
okonion	PROPN
oktoberfest	PROPN
ola	DET
olajuwon	PROPN
old	PROPN
oldham	PUNCT
oldies	PROPN
ole	PROPN
oleg	PROPN
oleksandr	PUNCT
oleksiak	PROPN
oleksii	PROPN
oleksiy	PROPN
olimpico	PROPN
olimpico-a	PROPN
olimpico-ah	PROPN
olise	PROPN
oliv	PROPN
olive	NOUN
oliveira	PROPN
oliver	PROPN
olivia	PROPN
olivier	PROPN
olkowski	PROPN
olmo	NOUN
olney	PART
olya	NOUN
olympiacos	PUNCT
olympiakos	PUNCT
olympians	PROPN
olympiastadion	PROPN
olympic	PROPN
olympic-a	PRON
olympic-ah	PRON
olympics	PROPN
olympics-a	AUX
olympics-ah	DET
olympique	PRON
olympus	NOUN
om	PROPN
oma	PROPN
oman	PROPN
omar	PROPN
omari	PUNCT
omb	ADP
ombudsman	PROPN
omegle	PROPN
omelet	NOUN
omelette	DET
omicron	PROPN
omidvar	PROPN
omom-i	PROPN
omomi	PROPN
omonia	PROPN
omorodion	PROPN
omria	NOUN
on	ADP
onama	PROPN
onana	PROPN
ongc	ADJ
onish	PUNCT
online	ADJ
online-a	ADV
online-ah	ADV
online-in	ADV
onodo	PROPN
onone	PROPN
onorc	ADP
ons	PROPN
onsen	VERB
onstage	VERB
onstage-ah	PROPN
ontake	PROPN
ontario-ah	VERB
oo	PROPN
oophorectomy	NOUN
opa	PROPN
opd	PROPN
opd-ah	PUNCT
open	PROPN
open,	DET
open-a	PROPN
open-ah	PROPN
opera	NOUN
operatic	ADJ
operating	NOUN
operation	NOUN
ophra	NOUN
opioid	NOUN
opium	NOUN
opoku	PROPN
oppenheimer	PART
oppo	PROPN
opposite	ADJ
opposition	NOUN
opposition-ah	NOUN
oprah	PROPN
ops	PROPN
optic	NOUN
ora	PROPN
orange	PROPN
orangutan	PUNCT
oranje	PROPN
oranje-in	VERB
orator	NOUN
orban	PROPN
orbit	PART
orbit-ah	NOUN
orc	NOUN
orchid	NOUN
orcs	ADP
order	NOUN
order-in	DET
oregon	PROPN
orejuela	PROPN
orga-nisation,	DET
organ	ADJ
organic	ADJ
organisation	PROPN
organisation-i	PROPN
organising	PROPN
organist	NOUN
organization	NOUN
organizing	PROPN
organs	NOUN
origi	PROPN
origin	PART
original	ADJ
orikhiv	ADP
orina	PROPN
oriol	PROPN
orison	PROPN
orlando	PROPN
orleans	PROPN
orr	PROPN
ors	PROPN
orthodox	PROPN
oršic	PUNCT
osa	PROPN
osaka	PROPN
osaka-a	DET
osaka-ah	PROPN
osako	PROPN
osama	PROPN
osasuna	PROPN
osborne-te	NOUN
osbourne	PROPN
oscar	PROPN
osd	PUNCT
osgodd	DET
osimhen	ADP
osimhen-an	ADV
osiris	PROPN
oslo	PROPN
oslo-ah	ADP
osorio	PROPN
ossetia-a	PROPN
ost	PROPN
ost,'thlah	PROPN
ostapenko	PROPN
osteroporosis:	NOUN
ostrich	NOUN
osvaldo	PRON
oswalt	PROPN
ot-ah	PROPN
othniela	PRON
otoniel-a	PROPN
otto	VERB
ottoman	PROPN
ouattara	PROPN
ought)	AUX
ousmane	PROPN
out	ADV
outcome	NOUN
outdated	ADP
outdoor	ADJ
outer	ADJ
outfit	NOUN
outlook	PROPN
outpost	NOUN
output	ADJ
outsourcing	NOUN
out’	VERB
ov	PROPN
ovaries	NOUN
ovary	ADJ
ovella	PUNCT
oven	PROPN
oven-ah	NOUN
over	ADP
overdi	VERB
overdose	ADJ
overload	AUX
overseas	PROPN
overtime-a	PRON
overtime-ah	NOUN
overweight	AUX
oviedo	PROPN
ovulation	NOUN
ovum	NOUN
owaisi	PROPN
owen	PROPN
oxfam	PROPN
oxford	PROPN
oxford-a	ADP
oxlade-chamberlain	PROPN
oxygen	NOUN
oxygen,	NOUN
oyarzabal	PROPN
oyster	NOUN
oysters	NOUN
oz	ADP
ozan	ADP
ozawa	PROPN
ozil	PROPN
ozone	NOUN
ozzy	PUNCT
p	PROPN
p!nk	PROPN
p&e	PROPN
p&sons	PUNCT
p,	PROPN
p-thian	DET
p.	PROPN
p.c.	PROPN
p.m.	NOUN
p.sangzuala,	PROPN
p.t.	VERB
pa	NOUN
pa!	NOUN
pa'n	NOUN
pa,	NOUN
pa-fa	ADJ
pa-hnih	ADV
pa-hnihah	AUX
pa-mi	PUNCT
pa-rawn	VERB
pa.	NOUN
pa2	PROPN
pa?	NOUN
paah	NOUN
pablo	NOUN
pac	PROPN
pac,	PROPN
pac-man	PROPN
pacers	PROPN
pachak	DET
pachan	PRON
pachang	NOUN
pachanga	NOUN
pachangah	ADJ
pachhe	ADJ
pachhia	ADJ
pachhiat	ADJ
pachhiate	NOUN
pachhunga	PROPN
pachuau	NOUN
pachuau,	NOUN
pachuau-in	PROPN
pachuauin	PROPN
pachuca	PROPN
pacific	PROPN
pack	NOUN
package	NOUN
packham	PROPN
pacman	PUNCT
pacquiao	PROPN
pacs	PROPN
pad	NOUN
padak	PROPN
padak-2019	PROPN
padak:	PROPN
paddan-aram	NOUN
paddleboarding	VERB
padhoa	PROPN
padikkal	PROPN
padinga	PROPN
padma	PROPN
padukone	PROPN
paella	NOUN
paetongtarn	PROPN
pafa	NOUN
pagan	NOUN
page	NOUN
page-ah	NOUN
pageant	ADJ
pah	NOUN
pah.	NOUN
paha	SCONJ
pahalgam	PROPN
pahfawmin	DET
pahin	NOUN
pahin,	NOUN
pahinhna	DET
pahlira	PROPN
pahnih	NOUN
pahnih!	NOUN
pahnih,	NOUN
pahnih-hnih	PUNCT
pahnih.	NOUN
pahnih;	NOUN
pahnih?	NOUN
pahniha	ADJ
pahnihaah	PART
pahnihah	ADJ
pahnihin	NOUN
pahnihna	ADJ
pahnihna,	ADJ
pahnihna?	ADJ
pahnihnaa	ADJ
pahnihnaah	ADJ
pahnihnain	DET
pahnihna’	ADJ
pahnihte	ADJ
pahnihte,	ADJ
pahnihten	NOUN
paho	NOUN
pahom-a	PROPN
pahoma	PROPN
pahoss	PROPN
pahrawn	ADJ
pahrawnte	NOUN
pai	VERB
pai,	VERB
pai-ah	VERB
pai.	VERB
paia	ADJ
paiah	ADJ
paid	VERB
paih	VERB
paih,	VERB
paih.	VERB
paiha	AUX
paiha,	NOUN
paihbo	ADJ
paihchhuah	NOUN
paihchhuak	NOUN
paihin	VERB
paihna	ADJ
paihnem	ADJ
paihsak	NOUN
paihte	ADJ
paihthla	VERB
paihthla.	VERB
paihthlak	ADJ
paihthlakah	AUX
paihthlakin	NOUN
paihthlakna	VERB
paihthlâk	ADJ
paihtu	ADJ
paihtute	ADJ
paihtîr	NOUN
paiin	NOUN
pain	NOUN
painkiller	NUM
paint	PRON
painter	VERB
painting	NOUN
paipawn	VERB
pair	VERB
paire	PROPN
pairetto	PROPN
paitawih	NOUN
paite	PROPN
paiten	NOUN
paithar	PROPN
paitir	NOUN
paitu	NOUN
paixao	PROPN
paiṭawih	ADJ
pajar	NOUN
pak	VERB
pakai	VERB
pakaisan	NOUN
pakaw	NOUN
pakhangba	PROPN
pakhat	ADJ
pakhat,	ADJ
pakhat-ah	PART
pakhat.	ADJ
pakhata	ADJ
pakhatah	ADJ
pakhatin	PRON
pakhatin,	PRON
pakhatmah	ADJ
pakhatna	ADJ
pakhatnaah	ADJ
pakhatnaah,	ADJ
pakhatte	PUNCT
pakhtunkhwa	PROPN
pakhuangte,	PROPN
pakhwada	PROPN
pakistan	PROPN
pakistan,	PROPN
pakistan-a	PROPN
pakistan-ah	PROPN
pakistan-in	PRON
pakistanin	SCONJ
pakla	VERB
pakua	ADJ
pakua-ten	NUM
pakuaa	ADJ
pakuaah	DET
pakuana	ADJ
pakuanaah	ADV
pakuate	NOUN
pal	NOUN
pal.	NOUN
palace	PROPN
palace-a	DET
palace-ah	NOUN
palace-in	PUNCT
palai	VERB
palai,	VERB
palaiin	PROPN
palais-royal	DET
palaite	VERB
palaiten	NOUN
palak	ADJ
palanpur	PROPN
palawia	PROPN
palermo	CCONJ
palermo-in	PROPN
palestina	PROPN
palestine	ADP
palestinian	ADJ
palestinian,	ADJ
palestinians	PROPN
palewa	CCONJ
palh	ADJ
palh,	ADJ
palh.	ADJ
palhah	NOUN
palhin	ADJ
palhinha	ADP
palhte	NOUN
pali	ADJ
pali,	ADJ
pali/	NOUN
palia	ADJ
paliah	ADJ
palian	DET
paliang	VERB
paliin	ADJ
paliina	ADJ
palin-in	PROPN
palina	ADJ
palina,	ADJ
palinaa	ADJ
palinaah	ADJ
palinaah,	ADJ
palindrome	NOUN
palite	ADJ
palkin	PROPN
pallotta	PROPN
palm	PROPN
palmas	PROPN
palmeiras	PROPN
palmer	PROPN
palnar	PROPN
paloschi,	PROPN
palsang	ADJ
palsangah	PROPN
paltang	AUX
palte	ADJ
paltiela	PROPN
palting	PART
paltlang	ADJ
paltlang,	ADJ
paltlang.	ADJ
paltlanga	ADJ
paltlangin	ADJ
paltlangin,	ADJ
paltlangtu	NOUN
palyer	PRON
palzam	VERB
palzut	ADJ
palzut.	ADJ
palzutin	NOUN
palzutna	ADJ
palzutnaah	ADJ
palzutsak	VERB
palzutsakna	DET
palzût	NOUN
pam	ADJ
pamela	PROPN
pamham	VERB
pamhamte	ADJ
pami,	ADV
pamphlet	NOUN
pamra	PROPN
pan	VERB
pan,	VERB
pan-ah	VERB
pan.	VERB
pana	NOUN
panama	PROPN
panathinaikos	PROPN
pancake	NOUN
panchayat	PROPN
panchkula,	PROPN
panda	NOUN
pandal	VERB
pandal-ah	VERB
pande	PROPN
pandey	PROPN
pandhare	PROPN
pandhurna	PROPN
pandit	PROPN
pandya	PROPN
panel	NOUN
panel-ah	NOUN
panels	NOUN
pang	NOUN
pang,	ADJ
pang.	NOUN
panga	ADJ
panga,	ADJ
panga-na	ADJ
pangaah	ADJ
pangah	NOUN
pangahte	NOUN
pangai	VERB
pangai,	AUX
pangaia	NOUN
pangain	NUM
pangal	PUNCT
pangana	ADJ
panganaah	NOUN
panganain	VERB
pangang	NOUN
pangang'	NOUN
pangangai	NOUN
pangangte	ADJ
panganna	PRON
pangate	ADJ
pangbalkawn	CCONJ
pangbalkawn,	PROPN
pangchang	NOUN
pangkhing	NOUN
pangkhua	VERB
pangkhuaa	ADP
pangngai	ADJ
pangngai,	ADJ
pangngai.	ADJ
pangngai;	ADJ
pangngaia	ADJ
pangngaiah	ADJ
pangngaiin	ADJ
pangngaiin,	ADJ
pangngaite	NOUN
pangngaiten	NOUN
pangngang	PRON
pangpar	NOUN
pangparah	NOUN
pangparhnima	PROPN
pangparin	NOUN
pangparte	NOUN
pangparthi	NOUN
pangpâr	NOUN
pangpârte	NOUN
pangtibawl	DET
pangzawl	PROPN
panhnah	ADJ
panikanti-a	AUX
panin	ADJ
panin,	ADJ
panini	NOUN
panjshir	PROPN
pankaj	PROPN
pankhawm.	PROPN
panlty	DET
panna	DET
panneerselvam	VERB
panngai	ADJ
panngaiah	PROPN
panngan	NOUN
panoramic	ADJ
panpui	ADJ
panpui.	ADJ
pansan	VERB
pansan.	VERB
pant	PROPN
pantan.	VERB
panteii	NOUN
panthankot	PROPN
panther	PROPN
pantir	ADJ
pantu	ADJ
pantute	NOUN
panty	ADP
panzi	DET
paolienlal	PUNCT
paolo	PROPN
pap	PROPN
pap.	NOUN
papa	PROPN
papar	AUX
papaya	NOUN
pape	PROPN
paper	NOUN
paper-a	NOUN
paper-ah	PROPN
paper-te	NOUN
paperin	NOUN
paperwork	NOUN
paphos	ADP
papiamento	PROPN
papu	PROPN
papua	PROPN
paqueta	PROPN
paqueta,	PROPN
par	VERB
par!	VERB
par-chhuang’	PROPN
par.	VERB
para	PROPN
para-athlete	NUM
para-church	NOUN
paracetamo	PROPN
paracetamol	VERB
parachute	NOUN
parade	NOUN
parade'	PROPN
parade’	PROPN
paradis	NOUN
paradis,	VERB
paradise	PROPN
paradise,	PROPN
paradise-a	PROPN
paradox	NOUN
paragliding	PUNCT
paragon	AUX
paragraph	NOUN
paraguay	PROPN
paraguayan	AUX
parakrama	PROPN
paralympics	PROPN
paralympics-ah	PROPN
paramedic	DET
parameswaran	PROPN
paramilitary	ADJ
paramore	PROPN
paran	ADJ
paraolon	PROPN
paratha	NOUN
paratici	PROPN
parawl	PRON
parc	PROPN
parcentage	ADV
parchhuah	NOUN
parda	VERB
pardew	VERB
parema	PUNCT
pareng	PROPN
paresh	VERB
parh	NOUN
parh.	NOUN
pari	PROPN
pari'n	PROPN
pari,	PUNCT
pari-i	PROPN
pari-in	PROPN
paria	AUX
pariat	ADJ
pariat,	ADJ
pariata	ADJ
pariatah	NOUN
pariatin	NOUN
pariatna	ADJ
pariatnaah	ADJ
pariatte	NOUN
parin	VERB
parineeti	PROPN
paris	PROPN
paris-a	ADP
paris-ah	PROPN
paris-match	PROPN
parish	PROPN
parish,	PROPN
parishad	AUX
parishad-te	PRON
parivar	PROPN
pariwar	PROPN
pariyojana	PROPN
park	PROPN
park-a	NOUN
park-ah	NOUN
park-i	PROPN
park.	VERB
parker	PROPN
parking	NOUN
parkingah	NOUN
parkinson	PROPN
parks	PROPN
parlam	VERB
parliament	PROPN
parliament-a	AUX
parliament-ah	PROPN
parliamentarian	DET
parliamentary	ADJ
parma	PROPN
parma-ah	ADP
parmanent	PROPN
parmawi	NOUN
paro	VERB
parpari	PUNCT
parrikar	PUNCT
parrimtui	PROPN
parrot	NOUN
part	PROPN
part-2	NUM
part-ah	NOUN
part-time	ADJ
parte	NOUN
partei	VERB
parteii	PROPN
partey	PROPN
partha	PUNCT
parthi	NOUN
participate	PRON
participation	NOUN
participatory	PROPN
particle	NOUN
particularities	NOUN
partition	DET
partner	NOUN
parton	PROPN
party	NOUN
party,	NOUN
party-a	PRON
party-ah	NOUN
party-in	DET
party-naah	NOUN
party-te	NOUN
party-ten	PUNCT
paruak	AUX
paruk	ADJ
paruk,	NUM
paruka	ADJ
parukah	NOUN
parukin	NOUN
parukna	ADJ
parukna.	ADJ
paruknaa	PUNCT
paruknaah	ADJ
parukte	NOUN
parule,	PROPN
parva	NOUN
parva-iii	PROPN
parvonspas	AUX
parwana	PUNCT
parṭhi	NOUN
pasal	NOUN
pasal,	NOUN
pasal-ah	VERB
pasala	ADJ
pasalin	NOUN
pasalte	NOUN
pasaltha	NOUN
pasalthaah	VERB
pasalthate	ADJ
pasalthaten	PROPN
pasalthatna	ADJ
pasalṭha	NOUN
pasalṭhate	NOUN
pasarih	ADJ
pasarih,	ADJ
pasariha	ADJ
pasarihah	NOUN
pasarihin	NOUN
pasarihna	ADJ
pasarihnaa	NOUN
pasarihnaah	ADJ
pasarihte	NOUN
pasarihte’	NOUN
pascal	PROPN
pascoe	PROPN
pasighat	PRON
pass	VERB
pass-te	VERB
pass.	NOUN
passage	NOUN
passed	VERB
passenger	NOUN
passenger-te	PRON
passport	NOUN
passportu	PROPN
password	NOUN
pasta	NOUN
pastafarianism	PROPN
pastawr	NOUN
paste	PROPN
pastor	NOUN
pastor,	NOUN
pastor-in	DET
pastor-te	PUNCT
pastor-ten	PROPN
pastor/upaten	PROPN
pastore	PROPN
paswan	PROPN
pat	PROPN
patawpin	VERB
pate	ADJ
pate'n	NOUN
pate,	ADJ
pate:	ADJ
patea	NOUN
patea,	PROPN
pateah	ADV
patek	AUX
patel	PROPN
patel-in	PROPN
paten	ADJ
patent	NOUN
pathania	PROPN
patharkandi	VERB
pathiam	PART
pathian	NOUN
pathian!	NOUN
pathian'hming'	VERB
pathian,	NOUN
pathian-in	NOUN
pathian.	NOUN
pathian?!	NOUN
pathiana	ADJ
pathianah	ADJ
pathianin	ADJ
pathianin,	ADJ
pathianmalsawmdawngliana	PROPN
pathianna	ADJ
pathianna’	NOUN
pathianni	NOUN
pathianni,	NOUN
pathianni-ah	PROPN
pathianni.	NOUN
pathiannia	ADJ
pathianniah	ADJ
pathiannu	ADJ
pathiante	ADJ
pathiantute	NOUN
pathian’	NOUN
pathlawi	NOUN
pathum	ADJ
pathum,	ADJ
pathum-	NUM
pathum-ah	ADV
pathum-delhi,	PROPN
pathum-na	NUM
pathum-zaphetha,	VERB
pathum:	ADJ
pathuma	NOUN
pathumah	ADJ
pathumhebrai,	AUX
pathumin	ADJ
pathumna	ADJ
pathumna:	ADJ
pathumna:school	NOUN
pathumnaa	ADJ
pathumnaah	ADJ
pathumnaah’	DET
pathumnain	ADJ
pathumnamizo	NOUN
pathumte	NOUN
pathumten	NOUN
patiala	PROPN
patidar	PROPN
patil	PROPN
patil-a	PROPN
patkar	PROPN
patla	NOUN
patliang	VERB
patling	VERB
patling,	VERB
patmos	ADP
patna	PROPN
patna-a	VERB
patnaik	PROPN
paton-a	PRON
patočka	PROPN
patrice	PROPN
patrick	PROPN
patrike	NOUN
patriots	PROPN
patrol	NOUN
patron	PROPN
patterson-a	PROPN
patton	PROPN
patton-a	PROPN
patty	PROPN
patêk	DET
pau	NOUN
paukhauh	NOUN
paukhauhna	NOUN
paukhauhna,	NOUN
paul	PROPN
paul,	PUNCT
paula	PROPN
paula'n	PROPN
paulan	PROPN
paulan,	PROPN
paula’n	PROPN
paula’n,	PROPN
paule	PROPN
paulians	VERB
paulinho	PROPN
paulinho,	VERB
paulo	PROPN
paulo-ah	ADP
pausawmthang	PROPN
pause	NOUN
pausianmuanga	PROPN
pautu	NOUN
pautu-in	PROPN
paval-i	NOUN
pavalai	PROPN
pavalai,	ADJ
pavel	NOUN
pavement	VERB
pavilion	PROPN
paving	PROPN
pavithra	ADJ
pavitra	ADP
pavlov	PROPN
pavlovic	PROPN
pavlyu-chenkova	PUNCT
paw	NOUN
paw'n	AUX
pawar	PROPN
pawel	PROPN
pawh	CCONJ
pawh!	CCONJ
pawh,	CCONJ
pawh.	CCONJ
pawh;	CCONJ
pawha	CCONJ
pawhdawh	ADJ
pawhin	CCONJ
pawhin'	CCONJ
pawhin,	CCONJ
pawhin.	CCONJ
pawhin;	CCONJ
pawhina	VERB
pawhinthlatin	PUNCT
pawhna	VERB
pawhsei	VERB
pawhtawi	VERB
pawhthen	NOUN
pawhthlak	VERB
pawhthlaksak	PROPN
pawhtu	ADJ
pawh‘digital	AUX
pawi	VERB
pawi!second	DET
pawi,	VERB
pawi-mawh	NOUN
pawi.	VERB
pawi?	VERB
pawia	VERB
pawibawia	PROPN
pawih	VERB
pawikhawih	PRON
pawikhawihna	PRON
pawikhawihtu	ADJ
pawikhawihtua	ADJ
pawikhawihtute	NOUN
pawikhawitute	DET
pawikhawituten	VERB
pawimawh	ADJ
pawimawh,	ADJ
pawimawh.	ADJ
pawimawh?	ADJ
pawimawha	VERB
pawimawha,	VERB
pawimawhah	ADJ
pawimawhin	NOUN
pawimawhin,	NOUN
pawimawhna	ADJ
pawimawhna?	ADJ
pawimawhnate	NOUN
pawimawhsak	VERB
pawimawhte	ADJ
pawimawhte:	ADJ
pawimawhtu	ADJ
pawimawhzia	NOUN
pawimawhziate	NOUN
pawimawh’	ADJ
pawimawihna	PROPN
pawina	ADP
pawina,	PRON
pawina?	VERB
pawisa	ADJ
pawisa,	ADJ
pawisa-a	DET
pawisa-bag	NOUN
pawisaa	NOUN
pawisaah	ADJ
pawisafai	ADP
pawisain	PRON
pawisak	NOUN
pawisalo	NOUN
pawisate	NOUN
pawisawi	ADJ
pawisawina	ADJ
pawiti	ADJ
pawitih	NOUN
pawitihna	ADJ
pawizia	ADV
pawl	NOUN
pawl,	NOUN
pawl-hring	ADJ
pawl.	ADJ
pawla	ADJ
pawla,	ADJ
pawlah	ADJ
pawlahte	ADJ
pawlawh	ADJ
pawlh	ADJ
pawlh.	ADJ
pawlha	ADJ
pawlhna	NOUN
pawlho	ADJ
pawlin	NOUN
pawlin,	NOUN
pawlna	ADJ
pawlpui	ADJ
pawlpuite	ADJ
pawlrang	PROPN
pawlte	ADJ
pawlte,	ADJ
pawlten	ADJ
pawltlak	NOUN
pawl’	VERB
pawm	VERB
pawm,	VERB
pawm.	VERB
pawm?	VERB
pawma	ADJ
pawma,	ADJ
pawmawh	VERB
pawmawm	ADJ
pawmchilh	ADJ
pawmin	ADJ
pawmin,	ADJ
pawmlai	ADJ
pawmna	ADJ
pawmpui	ADJ
pawmpui.	ADJ
pawmpuiin	ADJ
pawmpuiin,	ADJ
pawmpuina	ADJ
pawmsak	ADJ
pawmsak.	ADJ
pawmsakin,	PART
pawmte	ADJ
pawmtlak	ADJ
pawmtu	NOUN
pawmtu,	NOUN
pawmzam	ADJ
pawmzamin	NOUN
pawn	ADJ
pawn!	ADJ
pawn,	ADJ
pawn-ah	PROPN
pawn.	ADJ
pawna	ADJ
pawnah	NOUN
pawnahte	PRON
pawnchhuah	NOUN
pawnchhuahin	PART
pawndum	NOUN
pawnfen	NOUN
pawnfente	ADV
pawnfên	ADJ
pawng	NOUN
pawngah	NOUN
pawngi	PROPN
pawngkah	VERB
pawngnekna	NOUN
pawngpaw	VERB
pawngsual	ADJ
pawngsual,	ADJ
pawngsual.	ADJ
pawngsuala	ADJ
pawngsualah	ADJ
pawngsualna	NOUN
pawngsualte	NOUN
pawngsualtu	ADJ
pawngsualtua	ADJ
pawngusal	ADP
pawng≠sual	DET
pawnlam	ADJ
pawnlama	ADJ
pawnlamah	ADJ
pawnlang	ADJ
pawnlanga	ADJ
pawnlâng	NOUN
pawnto	VERB
pawntui	PRON
pawnva	PUNCT
pawnvar	ADJ
pawp	ADJ
pawp.	ADJ
pawpa	ADJ
pawr	ADV
pawrh	ADV
pawrmanchester	PROPN
pawsa	AUX
pawson	PROPN
pawt	VERB
pawt.	VERB
pawtchat	PART
pawtchat.	VERB
pawtfan	VERB
pawtparh	VERB
pawtparh.	NOUN
pawtpharh	ADP
pawtpharhin	NOUN
pawtsei	VERB
pawtsei.	VERB
pawtseiin,	NOUN
pay	PROPN
payet	PROPN
payment	NOUN
payments	PROPN
payne	PROPN
payphone	NOUN
paystubs	NOUN
pazawn	PART
pazawna	PROPN
paîs	PROPN
paṭhian	VERB
paṭhiannu	ADJ
pa’	PUNCT
pb	PROPN
pbc	NOUN
pbk	PROPN
pbl	DET
pbs-ah	ADP
pc	PROPN
pc,	PROPN
pc-a	PROPN
pca	PROPN
pcc	PROPN
pccf	NOUN
pci	PROPN
pcr	ADJ
pcv	PROPN
pcw	PROPN
pd	DET
pda	PROPN
pdc	PROPN
pdf	NOUN
pdms	PROPN
pdp	PROPN
pdrdg	SYM
pe	VERB
pe,	VERB
pe-in	ADP
pe-in,	NOUN
pe.	VERB
pe?	VERB
peace	PROPN
peaceful	ADJ
peanut	ADP
peanut-free	NOUN
pear	NOUN
pearl	NOUN
peas	NOUN
peaty	PUNCT
pechhuak	NOUN
pechhuak.	ADP
pedersen	ADP
pedestrian	NOUN
pediatric	ADJ
pediatrics	ADP
pedneker	PROPN
pedraza	PROPN
pedri	PROPN
pedro	PROPN
pedro-an	PROPN
peephole	NOUN
peerless	NOUN
peg	PROPN
pegg	VERB
pegula	PROPN
peh	VERB
pehel	VERB
pehhel?	PRON
pehhelna	PART
pehlawn	PROPN
peih	ADV
peih.	ADV
peihfel	VERB
peihin	VERB
peihin,	NOUN
peihlo	VERB
peihna	DET
peihtute	ADV
peih’	ADV
peikhawk	ADJ
pein	VERB
pein,	NOUN
peipun	PRON
peitioner	DET
peizawn	AUX
pejawn	PRON
pek	VERB
pek!	VERB
pek,	VERB
pek,’	VERB
pek.	VERB
pek/	NOUN
pek?	VERB
peka	PROPN
peka:kan	NOUN
pekah	VERB
pekahia	PROPN
pekbelh	DET
pekchhuah	NOUN
pekin	NOUN
pekir	NOUN
pekna	VERB
peksak	VERB
pekte	NOUN
pektir	DET
pek’	PUNCT
pel	VERB
pel.	VERB
pela	VERB
pele	PROPN
pelega	PROPN
pelh	ADV
pelh.	NOUN
pelh?	NOUN
pelhah	NUM
pelin	VERB
pelkas	PROPN
pelle	PROPN
pelle.	PUNCT
pellegrini	PROPN
pellistri	PROPN
peltu	NOUN
peltute	VERB
pelut	PART
pelut.	DET
pem	NOUN
pem.	NOUN
pema	PROPN
pemin	DET
pemin,	NOUN
pemlut	AUX
pemte	VERB
pen	VERB
pen,	VERB
pen-drive	NOUN
pen.	VERB
penalty	NOUN
penalty-a	SCONJ
penalty-ah	ADP
penchhuak	NOUN
penchuak	VERB
pencil	VERB
pencil,	VERB
pencil-in	ADP
pencilleh	AUX
pendrive	NOUN
peng	ADJ
peng,	ADJ
peng.	ADJ
pengah	ADJ
pengah.	ADJ
pengte	NOUN
pengthuam	NOUN
pengtin	NOUN
pengtu	ADJ
penguin	NOUN
penh-ah	PROPN
penicillin	NOUN
peninsula	PROPN
peniston	PROPN
penlight	NOUN
penna	NOUN
penny	PRON
penpal	NOUN
pensan	ADJ
pension	NOUN
pension-te	NOUN
pensionte	NOUN
pensy	PROPN
pentagon	PROPN
pentagon,	PROPN
pente	VERB
pentecostal	PROPN
penthouse	ADP
pentikos	PROPN
pentium	PROPN
penuel	PROPN
penui	NOUN
people's	PROPN
peoples	PROPN
pep	NOUN
pepe	PROPN
pepe,	NOUN
pepfar,	PROPN
peppep	PROPN
pepper	NOUN
pepperoni	NOUN
pepsi	PROPN
per	VERB
per.	VERB
percent	NOUN
percentage	NOUN
perception	NOUN
percussion	NOUN
pereira	PUNCT
perekin	VERB
pereyra	PROPN
perez	PROPN
perfectionist	NOUN
perform	VERB
perform-na	VERB
perform-te	CCONJ
performance	NOUN
perfume	DET
perga	ADP
pergamos	PROPN
perh	VERB
perh.	VERB
perhkhuang	ADJ
period	NOUN
periphery-a	DET
perisic	PROPN
perks	NOUN
permission	VERB
permit	PRON
pernampet	NOUN
perosevic	PROPN
perot	PROPN
perotti	PROPN
perry	PROPN
persecution	NOUN
persia	PROPN
persia-ah	ADP
persian	ADJ
persie	PROPN
person	NOUN
personal	ADJ
perspective	PUNCT
persuasion	NOUN
perth	PROPN
peru	PROPN
perugia	PROPN
pervez	NOUN
pes	PROPN
pes,	PROPN
pes-a	PROPN
pes-ah	PROPN
pesek	PROPN
peseta	NUM
pesi	PROPN
peso	NOUN
pesos	NOUN
pessina	PROPN
pesticide	ADJ
pesto	PROPN
pet	VERB
pet.	VERB
peta	NOUN
petah	NOUN
petchhuah	VERB
pete	PROPN
petek	ADJ
petekte	VERB
peter	PROPN
peter-a	PROPN
peter-an	PROPN
petera	PROPN
petera'n	PROPN
peterborough	CCONJ
peters	PROPN
petersburg	PROPN
pethani	PROPN
pethor	ADP
petition	DET
petkovic	ADP
petr	PROPN
petra	AUX
petro	PROPN
petrol	NOUN
petrol,	VERB
petrovic	PUNCT
petsch	PROPN
pettu	ADJ
petty	AUX
petu	ADJ
petu,	ADJ
petuin	NOUN
petute	NOUN
pezeshkian	PROPN
pezzella	PROPN
pe’	VERB
pfft!	NOUN
pfirsichbaeumchen	ADV
pfizer	PROPN
pfl	PROPN
pg	PROPN
pgba-a	PROPN
pgcil	PROPN
pgcil-in	PROPN
ph	VERB
ph.	NOUN
ph.d	NOUN
ph.d.	NOUN
ph:	PROPN
pha	VERB
pha,	VERB
pha.	VERB
pha?	VERB
phab	PROPN
phagu	PUNCT
phah	VERB
phah!	VERB
phah,	VERB
phah.	VERB
phaha	NOUN
phaha,	NOUN
phahin	NOUN
phahin,	NOUN
phahna	VERB
phai	NOUN
phai-ah	NOUN
phaia	ADJ
phaiah	ADJ
phailam	ADJ
phailama	ADJ
phaileng	PROPN
phailenga	PROPN
phailengah	PROPN
phainom	VERB
phainuam	NOUN
phainuamah	PROPN
phaipheng	NOUN
phairuangkai	PROPN
phaisen	PROPN
phaisena	DET
phaitual	NOUN
phaizau	PUNCT
phaizau,	PROPN
phaizawl	ADJ
phaizawla	ADJ
phaizawlah	ADJ
phak	VERB
phak,	VERB
phak.	VERB
phaka	ADJ
phakah	ADJ
phakin	NOUN
phakna	NOUN
phal	VERB
phal.	VERB
phala	ADJ
phalin	ADJ
phalke	PROPN
phalloh	ADJ
phalloh?	ADJ
phalloha	ADV
phalna	VERB
phalna,	VERB
phalnaa	VERB
phalnaahte	NOUN
phalrai	ADJ
phalrai.	ADJ
phalsak	NOUN
phalsak.	NOUN
phalzia	CCONJ
phan	NOUN
phantom	PROPN
phar	NOUN
phar.	NOUN
pharaoa	PROPN
pharh	VERB
pharh.	VERB
pharhin	NOUN
pharhpui	ADJ
pharisai	ADJ
pharisai-ho	DET
pharisai-ten	PROPN
pharisaite	NOUN
pharmaceutical	ADJ
pharmacist-te	NOUN
pharmacists	PROPN
pharmacy	DET
pharoa	DET
pharrell	PROPN
pharte	NOUN
pharva-ah	PROPN
pharvar	ADJ
phase	NOUN
phase-ii	PROPN
phase-iii	NOUN
phaser,	PUNCT
phat	VERB
phat.	VERB
phat?	VERB
phatah	NOUN
phatna	VERB
phatsan	NOUN
phatsan.	NOUN
phatsan;	NOUN
phatsana	NOUN
phatsanna	ADJ
phatsantu	ADJ
phatsantuah	ADJ
phatsantuten	NOUN
phatu	NOUN
phauh	ADJ
phaw	NOUN
phaw,	NOUN
phawi	VERB
phawi.	VERB
phawisak	ADJ
phawk	VERB
phawk.	VERB
phawka	VERB
phawkchhuak	ADJ
phawklek	VERB
phawn	VERB
phawng	NOUN
phawngpui	PUNCT
phawrh	VERB
phawrh.	VERB
phawrhin	VERB
phawrhna	ADV
phawt	ADJ
phawt!	ADJ
phawt.	ADJ
phawta	ADJ
phawtah	ADJ
phawtin	NOUN
phawtin,	NOUN
phayeng	PUNCT
phc	PROPN
phc-ah	PROPN
phc-ahte	PROPN
phc-in	ADP
phc-te	PUNCT
phc/chc-ah	CCONJ
phd	NOUN
phe	VERB
phe,	VERB
phed	PROPN
phed,	PROPN
pheeikhawk	PRON
phei	NOUN
phei,	NOUN
phei.	NOUN
phei?	NOUN
pheichham	ADJ
pheiikhawk	NOUN
pheiin,	NOUN
pheikhai	NOUN
pheikhat	ADJ
pheikhawk	NOUN
pheikhawk,	NOUN
pheikhawkah	NOUN
pheikhawkin	NOUN
pheikhawkte	NOUN
phek	NOUN
phek-ah	PROPN
phekah	ADJ
phekin	NOUN
phel	ADJ
phel.	ADJ
phelan	NOUN
phelh	VERB
phelh,	VERB
phelh.	VERB
phelh?	VERB
phelhin	ADJ
phelhsak	NOUN
phelin	VERB
phen	NOUN
phena	ADJ
phenah	ADJ
pheng	VERB
phenglawng	NOUN
phengpa	PRON
phengphehlep	NOUN
phengphehlepa	NOUN
pheonikhawk	SCONJ
pher	NOUN
pherh	NOUN
pherh.	NOUN
phet	VERB
pheta	ADJ
pheu	PROPN
pheuh	VERB
pheuh.	VERB
phh	PROPN
phi	VERB
phiah	NOUN
phiah,	NOUN
phiahtir	AUX
phian	ADV
phian.	ADV
phiangsen	ADJ
phiangsen!	ADJ
phiar	VERB
phiar.	VERB
phiarna	ADJ
phiarru.	PRON
phiarrukna	ADJ
phiat	VERB
phiat.	VERB
phih	VERB
phihfai	NOUN
phil	VERB
philadelphia	DET
philadelphia-ah	PROPN
philae	PROPN
phileas	PROPN
philemona	PROPN
phileta-te	PROPN
philetas	AUX
philia	NOUN
philip	PROPN
philip-a	PROPN
philipa	PROPN
philipi	PROPN
philipp	PROPN
philippe	PROPN
philippine	DET
philippines	DET
philippines-a	AUX
philippineste	CCONJ
philips	ADP
philistia	PROPN
philistia-ho	NOUN
philistia-hote	PROPN
philistines	PROPN
phillies	PROPN
phillipe	CCONJ
phillips	PROPN
philo-a	PROPN
philologist	NOUN
philosopher	NOUN
philosophiae	NOUN
philosophy	NOUN
phin	VERB
phinboro	PROPN
phinehasa	CCONJ
phing	NOUN
phir	VERB
phirpui	NOUN
phirsitu	VERB
phit	VERB
phitsak	ADV
phivawk	NOUN
phizo	PUNCT
phnom	PROPN
pho	NOUN
phoah	VERB
phobia	NOUN
phochhuah	VERB
phochhuah.	VERB
phochhuahna	ADJ
phochhuahsak	PRON
phochhuak	VERB
phochhuak.	VERB
phoenix	PROPN
pholan	ADJ
pholan.	ADJ
pholang	NOUN
pholang.	NOUN
pholangin	NOUN
pholangin,	NOUN
pholangtu	NOUN
pholanna	NOUN
pholante	VERB
phom	PROPN
phona	NOUN
phone	NOUN
phone-a	NOUN
phone-ah	NOUN
phone-in	NOUN
phone-line	NOUN
phone-te	NOUN
phone.	AUX
phonetic	PROPN
phonograph	NOUN
phoro	PUNCT
phosphorus	ADP
photo	NOUN
photocopier	NOUN
photogenic	ADJ
photography	DET
photosynthesis	PART
photuten	VERB
php	PROPN
phq	PROPN
phrasebook	NOUN
phu	VERB
phu,	VERB
phu.	VERB
phua	VERB
phuah	VERB
phuah.	VERB
phuahchawp	ADJ
phuahchawp,	ADJ
phuahchawp?	ADJ
phuahin,	NOUN
phuahte	ADJ
phuahtu	NOUN
phuahtuin	NOUN
phuahtuin,	PRON
phuahtute	NOUN
phuahtuten	NOUN
phuah’	VERB
phuai	VERB
phuaibuang	PROPN
phuaibuang,	PROPN
phuan	NOUN
phuanin	VERB
phuar	VERB
phuar.	VERB
phuarin	NOUN
phuarkhawm.	PROPN
phuarkhawmtu	NOUN
phuarna	ADJ
phuarnate	ADJ
phuarte	NOUN
phuba	NOUN
phuh	VERB
phuh,	VERB
phuh.	VERB
phuhchhuah	PRON
phuhchhuak	ADJ
phuhlip	ADJ
phuhna	VERB
phuhru	VERB
phuhruk	VERB
phuhrukin,	NOUN
phuhrukna	ADJ
phuhrun	NOUN
phuhrûk	VERB
phui	VERB
phuihnam	NOUN
phuihnam,	NOUN
phuin	VERB
phuisui	NOUN
phuisui.	NOUN
phuisuiin,	DET
phuk	NOUN
phul	NOUN
phul.	NOUN
phulbial	PROPN
phuldungsei	PROPN
phules	PROPN
phullem	NOUN
phullen	PROPN
phullen,	PROPN
phullen-ah	VERB
phullena	NOUN
phulmawi	NOUN
phulo	ADJ
phulovin	PRON
phulpui	PROPN
phulpuiah	PROPN
phulpuite	PROPN
phum	VERB
phum,	VERB
phum.	VERB
phum?	VERB
phumbo	PART
phumin	NOUN
phumna	ADJ
phun	VERB
phun-chawngah	PROPN
phun.	VERB
phun?	VERB
phunah	NOUN
phunchawng	NOUN
phunchawng,	NOUN
phunchawngah	PROPN
phunchiar	NOUN
phung	NOUN
phung.	NOUN
phunga	NOUN
phungah	NOUN
phungbawm	SCONJ
phungchawng	NOUN
phunglengah	ADV
phunglênga	PROPN
phungpuinu	PROPN
phungte	NOUN
phungthluk	NOUN
phungthluklohna	NOUN
phungzawl	VERB
phunin	ADJ
phunna	VERB
phunnawi	NOUN
phunnawi?	VERB
phunnawina	ADJ
phunnawitu	VERB
phunte	NOUN
phuntu	ADJ
phur	VERB
phur.	VERB
phura	ADJ
phurawm	NOUN
phurh	NOUN
phurh.	NOUN
phurh?	NOUN
phurhluh	VERB
phurhna	VERB
phurhsak	ADJ
phurhte	VERB
phurhten	NOUN
phurin	NOUN
phurin'	NOUN
phurin,	NOUN
phurlut.	NOUN
phurna	NOUN
phurna,	NOUN
phurnate	NOUN
phurpui	VERB
phurrit	NOUN
phurrita	ADJ
phurte	VERB
phurtu	ADJ
phurtute	VERB
phusa	NOUN
phusak	VERB
phut	VERB
phut!	VERB
phut,	VERB
phut.	VERB
phuta.	NOUN
phutawka	DET
phute	ADP
phutin	ADJ
phutna	NOUN
phutnaah	ADJ
phutte	ADJ
phuttu,	PROPN
phuzia	ADJ
physical	DET
physical-ah	ADV
physics	NOUN
physics,	PUNCT
physics-ah	PROPN
physiotherapy	PUNCT
phâ	ADV
phâk	VERB
phâr	VERB
phâwk	VERB
phêk	VERB
phêna	ADJ
phênah	ADJ
phêngphehlep,	NOUN
phêt	VERB
phîli	NOUN
phîlî	ADV
phû	VERB
phû.	VERB
phûl	NOUN
phûla	ADJ
phûldungseiah	ADP
phûllên	CCONJ
phûllênah	ADP
phûm	VERB
phûma	VERB
phûmna	ADJ
phûngzâwl	VERB
phûr	VERB
phûrawm	VERB
phûrna	VERB
phût	VERB
phût.	VERB
phûtah	DET
phûtnaah	NOUN
phűrna	NOUN
pi	NOUN
pi,	NOUN
pi.	NOUN
pi.lalnilawmi,	PROPN
pi/pu,	PRON
pi?	NOUN
piah	ADV
piah.	ADP
piaha	ADV
piahah	ADJ
piahlam	ADJ
piahlamah	ADV
piahlamah,	ADV
piai	VERB
pial	NOUN
pialral	NOUN
pialtlep	NOUN
pian	NOUN
pian-phung	NOUN
pian?	VERB
piana	NOUN
piana-ho	PROPN
piancham	NOUN
piancham?	NOUN
pianchamah	VERB
pianchamah.	NOUN
pianchampha	ADJ
pianchhuahna	NOUN
pianchhuahtir.	VERB
piang	VERB
piang,	VERB
piang.	VERB
pianga	ADJ
pianga,	ADJ
piangah	ADJ
pianghlim	VERB
piangin	VERB
piangsual	ADJ
piangsual.	ADJ
piangte	ADJ
piangthar	ADJ
piangthar,	ADJ
piangthar.	ADJ
piangthara	AUX
pianhmang	ADJ
pianken	NOUN
pianmawia	PROPN
pianna	ADJ
piannalh	ADJ
pianna‘	ADJ
pianna’	PUNCT
pianni	ADJ
pianniah	ADJ
piano	NOUN
pianphung	ADJ
pianphunga	ADJ
pianphungah	NOUN
pianpui	ADJ
pianpui.	ADJ
pianpuiin	ADJ
pianpun	VERB
piansualna	VERB
piansualtir	DET
piantedosi	PROPN
pianthar	ADJ
piantharna	VERB
pianthartir	NOUN
piantirh	NOUN
pianto	VERB
pianzia	ADJ
piar	NOUN
piastri	PROPN
pib	PROPN
pic.	AUX
picasso	PROPN
piccolo	NOUN
pickaxe	NOUN
pickle	NOUN
pickles	PROPN
pickup	NOUN
picnic	NOUN
picnic-ah	CCONJ
pics	NOUN
pictionary	PROPN
pictures	PROPN
pide	NOUN
pidgin	PUNCT
pidi	PROPN
pie	NOUN
piece	NOUN
piernaar	PROPN
piero	PROPN
pierre	PROPN
pierre-emerick	PROPN
pierre-hugues	PROPN
piers	PROPN
pif	PROPN
pifa-in	PUNCT
pigato	PROPN
pigfed	PROPN
piin	ADJ
pik	NOUN
pik-bawn	AUX
pik-up	NOUN
piknik	NOUN
pikup	NOUN
pil	VERB
pil.	VERB
pilaf	NOUN
pilah	NOUN
pilar-i	PROPN
pilata	PROPN
pilatan	ADJ
piler	PROPN
pilh	VERB
pilingkata	PROPN
pill	NOUN
pillai	PROPN
pillai-a	PRON
pills	NOUN
pilot	NOUN
pilot-te	DET
pilril	ADJ
pilêr	PROPN
pimples	NOUN
pin	NOUN
pindan	NOUN
pindana	NOUN
pindanah	VERB
pineal	DET
pineapple	ADJ
ping	VERB
ping.	VERB
pingwang	PROPN
pinho	NOUN
pink	VERB
pint	VERB
pio	PUNCT
pioli	PROPN
piotr	ADP
pipa	CCONJ
pipe	NOUN
pipersenia	PROPN
piphema-a	PROPN
pipu	NOUN
pipute	NOUN
piputen	ADJ
pique	PROPN
piranha	PROPN
pirate	NOUN
pirated	DET
pirelli	PROPN
pirlo	PROPN
piroe	PUNCT
pisa	ADJ
pisa,	ADJ
pisa-ah	NOUN
pisaa	ADJ
pisaah	NOUN
pisaahte	AUX
pisain	NOUN
pisapui	NOUN
pisate	NOUN
pisin	PROPN
pistol	NOUN
pistons	PROPN
pitar	NOUN
pitarte	NOUN
pitcher	NOUN
pitchers	PROPN
pithampur	PROPN
pitt	PROPN
piuia	ADJ
piuia,	PUNCT
pixels	ADV
piyush	PROPN
pizawn	NOUN
pizawn/	NOUN
pizza	NOUN
pizza,	NOUN
pizza-ah	AUX
pizzi	PROPN
pjanic	PUNCT
pk	PROPN
pk,	PUNCT
pl	PROPN
pla	PROPN
placebo	NOUN
plan	NOUN
plane	NOUN
plane-a	DET
planet	NOUN
planet,	NOUN
planetarium	PROPN
planetarium-ah	VERB
planning	PROPN
plant	NOUN
plant,	NOUN
plant-te	NOUN
planters	PROPN
plasma	NOUN
plaster	NOUN
plasterer	NOUN
plastic	ADJ
plate	NOUN
plate-ah	AUX
platform	NOUN
platform,	PROPN
platform-ah	NOUN
platini	PROPN
platinum	VERB
plato	PROPN
plato-a	PROPN
play	NOUN
play-ah	PROPN
player	NOUN
player-te	NOUN
player-ten	PROPN
players	NOUN
players-te	VERB
playground	NOUN
playground-ah	NOUN
playlist	PUNCT
playmaker	NOUN
playmobil	PROPN
playna	AUX
playoff	NOUN
playoff-ah	PROPN
playstore	PROPN
plaza	PROPN
plaza-ah	NOUN
plc	PROPN
pleistocene	ADP
plessis	PROPN
pli-panga	NUM
pliers	NOUN
pliskova	PROPN
plrs	PROPN
plug	NOUN
plumber	NOUN
plus	CCONJ
pluto	PROPN
plywood	NOUN
plzen	PROPN
pm	NOUN
pm-a	VERB
pm-abhim	PROPN
pm-ah	NOUN
pm-dajgua	NOUN
pm-devine	PROPN
pm-kisan	PROPN
pm-kusum	ADP
pm-usha	ADP
pm2.5	DET
pmay	PROPN
pmay-g	PROPN
pmay-u	PROPN
pmc	PROPN
pmegp	PROPN
pmgsy	PROPN
pmjjby	PROPN
pmjvk	ADP
pmk	PUNCT
pmksy	PROPN
pmkvy	NOUN
pmmsy	PROPN
pmmvy	PROPN
pmmy	PROPN
pmsby	PROPN
pmsma	PROPN
pmsvanidhi	NOUN
pmuy	CCONJ
pmvdy	NOUN
pmwa	NOUN
pna	PROPN
pnb	PROPN
pneumonia	NOUN
pneumonia,	PROPN
poak	PUNCT
poarty	ADJ
pobga	PROPN
pobitora-te	PUNCT
poch	PUNCT
pochettino	PROPN
pochettino-an	PROPN
pochi	PROPN
pochury	CCONJ
pocket	VERB
pocket-a	PRON
pocket-ah	NOUN
pocso	PROPN
podcast	NOUN
poddar	PROPN
podium	VERB
podophyllin	VERB
poem	NOUN
poems	NOUN
poet	NOUN
poetry	NOUN
pog-ba	PART
pogba	PROPN
pogba,	PUNCT
poh	ADJ
poinr	VERB
point	NOUN
point,	NOUN
point-ah	VERB
pointer-ah	ADP
points	NUM
poirei	PROPN
poit	VERB
pok	NOUN
pokal	PUNCT
pokemon	PROPN
poker	NOUN
pol	PROPN
poland	PROPN
poland,	ADP
poland-ah	ADV
poland-in	PROPN
polanski	PROPN
polar	ADJ
polarisation	NOUN
police	NOUN
police,	NOUN
police-	DET
police-ah	VERB
police-ikn	PROPN
police-in	PROPN
police-te	NOUN
police-ten	NOUN
policeman	NOUN
policepa	NOUN
policy	NOUN
policy'	ADJ
policy,	PROPN
policy-a	PRON
policy-ah	SCONJ
policymumal	ADJ
polio	NOUN
polis	PUNCT
polish	ADJ
polite	ADJ
politic	ADP
politic-a	PRON
politic-ah	NOUN
political	ADJ
politican-te	PRON
politician	NOUN
politician,	NOUN
politician-te	NOUN
politician-ten	NOUN
politiciante	AUX
politicised	VERB
politico	PROPN
politics	NOUN
politics-a	ADJ
politics-ah	NOUN
politics-in	NOUN
politik	NOUN
politik,	ADJ
polk	PROPN
pollination	NOUN
pollinator	NOUN
polling	NOUN
pollution	NOUN
polycarpa	PUNCT
polydor	PROPN
polyethylene	NOUN
polyglot	DET
polytechnic	PROPN
polythene	PRON
pom	PROPN
pomato	DET
pomlakrai	PROPN
pompeo	PROPN
pona	PROPN
pondicherry	PROPN
pongau-ah	NOUN
ponif	PROPN
pooja	PUNCT
pooja,	PROPN
poojary	PROPN
pool	NOUN
pool-a	ADP
pool-ah	NOUN
poole	PROPN
poomsae	NOUN
poomsae-ah	PROPN
pooper)	NOUN
pooran	PROPN
pop	NOUN
popcorn	VERB
pope	PROPN
poppe	PROPN
poppy	ADP
popsicle	NOUN
popstar	PROPN
population	NOUN
population-ah	PROPN
populusque	ADP
popyrin	PROPN
pore	ADJ
porn	NOUN
pornstar	NOUN
poromoko	CCONJ
porosenkho	PROPN
porro	PROPN
porsche	PROPN
port	PROPN
port-ah	PROPN
portal	NOUN
portal'	PROPN
portal-ah	DET
portfolio	NOUN
portion	NOUN
portis	PROPN
portland	PROPN
porto	PROPN
portsmouth	PUNCT
portu	PROPN
portugal	PROPN
portugal,	PROPN
portugal-ah	PROPN
portugal-in	PROPN
portuggues	ADJ
portuguese	ADJ
portuguese,	AUX
portuguese-a	PROPN
posative	PROPN
poshan	PROPN
positive	ADJ
positive-te	DET
positivism3	PUNCT
positivity	CCONJ
post	NOUN
post-ah	NOUN
post-graduate	ADJ
postage	NOUN
postal	ADJ
postcard	NOUN
postecoglou	PROPN
poster	NOUN
posting	VERB
postmortem	NOUN
postmortem-a	AUX
posts	NOUN
postsecular	ADJ
posttu	DET
pot	NOUN
potassium	NOUN
potato	NOUN
potholder	ADV
potifara	PROPN
potiphara	PROPN
potomac	PROPN
potosi	PROPN
potro	PROPN
potter	PROPN
pottery	NOUN
poultice	NOUN
pound	NOUN
powder	NOUN
powdered	ADP
powell,	PUNCT
power	NOUN
power-a	ADJ
powerlifting	PROPN
powerpoint	PROPN
powers	ADJ
powersupply	NOUN
poyet	PROPN
ppa	PROPN
pparva	VERB
ppcs	PROPN
ppcs,	PROPN
ppe	PROPN
ppp	DET
ppr	PROPN
pr	PROPN
pr,	PROPN
prabhu,	PROPN
practicable	ADV
practical-a	SCONJ
practice	NOUN
practice-ah	PROPN
practice-naah	PRON
practitioner	NOUN
pradeh	PROPN
pradesh	PROPN
pradesh,	PROPN
pradesh-a	PROPN
pradesh-ah	PROPN
pradesh-te	DET
pradest,	PROPN
pradhan	PROPN
prado	PROPN
prado-ah	DET
pradyot	NOUN
prague	PROPN
prague-a	VERB
prakash	PROPN
pranab	PROPN
prasad	PROPN
prasada	PROPN
prashan	PROPN
prasovic	VERB
pratham	ADP
prathistha'	PUNCT
pratim	PROPN
pratima	PROPN
pratt	PROPN
praveen	PROPN
pravo	PROPN
prayag	PROPN
pre	DET
pre-cognizance	ADJ
pre-delivery	ADJ
pre-islamic	ADJ
pre-matric	ADJ
pre-nup-ah	ADJ
pre-quarterfinal	ADJ
pre-rabi	PROPN
pre-school	NOUN
pre-season	NOUN
pre-ssure	VERB
preah	ADP
prebyterian	DET
precinct	NOUN
precious	PRON
predesh	PROPN
prediabetes	NOUN
preet	PROPN
prefabricated	PUNCT
prefecture	NOUN
preity	PROPN
prelim	PROPN
prelims	PROPN
premier	PROPN
premliminary	NUM
prenup	NOUN
prenuptial	DET
preorder	NOUN
prepaid	ADJ
prepak	PROPN
prepared	ADJ
presbuteros	PUNCT
presbyinkhawmpuiah	PROPN
presbyterian	PROPN
presbyterian-a	ADJ
presbytery	PROPN
presbytery,	PROPN
presbytery-ah	PROPN
presbytery-ahte	PRON
presbytery-in	PROPN
presbyteryahte	PUNCT
presbyteryin	PROPN
preschool	ADJ
prescom	ADP
prescription	PART
present	NOUN
presentation	NOUN
presentation-ah	NOUN
president	PROPN
president's	PROPN
president,	PUNCT
president-a	PROPN
president-ah	PROPN
president-elect	PROPN
president-in	PROPN
president-na	PROPN
president-te	DET
presidential	ADJ
presnel	ADV
press	PROPN
press-a	DET
press-ah	ADP
pressure	NOUN
prestatyn	ADP
preston	PUNCT
pretoria-ah	PRON
pretti	PROPN
prettyface	PROPN
pretzel	NOUN
previlege	NOUN
price	NOUN
prigozhin	PROPN
prigozhin-a	PROPN
primary	ADJ
primate	NOUN
prime	PROPN
primeira	DET
prince	PUNCT
princes	PROPN
princes-a	PROPN
princes-ah	PROPN
princess	PROPN
princewill-a	VERB
principal	NOUN
principal,	PUNCT
principle	DET
print	VERB
print,	NOUN
printer	NOUN
printer-a	NOUN
prisci	PUNCT
prism	PROPN
prison	NOUN
prison-a	AUX
prison-ah	VERB
privacy	NOUN
private	ADJ
privatisation	PRON
prix	PROPN
prix-ah	PROPN
priya	ADP
priyanka	PROPN
priyanshu	ADP
prize	NOUN
pro	PROPN
pro-vice	ADJ
pro-volleyball	ADJ
prob	PRON
probability	NOUN
proceedings	PROPN
procession	NOUN
processor	NOUN
producer	NOUN
product	NOUN
prof	PROPN
prof.	PROPN
prof.zoengpari	PUNCT
profe-ssional	ADJ
profesional	ADJ
professional	ADJ
professionalism-ah	ADV
professor	NOUN
professor,	PUNCT
proffesional	ADJ
profile	NOUN
prog-ramme	NOUN
program	NOUN
program-ah	PROPN
programe	NOUN
programe-ahte	VERB
programme	NOUN
programme,	NOUN
programme-a	NOUN
programme-ah	NOUN
programme-te	NOUN
programme-tea	CCONJ
programming	NOUN
project	NOUN
project,	PROPN
project-a	NOUN
project-ah	NOUN
projectfivethirtyeight	PROPN
prom-ah	NOUN
promoted	VERB
promotion	PROPN
promotions	PROPN
proof	AUX
proofreader	NOUN
propaganda	NOUN
propelled	VERB
property	NOUN
proposal	NOUN
proposition	DET
propper-a	PUNCT
proprietor	DET
props	NOUN
prospectus	NOUN
prosperity	PROPN
proteas	PROPN
protein	NOUN
protem	PUNCT
protestant	NOUN
protestor	NOUN
proto-indo-european	PROPN
protuberances	NOUN
prova	NOUN
provence	PROPN
province	NOUN
province-a	PROPN
province-ah	NOUN
province-te	VERB
provincialisation	PROPN
provincialise	NOUN
proxima	PROPN
proxyvon	PUNCT
prrs	PROPN
pruning	AUX
prussian	PROPN
pryayagra	PUNCT
ps	PROPN
ps-a	PROPN
ps-ah	PROPN
psd	PROPN
pseu-doephedrine	SCONJ
pseudoscience	NOUN
psg	PROPN
psg,	PROPN
psg-in	PROPN
psl-a	PRON
pste	PROPN
psu-te	PRON
psv	PROPN
psychiatrist	NOUN
psychoanalysis	NOUN
psychologist	NOUN
psychology	ADJ
pta	PROPN
ptc	PUNCT
ptea	NOUN
ptean	DET
pti	PROPN
ptolemy	PROPN
ptr	PROPN
pts	NOUN
pts-ah	PROPN
ptychozoon	ADJ
pu	NOUN
pu'	NOUN
pu,	NOUN
pu-erh	PROPN
pu.	NOUN
pu?	NOUN
pua	VERB
pua.	VERB
puah	NOUN
puahchah	NOUN
puahchhuah	VERB
puahchhuahpui	PRON
puaibui	NOUN
puak	VERB
puak.	VERB
puaka	NOUN
puakah	VERB
puakin	VERB
puakin,	VERB
puakkeh	NOUN
puakkeh!	NOUN
puakthei	ADJ
puaktu	NOUN
puakzo	NOUN
pual	NOUN
puala	VERB
pualah	VERB
pualah.	ADP
pualah;	VERB
pualin	NOUN
pualin,	NOUN
puam	VERB
puam,	VERB
puan	VERB
puana	ADJ
puanah	VERB
puanbu	NOUN
puanchei	NOUN
puancheite	PRON
puanchhuah	NOUN
puanchhuahna	NOUN
puandarh	PROPN
puandum	NOUN
puanfen	NOUN
puang	VERB
puang,	VERB
puang.	VERB
puang:	VERB
puangah	VERB
puangchhuak	ADJ
puangin	NOUN
puangin,	NOUN
puangtu	VERB
puangtu,	VERB
puangtur	VERB
puangzar	VERB
puangzar.	VERB
puangzarah	ADJ
puangzartu	NOUN
puanin	ADJ
puanlum	SCONJ
puanna	NOUN
puannuam	NOUN
puanpui	VERB
puantah	NOUN
puantahna	NOUN
puantahtute	ADJ
puante	NOUN
puanthuah	VERB
puanthui	VERB
puanthuina	NOUN
puanthuite	NOUN
puanvar	NOUN
puanven	NOUN
puanzar	VERB
puanzarah	DET
puanzâr	ADJ
puanṭhui	NOUN
puar	NOUN
puar.	NOUN
puarakah	ADV
puarna	NOUN
puarpawleng	NOUN
puasithiam	PRON
puat	VERB
puat.	VERB
pub	NOUN
pub-ah	NOUN
pubg,	PUNCT
public	ADJ
publicity	NOUN
puc	PROPN
pudding	NOUN
pudina	PROPN
puducherry	PROPN
puel-a	PROPN
puerto	PROPN
puh	VERB
puh,	VERB
puh.	VERB
puh?	VERB
puhin	NOUN
puhin,	NOUN
puhmawh	NOUN
puhna	ADJ
puhnaah	ADJ
puhnate	NOUN
puhte	NOUN
puhtu	PART
puhtute	VERB
pui	VERB
pui,	VERB
pui.	VERB
pui?	VERB
puia	PROPN
puia,	PROPN
puiah	VERB
puibawm	NOUN
puibawmtu	NOUN
puibâwm	NOUN
puih	VERB
puih.	VERB
puih?	VERB
puihna	ADJ
puihna,	ADJ
puihnaah	ADJ
puiho	DET
puii	PROPN
puii'n	PROPN
puii-an	SCONJ
puii-i	PROPN
puii-i'n	PROPN
puii-in	PROPN
puii?	PUNCT
puiin	ADJ
puiin,	ADJ
puilo	ADJ
puiltling	PART
puin	ADJ
puin.	ADJ
puina	NOUN
puipa	ADJ
puipate	ADJ
puipuia	PUNCT
puipunna	NOUN
puipunnaa	ADJ
puipunnaah	ADP
puite	NOUN
puitea	PROPN
puitea-te	PROPN
puitham	NOUN
puithiam	ADJ
puithiamho	ADJ
puithiamin	NOUN
puithiamte	ADJ
puithiamten	ADJ
puithuna	NOUN
puitlin	ADJ
puitlin.	ADJ
puitling	ADJ
puitling,	ADJ
puitlinga	ADJ
puitlingah	ADJ
puitlingin	ADJ
puitlingte	ADJ
puitlingten	VERB
puitlingtu	NOUN
puitlinna	VERB
puitu	NOUN
puitu,	NOUN
puitute	ADV
puituten	NOUN
puive	VERB
puja	PROPN
puk	NOUN
puk,	NOUN
puk-a	ADV
puk.	NOUN
puka	ADJ
pukah	ADJ
pukas	PRON
pukhraj	PROPN
pukin	VERB
pukki	CCONJ
pukpui	PROPN
pukpuiah	PROPN
puktir	VERB
puktir.	VERB
puktu	VERB
pukzing	VERB
pukzingah	VERB
pul	VERB
pulamte	PROPN
pulamte,	PROPN
pulao	NOUN
pulh	NOUN
pulhri	DET
pulis	NOUN
pulis-in	VERB
pulis-te	DET
pulisic	PROPN
puliste	NOUN
puliste'n	PRON
pulisten	VERB
pulitzer	PROPN
pulitzers	NOUN
pullover	NOUN
pulpit	VERB
pulpit-a	DET
pulpit-ah	DET
pulpitis	NOUN
pulwama	PROPN
pum	NOUN
pum?	NOUN
puma	NOUN
pumah	VERB
pumah,	VERB
pumba	DET
pumbilh	CCONJ
pumhlum	ADJ
pumhlum.	ADJ
pumhuap	PUNCT
pumin	ADJ
pumkhat	ADJ
pumkhata	NOUN
pumkhatah	NOUN
pumkhatna	NOUN
pumkhatnaah	ADP
pumna	ADJ
pump	VERB
pumpelh	NOUN
pumpelh.	NOUN
pumpelh?	NOUN
pumpelhna	VERB
pumpkin	NOUN
pumpui	NOUN
pumpui,	NOUN
pumpuia	ADJ
pumpuiah	ADJ
pumpuiin	ADJ
pumraw	NOUN
pumrua	NOUN
pun	VERB
pun.	VERB
punchakna	ADJ
punctuate	AUX
pune	PROPN
pune-a	PROPN
pune-ah	PROPN
pung	NOUN
pung.	NOUN
pungchho	NOUN
pungin	VERB
pungkhawm	ADJ
pungkhawm.	ADJ
pungkhawmho	ADJ
pungkhawmin	ADJ
pungkhawmin,	ADJ
pungkhawmte	NOUN
pungkhâwm	ADJ
punin	VERB
punjab	PROPN
punjab,	PUNCT
punjab-ah	PROPN
punjab-in	PROPN
punjabi	NOUN
punkhawm	NOUN
punkhawm-na	NOUN
punkhawmna	ADJ
punkhawmnaa	ADJ
punkhawmnaah	VERB
punlun	NOUN
punna	NOUN
punte	NOUN
punte,	NOUN
puntir	VERB
puppy	NOUN
pur	VERB
puraskar	PROPN
purges:	NOUN
purh	ADV
puri	PROPN
purim	PROPN
puritanical	ADP
purnia	PROPN
purse	NOUN
purse-ah	NOUN
purun	NOUN
purun,	NOUN
purunsen	NOUN
purunvar	PROPN
purushothaman	PROPN
pushpak	PROPN
pushup	PRON
puskas	PROPN
put	VERB
put.	VERB
put?	VERB
puta	NOUN
putar	NOUN
putar,	NOUN
putarte	NOUN
putchhan	VERB
putchhuak	VERB
pute	VERB
pute,	PROPN
putea	AUX
puteho	ADJ
putellas	NOUN
puten	VERB
puthiamte	NOUN
puthmang	ADJ
puthmang,	ADJ
putin	PROPN
putin-a	PROPN
putina	ADJ
putlinin	ADJ
putsak	VERB
puttir	ADJ
puttîr	NOUN
putu	ADV
puty	NOUN
putzia	NOUN
puzawn	ADJ
puzawn,	ADJ
puzawn’	ADJ
puzung	VERB
puzzle	VERB
puâng	VERB
pu’	NOUN
pv	NOUN
pvfc	PROPN
pvl	PROPN
pvt	PROPN
pvt.	PROPN
pvt.ltf	PROPN
pwd	PROPN
pwd,	PUNCT
pwd-ah	PROPN
pwd-in	PROPN
pwd-te	PROPN
pwds	PROPN
pwf	DET
pwikhawihtute	DET
pwnm	PROPN
pyd	PROPN
pyd-te	PROPN
pyf	PROPN
pyjama	NOUN
pylon	NOUN
pyongyang	PROPN
pyotyr-a	PROPN
pyramid	DET
pzp	PROPN
páwl	ADJ
páwlah	AUX
páwn	NOUN
pâho	NOUN
pângngai	ADJ
pângngaia	AUX
pângngaiah	ADJ
pângthluaii-te	PRON
pâr	VERB
pârpâri	AUX
pârva	NOUN
pârvate	PRON
pât	VERB
pâté	NOUN
pâwl	NOUN
pâwl,	NOUN
pâwla	ADJ
pâwlah	NOUN
pâwlho	ADJ
pâwlna	ADJ
pâwlrângah	PROPN
pâwlte	ADJ
pâwl’	NOUN
pâwn	NOUN
pâwna	ADJ
pâwnah	NOUN
pâwnah,	NOUN
pâwng	VERB
pâwngsual,	ADJ
pêk	NOUN
pêkah	NOUN
pêkin	NOUN
pêkna	ADJ
pêl	ADP
pêla	NOUN
pêm	VERB
pêmin,	NOUN
pêmna	PUNCT
pên	VERB
pêng	ADJ
pênga	ADJ
pênin,	NOUN
pênna	VERB
pêrez	PROPN
pêt	VERB
pûk	NOUN
pûk.	NOUN
pûka	ADJ
pûkah	ADJ
pûkzîng	ADP
pûtin	ADJ
q	SCONJ
qaeda	PROPN
qahal	CCONJ
qahir	PROPN
qarabag	PROPN
qatar	PROPN
qatar-a	NOUN
qatari	ADJ
qatif	CCONJ
qb	VERB
qing	PROPN
qing,	PROPN
qingshui	DET
qinwen	PROPN
qntls	VERB
qouta	VERB
qpr	NOUN
qr	PROPN
qtl	NUM
qtls	NOUN
quadriceps	VERB
quadriga	NOUN
quagliarella	NOUN
qualifier	ADJ
qualifier-a	SCONJ
qualifying	NOUN
qualifying-a	SCONJ
qualifying-ah	ADP
quality	NOUN
quan	DET
quanjian	PROPN
quansah	PROPN
quarantine	NOUN
quarry	NOUN
quartararo	PROPN
quarter	NOUN
quarter-ah	PRON
quarter-final	NOUN
quarter-final-a	NOUN
quarter-final-ah	PRON
quartera	VERB
quarterfinal	NOUN
quarterfinal-a	DET
quarterfinal-ah	NOUN
quarterlies	NOUN
quarterly	DET
quarterly-in	ADV
quarters	PROPN
quarters-ah	PRON
quaterfinal	NOUN
quattro	PROPN
quebec	PROPN
quebec-ah	PROPN
queen	PROPN
queensland	PROPN
queiroz	PROPN
quentin	PROPN
quesadillas	NOUN
question	PROPN
quetta	PROPN
quicksand	NOUN
quid	NOUN
quim	PROPN
quiming	PUNCT
quinctilius	PROPN
quincy	PROPN
quintal	NOUN
quintals	NOUN
quintero	PROPN
quinton	PROPN
quit	NOUN
quital	PRON
quiz	NOUN
qumran	PUNCT
quota	NOUN
quota-a	NOUN
quotations	NOUN
quote	PROPN
quote-a	VERB
quraishi	PROPN
quran	PROPN
quran-a	PROPN
québec	PROPN
r	PROPN
r&d	PROPN
r-a	NOUN
r.	PROPN
r.lalnunkimi,	PROPN
r.lalnunthara	PROPN
r.lalthangliana	PROPN
r.lalzirliana	PROPN
r.lalzirliana,	ADV
r.rothantluanga	ADV
r15	PROPN
ra	VERB
raba	PROPN
rabbi	PROPN
rabek.	PRON
rabha	NOUN
rabi	PART
rabies	NOUN
rabindranath	PROPN
rabiot	PROPN
rabongla	PROPN
rabung	PROPN
race	NOUN
race-ah	VERB
rachel	PROPN
rachel!	PUNCT
racheli	PROPN
racing	NOUN
racist	ADJ
racquet	VERB
radamel	PROPN
radar	NOUN
radhakrishnan	PROPN
radiation	NOUN
radiator	NOUN
radio	NOUN
radio-a	NOUN
radio-ah	NOUN
radioactivity	DET
raducanu	PUNCT
radwanska	PROPN
raebareli	SCONJ
raees	PUNCT
raf	NUM
rafa	PROPN
rafael	PROPN
rafah	PROPN
rafale	PROPN
rafique	PROPN
rafoo	PUNCT
ragnick	NOUN
ragt	PROPN
ragt/rt-pcr	PROPN
rah	NOUN
raha-ah	NUM
rahabi	PROPN
rahah	PRON
rahane	PROPN
rahbeh	ADJ
rahbeha	NOUN
rahbehin	ADJ
rahbehna	ADJ
rahbehsakna	CCONJ
rahbi	NOUN
rahchhuah	VERB
raheem	VERB
raheen	PROPN
rahim	PROPN
rahin	ADJ
rahka	NOUN
rahman	NOUN
rahmate	ADP
rahnan	VERB
rahsei	CCONJ
rahsi	VERB
rahsiveng	PROPN
rahte	ADJ
rahtha	NOUN
rahuil	PROPN
rahul	PROPN
rahul-a	PROPN
rai	VERB
rai.	VERB
raicheha	ADP
raider'	PUNCT
raiders	PROPN
raih	ADJ
raikashipur	NOUN
raikkonen	PROPN
raillo	PROPN
railroad	NOUN
railroad-ah	NOUN
railway	NOUN
railways	PROPN
rain	NOUN
raina	DET
rainbow	VERB
raincoat	NOUN
raine	PROPN
rainforest	NOUN
rainier	PROPN
raiola	PROPN
raipuar	ADJ
rairuang	NOUN
raj	PROPN
raja	PROPN
rajamouli	PROPN
rajapaksa	PROPN
rajapaksa-te	PROPN
rajasekharan	PROPN
rajasekharann	PROPN
rajashekharan	PROPN
rajashthan	NOUN
rajasthan	PROPN
rajasthan,	PROPN
rajasthan-a	PUNCT
rajat	PROPN
rajawat-a	VERB
rajbajur	PROPN
rajdeep	PROPN
rajdhani	PROPN
raje-i	PROPN
rajen	NOUN
rajendra	PROPN
rajesh	PROPN
rajguru	PROPN
rajiv	PROPN
rajiv-a	PROPN
rajkeshwar	PROPN
rajkhowa	PROPN
rajkoty	ADP
rajnath	PUNCT
rajneesh	PUNCT
rajoelina	PROPN
rajoy	PROPN
raju	NOUN
rajya	PROPN
rak	NOUN
rakesh	PROPN
rakesh-a	AUX
rakhine	NOUN
rakhine,	PROPN
rakhine-ah	ADP
rakho,	ADP
rakili	PRON
rakitic	PUNCT
raksha	PROPN
raktdaan	PROPN
rakzu	NOUN
ral	NOUN
ral,	VERB
ral.	NOUN
rala	ADP
ralah	CCONJ
ralban	ADJ
ralbang	VERB
ralbei	NOUN
raldosanga,	PROPN
ralf	PROPN
ralh	VERB
ralhma	ADJ
rali-ah	ADP
ralkai	ADJ
ralkap	ADJ
ralkhat	NOUN
ralkhel	VERB
rallaka	ADJ
rally	NOUN
rally-a	PROPN
rally-ah	NOUN
ralmuan	VERB
ralmuanawm	ADJ
ralmuang	NOUN
ralmuang.	NOUN
ralmuanna	NOUN
ralmuanthlak	PRON
ralna	NOUN
ralph	PROPN
ralpui	VERB
ralte	NOUN
ralte,	NOUN
ralte-in	PROPN
ralte-ten	PROPN
ralteho	ADJ
ralthlir	ADV
ralthuam	NOUN
ralthuam,	NOUN
ralthuama	PROPN
ralthuamin	NOUN
ralthuamte	NOUN
ralti	NOUN
raltiang	PROPN
raltiin	ADV
raltlan	NOUN
raltlan,	NOUN
raltlan.	NOUN
raltlana	NOUN
raltlanah	ADP
raltlanin	NOUN
raltlanna	ADJ
raltlante	ADJ
raltu	PRON
raltîr	VERB
ralvawng	ADJ
ralven	VERB
ralvenbuk	PRON
ralvengtu	NOUN
ralzatawna,	PROPN
ralṭitna	NOUN
ram	NOUN
ram'	NOUN
ram,	NOUN
ram.	NOUN
ram/	NOUN
ram;	NOUN
rama	ADJ
ramaah	ADJ
ramachandran	PROPN
ramadan	PROPN
ramadi	PROPN
ramah	VERB
ramah,	NOUN
ramah.	PROPN
ramahte	NOUN
ramamurthy	PROPN
raman	NOUN
ramanathapuram	PROPN
ramban	PROPN
rambial	AUX
rambua	NOUN
rambuai	NOUN
rambuaiin	PUNCT
rambung	NOUN
rambûa	NUM
ramchhana	PROPN
ramchhuak	ADJ
ramchhuanmawia	NOUN
ramchhung	ADJ
ramchhunga	NOUN
ramchhungah	ADJ
ramchuana,	PROPN
ramchullova,	ADP
ramdale	ADJ
ramdang	ADJ
ramdanga	NOUN
ramdangah	NOUN
ramdangin	ADJ
ramdangmi	ADV
ramdangte	DET
ramdev	PROPN
ramdina	PART
ramdinan	PROPN
ramdingliani	PROPN
ramdinliani	PROPN
ramdinliani,	PROPN
ramdinlianin	PROPN
ramdinthara	PROPN
ramdinzauvan	PUNCT
ramen	NOUN
ramenga	PROPN
ramengmawia	PROPN
ramengmawia,	NOUN
ramesh	PROPN
ramfangzaua	CCONJ
ramfangzauva	PROPN
ramfangzauva,	PUNCT
ramfangzauvan	PROPN
ramhlun	PROPN
ramhluna	PUNCT
ramhlunchhunga	CCONJ
ramhlunin	PROPN
ramhlunmawia	PROPN
ramhmasuon	PROPN
ramhmul	NOUN
ramhnim	ADJ
ramhnuai	NOUN
ramhnuaia	NOUN
ramhnuaiah	ADJ
ramhnuaiahte	NOUN
ramhnuk	NOUN
ramhuai	NOUN
ramhuai,	NOUN
ramhuaihoten	NOUN
ramhuaite	ADJ
ramhuaiten	PUNCT
rami	PROPN
rami'n	PROPN
rami,	PROPN
rami-i	PROPN
rami-i'n	PROPN
rami-in	PROPN
ramin	NOUN
ramirez	PROPN
ramkang	NOUN
ramlai	AUX
ramlaitui	PROPN
rammawian	VERB
rammstein	PROPN
rammu	NOUN
rammuak	DET
rammuin	ADP
rammut	ADJ
rammute	NOUN
ramnagar	PROPN
ramngaihawmi	PROPN
ramngaihsangi	PROPN
ramngaw	NOUN
ramngawah	AUX
ramos	PROPN
ramos,	PROPN
rampanmawia	PROPN
rampawn	ADJ
rampawna	NOUN
rampawnah	VERB
rampianmawia	PROPN
ramprakash	PROPN
rampum	ADJ
rampuma	NOUN
rampumah	NOUN
rampârva	NOUN
ramri	NOUN
ramri,	NOUN
ramri-a	PRON
ramri-ah	NOUN
ramri-ahte	ADP
ramria	ADJ
ramriah	NOUN
ramriak	ADP
ramriin	NOUN
ramrikawn	NOUN
ramrikâwn	PROPN
ramrite	ADJ
ramro	NOUN
ramroah	VERB
rams	PROPN
ramsa	NOUN
ramsain	ADP
ramsal	NOUN
ramsanga	PROPN
ramsangate	PROPN
ramsate	ADJ
ramsaten	NOUN
ramsdale	ADP
ramses	PROPN
ramsey	PROPN
ramsiam	PRON
ramsoo,	PROPN
ramte	ADJ
ramtea	NOUN
ramtei	PRON
ramten	NOUN
ramthanga	PROPN
ramthanga,	PROPN
ramthanmawia	PROPN
ramthanmawii	PROPN
ramthanmawii,	PROPN
ramthanzauvi	PROPN
ramthar	PROPN
ramthar,	PROPN
ramtharzau	PROPN
ramthianghlima	PROPN
ramthim	PRON
ramthlengliana	PROPN
ramtuileilo	ADJ
ramua	PUNCT
ramvahna	PUNCT
ramvak	VERB
ramvilas	PROPN
ramzan	PRON
ramzotlang	PROPN
ran	NOUN
ran.	NOUN
ran:	NOUN
rana	NOUN
ranaut	PROPN
ranbi	PROPN
ranbir	PROPN
ranch	NOUN
ranchaw	ADJ
randal	CCONJ
randeep	PROPN
randomisation	NOUN
rang	NOUN
rang.	NOUN
ranga	ADJ
rangamati	ADP
rangers	PROPN
rangers-in	NOUN
rangin	NOUN
rangkachak	NOUN
rangkachak"	NOUN
rangkachak'	ADJ
rangkachaka	ADJ
rangkachakin	ADJ
rangkuai	PROPN
ranglama	ADJ
ranglong	PROPN
rangnick	PROPN
rangoon	PROPN
rangpur-ahte	PUNCT
rangte	CCONJ
rangte,	PROPN
rangva	NOUN
rangvamual	ADJ
rangvamual,	ADJ
rangvamuala	PROPN
ranhanam	PROPN
ranieri	PROPN
ranikor	PROPN
ranil	PROPN
ranin	VERB
rank	PROPN
ranking	NOUN
ranking-a	NOUN
ranking-ah	VERB
rankingah	NOUN
ranna	NOUN
rannung	NOUN
rannungte	NOUN
ranocchia	PROPN
ransa	NOUN
ransate	ADJ
rante	NOUN
ranvulh	NOUN
ranvulhte	NOUN
ranvulhtute	NOUN
ranzia	DET
rao	PROPN
rao,	PROPN
rao-nic	PROPN
raonic	CCONJ
rap	VERB
rap.	VERB
rapawm	ADV
rapbet	ADJ
rapbetin	NOUN
raphael	PROPN
raphinha	PUNCT
rapid	VERB
rapin	NOUN
rapinoe	PROPN
rapper	NOUN
rapsheet	NOUN
rapthlak	ADJ
rapthlak!	ADJ
rapthlak.	ADV
rapthlakin	NOUN
rapthlakna	ADJ
rapthlakzia	ADJ
rapthlâk	ADJ
rapthlâk,	ADJ
raptors	PROPN
raqqa	PROPN
rasberry	PROPN
rasdali	ADJ
rashford	PROPN
rashid	ADJ
rashik	PROPN
rashmi	NOUN
rashtra	PROPN
rashtriya	PROPN
rasik	PROPN
rasmus	ADJ
raspadori	PROPN
rat	VERB
ratan	PROPN
ratan-a	VERB
ratcliffe	PROPN
rate	NOUN
ration	NOUN
rationalisation	NOUN
ratna	PROPN
rats	PROPN
rattlesnake	NOUN
ratu	PROPN
rau	NOUN
rauah	VERB
rauf	PROPN
rauh	NOUN
rauhsan	NOUN
raul	PROPN
raut-a	PROPN
rauvah,	NOUN
ravana	PUNCT
ravichandran	PROPN
ravidas	PROPN
ravinder	PROPN
ravindra	PROPN
raw	NOUN
raw?	NOUN
rawat	PROPN
rawat-a	PROPN
rawbibar	ADV
rawbn	PRON
rawh	VERB
rawh!	VERB
rawh!"	VERB
rawh"	VERB
rawh'	VERB
rawh,	VERB
rawh,"	VERB
rawh,'	VERB
rawh,’	PUNCT
rawh,”	PUNCT
rawh.	VERB
rawh.kawppui	VERB
rawh:	VERB
rawh;	VERB
rawh?	VERB
rawh?"	VERB
rawhna	VERB
rawhse,	VERB
rawhtuina	VERB
rawh’	VERB
rawih	VERB
rawih.	VERB
rawihna	ADJ
rawk	VERB
rawk.	VERB
rawkna	ADJ
rawkru	DET
rawkte	NOUN
rawktu	NOUN
rawktu,	NOUN
rawktute	NOUN
rawl	VERB
rawl-rala	ADP
rawlai	ADV
rawlands	VERB
rawlh	VERB
rawlthar	NOUN
rawltharte	NOUN
rawmawl	NOUN
rawmawla	VERB
rawmibawk	PUNCT
rawn	VERB
rawn.	VERB
rawn?	VERB
rawna	NOUN
rawnal	ADJ
rawng	NOUN
rawng,	ADJ
rawngbawl	VERB
rawngbawl'	VERB
rawngbawl.	VERB
rawngbawla	ADJ
rawngbawlhonaah	PROPN
rawngbawlin	NOUN
rawngbawlna	NOUN
rawngbawlna'	NOUN
rawngbawlnaa	ADJ
rawngbawlnaah	ADJ
rawngbawlnate	ADJ
rawngbawlna’	PROPN
rawngbawlpuiah	NOUN
rawngbawlpuite	VERB
rawngbawlsak	ADJ
rawngbawlte	NOUN
rawngbawltu	NOUN
rawngbawltu,	NOUN
rawngbawltuah	ADJ
rawngbawltute	ADJ
rawngbawltute’	ADJ
rawngbawl’	PUNCT
rawngbàwlna	PROPN
rawngbâwl	VERB
rawngbâwla	NOUN
rawngbâwlin	NOUN
rawngbâwlna	NOUN
rawngbâwlnaa	ADJ
rawngbâwlnaah	ADJ
rawngbâwlnain	PRON
rawngbâwlpui	NOUN
rawngbâwlpuite	VERB
rawngbâwlsakna	PART
rawngbâwltu	NOUN
rawngbâwltute	ADJ
rawngbâwltu’	NOUN
rawnghnawih	ADJ
rawngin	CCONJ
rawngkai	ADJ
rawngrut	NOUN
rawngte	NOUN
rawnin	NOUN
rawnna	VERB
rawnta	NOUN
rawntu	NOUN
rawntute	NOUN
rawoihna	PRON
rawp	VERB
rawpui	NOUN
rawpuiah	PRON
rawpuichhip	PROPN
rawra	NOUN
rawsawt	NOUN
rawt	NOUN
rawt.	NOUN
rawt?	VERB
rawta	AUX
rawtdip	ADP
rawthing	PROPN
rawtin,	NOUN
rawtna	NOUN
rawtna,	NOUN
rawtnate	VERB
rawttu	NOUN
rawtuai	NOUN
rawtui	PART
ray	PROPN
raya	PROPN
rayan	PROPN
rayo	PROPN
rays	NOUN
rayudu	PROPN
rayudu-an	PROPN
razaq	PROPN
raúl	NOUN
rb	PROPN
rbd	NOUN
rbd-te	PROPN
rbi	PROPN
rc	PROPN
rca	PROPN
rcc	DET
rd	PROPN
rde	PROPN
rds	PROPN
rdss	PROPN
re	ADV
re-tender	NOUN
re-unification	PROPN
re-union	VERB
re-upload	VERB
re.1	ADJ
ready	ADV
reagan	PROPN
real	PROPN
real-ah	ADP
real-in	ADV
realbarcelona	SCONJ
realme.com	PROPN
reang	PROPN
reapers	NOUN
reasearch	AUX
reba	PROPN
rebecca	PROPN
rebecka	PROPN
rebeki	PROPN
rebel	NOUN
rebellion	NOUN
rebic	PROPN
receipt	NOUN
receipt-ah	DET
reception	NOUN
receptor	PROPN
recession	NOUN
recharge	SCONJ
recife	PROPN
recital	NOUN
recollect	PART
recommend	VERB
record	NOUN
record-a	NOUN
record-in	PROPN
recording	NOUN
records	PROPN
records-ah	PROPN
records-in	PROPN
recursion	NOUN
recyclable	ADJ
red	PROPN
red-te	PROPN
reddit-ah	PROPN
reddy	PROPN
reddy,	PROPN
redeem	PROPN
redesign	VERB
redmi	PROPN
rednecky	ADJ
reds	DET
reds-in	PROPN
reduce	PROPN
reece	PROPN
reed	NOUN
reef	ADJ
reels	PROPN
reels-ah	PROPN
reenu	PROPN
refer	VERB
referee	NOUN
reference	ADJ
referral	PROPN
reffer	NOUN
refinery-ah	AUX
reform	NOUN
reformed	VERB
reformer	NOUN
refresher	PROPN
refrigerated	AUX
refrigerator	DET
refrigerator-a	NOUN
refrigerator-ah	NOUN
refugee	NOUN
reggae	PROPN
regime	PROPN
regiment	PROPN
regimental	PROPN
regina	PUNCT
region	NOUN
region-ah	NOUN
region-te	PUNCT
regional	PROPN
regis-an	PUNCT
register	NOUN
registrar	PROPN
registrar,	PROPN
registration	NOUN
registry-ah	DET
reguilon	PROPN
regular	ADJ
regular-in	NUM
regulation	NOUN
reh	VERB
reh!	VERB
reh.	VERB
rehab	NOUN
rehab-ah	PROPN
rehabia	PROPN
rehabilitation	NOUN
rehah	NOUN
reharshal	PROPN
rehenesh	PROPN
rehoboama	PROPN
rei	ADV
rei.	ADV
reiah	AUX
reiek	PROPN
reiek,	PROPN
reiin	VERB
reiin,	VERB
reijnders	PROPN
reika	VERB
reilo	VERB
reilote	PRON
reilote,	ADJ
reiloteah	PRON
reiloteah,	ADP
reims	PROPN
reina	ADV
reina,	NOUN
reincarnation	NOUN
reindeer	VERB
reindle	PROPN
reiss	PROPN
reitak	PART
reite	NOUN
reitlang	PROPN
reizia	NOUN
rejuvenation	NOUN
rek	VERB
rek.	VERB
rekaba	NOUN
rekha	PROPN
rel	VERB
rel-ah	DET
rel-in	CCONJ
rel.	VERB
rel:	VERB
rel?	VERB
rela	ADJ
relah	VERB
related	VERB
relativism	NOUN
relaxation	NOUN
release	VERB
release:	PROPN
released	AUX
relegate	PUNCT
relegation	NOUN
relfel	ADV
relh	VERB
relhru	VERB
relief	NOUN
religiosity	NOUN
relin	NOUN
relkawng	NOUN
relna	ADJ
relnaah	ADJ
relsak	ADJ
relsakin	NOUN
relsaktu	ADJ
relte	VERB
rem	VERB
rem.	VERB
rema	VERB
rema,	VERB
remal	PROPN
remchan	VERB
remchang	VERB
remchang.	VERB
remchanga	ADJ
remchangah	ADJ
remchanglai	PROPN
remchangte	NOUN
remchanna	NOUN
remchannaah	ADJ
remchannate	VERB
remchâng	VERB
remdik	VERB
remdika	PROPN
remfel	ADJ
remhre	ADJ
remhria	ADJ
remhriat	NOUN
remhriatdan	VERB
remhriatna	NOUN
remi	PROPN
remin	VERB
remkhawm	ADJ
remkhawm.	ADJ
remkûnga	PROPN
remlalfaka	PROPN
remlalliani	PROPN
remlalthlamuanpuia,	PROPN
remmawia	PROPN
remna	NOUN
remna,	PUNCT
remnain	DET
remote	NOUN
rempuia	PROPN
rempuii	CCONJ
remruat	NOUN
remruat,	NOUN
remruat.	NOUN
remruata	PROPN
remruatdika	PROPN
remruati	NOUN
remruatna	NOUN
remruatnain	ADJ
remsak	NOUN
remsanga	PROPN
remsanga,	PROPN
remsangpuian	PUNCT
remsangzualan	PROPN
remsiami	PROPN
remsiamna	PRON
remthanga	PROPN
remthanga,	PROPN
remthangi	PROPN
remti	VERB
remti,	VERB
remti.	VERB
remtih	NOUN
remtih?	NOUN
remtihna	ADJ
remtihnain	ADJ
remtihpui	NOUN
remtihsak	VERB
remtluanga	PROPN
remtluanga,	PROPN
remuneration	NOUN
remus	PROPN
ren	VERB
ren.	VERB
renaissance	PROPN
renard	PROPN
renato	NOUN
renawm	VERB
renchem	VERB
renchemna	ADJ
rene-a	PROPN
reneged	VERB
renew	AUX
renewable	ADJ
renewal	VERB
reng	NOUN
reng!	NOUN
reng,	NOUN
reng.	NOUN
reng:	NOUN
reng;	NOUN
reng?	NOUN
renga	ADJ
renga,	ADJ
rengah	ADJ
rengah.	ADJ
rengchal	ADV
rengdil	PROPN
rengin	ADJ
rengin,	ADJ
rengkhasya	ADP
rengna	NOUN
rengnaah	NOUN
rengpuia	CCONJ
rengsi,	ADJ
rengte	ADJ
rengtekawn	PROPN
rengtekawnah	PROPN
rengtu	NOUN
rengzia	PRON
renner	PROPN
rennes	PROPN
renthei	PROPN
renthlei-in	PROPN
renu	PROPN
renuka	PROPN
renza	PROPN
reo	PART
rep	VERB
repechage	DET
replay	NOUN
report	NOUN
report-a	DET
report-ah	NOUN
reporter	NOUN
reporter-te	NOUN
republic	PROPN
republican	ADJ
republics"	PROPN
republika"	PROPN
rescue	PROPN
research	NOUN
research-in	VERB
researcher	NOUN
researchers	NOUN
reservation	NOUN
reservation-ah	NUM
reserve	NOUN
reserve-ah	NOUN
reset	VERB
resettlement	CCONJ
residence	VERB
resin	ADP
resolution	NOUN
resolution-ah	NOUN
resource	NOUN
respirator-ah	NOUN
ressa	ADJ
restaurant	NOUN
restaurant-a	PRON
restaurant-ah	NOUN
restroom	NOUN
restroom-ah	NOUN
result	NOUN
result-a	ADJ
result-ah	NOUN
results	ADJ
result’	NOUN
ret	ADJ
retailed	NOUN
retailer	NOUN
retailer-te	PROPN
retaining	VERB
retegui	PROPN
rethei	ADJ
rethei,	ADJ
rethei.	ADJ
retheia	VERB
retheih	NOUN
retheihah	ADV
retheihna	ADJ
retheihnain	VERB
retheihpui.	ADJ
retheihzia	NOUN
retheina	PRON
retheite	ADJ
retheiten	NOUN
rethhei	PROPN
retreatah	ADP
retrofitting-ah	NOUN
retrospective	ADJ
returnee	PROPN
returning	PROPN
returns	NOUN
reu	VERB
reuben	PROPN
reubena	ADP
reuh	ADJ
reuh,	ADJ
reuh.	ADJ
reuhah	NOUN
reus	PROPN
reuters	PUNCT
rev	PROPN
rev.	PROPN
rev.lalbiaksanga	PROPN
rev.malsawmtluanga,	PROPN
rev.robawiha	PROPN
revd	PROPN
reveille	PROPN
revenue	NOUN
revenue-ah	NOUN
reverend	PROPN
revierderby	ADP
review	NOUN
revised	PUNCT
revitalization	PROPN
revival	PUNCT
revolution	PROPN
rex	PROPN
rexha	PROPN
rey	PROPN
reyes	PROPN
reykjavik-a	PRON
reza	PROPN
rf	PROPN
rfd	PROPN
rfdl	PROPN
rfl	PROPN
rfr	PROPN
rfu	PROPN
rfyc	VERB
rg	PROPN
rggvy	PROPN
rgka	PROPN
rgsa	PROPN
rgu	PUNCT
rhcp	PROPN
rhea	PROPN
rhf-zmc	VERB
rhine	PROPN
rhino	PROPN
rhonda-i	PROPN
rhymes	PROPN
rhythm	VERB
ri	VERB
ri-ah	PRON
ri-bhoi	PROPN
ri.	VERB
ri?	VERB
riaa	PART
riah	NOUN
riahbuk	ADJ
riahbûk	ADJ
riahchilh	ADJ
riahchilha	NOUN
riahluh	VERB
riahmah	PRON
riahna	ADJ
riahnaa	ADP
riahpui	VERB
riai	ADJ
riak	VERB
riak.	VERB
riaka	ADJ
riakin	NOUN
riakin,	NOUN
rial	NOUN
riala	NOUN
rialin	NOUN
riang	VERB
riangtlei	ADP
riangvai	NOUN
riangvaite	NOUN
riap	ADV
riat	VERB
riatah	ADJ
riatin	ADJ
riatna	ADJ
riau	ADV
riau,	ADV
riau.	ADV
riaua	ADJ
riauva	NOUN
riauvin	ADJ
riaûva	AUX
ribery	PROPN
ribon	VERB
ribs	NOUN
rica	PROPN
ricardo	PUNCT
riccardo	VERB
ricciardo	PROPN
richa	PROPN
richard	PROPN
richards	PROPN
richarlison	PROPN
richelieu	PROPN
richhuak	VERB
richmond	PROPN
richter	DET
ricky	PROPN
ricky-a	PUNCT
rickydrac	PROPN
rico	PROPN
rico-ah	PROPN
rico-in	PROPN
riddle	NOUN
rider	NOUN
riders	PROPN
ridf	NOUN
ridley	PROPN
rieti	ADP
riff	ADJ
riffles	PROPN
rifle	NOUN
rifle-te	PROPN
rifles	PROPN
rifles-in	NOUN
rifles-te	PRON
rig-ah	ADP
riga	PROPN
riga-ah	ADP
right	NOUN
right-back	NUM
rights	NOUN
rigil	PROPN
rih	NOUN
rih!	NOUN
rih,	NOUN
rih.	NOUN
riha	AUX
rihanna	PROPN
rihdil	AUX
rihdil-a	ADP
rihin,	NOUN
rihkhawdar	PROPN
rihkhawdar-a	ADP
rihkhawdara	ADV
rihla	PROPN
rihlo.	ADJ
rihna	NOUN
rihzawngte	ADJ
riin	VERB
rijal	PROPN
rijiju	PROPN
rik	NOUN
rikngawt	NOUN
rikrap	NOUN
rikrum	ADJ
ril	NOUN
rila	NOUN
rilah	ADJ
riley	PROPN
rilfang	NOUN
rilfles	PRON
riliani	PROPN
rilpui	NOUN
rilrem	VERB
rilru	NOUN
rilru'	NOUN
rilru,	NOUN
rilru-a	VERB
rilru-ah	ADV
rilru-ina	ADJ
rilru/	PRON
rilrua	VERB
rilruah	ADJ
rilruah,	ADJ
rilruah.	ADJ
rilruhah	ADJ
rilruhahna	ADJ
rilruin	ADJ
rilruin,	ADJ
rilruk	NOUN
rilruk.	NOUN
rilrute	ADJ
rilrûk	VERB
riltam	ADJ
riltam.	ADJ
riltama	ADJ
riltamin	ADJ
riltamna	ADJ
riltamte	NOUN
rilte	VERB
rilṭam	ADJ
rilṭama	ADJ
rilṭama,	ADJ
rilṭamin	ADJ
rilṭamte	NOUN
rilṭâm	ADJ
rilṭâmna	ADJ
rim	VERB
rim.	VERB
rimawi	ADJ
rimawi.	ADJ
rimawia	ADJ
rimchhe	ADJ
rimchhe.	ADJ
rimchhia	ADJ
rimchhia?	ADJ
rimchhiain	NOUN
rimchhiat	NOUN
rimchhiat?	ADJ
rimes	PROPN
rimin	NOUN
rimna	ADJ
rimpui	NOUN
rims	PROPN
rims-ah	PROPN
rimte	ADJ
rimtui	ADJ
rimtute	VERB
rimzia	VERB
rin	VERB
rin,	VERB
rin.	VERB
rin?	VERB
rin?"	VERB
rina	PROPN
rina,	CCONJ
rina.	NOUN
rinah	AUX
rinawm	VERB
rinawm!	VERB
rinawm,	VERB
rinawm.	VERB
rinawm/rin	ADJ
rinawm?	VERB
rinawma	PROPN
rinawmah	ADJ
rinawmin	NOUN
rinawmlo	NOUN
rinawmna	ADJ
rinawmna,	ADJ
rinawmna:	ADJ
rinawmna?	ADJ
rinawmnate	NOUN
rinawmte	ADJ
rinawmzia	ADJ
rinawm’	PROPN
rinchhan	NOUN
rinchhana	PROPN
rinchhanan	PUNCT
rinchhanin	NOUN
rinchhanna	NOUN
rind-a	NOUN
rindan	ADJ
rindanna	NOUN
rinderknech	PROPN
rindika	PROPN
rinengi	NOUN
ring	VERB
ring,	VERB
ring.	VERB
ring?	VERB
ringa	PRON
ringa,	NOUN
ringawt	ADJ
ringawt!	ADJ
ringawt,	ADJ
ringawt.	ADJ
ringawta	ADJ
ringawtah	ADJ
ringawtin	VERB
ringawtte	VERB
ringawttu	VERB
ringawt’	NOUN
ringhlel	ADJ
ringhlel!	ADJ
ringhlel.	ADJ
ringhlela	ADJ
ringhlelhawm	NOUN
ringhlelin	ADJ
ringhlelna	NOUN
ringhleltute	NOUN
ringin	ADJ
ringin,	ADJ
ringin.	ADJ
ringlo	ADJ
ringlo.	ADJ
ringlomite	NOUN
ringlote	VERB
ringloten	NOUN
ringngam	PART
ringo	PROPN
ringtawk	NOUN
ringtawk.	NOUN
ringte	ADJ
ringthar	ADJ
ringtone	NOUN
ringtu	NOUN
ringtu'	NOUN
ringtu,	NOUN
ringtua	NOUN
ringtuah	PRON
ringtuin	NOUN
ringtupuite	ADJ
ringtute	NOUN
ringtute.	NOUN
ringtuten	NOUN
rinhawt	NOUN
rinhleh	NOUN
rinhlehna	VERB
rinhlel	AUX
rinhlel.	PART
rinhlelh	ADJ
rinhlelh,	ADJ
rinhlelh.	ADJ
rinhlelh/ngaih	NOUN
rinhlelhawm	NOUN
rinhlelhawm.	NOUN
rinhlelhna	ADJ
rinhlelhna,	ADJ
rinhlelhnaah	NOUN
rini	PROPN
rini'n	AUX
rini-i	PROPN
rini-i'n	PROPN
rini-in	VERB
rinin	ADJ
rinin,	ADJ
rink	NOUN
rinkai	ADJ
rinkai,	ADJ
rinkevics	NOUN
rinlakah	SCONJ
rinlawk	VERB
rinlawkna	VERB
rinloh	PRON
rinltak	ADJ
rinna	ADJ
rinna.	ADJ
rinnaa	NOUN
rinnaah	VERB
rinnain	VERB
rinnate	NOUN
rinngam	ADJ
rinngheta,	PROPN
rinnunga	PROPN
rinnungi	PROPN
rinpui	ADJ
rinpuia	PROPN
rinpuite	VERB
rinrawl	ADJ
rinrawlte	NOUN
rintawk	NOUN
rintawk.	NOUN
rintawkna	NOUN
rinte	ADJ
rintea	ADP
rintei	PUNCT
rinthiam	VERB
rinthlak	NOUN
rinthu	ADJ
rintir	NOUN
rintlak	ADJ
rintlak,	ADJ
rintlak.	ADJ
rintlak?	ADJ
rintlaka	PRON
rintlakin	ADJ
rintlakzia	ADJ
rintlâk	ADJ
rintlâk,	ADJ
rinzuala	PROPN
rinêngi	PROPN
rio	PROPN
rio-ah	PRON
rios	PROPN
rip	ADJ
ripans	PROPN
ripans,	CCONJ
riral	NOUN
riru	ADJ
riruang	ADJ
riruatsak	AUX
rishabh	PROPN
rishanga	VERB
rising	VERB
ristian	DET
rit	NOUN
rit.	VERB
rit;	NOUN
rit?	VERB
rita	PROPN
ritah	ADJ
rithei	NOUN
ritin	VERB
ritma-ah	ADP
ritsak	NOUN
rituraj	PROPN
riva	VERB
rivalry	NOUN
rivela	PROPN
river	PROPN
river,	PROPN
river-ah	AUX
riverdale	NOUN
rivers	PROPN
riviera	PROPN
riviera-a	PROPN
riyad	NOUN
riyadh	PROPN
rizai	NOUN
rizespor	PROPN
rizwan	PROPN
rizz	AUX
ri”	VERB
rjd	PROPN
rk	PROPN
rkvy	ADP
rl	PROPN
rm	PUNCT
rm,	PROPN
rmed	PROPN
rms	PROPN
rmsa	PROPN
rnu,	PROPN
ro	VERB
ro,	VERB
ro-hmingthanga	NOUN
ro-melu	PUNCT
ro.	VERB
ro?	VERB
roa	VERB
road	PROPN
road,	PROPN
road-a	PRON
road-ah	ADP
roads	PROPN
road’	PROPN
roar	PROPN
robawm-ii	PROPN
robben	PROPN
robbie	PROPN
robert	PROPN
robert-a	VERB
roberto	PROPN
roberts	PROPN
robin	PROPN
robinho	PROPN
robinson	PROPN
robot	NOUN
robuanga	PROPN
robuanga,	PROPN
robuangi	PROPN
roca	PROPN
rochan	ADV
rochana	PRON
rochharzela	PUNCT
rochhingpuia	PROPN
rochhûnga	PROPN
rochuangkimi	PROPN
rochun	VERB
rochun.	VERB
rochung	NOUN
rochungnunga,	NOUN
rochungtu	NOUN
rochung’	PUNCT
rock	NOUN
rocket	NOUN
rocket-propelled	ADP
rocketman	PROPN
rockets	PROPN
rockets,	PROPN
rockets-in	PROPN
rocking	VERB
rocks	PROPN
rockydrac	PUNCT
rod	NOUN
rode	PROPN
rodgers	PROPN
rodgers-a	PROPN
rodingliana	PROPN
rodinglianate	PROPN
rodri	PROPN
rodrigo	PROPN
rodrigo-te	PROPN
rodriguez	PROPN
rodriguez-a	PROPN
rodrygo	PROPN
rody	PROPN
rofles	ADP
roger	PROPN
rogers	PUNCT
roh	VERB
roh!	VERB
rohani	PROPN
rohin	VERB
rohingya	PROPN
rohingya-te	PRON
rohit	PROPN
rohit-a	PROPN
rohlu	NOUN
rohlua	VERB
rohluna	PROPN
rohlupuia	PROPN
rohlupuia,	PROPN
rohlupuii,	PROPN
rohluzualin	PROPN
rohminga	PROPN
rohmingliana,	PROPN
rohmingsangi	CCONJ
rohmingthanga	PROPN
rohr	PROPN
roja-in	PROPN
rojiblancos	PROPN
rojos	PROPN
rokamlova	PROPN
rokhaw	PROPN
rokhawlhna	NOUN
rokhawm	AUX
rokhawmtu,	NOUN
rokhum	NOUN
rokhûma	PROPN
rokima	PROPN
rokima,	PROPN
rokimi	PROPN
rokunga	PROPN
roland	PROPN
roland-garros	ADP
roldan-a	VERB
roldân-a	VERB
role	NOUN
roleplay-ah	ADP
rolex	PROPN
roliana	PROPN
roll	NOUN
roll-ah	NOUN
rollator	DET
roller	VERB
roller-a	ADV
rollercoaster	PROPN
rollerskating	VERB
roluah	NOUN
roluahtu	NOUN
rolungmuana	PROPN
rolungmuana,	PROPN
rolura	PROPN
rom	PROPN
rom-ah	ADJ
rom-ho	DET
rom-hovin	DET
roma	PROPN
roma-ah	ADP
roma-in	SCONJ
romagnoli	PROPN
romalsawma	NOUN
romama	PROPN
roman	ADJ
romana	PROPN
romanain	ADJ
romance	NOUN
romani:	NOUN
romania	ADP
romania,	PUNCT
romanian	DET
romano	PROPN
romantic	ADJ
romanticism	ADP
romanus'	PUNCT
romawia	PROPN
romawiamizoram	PROPN
romdhane	PROPN
rome	PROPN
rome-a	AUX
rome-ah	PROPN
romei	NOUN
romelu	PROPN
romeo	PROPN
romeo,	PROPN
romero	PROPN
rommel	PROPN
romuanpuii	PUNCT
romulo	PROPN
romulus	NOUN
român	PROPN
ronald	PROPN
ronaldo	PROPN
ronaldo,	PROPN
ronaldo-an	PROPN
ronan	PUNCT
rond	PROPN
ronda	PUNCT
rondo	NOUN
rongali	PROPN
rongpi	PROPN
rongura	PROPN
rongyoung	PROPN
ronnie-a	PROPN
rookie	PROPN
room	PROPN
room-a	NOUN
room-ah	NOUN
roommate	NOUN
rooney	PROPN
roorkee-a	PROPN
roosevelt	PROPN
roosevelt-a	PROPN
root	NOUN
roots)	NOUN
ropaiabawk	ADP
ropaiabâwk	PROPN
rope	PROPN
ropeway	DET
ropianga	PROPN
ropui	ADJ
ropui!	ADJ
ropui'	ADJ
ropui,	ADJ
ropui.	ADJ
ropuia	PROPN
ropuiah	ADJ
ropuiin	NOUN
ropuiliani	PROPN
ropuina	NOUN
ropuina,	NOUN
ropuina.	NOUN
ropuinaa	ADJ
ropuinaah	NOUN
ropuinain	NOUN
ropuite	ADJ
ropuite:	ADJ
ropuizia	VERB
ropuizia'	VERB
ropui’	ADJ
rora	DET
rorel	NOUN
rorelah	ADP
rorelin	ADJ
rorellai	NOUN
rorellai,	NOUN
rorelna	NOUN
rorelna,	NOUN
rorelnaa	ADJ
rorelnaah	ADJ
rorelnate	VERB
rorelpui	NOUN
rorelsak	VERB
rorelsaktu	NOUN
rorelte	VERB
roreltu	NOUN
roreltu,	NOUN
roreltuah	ADJ
roreltuho	NOUN
roreltute	NOUN
roreltuten	ADJ
roro	NOUN
rory	PROPN
rorêl	NOUN
rorêlna	NOUN
rorêlna,	NOUN
rorêlnaah	ADJ
rorêlnain	NOUN
rorêltu	NOUN
rorêltu?	NOUN
rorêltute	NOUN
rosa	PROPN
rosa,	PROPN
rosanga	VERB
rosangkimi	PUNCT
rosangliana	PROPN
rosangpuia	NOUN
rosangpuii	PROPN
rosangzuala	PROPN
rosberg	PROPN
rose	NOUN
roseberg	PROPN
roses	NOUN
rosetta	PROPN
rosiamliana	PROPN
rosiamngheta	PROPN
rosiamngheta,	PUNCT
rosicky	PROPN
rosie	PROPN
roslyn	PROPN
ross	PROPN
rossi	PROPN
rossoneri	DET
rostyn	PROPN
rosum	NOUN
rosum,	NOUN
rotary	PUNCT
rotavirus	PUNCT
rotea	PROPN
rothanga	PROPN
rothanga,	PROPN
rothangan	PUNCT
rothangi	PROPN
rothangliana	PROPN
rothangpuia	PROPN
rothangpuii	PROPN
rothantluanga	PROPN
rothap	ADJ
rotherham	PROPN
rothuama	PROPN
roti	PROPN
rotlang	ADJ
rotling	ADJ
rotluangliana	PROPN
rotterdam	PROPN
rouen	PRON
rouge	NOUN
rouhani	PROPN
round	NOUN
round-ah	NOUN
roundglass	PUNCT
rounds-a	DET
rousey	PROPN
roushan	PROPN
route	DET
routine	DET
routine-ah	PROPN
rov	NOUN
rova	ADJ
rovah	ADJ
rover	NOUN
rovers	PROPN
rowe	PROPN
rowlands-a	PROPN
rowling	PROPN
rowlings	PROPN
roy	PROPN
roy,	PROPN
roy-a	PROPN
royal	PROPN
royals	PROPN
royals-in	ADV
royce	PROPN
royte	PROPN
royte,	PROPN
royte-in	PROPN
rozama	PROPN
rozamliana	PROPN
rp	PROPN
rpi	PROPN
rrf	PROPN
rrr	PROPN
rrr:	NOUN
rrra	NOUN
rrrlf	PROPN
rs	NOUN
rs.	NOUN
rs.1,000/-	VERB
rs.1,14,820	ADJ
rs.10	AUX
rs.10,00,000/-	VERB
rs.10,000/-	NOUN
rs.10,000/-,	PROPN
rs.10,80,000/-	PROPN
rs.10/-	PROPN
rs.100	ADP
rs.100/-	ADV
rs.1000/-	VERB
rs.10000	VERB
rs.12,23,97,489	PROPN
rs.12.23	NOUN
rs.130	PROPN
rs.14,000/-	VERB
rs.15	NOUN
rs.15,000/-	PROPN
rs.150	ADP
rs.15000	NOUN
rs.157	NOUN
rs.2.50	ADP
rs.200	NOUN
rs.2000	NOUN
rs.2000/-	NOUN
rs.24,000/-a	PUNCT
rs.250	PUNCT
rs.2500/-	NOUN
rs.3,000	PROPN
rs.30	PROPN
rs.4,05,400/-	PROPN
rs.5	PROPN
rs.5,000/-	NOUN
rs.50,000	NOUN
rs.50,000/-	PROPN
rs.51,30,000/-	PUNCT
rs.560	PROPN
rs.602	NOUN
rs.6231.37	NOUN
rs.715	VERB
rs.8.45	PROPN
rs.84.38lacs	NOUN
rs.96050	NOUN
rs115	NOUN
rsby	PROPN
rsf	DET
rslawards	PROPN
rss	PROPN
rss-ten	PROPN
rssho	DET
rt	ADJ
rt-pcr	PROPN
rt.	ADP
rtc	PUNCT
rti	PROPN
rtivik	PROPN
rtpcr	PROPN
rts	PROPN
ru	NOUN
ru!	NOUN
ru,	NOUN
ru,’	AUX
ru.	NOUN
rua	NOUN
rua-hmanna	ADJ
ruah	NOUN
ruahanna	VERB
ruahin	VERB
ruahman	ADJ
ruahman.	ADJ
ruahman?	ADJ
ruahmana	ADJ
ruahmanah	NOUN
ruahmanin	ADJ
ruahmanin,	ADJ
ruahmanna	ADJ
ruahmanna?	ADJ
ruahmannaah	ADJ
ruahmannain	VERB
ruahmannate	ADJ
ruahmanpui	NOUN
ruahmanpui.	PRON
ruahmansa	ADV
ruahmante	NOUN
ruahman’	ADJ
ruahpui	NOUN
ruahpui,	NOUN
ruahsur	ADJ
ruahsur,	ADJ
ruahsurin	NOUN
ruahsûr	ADJ
ruahsûrin	NUM
ruahte	NOUN
ruahtham	ADJ
ruahtui	NOUN
ruahzia	NOUN
ruai	VERB
ruai,	VERB
ruai.	VERB
ruaiah	ADJ
ruaiin	NOUN
ruaiin,	NOUN
ruaipui	ADJ
ruaitheh	ADJ
ruaithehna	NOUN
ruaithehnaah	ADJ
ruaithehtu	DET
ruaitheh’	PROPN
ruaitu	NOUN
ruaitute	ADJ
ruak	VERB
ruak,	VERB
ruak.	VERB
ruaka	ADJ
ruakah	ADJ
ruakin	VERB
rual	VERB
rual,	VERB
rual.	VERB
ruala	ADJ
ruala,	ADJ
rualah	ADV
rualawh	X
rualawhna	ADJ
rualban	NOUN
rualbanlo	ADJ
rualbanlo,	ADJ
rualbanlohna	NOUN
rualbanlote	ADJ
rualchhina,	PROPN
rualchhung	DET
rualelna	PRON
rualin	ADJ
rualin,	ADJ
rualkawm	AUX
rualkhai	ADJ
rualkhuma	PROPN
rualloha	VERB
ruallung	ADP
ruallungah	NOUN
rualna	NOUN
rualnate	NOUN
rualpawl	ADJ
rualpui	NOUN
rualpuiah	DET
rualpuite	VERB
rualrem	ADJ
rualremlo	NOUN
rualte	ADJ
rualten	ADV
rualtir	VERB
rualzarkawt	PUNCT
ruam	VERB
ruamah	NOUN
ruang	NOUN
ruangah	ADJ
ruangahte	ADJ
ruangam	NOUN
ruangamah	ADJ
ruangin	ADJ
ruangruh	ADJ
ruangte	NOUN
ruangâm	NOUN
ruantlang	PROPN
ruantlangah	VERB
ruantlâng,	PROPN
ruap	VERB
ruat	VERB
ruat,	VERB
ruat.	VERB
ruata	ADJ
ruatah	ADJ
ruate	AUX
ruatfel	ADV
ruatfela	PROPN
ruatfelan	PROPN
ruatfelna	NOUN
ruati	PROPN
ruati,	PUNCT
ruatin	NOUN
ruatin,	NOUN
ruatna	VERB
ruatpuii	PUNCT
ruatruati	VERB
ruatsak	ADJ
ruatsangan	PUNCT
ruatte	VERB
ruatthara	PROPN
ruattu	ADJ
ruatzelan	PUNCT
ruau	NOUN
rubber	NOUN
ruben	PROPN
ruberto	NUM
rubiales	PUNCT
rubio	PROPN
rublev	PROPN
rublev-an	PROPN
rubo	VERB
rubo.	PART
rubona	NOUN
rubotute	NOUN
rubotuten	DET
ruby	PROPN
rubên	PROPN
rude	VERB
rudi	PROPN
rudiger	PUNCT
rudiger-a	VERB
rudy	ADJ
rufa	CCONJ
ruffy	PROPN
rugby	NOUN
ruh	NOUN
ruh,	ADJ
ruh.	NOUN
ruhin	NOUN
ruhkawl	ADJ
ruhna	VERB
ruhr	DET
ruhrel	ADJ
ruhrel,	ADJ
ruhrelte	NOUN
ruhro	VERB
ruhrote	NOUN
ruhseh	NOUN
ruhte	NOUN
ruhtuah	ADJ
ruhtui	PRON
ruhzia	VERB
rui	NOUN
rui,	ADJ
rui.	ADJ
ruih	VERB
ruih-hlo	NOUN
ruih.	VERB
ruihchilh	ADJ
ruihhlo	NOUN
ruihhlo,	VERB
ruihhlo.	PROPN
ruihhloah	VERB
ruihhloin	VERB
ruihhlote	ADJ
ruihhlovin	NOUN
ruihlo	NOUN
ruihna	NOUN
ruihsual	NOUN
ruihtheih	ADJ
ruihtheihthil	VERB
ruihthlei	NOUN
ruihtir.	NOUN
ruiin	NOUN
ruin	VERB
ruite	NOUN
ruitheih	ADJ
ruitu	ADV
ruiz	PUNCT
ruiz-an	PART
ruk	NOUN
ruk.	NOUN
ruka	ADJ
rukah	ADJ
rukbo	NOUN
rukbo,	NOUN
rukbo.	NOUN
rukboah	VERB
rukbote	ADJ
rukbotute'n	VERB
rukh	PROPN
rukin	ADJ
rukna	ADJ
ruknaah	NOUN
rukru	VERB
rukru,	VERB
rukrua	ADJ
rukruah	ADJ
rukruk	ADJ
rukrukna	ADJ
rukruknaah	NOUN
rukrute	NOUN
ruksak	ADJ
ruksak.	ADJ
ruksakte	AUX
rukte	ADJ
ruktir	ADV
rul	NOUN
rul.	NOUN
rulchawm	PROPN
rulchuk	DET
rule	PROPN
rules	NOUN
rules,	PROPN
rulh	VERB
rulhna	NOUN
rulhsaktu	DET
rulhut	NOUN
rulin	NOUN
ruling	ADJ
rulkual	NOUN
rulkualah	PROPN
rulli	NOUN
rulling	ADP
rulngan	NOUN
rulrial	NOUN
rulte	NOUN
rultuha	NOUN
rum	VERB
rum.	VERB
rumawi	DET
rumin	NOUN
rumliana	PROPN
rummenigge	PROPN
rumna	VERB
rumtirtuah	NOUN
run	VERB
run'	VERB
run,	VERB
run-ah	PROPN
run.	VERB
runa	ADJ
runah	PROPN
rune	NOUN
rung	PRON
runhmui	ADJ
runin	NOUN
runliani	PROPN
runmanga	PROPN
runmawi	PROPN
runna	NOUN
runpui	NOUN
runremmawia,	PROPN
runremsangi	PROPN
runs	NOUN
runs-in	NUM
runte	PROPN
runthlak	NOUN
runtu	NOUN
runway	NOUN
run’	PUNCT
rup	NOUN
rupees	PUNCT
rupnu	NOUN
rural	PROPN
rurban	PROPN
rus	PROPN
rusa	PROPN
rusa-2	PROPN
ruskin-a	PROPN
russia	PROPN
russia,	PROPN
russia-a	AUX
russia-ah	AUX
russia-ukraine	PROPN
russian	ADJ
russification	PROPN
russo-ukrainian	ADJ
rut	VERB
rut.	VERB
rutchhuak	ADJ
rute	AUX
ruth	PROPN
ruth-i	PROPN
ruthi	PROPN
ruthi'n	PROPN
ruthy	PROPN
rutter	PROPN
rutu	PART
ruturaj	PROPN
rutute	ADV
ruud	PROPN
ruusuvuori	PROPN
ruzic	PUNCT
ruîz	PROPN
rv-ah	ADP
rvl	PROPN
rwana	PROPN
rwanda	PROPN
ryan	PROPN
rybakina	PROPN
ryders	PROPN
ryfc	DET
rymbui	PROPN
ryuji	PROPN
ràlna	NOUN
ráltlânte	VERB
râl	VERB
râlah	CCONJ
râlkhat	NOUN
râlkhel	VERB
râlkhelh	NOUN
râlkhêl	VERB
râlmuang	VERB
râlna	ADJ
râlrin	DET
râlte	NOUN
râlthuam	NOUN
râltlan	DET
râltlân	NOUN
râltlânte	NOUN
râng	NOUN
râpna	NOUN
râpthlak	ADJ
râpthlâk	ADJ
râwn	VERB
râwna,	NOUN
râwng	NOUN
rãwlbuk,	PROPN
régime	PROPN
rél	NOUN
rél.	PROPN
rêl	VERB
rêl.	VERB
rêlho	VERB
rêlsak	ADJ
rêm	VERB
rêng	NOUN
rêng.	NOUN
rêngah	NOUN
rêngin	NOUN
rîk	NOUN
rîkna	ADJ
rîkrum	PRON
rîl	NOUN
rîla	NOUN
rîlfâng	NOUN
rû	VERB
rû.	VERB
rûi	ADJ
rûin	NOUN
rûk	NOUN
rûka	ADJ
rûkin	ADJ
rûkna	NOUN
rûknaah	NOUN
rûkpuiah	PRON
rûkru	VERB
rûkrûk	NOUN
rûkrûk,	NOUN
rûl	VERB
rûlngân	NOUN
rûlpuihlim	ADP
rûm	PRON
rûmte	VERB
rûn	VERB
rûn.	VERB
rûnah	PROPN
rûnpui	VERB
rûntu	NOUN
rût	ADV
s	PROPN
s.	PROPN
s.bungtlang	PROPN
s.khipo,	PROPN
s.laldingliana	PROPN
sa	NOUN
sa!	NOUN
sa)	NOUN
sa,	NOUN
sa-ui-tan	NOUN
sa-um,	NOUN
sa.	NOUN
sa:	NOUN
sa?	NOUN
saa	AUX
saah	VERB
saant	PROPN
saarbrucken	PUNCT
saarbrâcken	PROPN
sabalenka	PROPN
sabaly	PROPN
sabang	PROPN
sabbatical-ah	ADJ
sabbe	PROPN
sabengtung	ADJ
sabengtungno	NOUN
sabereka-khuangkai	PROPN
saberekakhuangkaih	AUX
sabha	PROPN
sabha-a	PRON
sabha-ah	PROPN
sabinga	PROPN
sabitzer	PROPN
saboteur	NOUN
sabra	VERB
sabualtlang	PROPN
sabualtlangah	NUM
sachelsea	DET
sachhe	NOUN
sachhuak	ADJ
sachin	NOUN
sachsenring	PROPN
sacrament	PROPN
sacramento	ADP
sacyn	PROPN
sadaar	PROPN
sadam	PUNCT
sadan	PROPN
sadar	PROPN
sadat	PROPN
sadbhav	PROPN
sadbhavana	PROPN
sadfa	PUNCT
sadguru	PROPN
sadio	PROPN
sadiq	PROPN
sadiq-an	PROPN
sadovy-a	PROPN
sadrak	PROPN
saeb	VERB
saeed	PROPN
saeed-a	PROPN
saenz	PROPN
safari	DET
safari-ah	PROPN
safdarjung	PROPN
safe	DET
saff	PROPN
saga	NOUN
sagar	PROPN
sagy	PROPN
sah	VERB
saha	PROPN
sahar	PROPN
sahara	NOUN
sahawk	DET
sahawk.	PROPN
sahb-a	PROPN
sahba	NOUN
sahbawn	NOUN
sahdah	NOUN
sahdah,	NOUN
sahhlum	VERB
sahil	NOUN
sahimna	NOUN
sahin	PROPN
sahkuaksak	DET
sahlah	ADP
sahmul	NOUN
sahna	VERB
sahrang	NOUN
sahrâng	NOUN
sahthlak	NOUN
sahu	PROPN
sahuai	NOUN
sahuan	ADJ
sahuana	ADJ
sahuanah	ADJ
sahyog	PROPN
sai	NOUN
saia	PROPN
saiaithanga,	PROPN
saiawi	PROPN
saiawi-a	PROPN
saichal	NOUN
saidan	PUNCT
saidan-ah	ADP
saidingpuian	PROPN
saido	PROPN
saidul	PROPN
saiful	PROPN
saighani	PROPN
saigon-ah	PUNCT
saiha	NOUN
saiha,	NOUN
saiha-ah	ADP
saihaa	CCONJ
saihaah	PROPN
saihatlangkawn	PROPN
saihlira,	PROPN
saihnuna	PRON
saiip	NOUN
saikah	PROPN
saikao	NOUN
saikel	PRON
saikhalhan	PUNCT
saikhamakawn	PROPN
saikhamakawnin	PROPN
saikhawthlir	PROPN
saikhuma	PUNCT
saikhumphai	PROPN
saikia	PROPN
saikti	PROPN
saikul	DET
saikungi	PROPN
saikuti	PUNCT
sailam	PROPN
sailam,	ADJ
sailiamkawn	ADP
sailo-in	PROPN
sailoa	PROPN
sailomawia	NOUN
sailor	NOUN
sailote	PROPN
sailova	PROPN
sailova'n	PROPN
sailulak	PROPN
sailulakah	ADP
sailutar	PUNCT
sailuti	PRON
sailuti,	PROPN
sailutin	ADP
sailutâr	PRON
sain	AUX
sain,	PRON
sain.	PUNCT
saina	NOUN
sainghinglova	SYM
saingho	ADJ
sainik	ADP
saint	PROPN
saint-germain	PROPN
saints	PROPN
saints-in	NOUN
sainz	PROPN
sainz-an	PUNCT
saiphai	PROPN
saipuia	PUNCT
saipum	PROPN
saipuma	PRON
saipumah	PROPN
sairang	PROPN
sairang-	NOUN
sairanga	DET
sairangah	DET
sairangahte	PROPN
sairawkherh	NOUN
sairawkherha	NOUN
sairep	PROPN
sairuatkima	PROPN
saisihchhuah	ADP
saiss	NOUN
saitama-ah	ADP
saite	NOUN
saitea	PROPN
saithantluanga	PROPN
saithuamliana,	PROPN
saitirai	VERB
saitlûk	PROPN
saitual	PROPN
saitual,	PROPN
saitual-saichal	PROPN
saituala	ADP
saitualah	PROPN
saitulera	PROPN
saiwanah	PRON
saizahawla	PROPN
saizampuia	ADP
saizawh	ADV
saizikpuii,	PROPN
saizâwl	ADP
saiêkhlo	PROPN
saiṭhuama	PROPN
sak	NOUN
sak,	NOUN
sak.	NOUN
sak;	NOUN
sak?	NOUN
saka	ADJ
sakah	NOUN
sakakanlo	SCONJ
sakan	ADP
sakar	PROPN
sakawar	NOUN
sakawlh	ADJ
sakawr	NOUN
sakawr,	NOUN
sakawr-ekhrik	VERB
sakawra	ADJ
sakawrbakcheh	ADJ
sakawrdai	PROPN
sakawrdaia	PROPN
sakawrdaiah	PROPN
sakawrek	VERB
sakawrhmuituai	PROPN
sakawrin	NOUN
sakawrte	NOUN
sakawrtuichhun	PROPN
sakawrtuichhuna	ADP
sakawrtuichhunah	PROPN
sakei	NOUN
sakeibaknei	ADJ
sakeibaknei,	ADJ
sakeibaknei-te	DET
sakeibakneite	ADJ
sakeiin	NOUN
sakhat	NOUN
sakhaw	VERB
sakhawliana,	PROPN
sakhawmi	NOUN
sakhi	VERB
sakhir	PROPN
sakhisih	PROPN
sakho	PROPN
sakhua	VERB
sakhua'	VERB
sakhua,	VERB
sakhuaa	NOUN
sakhuaah	ADJ
sakhuain	PROPN
sakhuana	NOUN
sakhuanaa	DET
sakhuanain	NOUN
sakhuate	NOUN
sakhw	ADV
sakin	NOUN
sakin,	NOUN
sakir	NOUN
sakkari	PROPN
saklai	DET
sakna	ADJ
saknaa	NOUN
saknaah	VERB
sakramen	NOUN
sakramente	PROPN
sakruang	VERB
saksak	NOUN
saksak.	DET
sakshi	PROPN
sakte	ADJ
sakthat	NOUN
saktir	NOUN
saktirtu	NOUN
sakuh	NOUN
sakṭhatna	NOUN
sal	NOUN
sala	PROPN
salad	NOUN
salad-ah	NOUN
salah	PROPN
salah,	PROPN
salah-a	PROPN
salah-an	PROPN
salam	PROPN
sale	PUNCT
sale!'	NOUN
salem	PROPN
salem,	PROPN
salesman	NOUN
salgaocar	PUNCT
salgaocar-in	DET
saliba	PROPN
salima	PROPN
salisu-an	PROPN
salla	PROPN
sally	PROPN
salma	PROPN
salman	PROPN
salomite	PUNCT
salon-ah	VERB
saloon	ADJ
salsa	NOUN
salt	PROPN
saltang	ADJ
saltanna	ADJ
salted	VERB
saltlang	VERB
saltâng	ADJ
salvationist	PROPN
salzburg	PROPN
sam	NOUN
sam,	NOUN
sam-a	PROPN
sam.	NOUN
sama	NOUN
samaagam	PROPN
samadder	PROPN
samagra	PROPN
samaia	PROPN
samaikyandra	PROPN
samak	NOUN
samang	PROPN
samantha	PROPN
samari	PROPN
samari-ah	PROPN
samaritan	PROPN
samarthya	PROPN
sambasiva	PROPN
sambhal-a	PROPN
sambi	PROPN
samdal	PROPN
sameti	PROPN
sameti,	PROPN
samfai	ADP
sami	PROPN
sami'n	PROPN
sami-a	PROPN
sami-a'n	PROPN
sami-an	PROPN
samin	DET
samiti	PROPN
samitikhan	PROPN
samla	PUNCT
samla,	PROPN
samlem	ADJ
samlukhai	PROPN
samlukhaiah	PROPN
samman	PROPN
sampaoli	PUNCT
sampath	PROPN
sampath-te	PROPN
sampdoria	PROPN
sampdoria,	PROPN
sample	NOUN
samples	NUM
sampras	PROPN
samrat	CCONJ
samsak	NOUN
samson	PROPN
samson-a	PROPN
samsona	DET
samsonova	PROPN
samsung	PROPN
samthang	PROPN
samtlang	PROPN
samu	PROPN
samuel	PROPN
samuel-a	PROPN
samuela	PROPN
samuelan	PROPN
samul	PROPN
samurai	NOUN
samzai	NOUN
san	NOUN
san.	NOUN
san?	NOUN
sana	NOUN
sanajaoba	PROPN
sanam	PROPN
sanamahi	PROPN
sanatana	PUNCT
sanath	PROPN
sanatomba	PROPN
sanbalatân	PROPN
sanchalan	PROPN
sanchayan	PROPN
sanches	PUNCT
sanchez	PROPN
sanchez,	PROPN
sanchez-an	PUNCT
sancho	PROPN
sanction	NOUN
sanctuary-a	ADJ
sanctuary-ah	DET
sande	PROPN
sandeep	PROPN
sandesh	PROPN
sandhagen	PUNCT
sandhu	PROPN
sandia	PROPN
sandler	PROPN
sandra	NOUN
sandra-i	ADP
sandro	PROPN
sandwich	NOUN
sane	PROPN
sang	VERB
sang,	VERB
sang.	VERB
sanga	PROPN
sanga'n	AUX
sanga,	PROPN
sangah	ADJ
sangaithel	PROPN
sangati	PROPN
sangati-ah	PROPN
sangau	NOUN
sangau,	NOUN
sangaute	PROPN
sangbawihi	PROPN
sangbber	DET
sangber	NOUN
sangberah	ADJ
sangchhin	PROPN
sangchhunga	PROPN
sangdingliana	PROPN
sangdingliana,	ADP
sangeet	PROPN
sangh	PROPN
sangha	NOUN
sangha,	NOUN
sanghaa	VERB
sanghain	NOUN
sanghal	NOUN
sanghapui	PRON
sanghate	ADJ
sanghawngsei	NOUN
sanghawngseiah	ADJ
sanghawngseiin	NOUN
sanghnih	ADJ
sanghnuna	PROPN
sanghnuni,	PUNCT
sanghuliana	PROPN
sanghâwngsei	NOUN
sangi	PROPN
sangin	ADV
sangin,	ADV
sangiovese	PROPN
sangkawia	PROPN
sangkhat	ADJ
sangkhuma	PROPN
sangkimi	PROPN
sangli	ADJ
sangliana	PROPN
sangliana,	PROPN
sanglianan	PROPN
sangliansiama	PROPN
sanglianthanga	PROPN
sanglungmuana,	PUNCT
sanglura	PUNCT
sangma	PROPN
sangmawia,	ADV
sangnga	NOUN
sango	AUX
sangpuia	NOUN
sangraam	PROPN
sangruk	ADJ
sangte	ADJ
sangtea	NOUN
sangtean	NOUN
sangtei	PROPN
sangteii	PROPN
sangthangan	PROPN
sangthankiman	NOUN
sangthuama	PROPN
sangthum	ADJ
sangwan-te	PROPN
sangzakua	DET
sangzawk	VERB
sangzuala	PROPN
sangzuala,	PROPN
sangṭhuama	PROPN
sanhita	PROPN
sanis	PROPN
sanitationi	PROPN
sanitize	VERB
sanjay	PROPN
sanjoy	PROPN
sanju	PROPN
sankalp	PROPN
sankar	PROPN
sankaracharya	NOUN
sanna	NOUN
sanskirt	DET
sant	PROPN
santa	PROPN
santa-an	AUX
santana	PROPN
sante	PROPN
santen	NOUN
santen,	NOUN
santi	PUNCT
santiago	PROPN
santo	PROPN
santorini	PROPN
santos	NOUN
santosh	PROPN
santro	PROPN
sanzawl	PROPN
sanzia	ADJ
sanziate	VERB
sao	PROPN
sap	NOUN
sap.	NOUN
sapa	PROPN
sapatal	VERB
sapdanga	PROPN
sapdangan	PUNCT
sapdengi	PROPN
sapeltute	DET
sapermeina	PROPN
saphai	NOUN
saphaiin	VERB
saphiri	NOUN
sapho	NOUN
saphote	DET
saphu	NOUN
saphun	NOUN
saphûn	NOUN
sapio	PROPN
sapio-te	PROPN
sapo	ADV
sapphire	NOUN
sapporo	PROPN
saprawnga	PROPN
sapte	NOUN
sapthei	NOUN
sapthei,	NOUN
saptong	PRON
sapui	NOUN
sapzova	PROPN
sapzu	PRON
sapṭawng	NOUN
sar	NOUN
sarabia	PROPN
sarah	PROPN
sarah-i	PROPN
sarai	ADP
saraii	PROPN
sarajevo	PROPN
saran,	PUNCT
sarandos	PROPN
sarang	NOUN
saras	PROPN
saraswathi	PROPN
sarayak	ADJ
sarbananda	PROPN
sardar	PROPN
sardesai	PROPN
sardion	PUNCT
sardis	AUX
sareng	PUNCT
sarepkawn	ADP
sarfaraz	PROPN
sarh	NOUN
sari	VERB
sarih	ADJ
sarih,	ADJ
sariha	ADJ
sarihah	NOUN
sarihin	VERB
sarihna	ADJ
sarihnaah	NOUN
sarihte	NOUN
sarih’	NOUN
sarin	NOUN
sarkar	DET
sarlamkai	PART
sarma	PROPN
sarmah	PROPN
saron	PROPN
sarovar	PROPN
sarr	PROPN
sarri	PROPN
saruak	ADJ
saruaka	ADJ
saruakin	NOUN
saruh	NOUN
saruta	PROPN
sarva	PROPN
sarvottam	PROPN
sarâng	ADP
sas	NUM
sasaktikaran	PROPN
sasaw	NOUN
sasce	PROPN
sascha	CCONJ
sasci	PROPN
saseng	NOUN
sasha	PROPN
sashakt	PROPN
sashaktikaran	PROPN
sasikala-i	ADP
saskaviy	PROPN
sasquatch	PROPN
sassuolo	PROPN
sastri	PRON
sat	VERB
sata	PROPN
satahchhuak	AUX
satantango	PROPN
sate	NOUN
sateek	PROPN
sateek-in	PROPN
sateekah	ADP
satel	NOUN
satellite	NOUN
satguru	AUX
sathau	NOUN
sathiyasundaram,	PROPN
sati	PUNCT
satiah	ADJ
satikang	NOUN
satin	NOUN
satire	VERB
satliah	ADJ
satliahah	NOUN
satliahte	VERB
sato	PROPN
satomi	NOUN
satoshi	PUNCT
satta	PROPN
satte	PROPN
satu	NOUN
saturday	PROPN
saturn	NOUN
satute	ADJ
satuten	ADV
satyasodak	PART
satzia	VERB
sauce	NOUN
saudi	PROPN
saudi-ah	ADV
sauh	VERB
sauh.	ADV
sauha,	ADV
saula	PROPN
saula'n	PROPN
saulan	PROPN
saum	ADP
sauna	NOUN
sauna-ah	DET
saurashtra	PROPN
sausalito-ah	PROPN
sava	NOUN
savage	PROPN
savannah	PRON
savate	NOUN
savate:	NOUN
savawm	NOUN
savawm,	NOUN
savawmin	ADJ
savdhaan	PROPN
save	VERB
savic	PROPN
savidge	PROPN
savio	PROPN
savit	PROPN
savodnik	PROPN
savulin	AUX
savun	NOUN
savunga	PROPN
savunga-te	PROPN
saw	NOUN
saw!	NOUN
saw.	NOUN
saw?	NOUN
sawai	PROPN
sawangjit	PUNCT
sawh	VERB
sawh.	VERB
sawhchhia.	PUNCT
sawhchiar	NOUN
sawhkhawk	NOUN
sawhkhâwk	VERB
sawhngheh	VERB
sawhnghehna	NOUN
sawhnghet	ADV
sawhsawn	NOUN
sawhthing	VERB
sawhthing,	VERB
sawhthingah	ADJ
sawhthingte	DET
sawi	VERB
sawi!	VERB
sawi,	VERB
sawi-belhin,	VERB
sawi.	VERB
sawi.sorkar	NOUN
sawi:	VERB
sawi?	VERB
sawi?!	VERB
sawia	VERB
sawia,	VERB
sawia.	VERB
sawiah	VERB
sawibunga	PROPN
sawichhan	NOUN
sawichhe	NOUN
sawichhetute	ADJ
sawichhiat	ADJ
sawichhiatna	NOUN
sawichhuah	VERB
sawichhuahna	ADJ
sawichhuak	VERB
sawichhuak!	VERB
sawichhuak.	VERB
sawichhuakin,	ADJ
sawichiang	NOUN
sawidan	VERB
sawidanin	NOUN
sawidun	VERB
sawidun.	VERB
sawidunin,	CCONJ
sawifel	ADJ
sawifiah	NOUN
sawifiah.	NOUN
sawifiahin	ADJ
sawifiahin,	ADJ
sawifiahna	NOUN
sawihara	PUNCT
sawihlawh	VERB
sawihlira	PROPN
sawihlira,	PROPN
sawihnawm	NOUN
sawiho	VERB
sawiho.	VERB
sawiho?	VERB
sawihoa	NOUN
sawihoin,	DET
sawihona	NOUN
sawihonaah	ADJ
sawihonate	VERB
sawihova	ADJ
sawiin	ADJ
sawiin,	ADJ
sawiin.	ADJ
sawikhawm	VERB
sawilan	VERB
sawilang	PART
sawilang.	NOUN
sawilangin,	NOUN
sawilawk	VERB
sawimawi	NOUN
sawimawina	NOUN
sawimawitute	VERB
sawin,	NOUN
sawina	ADJ
sawina,	ADJ
sawina.	ADJ
sawinaah	NOUN
sawinaah,	NOUN
sawinain	VERB
sawinawn	VERB
sawine	NOUN
sawinghing.	VERB
sawipui	NOUN
sawipui.	NOUN
sawipui?	NOUN
sawipuia	CCONJ
sawipuiin	NOUN
sawipuiin,	NOUN
sawipuitu.	NOUN
sawirik	VERB
sawirikte	DET
sawirual	DET
sawisa	VERB
sawisa.	VERB
sawisain	VERB
sawisak	ADJ
sawisakin	ADJ
sawisakna	NOUN
sawisatute	NOUN
sawisel	VERB
sawisel.	VERB
sawisel?	VERB
sawisela	ADJ
sawiselbo	AUX
sawiselin	NOUN
sawiselin,	NOUN
sawiselna	NOUN
sawiseltu	NOUN
sawiseltu,	NOUN
sawiseltute	VERB
sawiseltuten	ADJ
sawisen	ADJ
sawisêl	VERB
sawisêlna	ADJ
sawite	NOUN
sawithei	PRON
sawitir	ADJ
sawitu	ADJ
sawituah	ADJ
sawitur	VERB
sawitute	NOUN
sawituten	ADP
sawitu’	VERB
sawizauna	VERB
sawizawi	ADJ
sawizawina	VERB
sawizawm	NOUN
sawizawmin,	VERB
sawizui	ADJ
sawizui.	ADJ
sawizuina	ADJ
sawk	VERB
sawkar	DET
sawlai	NOUN
sawleng	VERB
sawm	NOUN
sawm,	NOUN
sawm.	NOUN
sawm?	NOUN
sawma	ADJ
sawmah	NOUN
sawmbik	NOUN
sawmbikten	VERB
sawmfela	PROPN
sawmhnih	ADJ
sawmhnih-pariat	VERB
sawmi	PROPN
sawmi.	ADV
sawmin	VERB
sawmin,	VERB
sawmkhawm	NOUN
sawmkua	ADJ
sawmkua.	NUM
sawmli	NUM
sawmna	NOUN
sawmnaah	ADJ
sawmnate	NOUN
sawmnga	ADJ
sawmngana	ADJ
sawmngana,	ADJ
sawmpahnih	ADJ
sawmpakhat	NUM
sawmpakua	NUM
sawmpali	NUM
sawmpanga	NUM
sawmpariat	NUM
sawmparuk	NUM
sawmpathum	ADJ
sawmpuii	PROPN
sawmriat	ADJ
sawmruk	ADJ
sawmsak	NOUN
sawmsarih	ADJ
sawmte	ADJ
sawmtea	NOUN
sawmtei	ADV
sawmthum	ADJ
sawmthum-ah	NOUN
sawmtu	NOUN
sawn	NOUN
sawn.	NOUN
sawnchhuah	NOUN
sawng	VERB
sawng.	VERB
sawngbawl	NOUN
sawngbawl.	NOUN
sawngbawlna	ADJ
sawngin	VERB
sawngnawi	NOUN
sawnin	VERB
sawnin,	VERB
sawnna	VERB
sawnpui	AUX
sawnpuiin	PART
sawnsak	VERB
sawntir	NOUN
sawntlung	NOUN
sawp	VERB
sawp!	VERB
sawp.	VERB
sawpin	VERB
sawpin,	VERB
sawptu	PRON
sawr	VERB
sawra	ADJ
sawrbing	ADJ
sawrbing.	ADJ
sawrchhuah	DET
sawrfu	AUX
sawrfu.	NOUN
sawrkar	NOUN
sawrkar'	NOUN
sawrkar,	NOUN
sawrkar-in	PROPN
sawrkar-na	PRON
sawrkar.	NOUN
sawrkara	ADJ
sawrkarah	ADJ
sawrkarin	NOUN
sawrkarlaipui	NOUN
sawrkarna	NOUN
sawrkhar	NOUN
sawrkhawmin	PUNCT
sawrkhâr	PART
sawrkâr	NOUN
sawrkârah	PRON
sawrkârin	NOUN
sawrkârna	NOUN
sawrlai	NOUN
sawrna	ADJ
sawt	VERB
sawt,	VERB
sawt.	VERB
sawta	ADV
sawtah	ADJ
sawtiang	ADJ
sawtianga	PUNCT
sawtna	NOUN
sawtpui	VERB
saxena	PROPN
saxophone	NOUN
saxophonist	NOUN
sayeed	PROPN
sazaikawn	PROPN
sazawrhna	PRON
sazu	NOUN
sazuk	NOUN
sazupui	NOUN
sazupuiin	PRON
sb	PROPN
sbc	PROPN
sberbank	PROPN
sbi	PROPN
sbm	PROPN
sbu	NOUN
sc	PROPN
sc-in	PROPN
scala	PROPN
scale	NOUN
scale-a	DET
scaloni	PROPN
scaloni-an	PROPN
scam	NOUN
scamacca	PROPN
scams	NOUN
scan	PROPN
scan-te	NOUN
scandinavia-ah	AUX
scanner	DET
scanner-ah	NOUN
scanning	PROPN
scarecrow	NOUN
scarlett	PROPN
scc	NOUN
scene	NOUN
scert	PROPN
schade	PROPN
schalke	PUNCT
schalke,	PROPN
schalke-in	ADJ
schar	PROPN
schedule	NOUN
schedule-ah	NOUN
scheduled	ADJ
scheduler	PROPN
scheme	NOUN
scheme-ah	ADP
scheme-te	PUNCT
schemes	NOUN
schizophrenia	NOUN
schlager	NOUN
schlorship	DET
schlotterbeck	PROPN
schmeichel	PROPN
schmeichel,	PROPN
schmiedchen	PROPN
schnapps	PROPN
schneiderlin	PROPN
scholarship	NOUN
scholarship-ah	NOUN
scholz	PROPN
school	NOUN
school-a	PROPN
school-ah	PROPN
schopman	PROPN
schreuder	NOUN
schroder	PUNCT
schroeder	PROPN
schurrle	PROPN
schuster	PROPN
schwartz	PROPN
schwartzman	PUNCT
schwarzenegger	PROPN
schweinsteiger	PROPN
sci	PROPN
sciatic	ADJ
science	NOUN
science,	NOUN
science-ah	PRON
science-in	NOUN
sciencetist-te	NOUN
scientific	ADJ
scientist	NOUN
scientist-te	NOUN
scientist-ten	VERB
scientists	PUNCT
scientists-te	SCONJ
scindia	PROPN
scmi	PROPN
sco	PROPN
scolari	PROPN
scoop	NOUN
scooter	NOUN
scooter-a	DET
scooter-in	DET
scooty	DET
score	NOUN
score.	NOUN
score?	NOUN
scoreline	ADJ
scorpio	PROPN
scorsese	PROPN
scot-ho	PROPN
scotland	PROPN
scotland,	PROPN
scotland-a	DET
scotland-ah	AUX
scotlandah	PROPN
scots-ho	AUX
scott	PROPN
scottish	ADJ
scout	NOUN
scout-te	PROPN
scouts	PROPN
scouts-a	PUNCT
scrap	NOUN
screen	NOUN
screening	NOUN
screw	PRON
screwdriver	NOUN
script	DET
scrolls	PROPN
scrooge	PROPN
scrubs	NOUN
scrutiny	PROPN
scudetto	DET
sd	PUNCT
sd&sm	NOUN
sd1.0	PROPN
sda-te	DET
sdao-in	PROPN
sdb	PROPN
sdc	PROPN
sdc,	PUNCT
sdeo	PROPN
sderot	PROPN
sdf	PROPN
sdf-ten	PROPN
sdg	ADJ
sdh-a	PROPN
sdhakti	NOUN
sdho	PROPN
sdidc	ADP
sdis	DET
sdm-te	PROPN
sdo	PROPN
sdo,	PUNCT
sdpo	PROPN
sdpo,	NOUN
sdpo-te	PUNCT
sdrf	PUNCT
sdrp	PROPN
se	NOUN
se!	NOUN
se!!	NOUN
se!"	NOUN
se'	NOUN
se,	NOUN
se,"	VERB
se,'	NOUN
se,a	NOUN
se,’	PART
se,”	NOUN
se-mi-final	ADP
se.	NOUN
se:	NOUN
se;	NOUN
se?	NOUN
sea	PROPN
sea-a	AUX
sead	NOUN
seal	NOUN
sealdah	PROPN
seamas	PROPN
sean	PROPN
search	PROPN
seashell	NOUN
season	NOUN
season-a	DET
season-ah	NOUN
seat	NOUN
seat-ah	ADP
seat-sharing	NOUN
seatbelt	NOUN
seatbelts	VERB
seating-ah	NOUN
seato	VERB
seattle-a	DET
seattle-ah	PROPN
sebastian	PROPN
sebawng	NOUN
sebawngpate	ADJ
sec	DET
sec-ah	PROPN
seconc-half	ADJ
second	ADJ
second-grader	ADJ
second-half	DET
secondary	PROPN
secret	ADJ
secretary	PROPN
secretary,	PROPN
secretary-ah	PROPN
secretary-in	PROPN
section	PROPN
sector	NOUN
sector-ah	NOUN
secunderabad	ADP
secure	PROPN
security	NOUN
secy	PROPN
secy,	PROPN
sedal	PUNCT
sedan	NOUN
sedated	VERB
sedba	NOUN
sediment	PUNCT
sedp	PROPN
seed	ADJ
seeded	ADJ
seedlings	NOUN
seferovic	PROPN
segovia	PROPN
seh	VERB
seh.	VERB
sehchilh	ADV
sehchilh.	NOUN
sehin	NOUN
sehna	VERB
sei	VERB
sei'	VERB
sei,	VERB
sei.	ADJ
seiah	ADJ
seibawm	VERB
seifa/	VERB
seiin	VERB
seilen	NOUN
seilenna	NOUN
seilian	ADJ
seilian.	ADJ
seilian?	ADJ
seiliana,	NOUN
sein-a	PROPN
seine	PROPN
seir	NOUN
seismologist	NOUN
seismology	PROPN
sek	ADV
sek.	ADV
sekan	ADP
sekar	PROPN
sekawt	PROPN
sekawtrawlhah	PROPN
sekel	ADJ
sekem	ADP
sekema	PROPN
sekhum	PROPN
seki	NOUN
sekibuhchhuak	ADJ
sekiguchi	PROPN
sekka	PRON
sekmai,	PROPN
sekou	VERB
sekrek	ADV
sel	NOUN
sela	NOUN
sela,	NOUN
sela.	NOUN
sela;	NOUN
selam	PROPN
selama	VERB
selang	NOUN
sela’	ADJ
selby	PROPN
selco	NOUN
seldinga	VERB
selecao	PROPN
selena	PROPN
selenarctos	PROPN
selesih	PROPN
self-driving	NOUN
selfie	NOUN
selhranga	ADP
selhurst	PROPN
seling	PROPN
seljuk	DET
seller	NOUN
selles-an	PROPN
selna	NOUN
selselna	PRON
selthuama,	PROPN
seltos	PROPN
sem	VERB
sem.	VERB
sema	PUNCT
semah	NOUN
semchhuah	VERB
semchhuahna	VERB
semchhuak	NOUN
semchhuak.	NOUN
semdarh	ADJ
semester	ADJ
semi	NOUN
semi-final	ADJ
semi-final-ah	DET
semi-trailer	ADJ
semifi	PRON
semifinal	NOUN
semifinal-a	PRON
semifinal-ah	NOUN
semifinalist	DET
semin	NOUN
seminar	NOUN
seminar-a	PRON
seminar-ah	NOUN
semna	ADJ
semnaah	VERB
semrual	NOUN
semrual.	NOUN
semte	NOUN
semtu	ADJ
semtuah	NOUN
semtute	VERB
sen	NOUN
sen'	NOUN
sen,	NOUN
sen.	NOUN
sen?	NOUN
sena	PROPN
senapati	PROPN
senate	PROPN
senator	DET
senator-in	PROPN
senchi	PROPN
sendai-ah	PROPN
sendang	ADJ
senduk	VERB
sendâng	ADJ
senegal	PROPN
seng	VERB
seng.	VERB
seng.watford	NOUN
senga	VERB
sengar	NOUN
sengar-a	AUX
senghawi	NOUN
senghawi.	NOUN
senghawia	NOUN
senghawinaa	VERB
sengin	VERB
sengin,	VERB
sengkhawm	NOUN
sengluh	NOUN
senglut.	NOUN
sengna	VERB
sengol	NOUN
sengtu	ADJ
sengtute	ADJ
senior	ADJ
senior-level	ADJ
senkaku	PROPN
senmei	NOUN
senna	VERB
senno	ADJ
senno.	NOUN
senny	PROPN
seno	SCONJ
senpui	NOUN
senral	ADJ
sense	NOUN
senso	NOUN
sensor	NUM
sensouji-ah	PROPN
sensus	PROPN
sentei	VERB
sentence	NOUN
sentence,	PUNCT
sentence-a	VERB
sentetfiang	PROPN
sentezel	NOUN
sentiment	NOUN
sentimentalist	ADJ
sentinel	PUNCT
sentut	NOUN
seo	PROPN
seol	AUX
seoul	ADP
seoul-a	DET
sep	VERB
sep.	VERB
separatist	DET
separatist-tena	NOUN
sephardic	DET
sepp	PROPN
sept	PROPN
sept.	PUNCT
september	NOUN
september,	NOUN
september-ah	PROPN
septemebr	PROPN
septicaemia	PUNCT
septicemia	PROPN
septuagin	DET
septuagint-a	PROPN
sequel	NOUN
ser	NOUN
ser-chhip	PROPN
ser-chhipah	NOUN
ser.	NOUN
serabagad	PROPN
seraf-te	NOUN
serafim	NOUN
seraia	NOUN
serampore	PROPN
seraphic	PROPN
serb	PROPN
serbia	PROPN
serbia-ah	PROPN
serbian	ADJ
serchhip	PROPN
serchhip,	PUNCT
serchhip-a	PROPN
serchhip-ah	PROPN
serchhipa	ADJ
serchhipah	PROPN
serchhipin	PRON
serchhp	PROPN
serena	PROPN
serge	NOUN
sergei	PROPN
sergej	PROPN
sergi	PROPN
sergio	PROPN
serh	NOUN
serhmun	ADP
serhou	PROPN
serhtan	NOUN
serhtanhoten	ADJ
serhuan	PROPN
serial	NOUN
sericulture	PROPN
serie	PROPN
series	NOUN
series-a	NOUN
serious	ADV
serkawn	PROPN
serkawn-ah	PUNCT
serkawnah	PUNCT
serkawr	PROPN
serkhan	PROPN
serkhan-bagha	PROPN
serlui	PROPN
serlui,	PUNCT
serlui-b	DET
serluiah	ADP
sermon	PROPN
sermon,	NOUN
sermon-in	PROPN
serou	PUNCT
serpents	PROPN
serra	PROPN
serrchhip	PROPN
sertawk	NOUN
serte	NOUN
serthlum	NOUN
sertlangpui	DET
seruga	PUNCT
serum	PROPN
server	DET
service	NOUN
service,	NOUN
service-ten	NOUN
services	PROPN
services-	DET
services-te	CCONJ
serzawl	PROPN
serṭawk	NOUN
sesawng	PROPN
sesawng,	PROPN
sesein	ADJ
sesih	DET
sesko	PROPN
session	NOUN
session-ah	NOUN
sesâwm	ADP
set	NOUN
set.	VERB
setan	ADJ
setan,	ADJ
setana	NOUN
setanan	NOUN
sete	PROPN
setha	NOUN
sethawn	PROPN
sethawna	PROPN
sethawnah	PUNCT
setu	PROPN
setup	NOUN
seva	PROPN
sevak	PROPN
severance	PRON
sevilla	PROPN
sevilla-a	PROPN
sevilla-ah	ADJ
sevilla:	NOUN
seville	AUX
sevulhtute	DET
sevulhtuten	ADJ
sewage-ah	NOUN
sewer	DET
sex	NOUN
sexi	ADJ
sexy	ADJ
seydou	PROPN
sez	PROPN
seṭhawn-a	ADJ
se’	NOUN
sf-260	VERB
sg3	PROPN
sgt.	PROPN
shadab	PROPN
shadipur	PUNCT
shadows	PROPN
shah	PROPN
shah-a	PROPN
shahada	PROPN
shahbaz	ADP
shaheen	PROPN
shaheens	PROPN
shahid	PROPN
shailesh	PROPN
shaiman	NOUN
shaji	NOUN
shakespeare	PROPN
shakespeare-a	PROPN
shakhtar	PROPN
shakira	PROPN
shakti	PROPN
shakti'	PROPN
shaleel	NOUN
shaligram	PROPN
shally	ADV
shalom-a	PUNCT
shambhu	PROPN
shami	PROPN
shampoo	NOUN
shamu-a	PROPN
shan	NOUN
shana	PROPN
shanaka	PROPN
shane	NOUN
shanghai	PROPN
shanghai-a	DET
shanghai-ah	ADP
shanghainese	VERB
shankar	PUNCT
shanti	PROPN
shanubam	PROPN
shape	NOUN
shapovalov,	PROPN
shaqiri	PROPN
shaqiri-an	PROPN
sharad	PROPN
sharapova	PUNCT
sharda	PROPN
share	VERB
share.	VERB
shareholders	NOUN
shares	NOUN
sharia	ADJ
sharif	PROPN
sharing	ADP
sharjeel	PROPN
shark	NOUN
sharma	PROPN
sharma,	PROPN
sharmila	PROPN
sharmila-i	PROPN
sharpe	PROPN
sharpova	PROPN
sharypova	NOUN
shashank	PROPN
shashank-a	PROPN
shashanka	PROPN
shashi	PROPN
shashlik	NOUN
shastri	PROPN
shatsang	PROPN
shattner	PROPN
shaun	PROPN
shaved	ADJ
shaw	PROPN
shawn	PROPN
shc	PROPN
shc-a	VERB
shceme	PROPN
sheain	PROPN
shearer	PROPN
sheeran	PROPN
sheeran,	PROPN
sheeran-te	PROPN
sheet	NOUN
sheffield	PROPN
shehbaz	PROPN
sheikh	PROPN
sheikhupura	PROPN
sheila	PROPN
shekau	PROPN
shekel	ADJ
shekher	PROPN
shelf	NOUN
shelf-ah	DET
shelton	PROPN
shelvey	PROPN
shenandoah	PROPN
shenanigans	PRON
shenhua	PROPN
sheriff	NOUN
sheriff-in	DET
sherpa	VERB
sherwood	PROPN
sheryl	NOUN
shettar	PROPN
shetty	PROPN
sheva	PROPN
shevchenko	PUNCT
shg	PROPN
shg-te	ADP
shia	PROPN
shibuya	PROPN
shida	ADP
shields	PROPN
shift	NOUN
shift-a	PRON
shift-ah	NOUN
shifts	NOUN
shiite	ADJ
shikhar	PROPN
shiksha	PROPN
shilam	PUNCT
shilji	PUNCT
shillong	PROPN
shillong,	ADP
shillong-a	PROPN
shillong-ah	ADP
shillong-ahte	PROPN
shillong-in	PROPN
shillongah	ADP
shillong–21	PROPN
shimla	PUNCT
shimla,	PROPN
shimla-ah	PROPN
shimnit	PROPN
shimron	PROPN
shin	NOUN
shinawatra	PROPN
shinde	PROPN
shinghajit	PROPN
shingle	NOUN
shingles	ADV
shinjuku-ah	ADP
shinkansen	PROPN
shinobu	PROPN
shintaro	AUX
shipping	NOUN
shiprock-ah	ADP
shirley	PROPN
shishkabob	PUNCT
shishu	PROPN
shit	NOUN
shithole	NOUN
shiv	PROPN
shivaji	PROPN
shivajians	PROPN
shivalaya	PUNCT
shivam	PROPN
shivir	PROPN
shivpal	PART
shizuoka,	PROPN
shkodran	PUNCT
shloka	PUNCT
shmustar-ah	PROPN
shnong	PROPN
sho	NOUN
shobha	PROPN
shock	VERB
shoebox	DET
shoiab-a	PROPN
shoji	PUNCT
sholay	ADP
shomurrodov-a	ADP
shoot	PUNCT
shootout	NOUN
shootout-ah	NOUN
shop	NOUN
shop-ah	AUX
shopping	NOUN
short	NOUN
shorthand	NOUN
shorts-ah	PROPN
shot	NOUN
shou	PROPN
shougongsha	PROPN
shoulder	NOUN
show	NOUN
show-a	NOUN
showcase	ADJ
showroom	NOUN
showrya	ADP
shows	NOUN
showstopper-ah	NOUN
shramdaan	PROPN
shramdaan'	PROPN
shredder	NOUN
shredder-ah	NOUN
shresth	PROPN
shrewsbury	PROPN
shri	PROPN
shrine	NOUN
shringla	PROPN
shri’	PUNCT
shroud	NOUN
shsu	PROPN
shtooka	PROPN
shuai	PUNCT
shubhkaran	NOUN
shubho	NOUN
shuffle	NOUN
shukla	PROPN
shukla,	PROPN
shukla-an	PROPN
shutter	NOUN
shweta	PROPN
shyama	PROPN
si	NOUN
si!	NOUN
si,	NOUN
si.	NOUN
si;	NOUN
si?	NOUN
sia!	PUNCT
sia,	ADV
sia.	NOUN
siah	VERB
siaha	PROPN
siaha,	ADP
siaha-a	NOUN
siaha-ah	PROPN
siahaa	PROPN
siahaah	PROPN
siai	VERB
siai.	VERB
siak	NOUN
siakah	VERB
siakam	PROPN
siakna	NOUN
sial	VERB
sial.	VERB
sialhau	PROPN
sialhawk	PROPN
sialhawkah	ADP
sialhawkin	PUNCT
sialhâwk	NOUN
sialhâwk,	PROPN
sialin	NOUN
sialin,	NOUN
sialna	NOUN
sialsir	NOUN
sialsir-ah	PROPN
sialsirte	NOUN
sialsuk	PROPN
sialsûk	PROPN
sialte	PRON
sialton	PROPN
sialtu	NOUN
siam	VERB
siam)	VERB
siam,	VERB
siam.	VERB
siam.rindika	NOUN
siam:	VERB
siam?	VERB
siama	ADJ
siama'n	AUX
siama.	ADJ
siamah	VERB
siamah,	VERB
siamahte	NOUN
siamchawp	VERB
siamchhuah	NOUN
siamchhuah?	NOUN
siamchhuahna	ADJ
siamchhuak	VERB
siamchhuaktu	NOUN
siamdan	VERB
siamese	PUNCT
siamfel	ADJ
siami	PROPN
siami'n	PROPN
siami-i	PROPN
siami-in	PROPN
siamin	NOUN
siamin,	NOUN
siamkima	ADP
siamkunga	PROPN
siamlet	NOUN
siamliani-te	PROPN
siamna	ADJ
siamna,	ADJ
siamna.	ADJ
siamnaa	ADJ
siamnaah	VERB
siampui	NOUN
siampui,	NOUN
siampui.	NOUN
siampuia	PROPN
siampuiah	VERB
siampuii	PROPN
siampuiin,	CCONJ
siamrem	ADJ
siamrem.	ADJ
siamrema	DET
siamremna	VERB
siamsa	ADJ
siamsak	ADJ
siamsak,	ADJ
siamsak.	ADJ
siamsakah	NOUN
siamsakin	ADJ
siamsakin,	ADJ
siamsakna	NOUN
siamsakte	ADJ
siamsaktu	ADJ
siamsinpawlpi	PROPN
siamte	ADJ
siamtea	PROPN
siamtei	PROPN
siamten	ADJ
siamtha	ADJ
siamthaa,	ADJ
siamthain	VERB
siamthangpuia	PUNCT
siamthar	ADJ
siamthar.	ADJ
siamtharna	VERB
siamthat	VERB
siamthat,	VERB
siamthat.	VERB
siamthatna	NOUN
siamthatnaah	NOUN
siamthatu	ADJ
siamtir	ADJ
siamtu	NOUN
siamtu,	NOUN
siamtu?	NOUN
siamtuah	ADJ
siamtuin	VERB
siamtun	VERB
siamtur	ADJ
siamtute	ADV
siamtuten	NOUN
siamțhat	NOUN
siamṭha	ADJ
siamṭhain	NOUN
siamṭhat	NOUN
siamṭhat.	NOUN
siamṭhatna	NOUN
sian	ADP
siang	NOUN
sianthuama	PROPN
siau	ADJ
siau.	ADJ
sibal	PROPN
sibenik	CCONJ
siberia	PROPN
siberia-a	PROPN
siberia-ah	ADV
sibinasora	PROPN
sibuta	PROPN
sicily	VERB
sicily-a	PROPN
sidbi	PROPN
siddaramaiah	PROPN
siddarth	PROPN
siddharth	PROPN
siddim	PROPN
siddique	PROPN
side	NOUN
sidhu	NOUN
sience	PUNCT
sienna	PROPN
sightseeing	VERB
sigmund	PROPN
sign	VERB
sign.	NOUN
signal	NOUN
signalling	CCONJ
signature	NOUN
sigurdsson	PROPN
sih	VERB
sihal	NOUN
sihalte	NOUN
sihfa	ADP
sihhmui	PROPN
sihhmuia	PUNCT
sihhmuiah	DET
sihnih	PART
sihona	VERB
sihphir	PROPN
sihphir,	PROPN
sihphirin	PROPN
sihphîr	ADP
sihpir	PROPN
sihtlangpui	ADP
sii	PROPN
siin	ADJ
siin,	ADJ
sik	NOUN
sik.	NOUN
sikh	PROPN
sikhat	ADJ
siki	NOUN
sikin	ADJ
sikkim	PROPN
sikkim-a	PRON
sikkim-ah	CCONJ
sikkimese	PROPN
sikpui	NOUN
sikret	VERB
sikri	NOUN
siksawi	NOUN
siksawi.	NOUN
siksawk	VERB
sikserh	ADJ
sikserh.	ADJ
siksha	PROPN
siktuithiang	PROPN
sikul	VERB
sikul,	VERB
sikul-a	NOUN
sikul-ah	PRON
sikula	NOUN
sikulah	VERB
sikulah,	VERB
sikulahte	DET
sikuldefangmai	NOUN
sikulin	DET
sikulkawn	PUNCT
sikulpui	ADP
sikulpuikawn	PROPN
sikulpuikawn,	PROPN
sikulpuikawnah	ADP
sikuls	ADP
sikulte	VERB
sil	NOUN
sil,	VERB
sil.	NOUN
sil?	NOUN
sila	PROPN
silai	NOUN
silaia	ADJ
silaiah	ADJ
silaiin	NOUN
silaimu	NOUN
silaimu,	NOUN
silas	PROPN
silchar	PROPN
silchar,	VERB
silchar-aizawl	PROPN
silchar-karimganj	PROPN
silchar-lumding	PRON
silchar-sairang	PROPN
silcharah	VERB
silfai	ADJ
silfai?	ADJ
silfaina,	VERB
silh	NOUN
silhfen	ADJ
silhfente	PRON
silhfên	ADJ
silhfênte	NOUN
silhlum	PROPN
silhpuan	NOUN
siliana,	PROPN
silicon	PROPN
siliguri	ADP
siliguri-ah	ADP
siliguri:	PROPN
silin	NOUN
silk	PROPN
silna	ADJ
silna,	ADJ
silo	ADJ
silo.	ADJ
siloa,	ADJ
siloh	ADJ
siloh.	ADJ
silote	ADJ
silova	NOUN
silpaulin	NOUN
silpauline	PROPN
silpauline-a	NOUN
silpouline	NUM
silsak	ADV
silsuri	PROPN
silsury	PROPN
siltu	VERB
silva	PROPN
silva-a	PROPN
silvan	VERB
silver	NOUN
sim	NOUN
sim.	NOUN
sima	DET
sima,	VERB
simakan	ADP
simeia	NOUN
simeikhu	NOUN
simeon-ho	PROPN
simeone	NOUN
simeone-a	PUNCT
simin	NOUN
simin,	NOUN
simna	ADJ
simon	NOUN
simona	PROPN
simona,	PROPN
simone	PROPN
simons	PROPN
simple	ADJ
simpsons	PROPN
simranjit	ADJ
simtu	NOUN
sin	VERB
sin'	VERB
sin,	VERB
sin.	VERB
sin;	VERB
sina	PROPN
sinai	PROPN
sinaloa	PROPN
sinatra	PROPN
sindgi	PROPN
sindhi	DET
sindhu	PROPN
sing	ADV
singapore	VERB
singapore-a	PRON
singapore-ah	PROPN
singapore-ahte	DET
singaporean-ho	PROPN
singer	NOUN
singers	PROPN
singh	PROPN
singh,	PROPN
singha	PROPN
singhnih	NUM
singhvi	PROPN
singkhat	ADJ
singkua	NUM
singkung-gah’	PUNCT
single	ADJ
singles	PART
singles-ah	PART
singli	NUM
singnga	NUM
singngaihsuta	PROPN
singriat	NUM
singruk	VERB
singsihlip	NOUN
singte	PROPN
singtel	ADP
singtel,	VERB
singthum	NOUN
singto	PROPN
singur	PROPN
sinha	PROPN
sini	PUNCT
siniakova	PROPN
sinisa	NOUN
sink	NOUN
sink-ah	NOUN
sinlung	PROPN
sinner	PROPN
sinner-an	PROPN
sino-	ADJ
sinopharm	PROPN
sinovac	PROPN
sinte	NOUN
sinterklaas	PROPN
sinwar	PROPN
siobhan-i'n	PROPN
siobhán-i'n	NOUN
sione	NUM
sioux	DET
sipai	ADJ
sipai,	ADJ
sipai-ah	AUX
sipaia	NOUN
sipaiah	NOUN
sipaiho	ADJ
sipaihote	NOUN
sipaiin	ADJ
sipaite	NOUN
sipaite'n	NOUN
sipaiten	ADJ
siphurh	PRON
sipisial-zia	ADJ
sipmiu	PROPN
sipoaite	PROPN
sir	NOUN
sir,	NOUN
sira	ADJ
sirah	NOUN
siraj	PUNCT
sirajul	PUNCT
siram	PRON
sircar	PROPN
sird	PROPN
sird&pr,	PUNCT
siren	NOUN
sirf-a	PUNCT
sirius	PROPN
siro	PROPN
siro-ah	PRON
sirte	ADJ
sirva	NOUN
sisakht	ADP
sisodia	PROPN
sister	DET
sit-up	NOUN
sitawm	NOUN
sitcom	VERB
site	PROPN
sitharaman	NOUN
sitna	NOUN
sitna,	NOUN
sitting	VERB
sittwe	ADP
situation	DET
sitwe	PROPN
siva	PROPN
sivasagar,	PUNCT
sivasakthi	ADP
six	NUM
sixers	NOUN
size	NOUN
sizia	PRON
sjac	PROPN
sjw	DET
skala	ADP
skate	NOUN
skateboard	DET
skateboard-a	PART
skateboarder	NOUN
skateboarding	VERB
skater	NOUN
skating	VERB
skau	NOUN
skechers	ADP
sketchpad	DET
ski	NOUN
ski-a	VERB
skiing	NOUN
skill	NOUN
skip	PUNCT
skip-a	PROPN
skirt	VERB
skm	PROPN
skop	NOUN
skorea	PROPN
skriniar	PROPN
skydive	VERB
skydiving	PROPN
skydiving-ah	VERB
skylink	PROPN
skymet	NOUN
skynet	PROPN
skype	ADP
skytree	PROPN
skywalk	VERB
skywatching	VERB
sl	PROPN
sl&pb-in	PROPN
slab	ADP
slacker	NOUN
slacktivism	NOUN
slam	PROPN
slam-a	AUX
slam-ah	PRON
slammers	PROPN
slaughterhouse	ADJ
slaugter	DET
slavia	ADJ
slavisa	PROPN
slavko	PUNCT
slbc	ADP
sled-ah	NOUN
sledgehammer	NOUN
sleigh	DET
sleuth	NOUN
slices	NOUN
sloane	PROPN
slot	NOUN
slovak	PUNCT
slovakia	PROPN
slovan	VERB
slovenia	PROPN
slovenian	VERB
slow	VERB
slpf-ah	PRON
slrm	PROPN
slum-a	AUX
sm	PROPN
smalling	VERB
smallpox	NOUN
smaragdos	PROPN
smart	PROPN
smartphone	NOUN
smartwater	PROPN
smash	PROPN
smb	PROPN
smds	PROPN
smear	NOUN
smile	PRON
smipl	PROPN
smirti	PROPN
smita	PROPN
smith	PROPN
smith-a	PROPN
smith-an	PROPN
smithsonian	PROPN
smo,	PUNCT
smolov	PROPN
smotrich	PROPN
smpb	PROPN
sms	PROPN
smtc	PROPN
smtc-ah	PROPN
smuggling	NOUN
smuggling-a	NOUN
smuggling:	PROPN
sn	PROPN
snai	PROPN
snapchat	DET
snapchat-ah	PROPN
snatch-ah	ADP
sneijder	PROPN
sniper	NOUN
snooker	VERB
snopp	VERB
snow	PROPN
snowboard	ADV
snowboarding	VERB
snowflake	NOUN
snpp	ADJ
sns	PROPN
so	VERB
soarez	PROPN
sobhraj	PROPN
sobrino	PUNCT
soccer	NOUN
socceroos	PROPN
soceity	NOUN
sochi	PROPN
sochua	PROPN
social	ADJ
social-ah	PROPN
socialfront	PROPN
socialism	NOUN
socialist	PROPN
sociedad	PROPN
societies	PROPN
society	PROPN
society,	PUNCT
society-ah	ADP
society-te	CCONJ
society’	PUNCT
socio	ADP
socioeconomic	ADJ
sociopath	ADJ
sock	NOUN
socrates	PROPN
socrates-an	PROPN
soda	NOUN
soderling	PROPN
sodom	PROPN
sofa	NOUN
sofa-ah	NOUN
sofi	PROPN
sofia	NOUN
soft	PROPN
softener	NOUN
software	NOUN
sofyan	PROPN
sogyeokdong	NOUN
sohna	PROPN
sohr	PROPN
sohra-ah	PROPN
sokar	DET
sokpuikuang	NOUN
sokpuiruang	PROPN
sol	ADV
sol-fa	PROPN
sola	PROPN
solanke	PROPN
solar	ADJ
soldierathon	PROPN
soleimani	PROPN
solemn	ADJ
solenoid-a	NOUN
soler	PROPN
solfa	VERB
solfaa	PROPN
solicitor	PROPN
solih	PROPN
solitaire	NOUN
solo	NOUN
solo-in	ADV
solomona	PROPN
solomonan	PROPN
solskjaer	PROPN
solskjaer-a	PROPN
solution	PRON
solveig	NOUN
somaiya	PROPN
somalia	PROPN
somalia-a	DET
somdal	ADJ
sommer	PROPN
sommer-a	PROPN
somolia	PROPN
son	CCONJ
son-a	ADP
sonari	PROPN
sonego	PROPN
sonet	PROPN
song	NOUN
songate	PROPN
songpa	PROPN
soni	PROPN
sonia	PROPN
sonkar-a	PROPN
sonowal	PROPN
sontheimer	PROPN
sonu	NOUN
sony	PUNCT
soo	NOUN
soo-hyun	PROPN
sop	PROPN
sopa	ADP
sophie	PROPN
soprano	NOUN
sor	PROPN
soraisam	PROPN
soram	PROPN
sorbonne	PROPN
sorkain	PROPN
sorkar	DET
sorkar,	NOUN
sorkar-ah	PRON
sorkar-in	NOUN
sorkar-na	PRON
sorkar-te	VERB
sorkar.	NOUN
sorkara	NOUN
sorkarah	VERB
sorkarin	NOUN
sorkarna	PRON
sorkarna,	ADV
sorkarte	VERB
sorkartir	DET
sorkâr	PRON
sorloth	PROPN
sort	NOUN
sorting	VERB
sos	PROPN
sosa	NUM
sosang	ADP
soton	ADP
soule	ADP
soulja	PROPN
sound	NOUN
soundcloud	ADP
soundscape	PROPN
soundtrack	NOUN
soup	NOUN
soup-ah	PRON
source	NOUN
south	PROPN
south,	PROPN
south-ah	ADV
south-ah,	PROPN
south-east	PROPN
south-i-ah	PROPN
south-in	PROPN
southampton	PROPN
southampton-ah	PROPN
southamton	PUNCT
southeastern	ADJ
southern	PROPN
southgate	PROPN
southgate-a	AUX
southgate-an	PROPN
souvenir	NOUN
souviner	PROPN
sovereignty	PART
soviet	PROPN
sow	PROPN
sowkin	NOUN
soy	NOUN
soyumm	PROPN
sp	PROPN
sp,	PROPN
sp-ah	PUNCT
sp-in	DET
sp02>95%	PROPN
space	NOUN
space-ah	NOUN
spacecraft	NOUN
spafford	PROPN
spaghetti	NOUN
spain	PROPN
spain-a	PROPN
spain-ah	PROPN
spain-in	ADP
spal	PROPN
spalletti	PROPN
spaniard	PROPN
spanihsh	ADJ
spanish	PROPN
spanish,	ADJ
spanish-in	DET
sparsh	PROPN
sparta	PROPN
spartacus	PROPN
spartak	ADP
spas	PROPN
spasmo	PROPN
spb	PROPN
spd	PUNCT
speaker	PROPN
speaker,	PROPN
speaker-ah	NOUN
speaker-in	NOUN
speaker-ten	NOUN
speakermi	NOUN
speaking	ADJ
special	ADJ
specialist	PROPN
specialists	DET
specialistte	PUNCT
specialte	NOUN
speech	DET
speed	NOUN
spence,	ADJ
spes	PROPN
spezia	PROPN
sphygmomanometer	NOUN
spice	PROPN
spider	PROPN
spielberg	PROPN
spiker	NOUN
spikers	PROPN
spikers-in	PROPN
spinach	VERB
spinazzola	PROPN
spinning	VERB
spio	PROPN
spio/sapio	PROPN
spiral	DET
spiritual	ADJ
spirituality	NOUN
spm	PROPN
spo	PROPN
spokeperson	PROPN
sponge	NOUN
sponsor	NOUN
sporsor	VERB
sport	NOUN
sport-a	AUX
sporting	PROPN
sportpark-a	PROPN
sports	NOUN
sports&	PROPN
sports-a	NOUN
sports-ah	NOUN
sports18	VERB
sportswear	PROPN
sposts	DET
spot	NOUN
spot-ah	ADP
spotify	VERB
spotify-ah	PROPN
spp	PROPN
spqr	NOUN
spring	NOUN
spring-ah	PROPN
springer	PROPN
springsteen-a	PROPN
springsteen-an	PROPN
sprinkler	NOUN
sprint	NOUN
spurs	NOUN
spurs-ah	NUM
spurs-in	PUNCT
spy	NOUN
sq	VERB
sq.ft.-a	NOUN
sq.m	NUM
sqft	NOUN
sqm	NOUN
sqm-a	NOUN
squad	NOUN
squad-a	ADV
squad-ah	PROPN
squade	NOUN
squadron	PROPN
square	ADJ
square-ah	PROPN
sr	PROPN
sr.	PUNCT
srdc	PROPN
sree	PROPN
sreedharan	PROPN
sreenidhi	PROPN
sreenidi	PROPN
sreenidi-in	PROPN
srh	AUX
srh-zmc	ADP
sri	PROPN
sri-ah	PROPN
sridevi	PROPN
srikanth	PUNCT
srinagar	ADP
srivastava	PROPN
srivastva	PROPN
srivastva,	PROPN
srk	PUNCT
srs	PROPN
srs-in	PROPN
srtiker	NOUN
ss	PROPN
ssa	PROPN
ssc	PROPN
sscb	PROPN
ssp	PROPN
ssp-a	PROPN
ssr	PROPN
sst	PUNCT
sswrc	PROPN
st	PROPN
st-etienne	PROPN
st-germain	PROPN
st.	PROPN
sta	PUNCT
stabilized	AUX
stacy	NOUN
stade	PROPN
stading-a	NOUN
stadio	PROPN
stadion	NOUN
stadium	NOUN
stadium,	PROPN
stadium-a	PROPN
stadium-ah	PROPN
stadiumah	AUX
stadum-ah	PROPN
staff	NOUN
staff-ah	VERB
staff-te	NOUN
stage	NOUN
stage-a	NOUN
stage-ah	PROPN
stages	NOUN
staging	DET
stain	NOUN
stained	VERB
stainless	ADJ
stairs	NOUN
stalin	PROPN
stall	NOUN
stallion	PROPN
stam	DET
stamford	PROPN
stamp	NOUN
stamps	NOUN
stan	PROPN
stand	VERB
stand-ah	ADP
standard	NOUN
standing	PROPN
stangerson	PROPN
stanislas	NOUN
staph	ADJ
stapler	NOUN
star	NOUN
star,	NOUN
star-te	NOUN
starcraft	PROPN
starlet	NOUN
starmer	PROPN
starnimin	PROPN
starred	NOUN
starship	NOUN
starting	VERB
startup	PROPN
state	NOUN
state,	PROPN
state-a	ADP
state-ah	NOUN
state-ahte	VERB
state-te	NOUN
states	PROPN
states,	PROPN
states-a	PRON
states-ah	PROPN
states-ahte	AUX
states-in	PROPN
static	ADJ
station	NOUN
station-a	NOUN
station-ah	NOUN
stationah	PROPN
stationery	NOUN
statisticianah	CCONJ
statistics	PROPN
stattion	PROPN
status	NOUN
stay	PROPN
steak	NOUN
steamer	NOUN
steaming	PUNCT
sted	VERB
stee	ADJ
stee-ah	NOUN
steel	NOUN
stefan	PROPN
stefani	PROPN
stefano	PROPN
stefanos	PROPN
steffi	PROPN
stegen	PROPN
steina	PROPN
steins;gate	PUNCT
stellini-an	PROPN
stem	VERB
stent	NOUN
step	NOUN
step-ah	VERB
stepan-a	VERB
stepanakert	PROPN
stepchild	ADJ
stephanie	PROPN
stephen	PROPN
stephen-a	PROPN
stephens	PUNCT
sterilized	VERB
sterling	PROPN
sterling,	PROPN
steroid	NOUN
steve	PROPN
steve-a	AUX
steve-an	PROPN
steven	PROPN
stevens-i	PUNCT
stew	NOUN
stew-ah	NOUN
stewart	PROPN
sthan-ah	PROPN
sti	PROPN
stick	NOUN
sticker	PROPN
stickers	NOUN
stimac	PROPN
stimac-a	PROPN
stimulation	NOUN
stindl	ADP
stipe	PROPN
stoc	PROPN
stock	NOUN
stock-ah	PRON
stockholm	ADP
stockholm-ah	ADP
stockroom-ah	VERB
stockton	PROPN
stojkoski	PROPN
stoltenberg	PUNCT
stone	NOUN
stop	NOUN
stop-a	DET
stop-ah	VERB
storage	CCONJ
storck	PROPN
store	NOUN
store,	PROPN
store-ah	NOUN
store-in	PROPN
storekeeper	ADJ
story	NOUN
storyline	DET
stp	PROPN
stpi	NOUN
strahinja	PUNCT
straight	ADP
straitjacket	DET
strasbourg	PROPN
strategies	PROPN
strategy	NOUN
strawberry	NOUN
stream	NOUN
stream-tu	NUM
streaming	VERB
street	PROPN
street-a	PRON
street-ah	PROPN
streetcar	NOUN
stretcher-ah	DET
stretcher-in	PRON
stretching	VERB
stri--ker	NOUN
stricker	PROPN
striker	NOUN
strip	PROPN
strip-a	VERB
strip-ah	PROPN
stroganoff	NOUN
stroke	NOUN
strokes	NOUN
strootman	PROPN
strowman	VERB
structure	NOUN
stuart	VERB
studd-a	PROPN
student	NOUN
student-te	NOUN
students	PROPN
studi	NOUN
studio	NOUN
studio,	PROPN
study	PROPN
stuffed	VERB
stun	NOUN
sturridge	PROPN
stuttgart	PROPN
style	NOUN
style-ah	VERB
styles	PROPN
su	VERB
su,	VERB
su---	VERB
su-30	PROPN
su-in	VERB
su.	VERB
suah	NOUN
suahdur	NOUN
suahsual	VERB
suahsualna	ADJ
suahsualnain	ADJ
suai	VERB
suaipui/suaihmun	PROPN
suak	VERB
suak,	VERB
suaka	VERB
suakbak	VERB
suakin	NOUN
suakkunga,	AUX
suakliana	PUNCT
suakpuilala	NOUN
suaksual	VERB
suaksualte	ADJ
suakzika	PROPN
sual	VERB
sual,	VERB
sual.	VERB
sual?	VERB
suala	DET
sualah	VERB
sualah:	VERB
sualchhuak	NOUN
sualchhuak.	NOUN
sualin	NOUN
sualna	VERB
sualna,	VERB
sualna.	VERB
sualnaahte	ADJ
sualnain	ADJ
sualnate	ADJ
sualte	NOUN
sualtir	NOUN
sualtu	ADJ
sualtute	ADJ
sualzia	ADV
suam	NOUN
suamhmang	ADJ
suamhmangte	VERB
suan	VERB
suangpuilawn	PROPN
suangtuah	NOUN
suangtuah.	NOUN
suangtuahna	ADJ
suanngaihmuana	NOUN
suante	PROPN
suar	NOUN
suarez	PROPN
suarhliap,	NOUN
suasam	VERB
suasamin	ADP
suasamtu	ADV
suat	VERB
suatna	ADJ
suattu	VERB
suau	VERB
suau.	VERB
sub	PROPN
sub-agentte	ADP
sub-centre	NOUN
sub-centre,	PROPN
sub-centre-ahte	NOUN
sub-committee	PROPN
sub-comt	DET
sub-contractor	VERB
sub-division	PROPN
sub-headquarters	PROPN
sub-headquarters,	PROPN
sub-hqrs	PROPN
sub-hqrs,	PROPN
sub-hqrs.	PROPN
sub-hqrts	DET
sub-inspector	NOUN
sub-plan	PROPN
sub-saharan	PROPN
sub-station	PROPN
sub.hqrs	PUNCT
subaltern	ADJ
subcommittee	NOUN
subcompact	NOUN
subculture	NOUN
subdivision	VERB
subhash	PUNCT
subhasish	PROPN
subianto	PROPN
subikash	PROPN
subject	NOUN
subjects-a	AUX
submision	NOUN
subotic	PROPN
subramani	PROPN
subramanian	PROPN
subrata	PROPN
subroto	PROPN
subscribed	VERB
subscriber	NOUN
subsidy	NOUN
subsitution	NOUN
substitute	PROPN
subtitled	VERB
suburban	DET
subway	NOUN
subway-ah	NOUN
sudakov	PROPN
sudan	PROPN
sudeva	PROPN
sudha	PROPN
suetonios	PROPN
suez	PROPN
suffix	PROPN
suga	PROPN
sugar	NOUN
sugathan,	PROPN
sugawara	PROPN
sugnu,	PUNCT
suh	PRON
suh!	PRON
suh!"	PRON
suh!,	PRON
suh'	PRON
suh,	PRON
suh,"	PRON
suh.	PRON
suh:	PRON
suh;	PRON
suhana	VERB
suh’	PART
suih	VERB
suih.	VERB
suiha,	NOUN
suihin	NOUN
suihkhawm	ADJ
suihsak	DET
suihzawm	ADJ
suihzawmtu	NOUN
suii	PUNCT
suimoii	PUNCT
suipaite	NOUN
suit	NOUN
suit-ah	DET
suit/nehru	ADJ
suitcase	NOUN
suitcase-ah	NOUN
suite	NOUN
suit’	NOUN
sujit	PROPN
suk	NOUN
suk.	NOUN
suk?	VERB
sukanta	PROPN
sukfai	VERB
sukiang	NOUN
sukiang.	NOUN
sukthlek	NOUN
sukumaran-a	PROPN
sul	NOUN
sule	PROPN
sulhnu	ADJ
sulhnute	ADJ
sullenberger-a	PRON
sulphur	PUNCT
sulrul	NOUN
sulsu	NOUN
sulsutu	NOUN
sulsutu,	NOUN
sulsutute	VERB
sultan	PROPN
sulur-a	AUX
sum	NOUN
sum,	NOUN
sum-dawnna	NOUN
sum.	NOUN
suma	ADP
sumah	NOUN
sumchhep	NOUN
sumdawn	NOUN
sumdawng	NOUN
sumdawng,	NOUN
sumdawngin	NOUN
sumdawnglian	PRON
sumdawngmi	NOUN
sumdawngte	NOUN
sumdawngten	NOUN
sumdawngtu	NOUN
sumdawngtute	ADJ
sumdawnna	NOUN
sumdawnna,	NOUN
sumdawnnaa	ADJ
sumdawnnaah	VERB
sumdawnnate	VERB
sumdawnpui	NOUN
sumduhna	VERB
sumdâwng	NOUN
sumdâwnna	NOUN
sumdâwnte	NOUN
sumeona	PUNCT
sumeona:	PROPN
sumfai	NOUN
sumhnar	PRON
sumin	ADV
sumlut	NOUN
summer	NOUN
summerville	PROPN
summit	NOUN
summit-ah	NOUN
sumo	SCONJ
sumpai	NOUN
sums	PRON
sumsuih	NOUN
sumsuihah	PRON
sumte	NOUN
sumtu	PROPN
sumtuak	AUX
sun	VERB
sunam	DET
sunando	PROPN
sunblock	NOUN
sunburn	NOUN
sunda	PROPN
sundar	PROPN
sunday	PROPN
sunday-ah	ADV
sunderland	PROPN
sunderland-in	PROPN
sunfeast	PROPN
sunil	PROPN
sunna	ADJ
sunni	PROPN
sunrise	PROPN
sunrisers	PROPN
sunrisers-in	PROPN
sunroof	NOUN
suns	PROPN
sunscreen	NOUN
sunset	PROPN
suntir	VERB
sup	VERB
sup.	PRON
supanida	VERB
super	PROPN
supercomputer	PROPN
supercoppa	PROPN
supergiants	NOUN
supergroup,	PROPN
superhero	PUNCT
superintendent	PROPN
superintendent,	PRON
superintendent-in	ADP
superintending	PROPN
superior-ah	PROPN
superm	PUNCT
supermarket	NOUN
supermarket-a	PART
supermarket-ah	NOUN
supermodel	NOUN
supernatural	NOUN
superstar	NOUN
supervisor	PART
suphan-buri	PROPN
supply	NOUN
supply-ah	NOUN
support	NOUN
support-na	NOUN
supreme	PROPN
supriya	PROPN
sur	VERB
sur,	VERB
sur.	VERB
sur?	VERB
surah	VERB
surakhsha	PROPN
suraksha	PROPN
surender	PROPN
suresh	PROPN
surfboard	ADJ
surgeon	DET
surgery	NOUN
suri	PROPN
suria	PROPN
surin	NOUN
surjit	PROPN
surtir	VERB
surve-a	PROPN
surveilance	PROPN
survekshan	PROPN
survey	NOUN
survey-ah	NOUN
surveyor	PROPN
survival	NOUN
survivor	PROPN
suryakumar	CCONJ
susan	PROPN
susanna	ADP
sushi	NOUN
susie	PROPN
suspend	VERB
suspend-na	DET
suspenders	NOUN
susungi	PROPN
sut	NOUN
sut.	NOUN
suta	VERB
sutin	NOUN
sutkian	VERB
sutkian.	VERB
sutkiang	DET
sutkianna	VERB
sutna	NOUN
sutsakin,	PROPN
sutton	PROPN
suttu	DET
suu	PROPN
suv	PROPN
suvigya	PROPN
suzhou	VERB
suzuka	DET
suzuki	PROPN
sv:ina	NOUN
svbdcp	NOUN
sve-tlana	PROPN
sveep	PROPN
sven	PROPN
svep	ADP
svetlana	PROPN
svfc	PROPN
svitolina	PROPN
svms	NOUN
sw&ta	PROPN
swachh	PROPN
swachhagrahi	PROPN
swachhata	PROPN
swadesd	PROPN
swadesh	PROPN
swadeshi	PROPN
swadhar	PROPN
swami	ADV
swamy	PROPN
swanepoel	PROPN
swansea	PROPN
swansea-in	PROPN
swapan	PROPN
swara	PROPN
swarbrick	PROPN
swasth	PROPN
swatchtta	PROPN
swati	AUX
swayamsevak	PROPN
swd	PROPN
sweater	NOUN
sweats	NOUN
sweatsuit	NOUN
sweden	PROPN
sweden,	PUNCT
sweden-in	ADP
swedesh	NOUN
swedish	ADJ
sweet	ADJ
sweetener	NOUN
swiatek	PROPN
swifiah	DET
swift	PROPN
swim	ADJ
swimming	NOUN
swine	PROPN
swiss	ADJ
switch	NOUN
switzer-land	VERB
switzerland	PROPN
switzerland,	PROPN
switzerland-a	AUX
switzerland-ah	VERB
switzerland-in	PROPN
swizertland	ADV
swmc	ADP
swrkarin	PROPN
swtawcd	PROPN
sydney	PROPN
sydney-a	PRON
sydney-ah	PRON
syed	PUNCT
sylhet	ADP
sylhetah	ADP
sylt	ADP
sylvestr	PROPN
syma	PROPN
symbol	DET
symptom	NOUN
synagogue-ah	DET
synchronize	NOUN
syncopated	VERB
synfo	PROPN
synod	PROPN
synod,	PROPN
synod-ah	PROPN
synod-in	PROPN
synoptic	DET
syria	PROPN
syria,	PROPN
syria-ah	PROPN
syria-iraq	ADP
syrian	PROPN
sys	PROPN
sys,	NUM
sys-in	PUNCT
sysko	PROPN
sysko-in	VERB
system	NOUN
system-a	AUX
sza	PROPN
szczęsny	PROPN
szoboszlai	PROPN
szoboszlai-an	PROPN
sánga	ADP
sárthiah	VERB
sáwm	NOUN
sáwm.	NOUN
sâ	NOUN
sâiawi	PROPN
sâkhua	NOUN
sâmthang	DET
sâmtlâng	PROPN
sân	VERB
sânawm	NOUN
sâng	VERB
sânga	ADP
sângah	ADJ
sânghnih	NUM
sângkhat	ADJ
sângkûnga,	PROPN
sângruk	NUM
sângte	NUM
sângtea	PROPN
sângteite	PROPN
sângthanga,	PROPN
sângthum	NOUN
sânna	NOUN
sâp	PRON
sâp-pathìan	ADJ
sât	VERB
sâte	NOUN
sâwi	VERB
sâwi.	VERB
sâwizawi	NOUN
sâwm	NOUN
sâwm.	NOUN
sâwma	ADJ
sâwmhnih	ADJ
sâwmin	ADJ
sâwmna	NOUN
sâwmpahnih	NUM
sâwmsak	NOUN
sâwmtu	NOUN
sâwm’	NOUN
sâwn	NOUN
sâwng	VERB
sâwr	VERB
sâwrkhur	PRON
sâwrna	NOUN
sâwt	VERB
sâwtna	NOUN
são	AUX
sèn	VERB
séng	ADJ
sê,	NOUN
sêl	NOUN
sên	NOUN
sên.	VERB
sêng	VERB
sênga	VERB
sêngin	NOUN
sênna	ADV
sênso	ADP
sêrchhîp	PUNCT
sêrchhîpa	PROPN
sêrgio	PROPN
sîamtu	PRON
sîngkhat	ADJ
sîr	VERB
súin,	VERB
sûk	NOUN
sûkna	NOUN
sûkthlêk	NOUN
sûlhnu	DET
sûn	NOUN
sûnna	VERB
sûr	NOUN
sût	NOUN
sût.	NOUN
t	PROPN
t'u,	AUX
t'u.	NOUN
t,	ADP
t-back	NOUN
t-shirt	NOUN
t.	PROPN
t.,	PROPN
t.azyu,	PROPN
t.chalnghingluaia	PROPN
t.dumzau	ADP
t.t	PROPN
t.upa	PUNCT
t/upa	PROPN
t20	PROPN
t20-ah	ADP
ta	ADV
ta!	ADV
ta,	ADV
ta.	ADV
ta.',	ADV
ta:	ADV
ta;	ADV
ta?	ADV
ta?"	ADV
taa	VERB
taah	VERB
tabilo	PROPN
table	NOUN
table-a	NOUN
table-ah	NOUN
tablet	NOUN
tablighi	PROPN
tabloid	VERB
tabor	AUX
tac	PROPN
taca	PROPN
tachhip	ADP
tachhîpah	NOUN
taeko	ADJ
taekwondo	PROPN
taekwondo-ah	ADP
tafsut	PRON
taft	PROPN
tag	NOUN
tagalog	ADP
tagore	PROPN
tagore,	PROPN
tah	VERB
tah,	VERB
tah.	VERB
taha	NOUN
tahan	PROPN
tahan,	PROPN
tahat-ah	VERB
tahbelh	VERB
tahith	PUNCT
tahiti-ah	PROPN
tahna	NOUN
tahpui	VERB
tahran	PROPN
tahrik	VERB
tahseen	PROPN
tahtawl	ADJ
tahtawla	NOUN
tahtawlhin	ADP
tahtawlin	VERB
tahtu	NOUN
tai	NOUN
tai.	NOUN
taia	ADJ
taibawnga	PROPN
taidawnkawn	PROPN
taihmak	VERB
taihmakna	ADJ
taihmakna,	ADJ
taihmâk	NOUN
taihmâkna	NOUN
taiji	PROPN
taima	ADJ
taima,	ADJ
taima.	ADJ
taimaa	ADJ
taimain,	CCONJ
taimak	ADJ
taimakna	ADJ
taimakna,	ADJ
taimakna;	ADJ
taimakzia	PRON
taimate	NOUN
taimâk	NOUN
taimâkna	NOUN
tain	NOUN
taina	NOUN
taipei	NOUN
taipl	DET
tairek	ADJ
tairekin	NOUN
taitea	SCONJ
taitesena	VERB
taiwan	PROPN
taiwan-a	NOUN
taiwo	PUNCT
taj	PROPN
tajik	PROPN
tajikhs	CCONJ
tajikistan	PUNCT
tajikistan-te	PUNCT
tajima.	PROPN
tak	ADV
tak!	ADV
tak'	ADV
tak,	ADV
tak-	ADV
tak-thlarau	NOUN
tak.	ADV
tak."	ADV
tak/pasal	NOUN
tak/quality	NOUN
tak:	ADV
tak;	ADV
tak?	ADV
taka	ADJ
taka,	ADJ
taka.	ADJ
takah	ADV
takah,	NOUN
takahashi	PROPN
takam	PROPN
takashi	PUNCT
takeaway	NOUN
takeda	PROPN
takehiro	PROPN
taken	PUNCT
takin	ADJ
takin,	ADJ
takin.	ADJ
takin."	ADJ
takin.ka	PRON
takin;	ADJ
takin?	ADJ
taking’	VERB
takmeuh	NOUN
takmeuh.	NOUN
takmeuhte	NOUN
takna	ADJ
takngial	ADJ
taksa	ADJ
taksa,	ADJ
taksa-in	NOUN
taksaa	ADJ
taksaah	ADJ
taksain	NOUN
taksa’	VERB
taktak	ADJ
taktakin	ADV
takte	ADJ
takte,	ADJ
taktein	ADJ
takten	ADJ
takte’n	ADP
taktu	ADJ
taktute	ADJ
takuma	PROPN
takzet	ADJ
takzet,	ADJ
takzet.	ADJ
takzet:	ADJ
takzeta	NOUN
takzetin	ADJ
tak’	ADV
tal	ADJ
tal.	NOUN
tala	ADJ
talang	ADP
talbuai	VERB
talbuai.	VERB
talbuaiin	NOUN
talchhuah	VERB
talchhuak.	ADV
talent	NOUN
talenta	ADJ
talh	ADV
talh.	ADV
talhfiak	ADJ
talhfiakin	ADJ
talhin	ADJ
talhna	ADJ
talhsakin	NOUN
taliban	PROPN
taliban-te	PUNCT
taliban-ten	NOUN
talin	NOUN
talkie-in	NOUN
talks	NOUN
talkshow-ah	NOUN
tallon	SYM
tally	NOUN
talna	VERB
talngval	NOUN
talte	AUX
talukdar	PROPN
talukder	PROPN
tam	ADJ
tam!	ADJ
tam,	ADJ
tam-carbohydrate	ADJ
tam.	ADJ
tam:	ADJ
tam;	ADJ
tam?	ADJ
tama	ADJ
tama,	NOUN
tamah	VERB
tamako	PROPN
tamang	PROPN
tamanga	PROPN
tamari	NOUN
tamaro	PROPN
tamazight	PROPN
tamberna	NOUN
tamchhawl	VERB
tamchhawl.	VERB
tamchhawlin	ADP
tamchhawmin	PRON
tamdil	PROPN
tamenglong	PROPN
tamil	PROPN
tamin	ADJ
tamin,	ADJ
tamlal	PROPN
tammy	PROPN
tamna	NOUN
tamna,	NOUN
tamnaa	NOUN
tamnaah	NOUN
tamori.	PUNCT
tampa	PUNCT
tampui	NOUN
tampuimitthi	VERB
tamta	PROPN
tamtak	ADJ
tamtak,	ADJ
tamtakin	ADJ
tamte	ADJ
tamten	AUX
tamtir	NOUN
tamu	PART
tamulpur-ah	PUNCT
tamzia	ADJ
tan	VERB
tan!	VERB
tan'	VERB
tan,	VERB
tan-puina	NOUN
tan.	VERB
tan:	VERB
tan?	VERB
tana	ADJ
tana,	ADJ
tanah	VERB
tanaka	PROPN
tanchhan	NOUN
tanchhum	NOUN
tanevich	PROPN
tanfung	NOUN
tang	NOUN
tang,	NOUN
tang.	NOUN
tang?	NOUN
tanga	ADJ
tangah	VERB
tanganga	ADJ
tangdun	ADJ
tangdunin	NOUN
tanghma	NOUN
tangho	NOUN
tanghoin	PUNCT
tanghova	NOUN
tanghovin	ADJ
tangin	ADJ
tangin,	ADJ
tangka	VERB
tangkafai	ADJ
tangkafaiin	VERB
tangkai	ADJ
tangkai,	ADJ
tangkai.	ADJ
tangkaia	ADJ
tangkaiin	ADJ
tangkaiin,	ADJ
tangkain	NOUN
tangkaina	NOUN
tangkainate	PRON
tangkaipui	ADJ
tangkaipui.	ADJ
tangkaitu	VERB
tangkaitute	NOUN
tangkaizia	NOUN
tangkang	VERB
tangkangte	DET
tangkapui	NOUN
tangkapui.	NOUN
tangkaraw	NOUN
tangkarua	ADJ
tangkaruain	NOUN
tangkaruate	NOUN
tangkate	NOUN
tangkawng	NOUN
tangkawp	ADJ
tangkawpa	ADJ
tangkawpin	ADJ
tangkhang	ADJ
tangkhang,	ADJ
tangkhang.	ADJ
tangkhangte	ADJ
tangkun	PROPN
tanglai	ADJ
tangled	ADJ
tango	PROPN
tangpuina	VERB
tangrual	VERB
tangrual.	VERB
tangruala	NOUN
tangruala,	NOUN
tangrualin	NOUN
tangrualte	PUNCT
tangrualten	NOUN
tangte	NOUN
tangten	VERB
tangtial	NOUN
tangtlang	VERB
tangtu	NOUN
tanguy	PROPN
tanhmun	NOUN
tanhmunah	NOUN
tanho	AUX
tanhona	NOUN
tanhril	NOUN
tanhril:	VERB
taniguchi	PROPN
tanin	NOUN
tanin,	NOUN
taninah	ADJ
taninna	PROPN
tanish	PUNCT
tanjević	PROPN
tank	NOUN
tanka	VERB
tanker	NOUN
tankha	AUX
tanky	DET
tanky-a	NOUN
tanla	PRON
tanlak	NOUN
tanna	AUX
tannaah	ADJ
tanni,	NOUN
tanpui	NOUN
tanpui!	VERB
tanpui.	NOUN
tanpuia	ADJ
tanpuiin	NOUN
tanpuina	NOUN
tanpuina-in	PROPN
tanpuinaah	ADJ
tanpuinate	DET
tanpuite	NOUN
tanpuitu	NOUN
tanru	NOUN
tanrual	NOUN
tanrual.	NOUN
tanruala	DET
tanrualna	VERB
tanrualpui	VERB
tanrualpuiah	VERB
tansak	VERB
tante	ADJ
tantia	VERB
tantir	VERB
tantir.	VERB
tantirh	ADJ
tantirha	ADJ
tantirhah	NOUN
tantirhin	NOUN
tantirtu	PRON
tantlan	ADP
tantu	VERB
tantu,	NOUN
tantu?	PROPN
tantute	NOUN
tantuten	NOUN
tantîr?	VERB
tanzania	PROPN
tanzania-ah	PROPN
tan’	VERB
taobungkhok	PROPN
tap	VERB
tap,	VERB
tap.	VERB
tap?	VERB
tapas	PROPN
tapchhak	NOUN
tapchhak-ah	PRON
tapchhaka	SCONJ
tape	ADP
tapi	PROPN
tapin	ADJ
tapsi	PROPN
tapte	NOUN
tar	VERB
tar,	AUX
tar.	NOUN
tara	NOUN
tarah	VERB
tarantula	NOUN
tarapur	PROPN
tarasin	DET
tarball	VERB
tarchhuah	VERB
tarchhuahna	ADV
tarchhuak	NOUN
tarchhuak.	NOUN
tarebecca	PROPN
targ	ADV
target	NOUN
target'	PUNCT
targett	PROPN
tari	PROPN
tariff	NOUN
tarin	VERB
tariq	PUNCT
tarkuna	CCONJ
tarlan	ADJ
tarlanah	VERB
tarlang	ADJ
tarlang.	ADJ
tarlang;	ADJ
tarlanga.	NOUN
tarlangin	NOUN
tarlangin,	NOUN
tarlanin	VERB
tarlanna	NOUN
tarlannaa	NOUN
tarlante	ADJ
tarmit	NOUN
tarna	NOUN
taro,	PROPN
taronga	PROPN
tarpauline	NOUN
tarpi	ADP
tarquin	PROPN
tarsir	DET
tarte	NOUN
tartlet	NOUN
taruwar	PROPN
tarzan	NOUN
tasa	PROPN
taseva-i	NUM
tasha	CCONJ
tashkent-ah	PROPN
taskforce	NOUN
tat	VERB
tata	PROPN
tate	PRON
tatmadaw	PROPN
tatoeba	PROPN
tatoeba-a	PROPN
tatoeba-ah	PROPN
tatoeba:	PROPN
tatoebastan	PROPN
tatrlan	PROPN
tattoo	ADV
tatum	PROPN
tau	ADJ
tau.	ADJ
tauh	VERB
tauh.	VERB
tauhna	NOUN
taunggyi	ADP
tauson	PROPN
tavares	PROPN
tavern	NUM
tavistock	PROPN
tavora	PROPN
tawang	CCONJ
tawh	ADV
tawh!	ADV
tawh,	ADV
tawh,"	ADV
tawh-champions	DET
tawh.	ADV
tawh."	ADV
tawh.chungte	ADV
tawh;	ADV
tawh?	ADV
tawha	NOUN
tawha,	PRON
tawha.	PRON
tawhaah	NOUN
tawhah	ADJ
tawhho	ADJ
tawhin	ADV
tawhin,	ADV
tawhkhirh	PROPN
tawhlo	NOUN
tawhlo.	NOUN
tawhlohna	ADJ
tawhna	ADJ
tawhna,	ADJ
tawhna.	ADJ
tawhnaah	ADJ
tawhnate	ADJ
tawhpui.	ADJ
tawhsa	VERB
tawhsual	VERB
tawhsualah	PRON
tawhsualna	ADJ
tawhte	VERB
tawhte:	VERB
tawhtechawimawina	NOUN
tawhten	VERB
tawhtu	ADJ
tawhtuten	VERB
tawhzia	DET
tawh’	ADV
tawi	NOUN
tawi,	ADJ
tawi.	NOUN
tawiah	VERB
tawiawm	VERB
tawiawm.	VERB
tawiawma	DET
tawiawmin	NOUN
tawiawmna	NOUN
tawiawmtu	ADJ
tawih	VERB
tawihral	ADJ
tawiin	NOUN
tawimawmtute	NOUN
tawimizoram	PUNCT
tawipuiah	PUNCT
tawite	ADJ
tawite,	ADJ
tawitea	DET
tawiteah	DET
tawitein	ADJ
tawizo	PROPN
tawk	VERB
tawk!	VERB
tawk,	VERB
tawk.	VERB
tawk;	VERB
tawk?	VERB
tawka	ADJ
tawkah	ADJ
tawkdurtlang	PUNCT
tawkin	ADJ
tawkin,	ADJ
tawkin.	ADJ
tawklo	ADJ
tawkloh	ADJ
tawklohnaa	NOUN
tawkna	VERB
tawktarh	NOUN
tawkte	NOUN
tawkten	NOUN
tawktir	NOUN
tawktu	NOUN
tawktute	VERB
tawkzia	PRON
tawl	ADJ
tawlailir	NOUN
tawlailira	ADJ
tawlailirah	ADJ
tawlailirte	NOUN
tawlh	VERB
tawlh,	VERB
tawlh.	VERB
tawlha	NOUN
tawlhin	VERB
tawlhlirh	PRON
tawlhlohpuan	NOUN
tawlhna	ADJ
tawlhnaah	VERB
tawlhru	ADJ
tawlhruk	ADJ
tawlhruk,	ADJ
tawlhrûk	PRON
tawlhte	PUNCT
tawlhthlu	NOUN
tawlhthluk	NOUN
tawlhtu	NOUN
tawlhtute	ADJ
tawlhtuten	NOUN
tawm	VERB
tawm-im	VERB
tawm.	VERB
tawma	ADJ
tawmim	VERB
tawmin	ADJ
tawmna	VERB
tawmpui	VERB
tawmpui.	VERB
tawmpuina	ADJ
tawmpuitu	NOUN
tawmpuitute	ADJ
tawmte	VERB
tawmtir	VERB
tawn	VERB
tawn'	VERB
tawn.	VERB
tawn?	VERB
tawna	ADJ
tawnah	ADJ
tawnbuak	ADJ
tawnenga	PROPN
tawng	NOUN
tawng,	NOUN
tawng-in	NOUN
tawng.	NOUN
tawng;	NOUN
tawng?	NOUN
tawnga	ADJ
tawngah	VERB
tawngchhuah	ADP
tawngchhuak	NOUN
tawngchhuak.	NOUN
tawngchinah	ADJ
tawngdan	PROPN
tawngin	ADJ
tawngin,	ADJ
tawngka	NOUN
tawngkaa	ADJ
tawngkain	NOUN
tawngkain,	NOUN
tawngkam	NOUN
tawngkama	VERB
tawngkamah	VERB
tawngkamah,	VERB
tawngkamin	VERB
tawngkamte	ADJ
tawngkau	ADJ
tawngkauchheh	NOUN
tawngkawlong	PROPN
tawngkhawng	VERB
tawngkhum	ADJ
tawngkâa	ADJ
tawngleh	ADJ
tawnglettu	ADJ
tawngpawng	ADJ
tawngtai	VERB
tawngtai.	VERB
tawngtaia	ADJ
tawngtaiin	ADJ
tawngtaina	NOUN
tawngtaina,	NOUN
tawngtaina-a	PRON
tawngtaina:	NOUN
tawngtainaah	ADJ
tawngtainain	ADJ
tawngtainate	ADJ
tawngtaina’	NOUN
tawngtaipui	VERB
tawngtaipuina	NOUN
tawngtaisak	VERB
tawngtaisakna	NOUN
tawngtam	ADJ
tawngtaw	ADJ
tawngte	ADJ
tawngthei	ADJ
tawngtheilo	ADJ
tawngtu	NOUN
tawngvai	VERB
tawngvak	AUX
tawnhriat	NOUN
tawnhriatin	ADP
tawnin	ADJ
tawnin,	ADJ
tawnluia	NOUN
tawnluian	PROPN
tawnmang	NOUN
tawnna	ADJ
tawnna,	ADJ
tawnnaa	NOUN
tawnnaah	VERB
tawnnain	VERB
tawnpui.	NOUN
tawnsak	NOUN
tawnte	VERB
tawntirhah	ADJ
tawnzau	ADJ
tawp	NOUN
tawp!	NOUN
tawp,	NOUN
tawp.	NOUN
tawp?	NOUN
tawpa	ADJ
tawpah	ADJ
tawpah,	ADJ
tawpchhuah	PART
tawphnawk	ADJ
tawpin	ADJ
tawpintai	NOUN
tawpkhawk	ADJ
tawpkhawk,	ADJ
tawpkhawkah	ADJ
tawpna	NOUN
tawpna,	NOUN
tawpnaah	VERB
tawpsak	PRON
tawpsan	ADJ
tawrh	ADJ
tawrhah	ADJ
tawrhchhel	ADV
tawrhchhelna	NOUN
tawrhlelhawmah	DET
tawrhna	VERB
tawrhnaah	NOUN
tawrhnate	NOUN
tawrhpui	VERB
tawrhpuihna	PART
tawrhpuina	ADJ
tawrhpuizia	DET
tawt	NOUN
tawtawrawt	NOUN
tawtawrawt,	NOUN
tawtawrâwt	ADJ
tawtawrâwtte	ADJ
tax	NOUN
taxation	PROPN
taxi	NOUN
taxi-a	NOUN
taxi-ah	PRON
taxi-in	PRON
taxpayer	NOUN
taylor	PROPN
tazim	PROPN
taã§a	CCONJ
ta’	ADV
ta….	PROPN
ta…ka	VERB
tb	PROPN
tbc	PROPN
tbc-a	PROPN
tbca,	PUNCT
tbcc	PROPN
tbcc,	PROPN
tbcc-ah	NOUN
tbilisi	ADP
tbl	PROPN
tbl-in	PROPN
tc	PROPN
tcc	PROPN
tcp	PROPN
tdh24-ah	PROPN
tdp	PROPN
te	ADJ
te!	ADJ
te"	ADJ
te'	ADJ
te'n	AUX
te)	ADJ
te,	ADJ
te-a	PRON
te.	ADJ
te;	ADJ
te?	ADJ
tea	NOUN
tea,	NOUN
teacher	NOUN
teacher-in	NOUN
teacher-te	PROPN
teachers	PROPN
teaching	ADJ
teah	ADV
teak	NOUN
team	NOUN
team,	PRON
team-a	PRON
team-ah	NOUN
team-in	NOUN
team-te	NOUN
teamhnenah	PROPN
teammate	NOUN
teamṭha	PUNCT
teaser	NOUN
teatangin	PROPN
teatro	ADV
tebas	PROPN
tebboune	PROPN
teboho	PUNCT
tech	PROPN
techie	NOUN
technical	ADJ
technician	NOUN
technique	NOUN
technology	NOUN
ted	PROPN
tedesco	PROPN
tedros	PROPN
tee	ADJ
teemu	PROPN
teenager	NOUN
tegucigalpa-ah	PROPN
teh	VERB
teh!	VERB
teh,	VERB
teh.	VERB
teh:	VERB
teh?	VERB
teha	NOUN
tehchiam	ADJ
tehfel	ADJ
tehfung	ADJ
tehfunga	ADJ
tehfungte	ADJ
tehhrep	AUX
tehi	NUM
tehin	VERB
tehkhawng	NOUN
tehkhawngah	VERB
tehkhin	NOUN
tehkhin.	NOUN
tehkhina	NOUN
tehkhinin	NOUN
tehkhinin,	NOUN
tehkhinna	ADJ
tehlul	ADJ
tehlul!	ADJ
tehmeuh	NOUN
tehna	ADJ
tehna,	ADJ
tehnaa	ADJ
tehnaah	NOUN
tehnate	NOUN
tehran	PROPN
tehran-a	PROPN
tehreek-i-taliban	PROPN
tehreng	ADJ
tehreng.	ADJ
tehreng?	ADJ
tehrêng	VERB
tehthat	NOUN
tehtlat	PART
tehtu	NOUN
tei	VERB
tei-aung	PUNCT
tei-i	PROPN
tei.	VERB
teichmann	PROPN
teih	VERB
teih.	VERB
teihawi	VERB
teikhang	ADP
tein	VERB
tein,	VERB
tein.	VERB
teirei	ADV
teireina	NOUN
teixeira	PROPN
tejashwi	PUNCT
tejaswhi	PROPN
tek	NOUN
tek.	NOUN
tekin	NOUN
tel	NOUN
tel,	NOUN
tel.	NOUN
tel?	NOUN
tela	VERB
telah	PRON
telangana	PROPN
telangana-ah	PROPN
telasco	VERB
telecom	NOUN
telecom-ah	PROPN
telecom-te	ADP
telegram	NOUN
telegram-ah,	PROPN
telem	PRON
telemachus-a	VERB
telemarketing	NOUN
telengana	PROPN
telepathist	NOUN
telephone	NOUN
telephone-a	PRON
telephone-ah	NOUN
telephone-in	VERB
teleport	VERB
telescope	NOUN
televised	VERB
television	NOUN
telh	NOUN
telh.	NOUN
telha	NOUN
telhawng	NOUN
telhin	VERB
telin	VERB
telin,	VERB
telin,inkhelh	PROPN
telin.	VERB
tell	AUX
telles	PROPN
tello	ADJ
telna	ADJ
telnaminerva	PROPN
telpui	VERB
telpui.	VERB
telpuiin	NOUN
telpuitua	VERB
telsa	DET
telte	ADJ
telten	VERB
teltir	VERB
teltu	ADJ
telugu	NOUN
telve	ADV
tem	NOUN
tem.	NOUN
temami	PUNCT
temparature	ADP
temperature	NOUN
temple	NOUN
temple-a	AUX
temple-ah	PROPN
tempula,	PROPN
tempura	NOUN
ten	ADJ
ten,	ADJ
ten.	ADJ
ten;	ADJ
tena	ADJ
tenas	NOUN
tenau	ADJ
tenaute	ADJ
tenawm	ADJ
tenawm,	ADJ
tenawm.	ADJ
tenawmzia	VERB
tenchhe	ADJ
tender	NOUN
tendon	NOUN
tendonitis	PROPN
tendulkar	PROPN
teng	VERB
tenggara	PROPN
tenggol	PROPN
tengnoupal	PROPN
tengtawng	PROPN
tenhnam	PROPN
tenna	AUX
tennessee-ah	PUNCT
tennis	NOUN
tennis-a	ADJ
tennis-ah	PRON
tenor	NOUN
tent	NOUN
tent-ah	NOUN
tenzing	PROPN
teo	PROPN
teosinte	AUX
tep	VERB
tep,	VERB
tep.	VERB
tep.thingpui	PRON
tepa	ADJ
tepah	ADJ
tepah,	ADJ
tepawh	DET
tepuian	PROPN
ter	NOUN
tera	VERB
terang	PROPN
teremi	PUNCT
teresa	PROPN
tereuh	ADJ
tereuhte	NOUN
tereuhtea	PUNCT
terina	PROPN
term	NOUN
terminals	PROPN
terminus	PROPN
terraforming	ADP
terrence	PROPN
terrier	PROPN
territorial	PROPN
terrorist	NOUN
terrorists’	ADJ
terzic	PUNCT
tesep	ADP
tesla	PROPN
test	NOUN
test,	PROPN
test-a	PRON
test-ah	VERB
test-na	NOUN
teste-de-buch	PROPN
testi	NOUN
testimony	VERB
testing	NOUN
testnaah	PRON
testosterone	PROPN
tet	VERB
tet.	VERB
tete	AUX
tetea	PROPN
teteaelectric	PUNCT
tetei	PROPN
tetein	VERB
tetepuia	PROPN
tetris	PROPN
tette	VERB
teuh	VERB
teuh,	VERB
teuh.	VERB
teuhin,	NOUN
teuhna	ADJ
teun	PROPN
tevis	PROPN
texas	PROPN
texas-a	VERB
texas-ah	PRON
text	NOUN
text-ah,	ADP
textbook	NOUN
textbook-a	PART
textile	ADP
tezawk	AUX
tezpur	PROPN
tezpur,	PROPN
tfi	DET
tgn	PROPN
tha	NOUN
tha!	NOUN
tha"	VERB
tha'	NOUN
tha,	NOUN
tha-in	NOUN
tha.	NOUN
tha:	NOUN
tha;	NOUN
tha?	NOUN
thaa	ADJ
thaa,	ADJ
thaah	ADJ
thachhang	PART
thachhuak	VERB
thackeray	PROPN
thackeray-a	PROPN
thah	ADJ
thah,	ADJ
thah?	ADJ
thaha	ADJ
thahem	VERB
thahin	ADJ
thahna	ADJ
thahnaah	ADJ
thahnem	ADJ
thahnem.	ADJ
thahnemngai	VERB
thahnemngai,	VERB
thahnemngaih	VERB
thahnemngaihna	NOUN
thahnemngaihna'	NOUN
thahnemngaihnaah	NOUN
thahnemngaiin	ADJ
thahnemngaite	ADJ
thahnemngaiten	NOUN
thahnemtakin	PROPN
thahnemtham	NOUN
thahrui	VERB
thahruiah	VERB
thahsak	VERB
thahte	NOUN
thahtir	VERB
thai	NOUN
thaibawih	ADJ
thaichhe	CCONJ
thaidawr	ADP
thailand	PROPN
thailand-ah	PROPN
thailand-in	PROPN
thailand.	PUNCT
thailang	PRON
thailungi	NOUN
thain	VERB
thain.	NOUN
thajiang-ah	PROPN
thak	NOUN
thak'	NOUN
thak,	ADJ
thak.	NOUN
thaka	PUNCT
thakah	ADP
thakima	PROPN
thakin,	NOUN
thakor	PROPN
thaksin	PROPN
thakte	NOUN
thakthing	NOUN
thakthingah	ADJ
thakur	NOUN
thal	NOUN
thal.	NOUN
thalah	ADJ
thalai	NOUN
thalai,	NOUN
thalaihruaitu	NOUN
thalaiin	NOUN
thalaipuite	PRON
thalaipuiten	VERB
thalaite	NOUN
thalaite,	NOUN
thalaiteah	NOUN
thalaiten	ADJ
thalak	ADJ
thalfavang	PROPN
thali	NOUN
thalin	VERB
thalngul	ADJ
thalngulte	NOUN
thalo	NOUN
thalo.	PRON
thalote	NOUN
thalsik	ADP
thaly	PROPN
tham	VERB
tham,	VERB
tham-a	DET
tham.	VERB
thama	ADJ
thamah	ADJ
thamampuii	PUNCT
thames	PRON
thamin	ADJ
thamlohna	ADJ
thamna	ADJ
thamral	NOUN
thamral.	NOUN
than	VERB
thanah	PRON
thandanga	PROPN
thang	VERB
thang,	VERB
thang.	VERB
thanga	PROPN
thanga!	PUNCT
thanga'n	PROPN
thanga,	PROPN
thanga-an	PROPN
thanga.	NOUN
thanga?	PUNCT
thangah	ADJ
thangboi	PROPN
thangchak	VERB
thangchhuah	NOUN
thangchunga	PROPN
thangchungnunga	PROPN
thangdeihmangan	PROPN
thangduang	VERB
thangharh	VERB
thanghnih	ADJ
thangkam	ADJ
thangkama	ADV
thangkamtu	ADJ
thangkanglova	PROPN
thangkhat	NOUN
thangkhawk	VERB
thangkiman	PROPN
thangkura	NOUN
thanglailung	CCONJ
thanglailungah	VERB
thanglalsoun	PROPN
thanglian	NOUN
thanglian.	NOUN
thangliana	PUNCT
thangluah	NOUN
thangmangliana	PROPN
thangmawia	PROPN
thangmawian	PROPN
thangmekte	NOUN
thangminlal	PROPN
thangnang	NOUN
thangphunga	PROPN
thangphunga-te	PROPN
thangpui	ADJ
thangpuia	PUNCT
thangpuiate	PROPN
thangpuii	PROPN
thangram	PROPN
thangrikhuma	PROPN
thangromawia	PROPN
thangtea	PROPN
thangthar	NOUN
thangtharte	ADJ
thangtharten	ADJ
thangthat	NOUN
thangthiauva	PART
thangthuama	PROPN
thangtlawm	VERB
thangva	NOUN
thangvunga	PROPN
thangzuala	PROPN
thangṭhat	NOUN
thanharh	DET
thanhawla	PROPN
thanhawla'n	PROPN
thanhawla,	PROPN
thanhawlan	PROPN
thanherha	PROPN
thanhnemngaite	VERB
thanhâwla	PROPN
thani	PROPN
thanin	VERB
thankhumi,	PROPN
thankunga	PROPN
thanlen	NOUN
thanlenna	ADJ
thanliana	PROPN
thanliana,	PROPN
thanmawh	VERB
thanmawia	PROPN
thanmawian	PROPN
thanmawii	PROPN
thanna	VERB
thanpari	DET
thanphunga	PROPN
thanruma	PROPN
thansan	VERB
thansanga	PROPN
thansangan	PROPN
thanseia,	NOUN
thansiama	PROPN
thansângi	PROPN
thantirtu	ADJ
thanzara	PROPN
thanzara,	PROPN
thanzaran	PROPN
thanzaua	PUNCT
thanzauva,	PROPN
thap	VERB
thap,	VERB
thap.	VERB
thapa	VERB
thapin	ADJ
thapui	ADJ
thar	ADJ
thar'	ADJ
thar,	ADJ
thar.	ADJ
thar;	ADJ
thar?	ADJ
thara	PROPN
thara!	NOUN
thara'n	PROPN
thara-an	PROPN
thara.	NOUN
tharah	VERB
tharau	PRON
tharchhuah	NOUN
tharchhuah,	NOUN
tharchhuahte	ADJ
tharchhuak	ADJ
tharchhuakte	ADJ
tharchhuaktu	DET
thareuropean	PROPN
tharho	ADJ
thari	PROPN
thari'n	PROPN
thari,	PROPN
thari-an	PROPN
thari-in	PROPN
tharin	ADJ
tharin,	ADJ
tharjurgen	PROPN
tharlam	NOUN
tharleh	NOUN
tharna	ADJ
tharna,	ADJ
tharoor	PROPN
tharpuia	PUNCT
tharte	VERB
tharten	VERB
tharthawh	VERB
thartu	NOUN
thartute	AUX
thartîr	NOUN
tharum	NOUN
tharuma	ADP
thar’	ADJ
thasiama	SCONJ
that	VERB
that.	VERB
thatah	ADJ
thatchhe	ADJ
thatchhe,	ADJ
thatchheho	ADJ
thatchhia	ADJ
thatchhia,	ADJ
thatchhiaa	PROPN
thatchhiat	NOUN
thatchhiatna	VERB
thatchhuah	VERB
thate	ADJ
thaten	ADV
thathnem	ADJ
thatho	ADV
thathona	PRON
thathum	ADV
thatin	ADJ
thatin,	ADJ
thatir	NOUN
thatkhama	NOUN
thatlai	ADJ
thatlina	ADP
thatlohna	NOUN
thatna	NOUN
thatna,	NOUN
thatna?	NOUN
thatnain	ADJ
thatniah	NOUN
thatpui	NOUN
thatte	VERB
thattu	ADJ
thattua	PROPN
thattute	ADJ
thatu	AUX
thatzia	ADJ
thau	ADJ
thau!	ADJ
thau"	ADJ
thau,	ADJ
thau.	ADJ
thauin	CCONJ
thauvah	ADJ
thauvin	VERB
thaw	VERB
thaw.	VERB
thawah	NOUN
thawh	VERB
thawh.	VERB
thawh:	VERB
thawh?	VERB
thawha	ADV
thawha,	ADV
thawhah	VERB
thawhah,	VERB
thawhahin	VERB
thawhchhuah	VERB
thawhchhuahpui	ADJ
thawhchhuahpui.	ADJ
thawhdun	NOUN
thawhdunna	VERB
thawhdunpui	PRON
thawhfel	NOUN
thawhhlawh	ADJ
thawhhlawk	ADJ
thawhhlawkte	ADJ
thawhhlawm	ADV
thawhhnihna	NOUN
thawhhnihnaah	PUNCT
thawhho	ADJ
thawhho.	ADJ
thawhhohna	VERB
thawhhona	PRON
thawhhonaah	ADJ
thawhin	NOUN
thawhin,	NOUN
thawhkhat	ADJ
thawhkhatna	VERB
thawhkhatnaah	ADP
thawhkhawm	ADJ
thawhkhawm.	ADJ
thawhkhawmin	NOUN
thawhkhawmin,	NOUN
thawhkhawn	DET
thawhlai	NOUN
thawhlawm	VERB
thawhlawmah	ADJ
thawhlawwm	ADP
thawhleh	NOUN
thawhlehna	ADJ
thawhlehna!kum	PART
thawhlehnaniropuia	PROPN
thawhlehni	ADJ
thawhlehni,	ADJ
thawhlehni-a	ADV
thawhlehnia	ADJ
thawhlehniah	NOUN
thawhlâwm	ADJ
thawhna	ADJ
thawhna,	ADJ
thawhnaa	ADJ
thawhnaah	NOUN
thawhnaw	VERB
thawhona	ADP
thawhpui	NOUN
thawhpui,	NOUN
thawhpui.	NOUN
thawhpuia	ADJ
thawhpuiah	NOUN
thawhpuina	ADJ
thawhpuinaah	DET
thawhpuipa	PRON
thawhpuite	NOUN
thawhpuite'n	VERB
thawhpuiten	ADJ
thawhpuitu	NOUN
thawhpuitute	NOUN
thawhrah	ADJ
thawhrahah	VERB
thawhrim	ADJ
thawhrimna	ADJ
thawhrimnaah	ADJ
thawhrimnain	ADJ
thawhrimzia	ADJ
thawhsak	NOUN
thawhsak.	NOUN
thawhtan	ADJ
thawhtanni	ADJ
thawhtanni,	ADJ
thawhtanni-ah	PRON
thawhtannia	ADJ
thawhtanniah	ADJ
thawhte	VERB
thawhtheihna	PRON
thawhthumna	PRON
thawhtir	ADJ
thawhtu	ADJ
thawhtute	VERB
thawhzawh	ADJ
thawhṭan	ADJ
thawhṭanni	ADJ
thawhṭanni,	ADJ
thawhṭanni-ah	PROPN
thawhṭannia	NOUN
thawhṭanniah	VERB
thawhṭanniahte	PROPN
thawi	VERB
thawi.	VERB
thawidam	PROPN
thawin	NOUN
thawina	ADJ
thawina,	ADJ
thawk	VERB
thawk!	VERB
thawk,	VERB
thawk-tute	PRON
thawk.	VERB
thawk?	VERB
thawka	ADV
thawka,	ADV
thawkchhuak	VERB
thawkchhuak.	VERB
thawkchhuak.hetianga	VERB
thawkchhuakin	ADV
thawkchhuakin,	NOUN
thawkchhuakte	ADJ
thawkdun	ADJ
thawkdun.	ADJ
thawkdunin	NOUN
thawkhat	ADJ
thawkhat,	ADJ
thawkhat.	ADJ
thawkhata	NOUN
thawkhatah	ADJ
thawkhatin	ADV
thawkhlawk	ADJ
thawkho	ADJ
thawkho.	ADJ
thawkin	ADJ
thawkin,	ADJ
thawklai	ADJ
thawklehkhat	ADV
thawklehkhatah	ADJ
thawklehkhatah,	ADJ
thawklehkhatan	ADJ
thawkna	NOUN
thawkrim	ADJ
thawkrim,	ADJ
thawkrim.	ADJ
thawkrimte	VERB
thawkte	NOUN
thawkten	NOUN
thawktu	ADJ
thawktu,	ADJ
thawktuin	ADJ
thawkturin	VERB
thawkturintlawmngai	ADJ
thawktute	ADJ
thawktute,	ADJ
thawktute.	ADJ
thawktuten	ADJ
thawl	ADJ
thawl.	ADJ
thawla	NOUN
thawlak	VERB
thawlh,	VERB
thawlh.	ADV
thawlla,	NOUN
thawm	VERB
thawmah	ADJ
thawmhnaw	NOUN
thawmhnaw,	NOUN
thawmhnawte	ADJ
thawmin	NOUN
thawmsak.	ADJ
thawmthat	VERB
thawmṭhat	VERB
thawmṭhatna	VERB
thawn	VERB
thawn.	VERB
thawn?	VERB
thawnawla	PROPN
thawnchhuah	NOUN
thawnchhuak	VERB
thawndarh	ADJ
thawng	NOUN
thawng.	NOUN
thawnga	NOUN
thawngaleivir	NOUN
thawngbawi	PROPN
thawngzaliana	PART
thawnin	NOUN
thawnna	VERB
thawnsak	NOUN
thawnthu	NOUN
thawnthu,	NOUN
thawnthu-a	ADP
thawnthu.	NOUN
thawnthua	ADJ
thawnthuah	ADJ
thawnthuahte	ADP
thawnthute	NOUN
thawntu	ADJ
thawp	VERB
thawpikin	ADJ
thawpikna	ADJ
thawr	ADJ
thawrimna	ADJ
thawt	NOUN
thawt.	NOUN
thawtanni	ADP
thawthângah	NOUN
thawtna	VERB
thawven	ADJ
thawveng	ADJ
thawvenna	NOUN
thawventhlâk	VERB
thaza	ADV
thazam	ADJ
thazam,	ADJ
thazamte	VERB
thazawk	PRON
thazual	PROPN
thazuala	PUNCT
thazualah	NOUN
thazâm	ADJ
tha’	ADJ
the	NOUN
theater	NOUN
theater-a	VERB
theater-ah	NOUN
theatre	NOUN
theatre-ah	NOUN
theatre-te	NOUN
thebes	PROPN
theh	VERB
theh,	VERB
theh.	VERB
theha	VERB
thehchhuak	ADJ
thehdar	NOUN
thehdarh	ADJ
thehdarh.	ADJ
thehdarhah	NOUN
thehdarhna	NOUN
thehdarhtu	ADJ
thehdarhtute	NOUN
thehfai	NUM
thehlar	NOUN
thehlarna	NOUN
thehlei	ADJ
thehlei.	ADJ
thehlep	PROPN
thehluh	NOUN
thehluha	DET
thehluhah	VERB
thehluhna	VERB
thehluhtute	VERB
thehlut	ADJ
thehlut.	ADJ
thehlutin	ADJ
thehlutte	NOUN
thehna	ADJ
thehnem	VERB
thehthang	NOUN
thehthianghlim’	PROPN
thei	ADJ
thei!	ADJ
thei)	ADJ
thei,	ADJ
thei,’	VERB
thei.	ADJ
thei.thawhhnihnaah	NOUN
thei:	ADJ
thei;	ADJ
thei?	ADJ
theia	ADJ
theia,	ADJ
theiah	NOUN
theibuhfai	NOUN
theih	ADV
theih,	ADV
theih.	ADV
theih."	ADV
theih.;	ADV
theih?	ADV
theih?,	ADV
theiha	NOUN
theihah	NOUN
theihai	VERB
theihghilh	ADJ
theihghilh.	ADJ
theihin	NOUN
theihloh	NOUN
theihloh.	NOUN
theihlohin	PUNCT
theihlohna	NOUN
theihmu	ADJ
theihna	ADJ
theihna'n	AUX
theihna'n.	VERB
theihna'na,	NOUN
theihna,	ADJ
theihnaah	ADJ
theihnan	ADJ
theihnate	VERB
theihnghilh	VERB
theihnghilh!	VERB
theihnghilh,	VERB
theihnghilh.	VERB
theihnghilh?	VERB
theihnghilha,	NOUN
theihnghilhin	VERB
theihngilh	ADJ
theihpatawpa	DET
theihpatawpin	ADJ
theihtawk	AUX
theihtawp	ADJ
theihtawpa	ADJ
theihtawpin	ADJ
theihte	ADJ
theihtâwp	ADJ
theihtâwpa	ADJ
theihtâwpin	ADJ
theihzia	ADJ
theiin	ADJ
theiin,	ADJ
theilo	NOUN
theilo.	NOUN
theiloh.	VERB
theilote	PRON
thein	PROPN
theipui	NOUN
theirah	ADJ
theiri	PROPN
theiriat	NOUN
theiriatah	PROPN
theism	PROPN
theitawp	CCONJ
theite	NOUN
theiten	PUNCT
theithawp	ADJ
theitu	NOUN
theitu,	NOUN
theitui	NOUN
theituiah	ADV
theitâwpa.	ADJ
thek	NOUN
thekhat	VERB
thel	VERB
thelh	VERB
thelh.	VERB
thelhin	ADJ
thelhna	NOUN
thelhnaa	VERB
thelhtu	NOUN
thelma	NOUN
thelret	NOUN
them	NOUN
them.	NOUN
themlem	NOUN
themna	AUX
themthiam	NOUN
themthiam,	NOUN
themthiamna	ADJ
then	NOUN
then-	NOUN
then.	NOUN
then?	NOUN
thena	ADJ
thenah	NOUN
thenawm	NOUN
thenawm,	NOUN
thenawmah	VERB
thenawmpa	NOUN
thenawmpain	DET
thenawmte	NOUN
thenawmten	ADJ
thendarh	PUNCT
thendarh.	PUNCT
thendarha	ADJ
thenfai	NOUN
thenfaina	VERB
thenfainaah	ADV
theng.	DET
thenga	SCONJ
thengreng	ADJ
thengthaw	ADJ
thenhlum	ADP
thenhran	ADJ
thenhrang.	NOUN
thenin	ADJ
thenin,	ADJ
thenkhahe	ADV
thenkhat	ADJ
thenkhat,	ADJ
thenkhat-	ADJ
thenkhata	ADJ
thenkhatah	ADJ
thenkhatin	ADJ
thenkhatin,	ADJ
thenkhatte	ADJ
thenkhatte'n	VERB
thenkhatten	VERB
thenna	ADJ
thenrual	NOUN
thenrualte	VERB
thensawm	NOUN
thente	ADJ
thenthang	ADJ
thentlang	CCONJ
thentlang-ah	PUNCT
thentlangah	ADP
thenzawl	NOUN
thenzawl,	NOUN
thenzawl-ah	PROPN
thenzawla	PROPN
thenzawlah	PROPN
theobald	PROPN
theodore	PROPN
theologian	PUNCT
theological	PROPN
theology	NOUN
theory	NOUN
theosophy	PROPN
thep	VERB
ther	VERB
therapies	NOUN
therapist	NOUN
thereng	NOUN
theresa	PROPN
therhlo	NOUN
thermodynamics	ADP
thermometer	NOUN
thermos	ADJ
thermosphere	DET
thesis	NOUN
thessalonika	PROPN
thessalonikaah	PROPN
theuh	VERB
theuh,	VERB
theuh.	VERB
theuh?	VERB
theuha	DET
theuhah	ADJ
theuhin	ADJ
theuhna	ADJ
theuhte	ADJ
theuhva	ADJ
theuhvah	ADJ
theuhvin	ADJ
theuh’	VERB
theuneu	ADJ
theuneulo	ADJ
thhangthar	PRON
thhutna	DET
thhutthleng	DET
thi	VERB
thi,	VERB
thi-in	PUNCT
thi.	VERB
thi?	VERB
thia	VERB
thiago	PROPN
thiah	VERB
thiahra	ADP
thiahtir	PART
thiak	PROPN
thial	VERB
thiam	VERB
thiam,	VERB
thiam.	VERB
thiam:	VERB
thiam?	VERB
thiama	ADJ
thiama,	ADJ
thiamah	ADJ
thiamawm	AUX
thiamchantira	CCONJ
thiamchantirna	ADJ
thiamho	ADJ
thiamin	ADJ
thiamin,	ADJ
thiamlo	NOUN
thiamloh	NOUN
thiamlohchang	ADV
thiamlohna	ADJ
thiamna	ADJ
thiamna,	ADJ
thiamnaah	NOUN
thiamnain	ADJ
thiamnate	ADJ
thiampui	NOUN
thiampuia	PRON
thiampuiin,	VERB
thiampuipa	ADJ
thiamsa	ADJ
thiamsanga	PROPN
thiamsanga,	PROPN
thiamsangan	PROPN
thiamte	ADJ
thiamten	NOUN
thiamthai	VERB
thiamthei,	NOUN
thiamthil	NOUN
thiamthu	VERB
thiamtir	NOUN
thiamzia	ADV
thiamzia-hyperbole	NOUN
thian	NOUN
thian'	NOUN
thian,	NOUN
thian-pa	NOUN
thian.	NOUN
thian?	NOUN
thiana	VERB
thianah	NOUN
thiandun	VERB
thianfai	ADJ
thianfai.	ADJ
thianfaia	ADV
thiang	VERB
thiang'	ADJ
thiang,	VERB
thiang.	VERB
thianga	ADJ
thiangah	ADJ
thiangau	VERB
thianghlim	ADJ
thianghlim'	ADJ
thianghlim,	ADJ
thianghlim.	ADJ
thianghlim:	ADJ
thianghlima	ADJ
thianghlima,	ADJ
thianghlimah	ADJ
thianghlimho	ADJ
thianghlimi	PROPN
thianghlimin	ADJ
thianghlimlo	ADJ
thianghlimna	ADJ
thianghlimna'	ADJ
thianghlimnaa	ADJ
thianghlimna’	ADJ
thianghlimte	ADJ
thianghlim’	ADJ
thiangin	ADJ
thianglo	ADJ
thianglo,	ADJ
thiangzau	ADJ
thianho	NOUN
thiannu	NOUN
thiannu,	NOUN
thianpa	NOUN
thianpa,	NOUN
thianpa-te	VERB
thianpa.	NOUN
thianpa?	NOUN
thianpain	NOUN
thiante	NOUN
thiante'n	AUX
thiante,	NOUN
thianteho	NOUN
thianten	NOUN
thiantha	NOUN
thianthatna,	NOUN
thiantute	DET
thianzia	ADJ
thian’	NOUN
thiap	ADJ
thiap.	ADJ
thiar	NOUN
thiar,	NOUN
thiarchhuah	CCONJ
thiarchhuak	NOUN
thiarkara	VERB
thiat	VERB
thiat.	VERB
thiata	VERB
thiau	ADJ
thibaut	PROPN
thibetanus	NOUN
thicolombia	ADP
thidang	NOUN
thiem	PROPN
thienga	ADP
thierry	PROPN
thih	VERB
thih.	VERB
thih;	VERB
thih?	VERB
thiha	VERB
thihchilh	ADJ
thihin	NOUN
thihna	NOUN
thihna,	NOUN
thihna?	NOUN
thihnaa	ADJ
thihnaah	ADJ
thihnain	NOUN
thihni	VERB
thihpui	NOUN
thihpuiin,	VERB
thihsak	VERB
thihsan	VERB
thihsan,	VERB
thihte	VERB
thihtu	ADJ
thihul	ADJ
thiin	VERB
thiin,	VERB
thik	NOUN
thik,	NOUN
thik.	NOUN
thik?	NOUN
thikawm	NOUN
thikin	ADJ
thikna	ADJ
thikna,	ADJ
thikthu	NOUN
thil	NOUN
thil,	NOUN
thil.	NOUN
thil?ha	PRON
thila	ADJ
thilah	ADJ
thilahte	NOUN
thilchhawm	NOUN
thilchhuak	NOUN
thildang	ADJ
thildanga	NOUN
thildangah	ADJ
thilhlanah	ADJ
thilin	ADJ
thilmak	ADJ
thilmakte	ADJ
thilman	ADJ
thilneih	NOUN
thilnung	NOUN
thilnungte	NOUN
thilpek	ADJ
thilpek,	ADJ
thilpek;	ADJ
thilpekah	ADJ
thilpekin,	NOUN
thilpekte	ADJ
thilphal	NOUN
thilphal.	NOUN
thilphalna	ADJ
thilphalna,	ADJ
thilphalte	NOUN
thilphalzia	NOUN
thilphut	NOUN
thilpék	NOUN
thilpêk	ADJ
thilsiam	NOUN
thilsiama	PRON
thilsiamah	ADJ
thilsiamna	NOUN
thilsiamte	ADJ
thilsual	ADJ
thiltawn	ADJ
thilte	ADJ
thiltha	ADJ
thiltheihna	NOUN
thilthlawnpek	VERB
thilthleng	ADJ
thilthlente	VERB
thilthuah	ADJ
thilti	DET
thiltiah	NOUN
thiltih	ADJ
thiltih,	ADJ
thiltih-theihna	ADP
thiltihah	ADJ
thiltihin	ADJ
thiltihna	ADJ
thiltihnaah	ADJ
thiltihsual	NOUN
thiltihte	ADJ
thiltihtheihna	ADJ
thiltihtheihna;	ADJ
thiltihtheihzia	NOUN
thiltihṭhatah	ADJ
thiltisualtute	ADJ
thiltithei	ADJ
thiltitheite	NOUN
thiltitu	ADJ
thiltote	VERB
thiltum	NOUN
thiltum,	NOUN
thiltumah	PRON
thiltumte	NOUN
thilzawn	PRON
thilzuartute	PROPN
thilṭha	ADJ
thil’	PUNCT
thim	VERB
thim.	VERB
thim/hmuarin	NOUN
thima	NOUN
thimah	NOUN
thimak	ADP
thimin	NOUN
thimna	ADJ
thimtham	ADJ
thin	VERB
thin!	VERB
thin!'	VERB
thin"	VERB
thin,	VERB
thin-thip	NOUN
thin.	VERB
thin."	ADV
thin;	VERB
thin?	VERB
thina	ADJ
thina,	ADJ
thinah	ADJ
thinchhe	ADJ
thinchhe,	ADJ
thinchhiat	ADJ
thinchhiatna	NOUN
thinchhiatte	NUM
thineih	ADJ
thing	VERB
thing-tlanga	NOUN
thing-tlangah	ADV
thing.	VERB
thinga	ADJ
thingah	NOUN
thingbu	PROPN
thingbuk	ADJ
thingbul	ADJ
thingdawl	PROPN
thingdawl,	PUNCT
thingdawlah	PROPN
thingdim	NOUN
thingfak	ADJ
thingfal,	NOUN
thingfanghma	NOUN
thingfiante	DET
thingfâk	NOUN
thinghlim	ADJ
thinghluna	ADP
thinghnah	ADJ
thinghák	PROPN
thingin	NOUN
thingkah	PROPN
thingkah,	PROPN
thingkit	DET
thingkung	ADJ
thingkungah	NOUN
thingkungte	ADJ
thinglera	ADJ
thinglian	DET
thinglian,	PROPN
thinglianah	ADP
thinglung	ADV
thinglungin	NOUN
thingphek	ADJ
thingphunin	PROPN
thingphuntute	VERB
thingphurhte	VERB
thingpui	NOUN
thingpui,	NOUN
thingpuiah	ADJ
thingpuiin	NOUN
thingpuilumna	ADP
thingrem	NOUN
thingrema	ADV
thingri	NOUN
thingsai	PROPN
thingsai-ah	NUM
thingsat	PROPN
thingsei	PROPN
thingserh	ADP
thingsia,	PROPN
thingsulthliah	PROPN
thingsulthliahah	PROPN
thingsulthliahin	PUNCT
thingsât	PROPN
thingsûlthliah	PROPN
thingtam	DET
thingte	NOUN
thingtheihmu	NOUN
thingthelh	PROPN
thingthi	VERB
thingthia	ADJ
thingthiin	ADJ
thingthiin.	ADJ
thingthit	VERB
thingthla	PART
thingthlang	VERB
thingtiak	NOUN
thingtiakte	AUX
thingtlang	NOUN
thingtlang,	NOUN
thingtlanga	ADJ
thingtlangah	NOUN
thingtlu	PUNCT
thingtlâng	ADJ
thingtlângah	NOUN
thingtuai	NOUN
thingtum	NOUN
thingzai	NOUN
thingzung	NOUN
thinhim.	PART
thinhnun	ADJ
thinhrik	ADJ
thinin	VERB
thinin,	VERB
thinlaihnema	PROPN
thinletna	ADP
thinlung	NOUN
thinlung,	NOUN
thinlung.	NOUN
thinlunga	ADJ
thinlungah	ADJ
thinlungah,'	ADJ
thinlungah.	ADJ
thinlungan	ADJ
thinlungin	ADJ
thinlungpu	NOUN
thinlungpumi	NOUN
thinlungte	NOUN
thinna	NOUN
thinnel	ADJ
thinphu	ADJ
thinq	NOUN
thinrim	ADJ
thinrim,	ADJ
thinrim.	ADJ
thinrim?	ADJ
thinrimin	ADJ
thinrimna	ADJ
thinrimna,	ADJ
thinrimnaah	ADJ
thinrimnain	ADJ
thinrimte	ADJ
thinrimthlak	ADJ
thinrin	SCONJ
thinrin.	VERB
thinte	ADJ
thinten	ADJ
thintu	NOUN
thintute	ADJ
thinur	ADJ
thinur.	ADJ
thinura	NOUN
thinurin	ADJ
thinurna	ADJ
thinurthlak	ADJ
thinzia	ADJ
thin”	VERB
thio	ADJ
thir	ADJ
thir,	ADJ
thirban	ADP
thirbel	ADJ
thirbelah	VERB
thirchhak	VERB
third	ADJ
thirdeng	VERB
thirfian	NOUN
thirfiante	NOUN
thirhrui	ADJ
thirhruiah	NOUN
thirkut	ADJ
thirkuta	ADP
thirsakawr	NOUN
thirsakawra	NOUN
thirsakawrin	PRON
thirshakawr	NOUN
thirte	NOUN
thirtiang	ADJ
thirzai	NOUN
thisawn	NOUN
thisen	VERB
thisen,	VERB
thisena	ADJ
thisenah	NOUN
thisenin	ADJ
thite	NOUN
thiwhawng	VERB
thizawl	NOUN
thklak	AUX
thla	NOUN
thla,	NOUN
thla-a	VERB
thlaa	ADJ
thlaah	ADJ
thlaah,	ADJ
thlabar	ADJ
thlabara	ADJ
thlabarin	NOUN
thlabi	AUX
thlabâr,	ADJ
thlado	VERB
thlah	VERB
thlah,	VERB
thlah.	VERB
thlah?	VERB
thlahdah	NOUN
thlahdah.	NOUN
thlahdul	NOUN
thlahdul.	NOUN
thlahho	ADJ
thlahin	NOUN
thlahlel	ADJ
thlahlel,	ADJ
thlahna	ADJ
thlahna/vuina	NOUN
thlahniam.	ADJ
thlahnih	ADP
thlahrang	PRON
thlahte	ADJ
thlahteho	VERB
thlahten	ADJ
thlahthlam	ADJ
thlahthlam.	ADJ
thlahthlama	NOUN
thlahthlamin	VERB
thlahtir	NOUN
thlahtu	NOUN
thlahtu,	NOUN
thlahtute	NOUN
thlahtuten	VERB
thlai	NOUN
thlai,	NOUN
thlai.	NOUN
thlaia	VERB
thlaiah	NOUN
thlaite	ADJ
thlaithar	PROPN
thlak	VERB
thlak!	VERB
thlak"	VERB
thlak,	VERB
thlak.	VERB
thlak?	VERB
thlaka	ADJ
thlakah	ADJ
thlakahte	ADJ
thlakdanglam	ADJ
thlakhat	ADJ
thlakhatah	ADJ
thlakhlelh	NOUN
thlakhlelhawma,	ADJ
thlakin	ADJ
thlakin,	ADJ
thlakna	ADJ
thlaknaa	VERB
thlaknaah	VERB
thlaksak	VERB
thlakthleng	ADJ
thlakthleng,	ADJ
thlakthlengna	VERB
thlakthlengte	VERB
thlaktir	VERB
thlaktu	ADJ
thlaktute	NOUN
thlak’	VERB
thlala	NOUN
thlalak	ADJ
thlalak,	ADJ
thlalak:	ADJ
thlalaka	NOUN
thlalakah	NOUN
thlalakna	ADJ
thlalaknain	VERB
thlalakpui	PRON
thlalakte	NOUN
thlalatu	ADJ
thlalatua	NOUN
thlaleh	PRON
thlalem	PRON
thlaler	ADJ
thlalera	ADJ
thlalerah	ADJ
thlalerah,	ADJ
thlalâk	ADJ
thlalâkte	NOUN
thlalêr	ADJ
thlalêra	ADJ
thlalêrah	ADJ
thlam	ADJ
thlamah	ADJ
thlamuan	ADJ
thlamuanawm	ADJ
thlamuang	ADJ
thlamuang.	ADJ
thlamuanin	ADJ
thlamuanna	NOUN
thlamuannate	VERB
thlamuanpui	ADJ
thlamuanthlak	NOUN
thlamuanthlâk	NOUN
thlamuantu	NOUN
thlan	VERB
thlan,	VERB
thlan.	VERB
thlan?	VERB
thlana	ADJ
thlanah	ADJ
thlanahte	ADJ
thlanawm	VERB
thlanbikte	ADJ
thlanchhuah	ADJ
thlanchhuah.	ADJ
thlanchhuahte	ADJ
thlanchhuahten	NOUN
thlanfel	VERB
thlang	NOUN
thlang'	NOUN
thlang.	NOUN
thlanga	VERB
thlangah	NOUN
thlangchhuak	NOUN
thlangchhuak.	NOUN
thlangdar	NOUN
thlangin	ADJ
thlangin,	ADJ
thlanglam	NOUN
thlangra	ADJ
thlangte	NOUN
thlangthei	SCONJ
thlangtiang	NOUN
thlangtlak	NOUN
thlangtling.	PRON
thlangtu	ADJ
thlangtute	VERB
thlanleh	NOUN
thlanlung	DET
thlanlunga	PRON
thlanmual	ADJ
thlanmual,	ADJ
thlanmuala	ADJ
thlanmualah	ADJ
thlanna	NOUN
thlannaah	NOUN
thlansak	ADJ
thlante	ADJ
thlantlaa	ADV
thlantlin	VERB
thlantlin,	VERB
thlantui	NOUN
thlantur	VERB
thlap	ADV
thlap,	ADJ
thlap.	NOUN
thlapa	ADJ
thlapa-ah	AUX
thlaphan	VERB
thlaphang	VERB
thlaphanna	NOUN
thlaphân	VERB
thlaphâng	VERB
thlaphângin	NOUN
thlaphânna	ADJ
thlapin	ADJ
thlapte	NOUN
thlar	NOUN
thlarau	NOUN
thlaraua	VERB
thlarauah	ADJ
thlarauin	NOUN
thlarauva	ADJ
thlarauvah	ADJ
thlarauvin	ADJ
thlarau’	NOUN
thlarha	CCONJ
thlaruk	ADJ
thlasik	ADJ
thlasik,	ADJ
thlasikah	NOUN
thlate	ADJ
thlathar	ADJ
thlatin	ADJ
thlatin,	ADJ
thlatina	ADJ
thlatir	NOUN
thlatute	DET
thlau	VERB
thlau.	VERB
thlauh	NOUN
thlauh.	NOUN
thlauhin	ADP
thlauhthla	VERB
thlauhthlak	NOUN
thlauthla	NOUN
thlavang	VERB
thlaveng	NOUN
thlavâng	VERB
thlawh	NOUN
thlawhchhuah	NOUN
thlawhchhuahpui	NOUN
thlawhchhuak.	DET
thlawhhma	NOUN
thlawhin,	NOUN
thlawhlawm	VERB
thlawhna	ADJ
thlawhna.	ADJ
thlawhnaa	ADJ
thlawhnaah	ADJ
thlawhnain	NOUN
thlawhnate	ADJ
thlawhnaṭum	NOUN
thlawhpui	NOUN
thlawhtheihna	NOUN
thlawhtheihnaa	ADJ
thlawhtheihnaah	NUM
thlawhtheihnain	ADP
thlawk	VERB
thlawk!	VERB
thlawk.	VERB
thlawkchhuak.	ADJ
thlawkin	ADJ
thlawkte	ADJ
thlawn	VERB
thlawn,	VERB
thlawn.	VERB
thlawna	ADJ
thlawnin	ADJ
thlawp	VERB
thlawp.	VERB
thlawp:	VERB
thlawpin	NOUN
thlawpin,	NOUN
thlawpna	NOUN
thlawptu	NOUN
thlawptute	ADJ
thlawptuten	ADJ
thlawpzia	ADV
thlawrtute	DET
thlawt	ADV
thlawt.	ADV
thlawwn	NOUN
thlazar	ADJ
thlazen	ADP
thlazâr	VERB
thle	VERB
thle.	VERB
thleh	NOUN
thleh,	NOUN
thleh.	NOUN
thlei	VERB
thleibik	ADJ
thlek	NOUN
thlek.	NOUN
thlektir	NOUN
thlem	VERB
thlem.	VERB
thlem?	VERB
thlema	ADJ
thlemchhuah	ADV
thlemna	VERB
thlemnaa	ADJ
thlemnaah	ADJ
thlemnate	NOUN
thlemthlu	ADJ
thlemtu	NOUN
thlemtute	VERB
thlen	VERB
thlen,	VERB
thlen.	VERB
thlen?	VERB
thlena	ADJ
thlena,	ADJ
thlenah	NOUN
thleng	NOUN
thleng!	NOUN
thleng,	NOUN
thleng.	NOUN
thleng:	NOUN
thleng?	NOUN
thlenga	PROPN
thlenga.	PROPN
thlengah	ADJ
thlengchu	ADP
thlengin	ADJ
thlengin,	ADJ
thlengin.	ADJ
thlengin;	ADJ
thlengin’	PUNCT
thlengna	NOUN
thlengte	VERB
thlengtir	ADJ
thlengtu	NOUN
thlengtute	ADJ
thlenin	VERB
thlenin,	VERB
thlenna	NOUN
thlennna	NOUN
thlenpui	NOUN
thlenpui.	NOUN
thlensak	VERB
thlentam	VERB
thlente	VERB
thlentir	ADJ
thlentirtu	ADJ
thlentu	NOUN
thlentu,	NOUN
thlentu?	NOUN
thlentuah	ADJ
thlentute	ADV
thlentîr	NOUN
thlep	VERB
thlep.	VERB
thler	NOUN
thler.	NOUN
thlera	VERB
thlhate	AUX
thli	NOUN
thli,	NOUN
thli.	NOUN
thliah	VERB
thliah.	VERB
thliahsak	ADV
thliak	VERB
thliakar	VERB
thliar	VERB
thliar.	VERB
thliarhranna	NOUN
thliarkar	NOUN
thliarkarah	ADJ
thliarkarte	ADJ
thliarkâr	NOUN
thliarna	ADV
thlifim	VERB
thlifimin	NOUN
thlifimtuten	ADJ
thliin	ADJ
thlil	VERB
thlim	NOUN
thling	NOUN
thlip	NOUN
thlipui	NOUN
thlipui,	NOUN
thlipuiin	VERB
thlipuiruahpui	NOUN
thlipuiten	PUNCT
thlir	VERB
thlir,	VERB
thlir-in	CCONJ
thlir.	VERB
thlira	ADJ
thlirdan	ADJ
thlirho	ADJ
thlirho.	ADJ
thlirhoin,	NOUN
thlirhona	NOUN
thlirhopui.	PART
thlirhova.	PROPN
thlirin	VERB
thlirin,	VERB
thlirkual	NOUN
thlirlawk	VERB
thlirlawk.	VERB
thlirlawkna	ADJ
thlirlet	NOUN
thlirletin	NOUN
thlirletin,	NOUN
thlirletna	NOUN
thlirna	VERB
thlirna-ah	NOUN
thlirnaah	PROPN
thlirnalouis	NOUN
thlirpui	NOUN
thlirtu	NOUN
thlirtute	ADJ
thlirtuten	VERB
thlit	VERB
thlitffimna	NOUN
thlitfim	VERB
thlitfimna	DET
thlitfîm	VERB
thlithlai	VERB
thlithlaia	NOUN
thlithlaiin	NOUN
thlo	NOUN
thlo.	NOUN
thloh	X
thlohpui	VERB
thloin	CCONJ
thlotute	PUNCT
thlu	VERB
thlu.	VERB
thluah	ADJ
thluah.	ADJ
thluai	VERB
thluak	NOUN
thluak,	NOUN
thluaka	ADV
thluakah	VERB
thluaksuksak	ADP
thluam	VERB
thluan	NOUN
thluang	ADJ
thluk	NOUN
thluka	ADJ
thlukin	NOUN
thluknaah	VERB
thlum	VERB
thlum.	VERB
thlum:	VERB
thlum?	VERB
thlumna	VERB
thlumte	NOUN
thlun	VERB
thlung	NOUN
thlung.	NOUN
thlungah	ADP
thlungnghet	PART
thlunna	VERB
thlunzawm	NOUN
thlunzawm.	NOUN
thlunzawma	ADJ
thlunzawmin,	NOUN
thlunzawmtu	ADV
thlup	ADJ
thlup.	ADJ
thlur	NOUN
thlurbing	ADV
thlàwna	VERB
thlák	VERB
thlâ	NOUN
thlâk	VERB
thlâk.	VERB
thlâka	VERB
thlâkin	ADJ
thlâkna	ADJ
thlâknaah	ADV
thlâksak	VERB
thlâktir	NOUN
thlâktu	NOUN
thlâm	ADJ
thlân	VERB
thlân.	VERB
thlâna	ADJ
thlânah	ADJ
thlânmuala	VERB
thlâte	NOUN
thlâwk	VERB
thlâwkin	ADJ
thlâwn	VERB
thlâwna	ADJ
thlâwnin	NOUN
thlâwp	VERB
thlâwp.	VERB
thlâwptu	ADJ
thlâwt	ADV
thlêmna	VERB
thlêmnaah	VERB
thlêng	VERB
thlêngin	NOUN
thlî	NOUN
thlîr	VERB
thlîr?	VERB
thlîra	VERB
thlîrin	VERB
thlîrin,	VERB
thlîrna	NOUN
thlîrpui	PROPN
thlûk	NOUN
thlûkte	NOUN
thnuneitute	DET
tho	VERB
tho!	VERB
tho,	VERB
tho-len	ADP
tho.	VERB
tho?	VERB
thoa	VERB
thochhuah	ADV
thochhuak	ADV
thochima	NOUN
thoin	ADP
thoin,	ADV
thoin.	PUNCT
thokchom	PROPN
tholeh	ADJ
thoma	PUNCT
thomas	PROPN
thomas-a	PROPN
thomas-a'n	PROPN
thomas-an	PROPN
thompson	PROPN
thompson-herah	PUNCT
thon.	PART
thongni	PROPN
thoothukudi	ADJ
thor	PROPN
thorang	PROPN
thorat	PROPN
thorgan	NOUN
thors	VERB
thosi	VERB
thosian	AUX
thosiin	NOUN
thosilen	NOUN
thosilên	VERB
thosite	NOUN
thositen	PRON
thosizap	PRON
thoslen	DET
thothang	VERB
thounaojam	PROPN
thova	ADJ
thova,	ADJ
thova.	ADJ
thovin	ADV
three	NUM
three-legged	NUM
thrissur	PROPN
thrones	PROPN
throw	NOUN
thrust	NOUN
thu	VERB
thu,	VERB
thu-ah	AUX
thu-ah,	PRON
thu-in	VERB
thu-neih	ADJ
thu.	VERB
thu/pathian	PART
thu?	VERB
thua	ADJ
thuah	NOUN
thuah:	NOUN
thuahte	NOUN
thuai	VERB
thuai.	VERB
thuai?	ADV
thuaia	NOUN
thuaiin	ADJ
thuaiin,	ADJ
thuak	ADV
thuak,	ADV
thuak.	ADV
thuam	NOUN
thuam.	NOUN
thuama	ADJ
thuama.	ADJ
thuamchak	NOUN
thuamhnaw	NOUN
thuamin	ADJ
thuamkhanmang	PUNCT
thuamkhanmanga	VERB
thuamluaia	PROPN
thuammawia	PUNCT
thuampui	NOUN
thuampui,	NOUN
thuampui-	NOUN
thuampuia	NOUN
thuamtha	VERB
thuamthain	CCONJ
thuamthat	NOUN
thuanawp	VERB
thuanawp.	VERB
thuang	NOUN
thuankhanmangate	DET
thuap	ADJ
thuap.	ADJ
thuatira	PROPN
thuawi	ADJ
thuawih	VERB
thuawih.	VERB
thuawihin	ADJ
thuawihlohna,	NOUN
thuawihna	NOUN
thuawihna,	NOUN
thubuai	ADJ
thubuai-hlabuai	PUNCT
thubuaia	NOUN
thubuaiah	NOUN
thubuaite	NOUN
thuchah	NOUN
thuchah:	NOUN
thuchahte	NOUN
thuchei	NOUN
thuchei,	NOUN
thuchhuah	ADJ
thuchhuahah	ADJ
thuchhuahin	NOUN
thuchhuak	NOUN
thuchhuakah	NOUN
thuchhuakte	PRON
thuchiang	NOUN
thudah	AUX
thudang	NOUN
thudang.	NOUN
thudawn	ADJ
thudawnna	ADJ
thudelh	DET
thuder	SCONJ
thudik	NOUN
thudikah	ADV
thudikin	DET
thudiklo	NOUN
thueihna	NOUN
thuenitu	PRON
thuenituten	DET
thufing	ADJ
thufingin	ADJ
thufingte	ADJ
thuhchah	PROPN
thuhma	NOUN
thuhma:	NOUN
thuhmahruai	NOUN
thuhmahruai:hlim	PROPN
thuhmahruaiah	VERB
thuhmun	ADJ
thuhmun,	ADJ
thuhmunah	NOUN
thuhnuaia	ADJ
thuhnuaiah	VERB
thuhnuairawlh	ADJ
thuhnuairawlhna	ADP
thuhnuairawlhnaa	ADP
thuhran	NOUN
thuhran,	NOUN
thuhran.	NOUN
thuhretu	ADJ
thuhretute	ADJ
thuhriattirte	VERB
thuhril	ADJ
thuhrilten	NOUN
thuhriltu	NOUN
thuhriltu,	NOUN
thuhriltuah	NOUN
thuhriltupa	DET
thuhriltute	NOUN
thuhriltute:	NOUN
thuhruk	VERB
thuhrukna	NOUN
thui	NOUN
thui.	NOUN
thuihhruai	NOUN
thuihruai	NOUN
thuiin	VERB
thuikhawrtu	NOUN
thuin	NOUN
thuin,	NOUN
thuina	NOUN
thuitna	ADJ
thuizia	ADJ
thuk	NOUN
thuk.	ADJ
thuk?	NOUN
thuka	ADJ
thukah	ADJ
thukhawchâng	NOUN
thukhawm	ADJ
thukhawm.	ADJ
thukhawma	ADJ
thukhawmin	ADJ
thukhuh	NOUN
thukin	NOUN
thukna	VERB
thukru	NOUN
thukru,	NOUN
thukru.	NOUN
thukruah	NOUN
thukte	ADJ
thukvut	PRON
thukzia	ADV
thul	NOUN
thul!	VERB
thul.	NOUN
thulaila,	PRON
thulakna	NOUN
thulaknain	VERB
thuleh	ADJ
thulh	VERB
thulh.	VERB
thulha	ADJ
thulhah	VERB
thulhtir	ADJ
thum	ADJ
thum,	ADJ
thum.	ADJ
thuma	ADJ
thumah	NOUN
thumal	NOUN
thumala	NOUN
thumalte	NOUN
thumil	ADJ
thumin	NOUN
thumna	ADJ
thumnaa	ADJ
thumnaah	ADJ
thumnain	AUX
thumte	NOUN
thumvawr	VERB
thumvawra	ADV
thumvawrah	ADP
thumvawrna	VERB
thun	NOUN
thun.	NOUN
thuna	NOUN
thunawn	ADJ
thunawnah	PROPN
thunder	NOUN
thunder-te	PROPN
thunderstick	NOUN
thunei	NOUN
thuneih	NOUN
thuneihlai	ADJ
thuneihna	NOUN
thuneihna,	NOUN
thuneihnaa	ADJ
thuneihnaah	ADJ
thuneihnain	NOUN
thuneitu	ADJ
thuneitu,	ADJ
thuneitute	ADJ
thuneitute-ah	PRON
thuneituten	ADV
thung	ADJ
thung!	ADJ
thung,	ADJ
thung.	ADJ
thung;	ADJ
thung?	ADJ
thungah	VERB
thungfingte	ADP
thungin	VERB
thungin,	VERB
thungrul	VERB
thungrulh	NOUN
thungrulhna	ADJ
thunin	NOUN
thunin,	ADJ
thunluh	NOUN
thunnuna	DET
thunsak	VERB
thunsak.	VERB
thunte	DET
thunu	NOUN
thunun	NOUN
thunun,	NOUN
thunun.	NOUN
thunun?	ADJ
thununa	NOUN
thununin	NOUN
thununna	ADJ
thununtir	PRON
thununtu	NOUN
thup	VERB
thup.	VERB
thup?	VERB
thupa	VERB
thupawi	VERB
thupe	NOUN
thupe.	NOUN
thupek	NOUN
thupek,	NOUN
thupekah	ADJ
thupekin	ADJ
thupekin,	ADJ
thupekte	NOUN
thupetu	NOUN
thupha	VERB
thuphung	VERB
thuphungin	ADJ
thuphâ	NOUN
thupna	VERB
thupuan	VERB
thupuan.	VERB
thupuana	PRON
thupuangtu	ADJ
thupuangtu,	ADJ
thupui	ADJ
thupui,	ADJ
thupui.	ADJ
thupuia	ADJ
thupuiah	ADJ
thupuite	ADJ
thupuizir	NOUN
thuput	NOUN
thupêk	NOUN
thupêk,	VERB
thupêkin	ADJ
thupêkte	NOUN
thur	VERB
thur.	ADV
thuram	PROPN
thurawn	NOUN
thurawnte	NOUN
thurel	NOUN
thurel,	NOUN
thurelte	NOUN
thuremna	ADJ
thuril	NOUN
thurin	NOUN
thurin,	NOUN
thurinin	NOUN
thurinte	NOUN
thuro	NOUN
thurochhiah	NOUN
thurual	ADJ
thurualin	NOUN
thurualpui	NOUN
thurualpuiin	NOUN
thurualpuite	NOUN
thurualpuitu	NOUN
thuruat	NOUN
thuruatte	NOUN
thuruk	NOUN
thuruk!"	NOUN
thuruk,	NOUN
thuruk:	NOUN
thuruka	NOUN
thurukte	NOUN
thuràwn	NOUN
thurâwn	VERB
thurêl	NOUN
thurûk	NOUN
thurûk.	NOUN
thusan	PRON
thusawi	VERB
thusawi,	VERB
thusawiah	NOUN
thusawiin	NOUN
thusawiin,	NOUN
thusawina	NOUN
thusawite	NOUN
thusawitu	NOUN
thusawitute	VERB
thusawm	ADV
thut	VERB
thut!	VERB
thut,	VERB
thut.	VERB
thut?	VERB
thuta	DET
thuta,	ADV
thutah	NOUN
thutak	NOUN
thutak.	NOUN
thutak?	NOUN
thutaka	ADJ
thutakah	ADJ
thutakin	NOUN
thutawp	ADJ
thutchilh	NOUN
thutchilh.	NOUN
thutchilhte	VERB
thutchilhtute	VERB
thute	VERB
thuthang	VERB
thuthangah	ADJ
thuthangte	NOUN
thuthar	VERB
thutharthehdarhtute	AUX
thuthawn	ADJ
thuthiam	VERB
thuthlengah	VERB
thuthlukna	VERB
thuthlun	VERB
thuthlung	VERB
thuthlung,	VERB
thuthlunga	VERB
thuthlungah	VERB
thuthlunna	NOUN
thuthmun	ADJ
thutiam	VERB
thutiam.	VERB
thutiam:	VERB
thutiama	ADJ
thutiamah	NOUN
thutiamte	NOUN
thutiamtu	ADJ
thutin	VERB
thutkhawm	ADJ
thutkhawma	ADJ
thutkhawmah	ADJ
thutkhawmnaah	ADJ
thutling	PRON
thutlinga	ADP
thutluk	ADJ
thutlukna	ADJ
thutluknaah	NOUN
thutlûkna	NOUN
thutna	NOUN
thutnaa	ADJ
thutnaah	ADJ
thutphah	NOUN
thutphahah	ADJ
thutpui	NOUN
thutthleng	NOUN
thutthlengah	ADJ
thutthlengseia	ADJ
thuttir	VERB
thuttir.	VERB
thutunga	ADP
thuubuai	VERB
thuvawn	VERB
thuvawna	NOUN
thuwthan	PRON
thuzawhfiah	PUNCT
thuzawhfiaha	ADV
thuziah	ADJ
thuziahlai	PRON
thuziak	ADJ
thuziak,	ADJ
thuziakah	NOUN
thuziakte	ADJ
thuziaktu	ADJ
thuziaktute	ADP
thuzir	PRON
thuâwih	VERB
thu’	VERB
thwang	VERB
thylua	PROPN
thyristor	PUNCT
thàr	ADJ
thâ	PRON
thâ,	CCONJ
thâl	NOUN
thâp	VERB
thâpin	VERB
thâwk	VERB
thâwl.	ADJ
thâwm	VERB
thãwmah	ADV
thêntlângah	ADP
thìn!	ADJ
thìn.	ADJ
thîk	VERB
thîk,	ADJ
thîk.	VERB
thîk?	ADJ
thîkna	ADJ
thîkna,	ADJ
thîkthu	VERB
thîn	ADJ
thîn.	ADJ
thîr	VERB
thïr	DET
thû	VERB
thûah	ADV
thûk	VERB
thûkzia	ADV
thûr,	ADJ
thầm	VERB
ti	VERB
ti!	VERB
ti,	VERB
ti-a	PART
ti-engtu	NOUN
ti-hniam	NOUN
ti-mizotu,	VERB
ti.	VERB
ti."	VERB
ti:	VERB
ti;	VERB
ti?	VERB
tia	NOUN
tia,	NOUN
tia.	NOUN
tiafoe	PROPN
tiago	PROPN
tiah	VERB
tiah?	VERB
tiak	VERB
tiak.	VERB
tiakte	ADJ
tial	NOUN
tial!	NOUN
tial.	NOUN
tiala	ADJ
tialh	ADJ
tialhtu	ADJ
tialin	ADJ
tialin,	ADJ
tialthawnga	PROPN
tialtial	PUNCT
tiam	NOUN
tiam,	NOUN
tiam.	NOUN
tiam?	NOUN
tiamah	ADJ
tiamchin	VERB
tiamin	VERB
tiamin,	VERB
tiamin.	VERB
tiamna	NOUN
tiamte	VERB
tiamtira	ADJ
tiamtu	NOUN
tiam’	NOUN
tian	NOUN
tiang	VERB
tiang,	VERB
tianga	ADJ
tiangah	ADJ
tiangin	NOUN
tianjin	ADP
tiankhawm	ADP
tiar	NOUN
tiara	NOUN
tiat	VERB
tiata	ADJ
tiau	NOUN
tiauna	NOUN
tiaupho	NOUN
tiauphoah	VERB
tiawi	VERB
tiawihawm	ADJ
tiawlsam	ADV
tibahlah	NOUN
tibahlah.	NOUN
tibal	NOUN
tibaltu	ADJ
tibawk.new	ADV
tibawlhhlawh	VERB
tibawlhhlawh.	VERB
tibawlhhlawhtu	VERB
tibawlhhlawtu	PUNCT
tibawlhlawhtuiu	AUX
tibawrhbang	VERB
tibeidawng	VERB
tiberia	PROPN
tibet	VERB
tibetan	ADJ
tibo	VERB
tibo.	VERB
tiboral	ADJ
tiboraltu	NOUN
tibotu	DET
tibuai	VERB
tibuai.	VERB
tibuaia	PUNCT
tibuaiin	ADJ
tibuaiin,	ADJ
tibuaitu	NOUN
tibuaitute	VERB
tibuak.	NOUN
tibung	VERB
tibâl	VERB
tic	PROPN
tichak	VERB
tichak.	VERB
tichaktu	NOUN
tichaktu,	NOUN
tichaktuah	VERB
tichangkanna	ADP
tichangtlung	VERB
tichangtlung.	VERB
tichatin	VERB
tichau	VERB
tichau.	VERB
tichawl	VERB
tiche	VERB
tichep	VERB
tichereu	VERB
tichetu	NOUN
tichhangchhiain	ADJ
tichhe	VERB
tichhel.	VERB
tichhetu	ADJ
tichhetu,	ADJ
tichhia	ADJ
tichhia.	ADJ
tichhiaah	VERB
tichhiain	VERB
tichhiain,	VERB
tichhiat	VERB
tichhin	VERB
tichhuah	VERB
tichhuah.	VERB
tichhuak	VERB
tichhuak.	VERB
tichhuakin	NOUN
tichhuakin,	NOUN
tichhuaktu	ADJ
tichhuaktuah	VERB
tichi-ai	VERB
tichiai	VERB
tichiang	NOUN
tichiang.	NOUN
tichiangtu	VERB
tichik	VERB
tichim	VERB
tichimin,	NOUN
tichingin	VERB
tichingpen	VERB
tichingpen.	VERB
tichingpenah	VERB
tichingpentu,	PRON
tichingpentute	DET
tichingpentuten	PRON
tichuan	CCONJ
tichuan,	CCONJ
tichuan,tunah	ADV
tichuan.klopp	ADV
tichâk	ADJ
tichêp	VERB
ticket	NOUN
ticket-a	NOUN
ticket-in	DET
tidaiin,	CCONJ
tidal	VERB
tidam	NOUN
tidamin	VERB
tidamtu	VERB
tidamtu-a	ADV
tidanglam	VERB
tidanglam.	VERB
tidanglama	NOUN
tidanglamin	VERB
tidanglamtu	VERB
tidarh	VERB
tiddim	ADP
tide	NOUN
tidel	NOUN
tiderthawng	NOUN
tiderthawngtu	ADJ
tidik	ADJ
tidim	ADP
tiding	VERB
tiduhdah	VERB
tiduhdah.	VERB
tiduhdahtu	ADJ
tiduhdahtute	VERB
tie	NOUN
tie-break	DET
tielemans	PROPN
tier	NOUN
tifai	VERB
tifai.	VERB
tifaia	NOUN
tifaia,	NOUN
tifaiin	NOUN
tifaitu	VERB
tifamkim	NOUN
tifamkimtu	VERB
tifel	VERB
tifel.	VERB
tiffany	VERB
tifiah	VERB
tifiahtu	VERB
tifim	VERB
tifing	NOUN
tifuh	VERB
tifyur	AUX
tiger	PROPN
tigers	PROPN
tigga	PROPN
tigray	DET
tih	VERB
tih,	VERB
tih-awm	VERB
tih-tlak	VERB
tih-zauh	VERB
tih.	VERB
tih:	VERB
tih?	VERB
tiha	AUX
tihah	VERB
tihahdamin,	VERB
tihaitu	NOUN
tihar	VERB
tiharh	NOUN
tiharh.	VERB
tiharha	DET
tiharsa	NOUN
tiharsatu	DET
tihausatu	VERB
tihbaiawm	ADJ
tihbaiawmna	NOUN
tihbalh	VERB
tihbawlhhlawh	ADJ
tihbawlhhlawhtu	NOUN
tihbawrhban	VERB
tihbawrhbânnaa	PROPN
tihbeidawn	VERB
tihbik	VERB
tihbo	VERB
tihbo.	VERB
tihbona	NOUN
tihboral	NOUN
tihborala	ADJ
tihbosak	VERB
tihbuai	VERB
tihbuai?	VERB
tihbuaina	VERB
tihchak	VERB
tihchak.	VERB
tihchakna	VERB
tihchangtlun	NOUN
tihchangtluna	AUX
tihchangtlung	VERB
tihchangtlunna	VERB
tihchengpen	ADP
tihchep	VERB
tihchereu	VERB
tihchhan	ADJ
tihchhianna	AUX
tihchhiat	ADJ
tihchhiat,	ADJ
tihchhiata	NOUN
tihchhiatin	ADJ
tihchhiatna	VERB
tihchhiatsak	VERB
tihchhiatte	VERB
tihchhiatzia	PRON
tihchhin	NOUN
tihchhinna	VERB
tihchhuah	VERB
tihchhuah.	VERB
tihchhuahah	VERB
tihchhuahte	ADJ
tihchi	VERB
tihchian	VERB
tihchianna	VERB
tihchimin	VERB
tihching	NOUN
tihchingpen	NOUN
tihchingpenah	VERB
tihchingpenna	VERB
tihchêt	ADJ
tihchî-âi	VERB
tihdaih	VERB
tihdaihna	VERB
tihdam	ADJ
tihdam?	ADJ
tihdama	NOUN
tihdamin	NOUN
tihdamna	VERB
tihdamna’	ADP
tihdamsak	ADJ
tihdan	NOUN
tihdanglam	ADJ
tihdanglam?	ADJ
tihdanphung	NOUN
tihdarh	ADJ
tihdarhna	VERB
tihdelin	ADJ
tihderte	VERB
tihdik	VERB
tihdikna	VERB
tihdin	NOUN
tihduhdah	VERB
tihduhdahna	VERB
tihduhdahna,	VERB
tihduhdahnate	VERB
tihduhdahte	NOUN
tihdân	VERB
tihek	VERB
tihektu	ADP
tihen	VERB
tihfai	NOUN
tihfai,	NOUN
tihfai?	VERB
tihfaia	NOUN
tihfaina	ADJ
tihfamkim	ADJ
tihfel	NOUN
tihfelfai	DET
tihfelna	VERB
tihfiah	VERB
tihfim	VERB
tihfuh	VERB
tihhah	VERB
tihhahdam	VERB
tihharhna	PROPN
tihhautak	NOUN
tihhek	VERB
tihhhlawhtlin	VERB
tihhlawhtlin	VERB
tihhlawhtlin.	VERB
tihhlawhtling	NOUN
tihhlawhtlinin	NOUN
tihhlawhtlinna	VERB
tihhlawhtlinnate	VERB
tihhlawhtlinsak	NOUN
tihhlawhtlinte	NOUN
tihhlim	VERB
tihhlu.	ADJ
tihhluar	VERB
tihhlum	NOUN
tihhlumin	VERB
tihhlumna	NOUN
tihhlut	NOUN
tihhma	NOUN
tihhmaih	VERB
tihhmang	CCONJ
tihhmasawn	NOUN
tihhmasawn.	NOUN
tihhmasawnna	VERB
tihhmelhem	VERB
tihhmingchhiat	VERB
tihhminghliau	VERB
tihhmuhtu	VERB
tihhnawk	VERB
tihhniam	VERB
tihhniam.	VERB
tihhniam?	VERB
tihhniamna	VERB
tihhniamsak	VERB
tihhnual	VERB
tihhote	VERB
tihialin	CCONJ
tihian	ADJ
tihim	VERB
tihin	VERB
tihin,	VERB
tihkan	VERB
tihkeh	ADJ
tihkhahna	VERB
tihkhauh	VERB
tihkhawtlai	NOUN
tihkhawtlaina	VERB
tihkiam	VERB
tihkian	VERB
tihkir	NOUN
tihlan	VERB
tihlanin	ADJ
tihlannaah	NOUN
tihlar	VERB
tihlau	VERB
tihlawhchham	VERB
tihlawhtlin	ADJ
tihlawhtling	NOUN
tihlawhtling.	NOUN
tihlawhtlingtu	VERB
tihlawhtlingtute	VERB
tihlawm	VERB
tihlawm?	VERB
tihlawmna	VERB
tihlawmtu	ADP
tihlen	NOUN
tihlena	VERB
tihliam	VERB
tihlim	NOUN
tihlim.	NOUN
tihlimin	NOUN
tihlimtu	VERB
tihlimtu,	VERB
tihlium	DET
tihloh	ADJ
tihlohna	NOUN
tihluar	ADJ
tihluar.	ADJ
tihluih	VERB
tihluihna	ADJ
tihluihnaa	VERB
tihluihnain	VERB
tihlum	VERB
tihlum.	VERB
tihlumna	ADJ
tihlumtu	VERB
tihlung	ADP
tihlungawi	VERB
tihlunghnual	VERB
tihlungnih	VERB
tihlâwm	VERB
tihmakmawh	ADV
tihmakmawh'	ADV
tihmam	VERB
tihmasawn	VERB
tihmasawn.	VERB
tihmelhem	VERB
tihmenin	VERB
tihmi	ADJ
tihmih	ADJ
tihmihsak	VERB
tihming	VERB
tihmingtha	VERB
tihmingthatu	VERB
tihmit	VERB
tihmualpho	VERB
tihmualphoin	NOUN
tihmualphona	NOUN
tihmualphova	VERB
tihmuan	VERB
tihmuhnawm	VERB
tihmuhnawmtu	VERB
tihna	NOUN
tihna!	NOUN
tihna.	NOUN
tihna?	NOUN
tihnaah	VERB
tihnat	VERB
tihnat?	VERB
tihnawk	NOUN
tihnawng	VERB
tihnawng.	VERB
tihnelsak	VERB
tihnep	VERB
tihngaihna	VERB
tihngheh	ADJ
tihnghehin	ADJ
tihniam	VERB
tihniam.	VERB
tihnual	VERB
tihnualin,	CCONJ
tihnun	NOUN
tihnuna	ADP
tihnunin	VERB
tihnunna	VERB
tihnunsak	VERB
tihnêp	NOUN
tihpah	VERB
tihpalh	VERB
tihpalh,	VERB
tihpalh.	VERB
tihpalhin	VERB
tihpawra	VERB
tihphel	DET
tihphui	VERB
tihphuisui	DET
tihpuah	VERB
tihpui	VERB
tihpui.	VERB
tihpuitlin	NOUN
tihpuitlinna	VERB
tihpuitlin’	NOUN
tihpuitu	VERB
tihpun	VERB
tihpun,	VERB
tihpun.	VERB
tihpung	NOUN
tihpunna	VERB
tihral	VERB
tihrang	NOUN
tihrawl	VERB
tihreawm	VERB
tihreh	AUX
tihrehawm	VERB
tihrehawm.	VERB
tihrehna	VERB
tihrehnaah	NOUN
tihrehsak	VERB
tihrehtu	AUX
tihrem	VERB
tihren	NOUN
tihretheihna	VERB
tihrik	VERB
tihrinna	VERB
tihriral	NOUN
tihrisel	VERB
tihruah	NOUN
tihrûk	PRON
tihsak	ADJ
tihsak.	ADJ
tihsak?	ADJ
tihsakin	NOUN
tihsakten	VERB
tihsaktu	VERB
tihsan	VERB
tihsan.	VERB
tihsanna	ADJ
tihsat	VERB
tihsei	VERB
tihsual	VERB
tihsual,	VERB
tihsual-ah	PRON
tihsual.	VERB
tihsual?	VERB
tihsualah	NOUN
tihsualin	VERB
tihsualna	VERB
tihsualte	VERB
tihsuh	SYM
tihsàn	PRON
tihtak	NOUN
tihtakzet	ADJ
tihtakzeta	VERB
tihtakzetin	VERB
tihtakzetna	ADP
tihtam	VERB
tihtauh	NOUN
tihtawi	VERB
tihtawp	VERB
tihtawp,	VERB
tihtawp.	VERB
tihtawp?	VERB
tihtawpa	PRON
tihtawpin	NOUN
tihtawpna	ADJ
tihtawpsak	VERB
tihtawp’	VERB
tihte	VERB
tihte,	VERB
tihten	VERB
tihthaih	VERB
tihthaih.	VERB
tihthaihna	NOUN
tihtham	VERB
tihthar	VERB
tihthat	VERB
tihthawl.	VERB
tihtheih	ADJ
tihtheihna	NOUN
tihthianghlim	VERB
tihthianghlimna	AUX
tihthih	VERB
tihthinrim	NOUN
tihthlawn	VERB
tihthlâk,	ADP
tihthuanawp	VERB
tihtir	VERB
tihtir.	VERB
tihtlak	VERB
tihtlang	VERB
tihtlat	AUX
tihtlawm	VERB
tihtlem	NOUN
tihtlem.	NOUN
tihtlemna	VERB
tihtliah	ADJ
tihtliaha	VERB
tihtliahin	ADJ
tihtliahte	VERB
tihtluk	VERB
tihtlukin	NOUN
tihtlâwm	ADJ
tihtlâwmin	VERB
tihtlêm	VERB
tihtur	VERB
tihturah	ADJ
tihtute	NOUN
tihtâwp	ADJ
tihtûr	ADJ
tihuaisen	ADJ
tihuh	VERB
tihul	VERB
tihvar	ADJ
tihvarin	NOUN
tihvarsak	ADJ
tihzahawm	VERB
tihzau	VERB
tihzauh	ADJ
tihzawng	ADJ
tihzia	VERB
tihzia.	VERB
tihziaawm	NOUN
tihziaawmna	ADJ
tihziate	VERB
tihzual	VERB
tihâwm	VERB
tihṭhat	VERB
tiin	VERB
tiin,	NOUN
tiin,khawi	PUNCT
tiin.	VERB
tiina	VERB
tiinvanglainipalai	VERB
tijjani	PROPN
tik	ADJ
tikah	VERB
tikal	VERB
tikang	VERB
tikang.	VERB
tikangtu	VERB
tikawi	NOUN
tikeh	ADJ
tikehsawm	VERB
tikhaihlak	VERB
tikhal	VERB
tikham	NOUN
tikhan	VERB
tikhan,	VERB
tikhanovskaya	PROPN
tikhat	NOUN
tikhat.	NOUN
tikhattu	VERB
tikhauh	NOUN
tikhaw	VERB
tikhawhawi	NOUN
tikhawlhkham	VERB
tikhawlo	NOUN
tikhawm	NOUN
tikhawng	ADJ
tikhawtlai	VERB
tikhawtlai.	VERB
tikhingbai	VERB
tikhirhkhan	VERB
tikiang	VERB
tikim	NOUN
tikimitu'	PROPN
tikimtu	VERB
tikrit	VERB
tiktik	ADJ
tiktok	NOUN
tiktok-ah	NOUN
tikâng	VERB
til	VERB
til.	VERB
tila	VERB
tilaitu	CCONJ
tilang	VERB
tilang.	VERB
tilangin	NOUN
tilangtu	VERB
tilangtua	NOUN
tilar	NOUN
tilawm	VERB
tilawm.	VERB
tilawma,	NOUN
tile	NOUN
tileng	VERB
tiletling	VERB
tiley	PUNCT
tilian	NOUN
tilian.	NOUN
tilianin	ADP
tilio	PUNCT
tilmu	NOUN
tilrehte	VERB
tiluhai	VERB
tiluhlul	VERB
tilui	NOUN
tilui.	NOUN
tiluite	VERB
tilum	VERB
tilungngai	NOUN
tilungngaitu	VERB
tilungngaitu,	VERB
tilungni	VERB
tilut	VERB
tilut.	VERB
tilâwm	VERB
tiléng	ADJ
tim	VERB
tim.	VERB
timai	PRON
timam.	VERB
timangang	NOUN
timangangtu	NOUN
timarin	NOUN
timawi	VERB
timawiin,	PROPN
timawitu	VERB
timawk	VERB
timber	PROPN
timber-wolves	PROPN
timberwolves	PROPN
time	NOUN
time-ah	NOUN
time-in	NOUN
timebomb	NOUN
timeline	DET
times	PROPN
times-in	ADP
timezone	NOUN
timin	VERB
timin.	VERB
timit	VERB
timo	PUNCT
timothea	PROPN
timu	VERB
timualpho	NOUN
timualpho,	NOUN
timuang	VERB
timur	VERB
tin	ADJ
tin"	ADJ
tin,	ADJ
tin-ah	NOUN
tin.	ADJ
tin;	ADJ
tin?	ADJ
tina	VERB
tina.	VERB
tinah	VERB
tinah.	VERB
tinalh	VERB
tinalhtu	VERB
tinatu	PRON
tinatu,	VERB
tinawn	VERB
tinel	VERB
tinemin,	VERB
tinep	VERB
ting	NOUN
tingawi	VERB
tinge	SCONJ
tinghet	ADJ
tinghettu	VERB
tinghettuah	NOUN
tinghing	VERB
tinghmun,	PROPN
tingtang	NOUN
tingtangte	NOUN
tingui	VERB
tinin	VERB
tinin,	VERB
tinkhumi	PROPN
tino	VERB
tinreng	ADJ
tinreng,	ADJ
tinreng.	ADJ
tinrenga	ADJ
tinrengah	ADJ
tinrengin	AUX
tinrengte	ADJ
tinreng–thi	NOUN
tinrêng	ADJ
tinrêng,	ADJ
tinrênga	ADJ
tinrêngah	ADJ
tinrêngte	VERB
tinsan	VERB
tinte	VERB
tinten	VERB
tintir	VERB
tintîn	ADP
tinuam	NOUN
tinuamtu	VERB
tinui	VERB
tinung	VERB
tinung.	VERB
tinungtu	VERB
tinute	DET
tinzâwn	ADJ
tinâ	VERB
tinâ.	VERB
tipa	VERB
tipaimukh	NOUN
tipaukhauh	VERB
tipawi	VERB
tipeih	VERB
tipelhin	VERB
tipemtu	VERB
tiphelin	DET
tiphet	VERB
tiphu	VERB
tiphui	VERB
tiphuisui	ADJ
tiphuitu	NOUN
tiphur	VERB
tiphur.	VERB
tiphura	CCONJ
tiphurtu	VERB
tiphûr	NOUN
tipm	PROPN
tipped	ADJ
tippera	PROPN
tipra	NOUN
tiprah	PROPN
tiptoes	NOUN
tipu	PROPN
tipuak	NOUN
tipuak.	NOUN
tipuakta	PRON
tipuaktu	VERB
tipuaktute	VERB
tipuang.	VERB
tipuitling	VERB
tipumkhat	VERB
tipumkhattu	VERB
tipumkhat’	VERB
tipun	VERB
tipung	ADJ
tipung,	ADJ
tipung.	ADJ
tipungin	VERB
tipungtu	VERB
tipunlun.	VERB
tir	VERB
tir!	VERB
tir,	VERB
tir.	VERB
tir?	VERB
tir?,	VERB
tira	NOUN
tirah	VERB
tiraha	VERB
tiral	VERB
tiral.	VERB
tiralkhel	NOUN
tiralmuang	ADJ
tiralṭi	CCONJ
tiranga	PROPN
tirap,	PROPN
tiraspol	PROPN
tiraw	VERB
tiraw!	VERB
tiraw.	VERB
tiraw?	VERB
tirawh	VERB
tirchhuak	VERB
tirchhuak.	PROPN
tireh	DET
tireh.	ADJ
tirem	VERB
tirethei	NOUN
tirh	VERB
tirh,	VERB
tirh?	VERB
tirha	ADJ
tirhah	ADJ
tirhchhuah	VERB
tirhin	VERB
tirhkah	NOUN
tirhkahte	VERB
tirhkoh	NOUN
tirhkohte	ADJ
tirhkohvah	NOUN
tirhsak	NOUN
tirhte	NOUN
tiri	NOUN
tirilah	VERB
tirim	VERB
tirimchhe	NOUN
tirin	VERB
tirin,	VERB
tiriral	VERB
tirkoh	NOUN
tirloh	VERB
tirna	VERB
tiro	VERB
tiropui	NOUN
tiropui.	NOUN
tirs	PROPN
tirte	NOUN
tirthankar	PROPN
tirtu	ADJ
tiru	VERB
tiru?	VERB
tirur	PROPN
tiruvannamalai	PUNCT
tirîral	VERB
tir’u?	ADV
tisa	PRON
tisaa	ADJ
tisaah	ADJ
tisang	VERB
tisang.	VERB
tisangin	NOUN
tisawt	VERB
tisei	VERB
tiserin	VERB
tisi	PUNCT
tissier	PROPN
tisual	ADJ
tisual!	ADJ
tisual,	ADJ
tisual.	ADJ
tisualin	NOUN
tisualtu	NOUN
tisualtute	VERB
tisâng	NOUN
tisòpi	PROPN
tita	VERB
titak	ADJ
titaka	VERB
titakin	ADP
titam	VERB
titam.	VERB
titamtu,	VERB
titanic	ADJ
titanium	NOUN
titans	PROPN
titans-in	PROPN
titar	VERB
titau	VERB
titawh.	VERB
titawi	VERB
titawia,	NOUN
titawmim	DET
titawp	VERB
titawp.	VERB
titawpin,	VERB
titawptu	VERB
tite	VERB
titel	VERB
titha	VERB
titha-te	ADV
tithang	VERB
tithar	VERB
tithate	ADJ
tithatute	VERB
tithawnthu	VERB
tithawveng	VERB
tithe	PROPN
tithei	NOUN
titheiin,	VERB
titheitu	VERB
tithianghlim	NOUN
tithianghlim.	VERB
tithianghlimtu	VERB
tithinrim	NOUN
tithinuim	NOUN
tithinur	NOUN
tithip	VERB
tithlabar	NOUN
tithlamuang	NOUN
tithlawn	VERB
tithlawn.	VERB
tithlep	VERB
tithuanawp	VERB
tithuanawptu	NOUN
tithui	VERB
titi	VERB
titia	VERB
titiah	VERB
titiau	VERB
titih	NOUN
titiho	VERB
titihona	DET
titina	VERB
titinaa	NOUN
titing	VERB
titipui	VERB
titipui.	VERB
titir	VERB
titla	VERB
titlaa	PRON
titlai	NOUN
titlaitu	VERB
titlang	VERB
titlangnel	VERB
titlawm	NOUN
titlawmin	NOUN
title	VERB
title-ah	DET
titlem	VERB
titlem.	VERB
titlemin	VERB
titli	PROPN
titliak	NOUN
titlu	VERB
titlu.	VERB
titlâwm	VERB
tito	VERB
titu	ADJ
titua	ADJ
titui	VERB
tituihâltu	VERB
titur	NOUN
titute	ADJ
titîr?	ADJ
tiu	PROPN
tiulh	VERB
tivaitu	VERB
tivamtu	VERB
tivang	VERB
tivar	VERB
tivar.	VERB
tivui	VERB
tivung	VERB
tivârin	NOUN
tivûng	VERB
tivûngin,	VERB
tiwari	PROPN
tiwary	PROPN
tiza	VERB
tizahawm	NOUN
tizahawm.	NOUN
tizahawmtu	VERB
tizam	VERB
tizangtu	VERB
tizau	VERB
tizau.	VERB
tizauthau	VERB
tizautu	VERB
tiziaawm	VERB
tiziaawm.	VERB
tizim	VERB
tizim.	VERB
tizual	NOUN
tizual.	NOUN
tizualkai	NOUN
tizualtu	VERB
tizîm	VERB
tiṭangtu	NOUN
tiṭawp	NOUN
tiṭha	ADJ
tiṭhuanawmtu	PRON
tiṭhuanawp	VERB
tj	PROPN
tj.	PROPN
tkawhtu	DET
tko	PROPN
tko-in	ADP
tkp	NUM
tks	PROPN
tla	VERB
tla!	VERB
tla,	VERB
tla.	VERB
tla?	VERB
tlaa	PROPN
tlaah	VERB
tlabal	NOUN
tlabirh	NOUN
tlabung	VERB
tlabung,	VERB
tlabunga	PROPN
tlabungah	PROPN
tlachham	ADJ
tlachham.	ADJ
tlachhamah.	ADJ
tlachhamte	VERB
tlachhe	VERB
tlachhia	ADJ
tlachiam,	ADJ
tlahawlh	ADJ
tlahlum	ADJ
tlahniam	NOUN
tlahniam.	NOUN
tlahniam?	NOUN
tlahniamin	VERB
tlahniamin,	VERB
tlahniamte	VERB
tlai	NOUN
tlai,	NOUN
tlai.	NOUN
tlai?	NOUN
tlaia	ADJ
tlaiah	NOUN
tlaiberh	ADJ
tlaiin	ADJ
tlailam	ADJ
tlain	NOUN
tlain,	NOUN
tlaina	ADJ
tlaipuarna	CCONJ
tlaite	VERB
tlaitluan	ADJ
tlaivar	VERB
tlaivar.	VERB
tlaivarin	VERB
tlaivarpui	VERB
tlaivartir	VERB
tlaivâr	NOUN
tlaivâr/chawnghei	NOUN
tlaizawng	ADJ
tlak	NOUN
tlak,	NOUN
tlak-a	VERB
tlak-hniam	NOUN
tlak.	NOUN
tlak?	NOUN
tlaka	ADJ
tlakah	NOUN
tlakbalna	VERB
tlakbuak	VERB
tlakbuak.	VERB
tlakbuakah,	ADJ
tlakbuakte	ADJ
tlakchham	ADJ
tlakchham?	ADJ
tlakchhamna	ADJ
tlakchhamnain	ADJ
tlakchhiat	NOUN
tlakchhiat?	NOUN
tlakchhiatna	ADJ
tlakchhiatna’	ADJ
tlakhniam	NOUN
tlakhniamna	ADJ
tlakin	VERB
tlakna	NOUN
tlaknaah	VERB
tlakniam	NOUN
tlakpui	VERB
tlakranna	VERB
tlakte	VERB
tlakten	NOUN
tlaktir	VERB
tlaktlai	ADJ
tlaktlum	VERB
tlakzia	NOUN
tlali	PRON
tlam	NOUN
tlan	VERB
tlan'	VERB
tlan,	VERB
tlan.	VERB
tlan?	VERB
tlana	VERB
tlanbo	VERB
tlanbo.	VERB
tlanbo?	VERB
tlanchak	VERB
tlanchhe	ADJ
tlanchhia	VERB
tlanchhia,	VERB
tlanchhia.	VERB
tlanchhiain	ADJ
tlanchhiat	ADJ
tlanchhiat?	ADJ
tlanchhiate	NOUN
tlanchhiatna	VERB
tlanchhiatsan	ADJ
tlanchhuah	NOUN
tlanchhuahte	VERB
tlanchhuahtir.	NOUN
tlanchhuak	NOUN
tlanchhuak,	NOUN
tlanchhuak.	NOUN
tlanchhuakte	ADJ
tlang	NOUN
tlang'	NOUN
tlang,	NOUN
tlang-ah	PROPN
tlang.	NOUN
tlang?	NOUN
tlanga	ADJ
tlangah	ADJ
tlangahte	ADJ
tlangau	NOUN
tlangau-ah	PROPN
tlangaubu	PRON
tlangaupui	VERB
tlangauvah	PROPN
tlangbân,	NOUN
tlangchhipa	ADJ
tlangdung	NOUN
tlangdunga	ADJ
tlangdungah	NOUN
tlangin	ADJ
tlangkam	ADJ
tlangkang	VERB
tlangkawmna	ADJ
tlangkawmna:	ADJ
tlangkawng	AUX
tlangkhua	PROPN
tlangkhuaah	ADP
tlangkhuma	NOUN
tlanglawn	VERB
tlanglawnmi,	NOUN
tlanglâwn	NOUN
tlangmawi	VERB
tlangmawiah	PROPN
tlangmi	PRON
tlangmite	VERB
tlangna	DET
tlangnel	NOUN
tlangnel.	NOUN
tlangnuam	NOUN
tlangnuam,	NOUN
tlangnuama	PROPN
tlangnuamah	PUNCT
tlangnuamin	PROPN
tlangpui	ADV
tlangpui,	ADV
tlangpui.	ADV
tlangpui.mahse	NOUN
tlangpui1	PART
tlangpui?	ADV
tlangpuia	ADP
tlangpuiin	VERB
tlangpuiin,	ADV
tlangpuite	ADJ
tlangram	NOUN
tlangramah	NOUN
tlangsaa	PRON
tlangsam	NOUN
tlangsamah	NOUN
tlangsang	ADJ
tlangsiama	PROPN
tlangte	NOUN
tlangte'n	DET
tlangtir	VERB
tlangtir.	VERB
tlangtu	ADJ
tlangval	VERB
tlangval,	VERB
tlangval.	VERB
tlangval?	ADJ
tlangvalho	NOUN
tlangvalin	NOUN
tlangvalinkhel	VERB
tlangvalna	NOUN
tlangvalte	NOUN
tlangvalte?	NOUN
tlangválte	PART
tlangvâl	NOUN
tlangvâlin	NOUN
tlangvâlte	ADJ
tlangzarah	PROPN
tlangzarh	NOUN
tlangzarh.	NOUN
tlangzarhin	SCONJ
tlangzarhna	ADJ
tlanhmingthangi	PROPN
tlanin	ADJ
tlanin,	ADJ
tlankawng	ADJ
tlankawnga	VERB
tlankawngah	NOUN
tlankhalh	NOUN
tlankhawm.	CCONJ
tlankhawmin	VERB
tlanlut	PROPN
tlanlutte	VERB
tlanna	NOUN
tlanna’	ADJ
tlanpel	NOUN
tlanpuia,	ADP
tlansan	ADJ
tlansana	NOUN
tlansanin	NOUN
tlansantute	VERB
tlante	VERB
tlantir	NOUN
tlantu	ADJ
tlap	NOUN
tlar	NOUN
tlar.	NOUN
tlarah	VERB
tlarhma	ADJ
tlarhmaa	ADV
tlarhmaah	ADJ
tlarhnung	ADJ
tlarhnungah	NOUN
tlarhnungin	VERB
tlarhnungte	NOUN
tlat	VERB
tlat!	VERB
tlat,	VERB
tlat.	VERB
tlat?	VERB
tlata	NOUN
tlata,	NOUN
tlatah	ADP
tlate	ADJ
tlathla	NUM
tlatin	VERB
tlatin,	VERB
tlatlum	NOUN
tlatlum.	NOUN
tlatna	ADJ
tlatte	VERB
tlattir.	NOUN
tlattu	ADJ
tlattuah	VERB
tlattute	ADV
tlat”.	VERB
tlau	NOUN
tlau,	NOUN
tlauh	ADJ
tlauhmun	PROPN
tlauhmuna	PROPN
tlauhmunah	ADP
tlauho	PROPN
tlauin	PROPN
tlaw	VERB
tlawh	VERB
tlawh.	VERB
tlawh?	VERB
tlawha	NOUN
tlawhchhan	VERB
tlawhchhana	VERB
tlawhchhanin	VERB
tlawhchhuaha	PRON
tlawhchhuak	NOUN
tlawhin	ADJ
tlawhin,	ADJ
tlawhna	NOUN
tlawhnaah	VERB
tlawhpawh	ADJ
tlawhte	VERB
tlawhtu	ADJ
tlawhtute	ADJ
tlawhtuten	VERB
tlawhtute’n	VERB
tlawk	VERB
tlawk!	VERB
tlawk.	VERB
tlawlh	NOUN
tlawm	ADJ
tlawm!	ADJ
tlawm,	ADJ
tlawm.	ADJ
tlawm;	ADJ
tlawmah	ADJ
tlawmin	ADJ
tlawmin,	ADJ
tlawmla	NOUN
tlawmlo	NOUN
tlawmna	ADJ
tlawmna,	ADJ
tlawmnaah	ADJ
tlawmngai	ADJ
tlawmngai,	ADJ
tlawmngaia	VERB
tlawmngaih	NOUN
tlawmngaihna	NOUN
tlawmngaihna,	NOUN
tlawmngaihnate	PART
tlawmngaiin	ADJ
tlawmngaipawl	ADJ
tlawmngaipawl,	ADJ
tlawmngaite	VERB
tlawmngaiten	VERB
tlawmpaeksenah	DET
tlawmpui	NUM
tlawmtein	AUX
tlawmthlak	ADJ
tlawn	VERB
tlawn.	VERB
tlawnah	ADV
tlawng	VERB
tlawng,	VERB
tlawng-awl	NOUN
tlawng-âwl	ADJ
tlawnga	PART
tlawngah	ADJ
tlawngawl	ADJ
tlawnte	NOUN
tlawr	VERB
tlawrh	NOUN
tlazep	PRON
tlazep.	PART
tlazepin	PROPN
tld	ADP
tld2.6	ADP
tle	VERB
tle.	VERB
tleh	VERB
tleh.	VERB
tlehin	VERB
tlehna	VERB
tlehtirtu	VERB
tleh’	PUNCT
tlei	VERB
tleia	CCONJ
tleiin	NOUN
tleipui	NOUN
tleirawl	NOUN
tleirawl,	NOUN
tleirawlah	PROPN
tleirawlchhuah	PRON
tleirawlin	NOUN
tleirawlte	ADJ
tleirawlten	ADJ
tleirâwl	VERB
tleirâwlte	NOUN
tlem	ADJ
tlem!	ADJ
tlem,	ADJ
tlem.	ADJ
tlem:	ADJ
tlem?	ADJ
tlema	ADJ
tlemin	ADJ
tlemin,	ADJ
tlemlai	ADJ
tlemna	ADJ
tlemnaa	NOUN
tlemte	ADJ
tlemteah	ADJ
tlemtein	ADJ
tlemten	NUM
tlemtete	AUX
tlemthlak	ADV
tlemzia	ADJ
tlen	VERB
tleng	NOUN
tleng.	NOUN
tlep	NOUN
tlereuh	VERB
tleu	VERB
tleu.	VERB
tleuh	NOUN
tleuh.	NOUN
tleute	VERB
tliah	ADJ
tliak	NOUN
tliak.	NOUN
tlin	VERB
tlin,	VERB
tlin.	VERB
tling	NOUN
tling.	NOUN
tling.mla	VERB
tling?	NOUN
tlinga	ADJ
tlingi	PROPN
tlingin	ADJ
tlingin,	ADJ
tlingkhawm	ADJ
tlingkhawmte	NOUN
tlinglo	ADJ
tlinglote	NOUN
tlingte	ADJ
tlingtharte	VERB
tlingtla	VERB
tlingtla.	VERB
tlingtu	ADJ
tling’	VERB
tlinin	NOUN
tlinloh	SCONJ
tlinlohna	NOUN
tlinna	ADJ
tlinpui	VERB
tlinte	NOUN
tlip	NOUN
tlipna	NOUN
tlira	PROPN
tlo	VERB
tlo,	VERB
tlo.	VERB
tloantling	NOUN
tlosai	PROPN
tlu	VERB
tlu.	VERB
tlua.	NOUN
tluak	ADJ
tluan	VERB
tluan.	VERB
tluana	ADJ
tluanah	VERB
tluang	NOUN
tluang.	NOUN
tluanga	PROPN
tluanga'n	PROPN
tluanga,	PUNCT
tluanga-an	PROPN
tluanga.	PUNCT
tluanga?	NOUN
tluangte	NOUN
tluangtea	CCONJ
tluangtei	PROPN
tluangtlam	ADJ
tluanin	ADJ
tluanin,	ADJ
tluanpui	AUX
tluantling	ADV
tluantling’	ADV
tluchhe	ADJ
tluchhiatna	PRON
tluin	NOUN
tluk	VERB
tluk.	VERB
tluka	ADJ
tlukah	ADJ
tlukchhiat	NOUN
tlukin	NUM
tlukin,	NUM
tluklehdingawm	DET
tluklehdingawn	VERB
tluklohte	VERB
tlukluh	NOUN
tlukluhpui	VERB
tlukna	NOUN
tlukpui	ADJ
tlulut	ADJ
tlulut.	ADJ
tlulût	ADJ
tlumtea	SCONJ
tlun	NOUN
tlung	NOUN
tlung.	NOUN
tlungvel	NOUN
tlungvela	VERB
tlungvelho	PROPN
tlungvêl	ADP
tlungvêla	PRON
tlunte	VERB
tluntir	ADV
tlurh	ADJ
tlusawp	ADJ
tlusawp,	ADJ
tlusawp.	ADJ
tlut	ADJ
tlut.	ADJ
tlànpui	NOUN
tláng	VERB
tlâk	NOUN
tlâka	ADJ
tlâkah	NOUN
tlâkbuak	VERB
tlâkchham	NOUN
tlâkchhiatna	ADJ
tlâkin	VERB
tlâkna	NOUN
tlâkran	NOUN
tlâkte	VERB
tlâktlai	VERB
tlâkzia	VERB
tlân	VERB
tlân.	VERB
tlânchhe	NOUN
tlânchheho	VERB
tlânchhia	VERB
tlânchhuahna	VERB
tlâng	NOUN
tlâng'	NOUN
tlânga	ADJ
tlângah	ADJ
tlângau	NOUN
tlângau-a	NOUN
tlângaupui	ADJ
tlângauva	PROPN
tlângin,	ADJ
tlângkawmna	ADJ
tlângkawmna:	ADJ
tlângnuam	PROPN
tlângnêl	VERB
tlângpui	ADV
tlângpui.	ADV
tlângpui:	ADV
tlângsâm	PROPN
tlângte	NOUN
tlângzarh	VERB
tlânin	ADJ
tlânna	VERB
tlânna,	VERB
tlânpui	NOUN
tlânsan	VERB
tlâwm	VERB
tlâwmin	ADJ
tlâwmngai	VERB
tlâwmngai,	VERB
tlâwmngaihna	PUNCT
tlänchhia.	ADV
tlêm	ADJ
tlêm.	ADJ
tlêma	NOUN
tlêmte	ADJ
tlêmtein	NOUN
tlêng	VERB
tlûk	VERB
tlûkna	NOUN
tlûkṭhutna	VERB
tmc	PROPN
tmfc,	PUNCT
tmz	PROPN
tn	PROPN
tnl	PROPN
tnt	PROPN
tnt-in	PROPN
to	NOUN
to,	NOUN
to-do	ADP
to.	NOUN
toast	NOUN
toaster	NOUN
tobacco	PROPN
tobacoo	NOUN
tobago	CCONJ
tobgay	PROPN
tobia	PROPN
tobramycin	PROPN
tobramycin-te	PRON
tobul	VERB
tochawng	PROPN
tochhawng	PROPN
tochhawng,	PROPN
tochhawngte	PROPN
tochhong	PROPN
tochuanga	PROPN
tochuanga,	PUNCT
todd-a	PRON
todel	ADV
tofana	PROPN
toffees	PROPN
tofu	NOUN
togadia	PROPN
tohlawt	NOUN
tohlâwt	NOUN
tohoku	PROPN
toilet	NOUN
tok	VERB
tokheho	PROPN
toki	PROPN
tokipona	PROPN
tokmachka	PROPN
tokyo	PROPN
tokyo-a	VERB
tokyo-ah	PROPN
tolstoy	PROPN
tolstoy-a	PRON
tom	PROPN
tom,	PUNCT
tom-a	PROPN
tom-a'n	PROPN
tom-an	PROPN
tom.	PUNCT
toma	PROPN
toma'n	PROPN
tomas	PROPN
tomasz	AUX
tomato	NOUN
tomato,	CCONJ
tomboy	NOUN
tomcat	NOUN
tomer	PROPN
tomir	ADP
tomiyasu	PUNCT
tomljanovic	PROPN
tommaso	ADP
tomori	PROPN
tomova	PROPN
ton	NOUN
tonali	PROPN
tonali,	PROPN
toney	PROPN
toney-an	VERB
tongchangya	PROPN
toni	PROPN
tonic	DET
tonne	NOUN
tonnes	NOUN
tons	NOUN
tonsil	NOUN
tony	PROPN
toolkit	NOUN
toothpaste	VERB
top	PROPN
topazoin	PROPN
topic	VERB
topless	ADJ
topper	NUM
topv	NOUN
torch	PRON
torino	PUNCT
torino-in	PROPN
torjagerkanone	PROPN
tornado	NOUN
toronto	PROPN
toronto-a	AUX
toronto-ah	PROPN
torpedo	NOUN
torque	NOUN
torreira	PROPN
torres	PROPN
tosin	PUNCT
toss-ah	PROPN
total	ADJ
totem	NOUN
totoro	PROPN
tottenham	PROPN
tottenham-ah	NUM
totti	VERB
touchline	VERB
touchscreen	NOUN
toulouse	PROPN
toupouniua	PUNCT
tour	NOUN
tour-a	PRON
tour-ah	ADP
tour-in	PROPN
toure	PROPN
toure,	PROPN
tourism	NOUN
tourist	NOUN
tournament	NOUN
tournament-ah	NOUN
tournament-te	PRON
tournamentah	PROPN
tournamet	NOUN
touthang	PROPN
towel	NOUN
tower	NOUN
town	PROPN
town-ah	PROPN
townsville	PROPN
toy	NOUN
toyota	PROPN
toyota-ah	ADP
toys	NOUN
tp	PROPN
tpa	PUNCT
tpcc	PROPN
tps	PROPN
tr	PROPN
tracheotomy	PROPN
trachoma	PROPN
track	NOUN
track-ah	NOUN
trackx	PROPN
tract	PROPN
tractor	NOUN
trade	NOUN
trade-ah	NOUN
trae	PROPN
traffic	NOUN
traffice	ADP
traffickers	NOUN
trafficking	ADJ
trafford	PROPN
trafford-ah	PROPN
trai	NOUN
trail	PROPN
trailer	PART
train	NOUN
train-a	VERB
train-ah	NOUN
train-in	VERB
trainees	PROPN
trainer	PROPN
traing	NOUN
training	NOUN
training-a	VERB
training-ah	NOUN
training-in	NOUN
training-na	CCONJ
training-naah	ADV
traininga	NOUN
trainingah	NOUN
trainning	CCONJ
traite,	PROPN
tram	NOUN
tram-ah	AUX
tran	VERB
tranche	NOUN
tranformer	NOUN
trang	PROPN
trang,	PROPN
tranining	PROPN
transaction	NOUN
transalp	PROPN
transfer	NOUN
transformer	NOUN
transgender	NOUN
translate	PROPN
translator	AUX
transliteration	NOUN
transmatter	PROPN
transmission	NOUN
transport	PROPN
transport-ah	ADP
trapp	PROPN
trasianka	PROPN
trau	PROPN
trc	PROPN
trdbdc	PROPN
treasure	ADJ
treasurer	PROPN
treasurer,	PUNCT
treasurer-ah	PROPN
treasurwr,	PUNCT
treasury	PROPN
treasury-a	DET
treasury-ah	PROPN
treatment	NOUN
treble	ADJ
tree	NOUN
tree-ah	AUX
trek	PROPN
trenton	VERB
treple-double	ADJ
trevisan	PROPN
trevoh	PUNCT
trezeguet	PROPN
trial	NOUN
trial-na	AUX
triangular	NOUN
triathlon	DET
triau	PROPN
tribal	PROPN
tribal-te	NOUN
tribal-ten	PUNCT
tribunal	PROPN
tricycle	NOUN
trifed	PROPN
triforce	PROPN
trillion	NUM
trimeresurus	PROPN
trinamool	PROPN
trincao	PROPN
trinidad	ADP
trinity	PROPN
trip	NOUN
trip-a	PRON
trip-ah	NOUN
tripathi	PROPN
tripoli	PROPN
trippier	PUNCT
tripti	PROPN
tripura	PROPN
tripura,	ADP
tripura-a	PROPN
tripura-ah	PROPN
trnava	PROPN
troll	AUX
trombone	DET
trophy	NOUN
trophy-a	NOUN
trophy-ah	PROPN
tropical	ADJ
troposphere	DET
trout	NOUN
troy	PROPN
trs	PROPN
trubin	PROPN
truck	NOUN
truck-a	PRON
truck-ah	NOUN
truck-in	VERB
truck-te	NOUN
truckable	DET
truenat	PROPN
truenat-pcr	NOUN
truffert	PUNCT
trump	PROPN
trump-a	NOUN
trump-an	PROPN
trump-a’n	NOUN
trumpan	SCONJ
trumpet	NOUN
truth	ADP
tsarnaev	PROPN
tseminyu	CCONJ
tsewang	PROPN
tshering	PROPN
tshisekedi	PUNCT
tsimikas	PROPN
tsing	PROPN
tsitsipas	PROPN
tsonga	NOUN
tsuji-an	PROPN
tsunami	DET
tsurugidake	PROPN
tsygankov	PROPN
tt	PROPN
ttaadc	NOUN
ttpd	NOUN
ttransaction	AUX
ttv	PROPN
tu	NOUN
tu'n	AUX
tu,	NOUN
tu-in	PRON
tu.	NOUN
tu;	NOUN
tu?	NOUN
tua	NOUN
tuah	VERB
tuah.	VERB
tuahrem	NOUN
tuai	NOUN
tuai.	NOUN
tuaihnum	ADJ
tuainun	PUNCT
tuaithar	NOUN
tuaitir	NOUN
tuaivir	ADV
tuak	VERB
tuaka	NOUN
tuakah	VERB
tual	VERB
tual-chhung	DET
tual.	VERB
tuala	VERB
tualah	NOUN
tualcheng	PUNCT
tualchengah	PUNCT
tualchh	PRON
tualchhuak	ADV
tualchhung	NOUN
tualchhunga	ADJ
tualchhungah	ADJ
tualchhûng	VERB
tualchhûnga	ADJ
tualchhûngah	ADJ
tualdawih	NOUN
tualin	NOUN
tuallai	NOUN
tualleng	NOUN
tuallenna	VERB
tualpui	PROPN
tualpuiah	ADP
tualte	ADJ
tualte-ah	ADP
tualteah	PUNCT
tualthah	NOUN
tualthahah	ADJ
tualthahna	ADJ
tualthahna:	ADJ
tualthahnaa	ADJ
tualthahnaah	VERB
tualthahtua	AUX
tualthat	ADJ
tualthattu	NOUN
tualthattua	NOUN
tualthattupa	NOUN
tualthattute	VERB
tualthattuten	VERB
tualthi	ADJ
tualthihna	NOUN
tualthu	PROPN
tualto	ADJ
tualzawkah	NOUN
tualzawl	ADJ
tualzawl,	ADJ
tualzawlah	AUX
tuam	NOUN
tuam'	NOUN
tuam.	NOUN
tuama	VERB
tuamdam	VERB
tuamhlawm	NOUN
tuamhlâwm	AUX
tuamin,	NOUN
tuamna	VERB
tuamna,	VERB
tuamnaah	ADJ
tuamsak.	VERB
tuamtu	ADJ
tuamturinsum	NOUN
tuan	NOUN
tuang	VERB
tuang.	VERB
tuar	VERB
tuar!	VERB
tuar,	VERB
tuar.	VERB
tuar?	VERB
tuara	ADJ
tuarchhel	NOUN
tuarchhelna	ADJ
tuarh	NOUN
tuarh.	NOUN
tuarin	NOUN
tuarin,	NOUN
tuarna	ADJ
tuarna,	ADJ
tuarpui	NOUN
tuarpui.	NOUN
tuarpuina	ADJ
tuarsaktu	NOUN
tuarte	VERB
tuartir	ADJ
tuartu	ADJ
tuartute	VERB
tuarzuau	VERB
tuau	NOUN
tub	DET
tuba	DET
tube	ADJ
tubewell	NUM
tuboh	ADJ
tuchel	PROPN
tuchel-a	PROPN
tuchelkum	PROPN
tuchhuan	VERB
tudaitu	NOUN
tudang	VERB
tudawl	NOUN
tuemaw	ADJ
tuemawin	NOUN
tuensang-a	PROPN
tuffah	CCONJ
tuh	ADJ
tuh-in	PRON
tuha,	PRON
tuhin	ADJ
tuhna	NOUN
tuhte	NOUN
tuhtu	NOUN
tui	NOUN
tui,	NOUN
tui-skiing	VERB
tui.	NOUN
tui?	NOUN
tuia	ADJ
tuiah	NOUN
tuialhthei	ADJ
tuialhtheite	NOUN
tuiawm	NOUN
tuibong	NOUN
tuibur	NOUN
tuibura	PUNCT
tuichang	ADJ
tuichangah	VERB
tuichangchal	VERB
tuichangral	VERB
tuichangralin	VERB
tuichawi	ADJ
tuichawng	VERB
tuichenna	VERB
tuichhe	NOUN
tuichhia,	NOUN
tuichhintlanga	PROPN
tuichhunchhuah	VERB
tuichhura	VERB
tuichilh	ADV
tuidam	NOUN
tuidan	CCONJ
tuidangtlang	PROPN
tuidawn	NOUN
tuidu	PROPN
tuidul	ADJ
tuiekin	VERB
tuifawn	ADJ
tuifawnin	NOUN
tuifinriat	ADJ
tuifinriata	ADJ
tuifinriatah	ADJ
tuifinriatin	NOUN
tuifinriatte	VERB
tuihal	ADJ
tuihal.	ADJ
tuihalin	NOUN
tuihalna	ADJ
tuihalna,	ADJ
tuihalnâte	ADJ
tuihang	ADJ
tuihawk	VERB
tuihawkin	DET
tuihchhing	NOUN
tuihleuh	ADJ
tuihmun	ADP
tuihna	ADJ
tuihnaa	ADJ
tuihnai	ADJ
tuihnain	NOUN
tuihnang	ADJ
tuihnartam	PROPN
tuihnate	ADJ
tuihnih	NOUN
tuihnâ	ADJ
tuihnâr	NOUN
tuihri	VERB
tuihu	NOUN
tuihâlna	ADJ
tuihâng	NOUN
tuihâwk	NOUN
tuiin	ADJ
tuiiral.	VERB
tuikawi	CCONJ
tuikawng	NOUN
tuikep	PUNCT
tuikhaw	AUX
tuikhawhthla	NOUN
tuikhuah	ADJ
tuikhuaha	ADJ
tuikhuahah	NOUN
tuikhuahin	NOUN
tuikhuahte	NOUN
tuikhuahtlang	ADJ
tuikhuahtlang,	ADJ
tuikhuahtlanga	ADP
tuikhuahtlânga	PROPN
tuikhur	ADJ
tuikhura	ADJ
tuikhurhlu	PROPN
tuikual	NOUN
tuikual,	NOUN
tuikual;	NOUN
tuikuk	ADJ
tuikum	PROPN
tuilai	VERB
tuilak	NOUN
tuilakna	ADJ
tuilen	VERB
tuilenna	ADJ
tuilet	ADJ
tuilian	ADJ
tuilianin	ADJ
tuilo	VERB
tuiluang	NOUN
tuiluankawr	ADJ
tuiluankawrah	VERB
tuiluankawrte	ADJ
tuilum	NOUN
tuilut	PUNCT
tuilêt	VERB
tuilêta	DET
tuimi	ADJ
tuimuk	DET
tuin	PART
tuina	ADJ
tuinutna	DET
tuipang	ADJ
tuiphal	PROPN
tuipui	NOUN
tuipui.	NOUN
tuipuia	ADJ
tuipuiah	NOUN
tuipuibari	PROPN
tuipuiho	SCONJ
tuipuiin	ADJ
tuipuina	NOUN
tuipuiral	NOUN
tuipuirala	PROPN
tuipuiralin	VERB
tuipuisuthlahahte	NOUN
tuipuite	ADJ
tuipuitu	ADP
tuiral	NOUN
tuirial	VERB
tuiriala	ADJ
tuirialah	PROPN
tuiril	NOUN
tuirini	PROPN
tuirivangah	ADP
tuiruang	NOUN
tuirum	PROPN
tuisen	NOUN
tuisentlang	CCONJ
tuisik	NOUN
tuisika	VERB
tuite	ADJ
tuite,	ADJ
tuiten	NOUN
tuithau	PROPN
tuithaveng	PROPN
tuithawl	NOUN
tuithiang	VERB
tuithianghlim	VERB
tuithlar	VERB
tuithumhnar	NOUN
tuithumhnarah	PROPN
tuitla	NOUN
tuitun	PROPN
tuivai	NOUN
tuivawk	PRON
tuivawl	ADJ
tuivawta	NOUN
tuizawng	NOUN
tuizawng,	NOUN
tuizem	ADJ
tuizem,	ADJ
tuizochhuah	PROPN
tuizêma	NOUN
tuk	VERB
tuk,	VERB
tuk.	VERB
tuka	ADJ
tukah	NOUN
tukaram	PROPN
tukchhuah	NOUN
tukchhuak	VERB
tukchhuan	NOUN
tukdawl	NOUN
tukdawl.	NOUN
tukhawkha	VERB
tukhin	PRON
tukhum	DET
tuki	PROPN
tukiah	PRON
tukin	NOUN
tukina	PRON
tukinah	NOUN
tukinah,	NOUN
tuking	PRON
tukkhum	NOUN
tukkin	PRON
tukleh	NOUN
tuklo	NOUN
tuknah	DET
tukthuan	NOUN
tuktin	NOUN
tuktu	NOUN
tuku-a	PROPN
tukverh	NOUN
tukverhah	ADJ
tukverhte	ADV
tukzing	PRON
tukṭhuan	ADJ
tul	NOUN
tul,	NOUN
tul.	NOUN
tul?	NOUN
tula	ADV
tulh	NOUN
tulh.	NOUN
tulh."	NOUN
tulhna	ADJ
tulin	ADJ
tulip	NOUN
tulips	NOUN
tulna	NOUN
tulpui	NOUN
tulsan	PRON
tulte	VERB
tultur	NOUN
tulzia	NOUN
tulziate	VERB
tum	VERB
tum!	VERB
tum'	VERB
tum,	VERB
tum.	VERB
tum?	VERB
tuma	ADJ
tuma'n	NOUN
tuma,	ADJ
tuma.	ADJ
tumah	ADJ
tumahin	PRON
tuman	PRON
tumbi	NOUN
tumbu	NOUN
tumbungrang	ADJ
tumhmun	ADJ
tumhmunah	ADJ
tumhmunte	ADJ
tumin	NOUN
tumin,	NOUN
tumin.	NOUN
tumkau	NOUN
tumkhat	ADJ
tumna	NOUN
tumnaah	NOUN
tumpang	NOUN
tumpanglui	NOUN
tumpanglui,	NOUN
tumpui	NOUN
tumruh	VERB
tumruh,	VERB
tumruhah	VERB
tumruhna	PRON
tumruhna,	NOUN
tumruhte	CCONJ
tumsak	NOUN
tumsak.	NOUN
tumte	ADJ
tumthiamten	ADV
tumtir	ADJ
tumtlang	ADJ
tumtu	NOUN
tumtu,	NOUN
tumtute	ADJ
tumzia	ADV
tum’	NOUN
tun	ADJ
tuna	ADJ
tuna.	ADJ
tunah	ADV
tunah!	ADV
tunah,	ADV
tunah:	ADV
tunah?	ADV
tunai	ADP
tundin	NOUN
tung	VERB
tungchho	ADJ
tungchhova	VERB
tungding	VERB
tungding.	VERB
tunge	DET
tunge.	PROPN
tunge?	NOUN
tungnung	NOUN
tungoe	PROPN
tunhma	ADJ
tunhmaa	ADJ
tunhnai	ADJ
tunhnaia	ADJ
tunhnaiah	ADJ
tunhnu	ADJ
tunisha	PROPN
tunisia	PROPN
tunisia-ah	PRON
tunisian	DET
tunkar	ADJ
tunkara	ADJ
tunkarah	ADJ
tunkum	NOUN
tunlai	NOUN
tunlai.	NOUN
tunlaia	ADJ
tunlaiah	ADV
tunlaiin	NOUN
tunnel	NOUN
tunnel-ah	SCONJ
tunthla	ADJ
tuntum	DET
tunu	VERB
tupa	NOUN
tupa,	NOUN
tupain	ADP
tupawh	ADJ
tupawh,	ADJ
tupawhin	PRON
tupawn	NOUN
tupui	AUX
tur	ADV
tur!	ADV
tur,	ADV
tur,’	PUNCT
tur-	ADV
tur.	ADV
tur/	PART
tur:	ADV
tur?	ADV
tura	CCONJ
tura,	CCONJ
tura.	CCONJ
turah	CCONJ
turahte	VERB
turatawngtaipui	NOUN
turbocharger	NOUN
turh	ADV
turi.	ADV
turin	CCONJ
turin'tih	PROPN
turin,	CCONJ
turin-ah	PROPN
turin.	CCONJ
turin?50,000	PUNCT
turina	NOUN
turin’	NOUN
turin’.	ADP
turkey	PROPN
turkey-ah	ADP
turkish	ADJ
turkmenistan	VERB
turkmenistan,	PROPN
turner	PROPN
turnipui	NOUN
turnout	NOUN
turrones	NOUN
tursun	PROPN
turte	CCONJ
turtein	ADJ
turten	ADJ
turtu	NOUN
turu	AUX
turzawngin	VERB
turzia	ADJ
tur’	PRON
tur’,	PROPN
tushar	PROPN
tut	NOUN
tutankhamun	PROPN
tute	PRON
tute'n	PRON
tute-ah	PRON
tuten	NOUN
tutepawn	NOUN
tuthlawh	NOUN
tuticorin-a	PROPN
tuui	PART
tuvalu-ah	ADP
tuxedo	DET
tuyalthah	NOUN
tv	NOUN
tv,	NOUN
tv-a	NOUN
tv-ah	NOUN
tv.	CCONJ
tvs	PROPN
tvxq	PROPN
twahah	NOUN
twain	PROPN
twelfth	ADJ
twente	NUM
twentieth	PROPN
twerk	NOUN
twins	NOUN
twitter	PROPN
twitter,	PUNCT
twitter-ah	PROPN
two	PROPN
two-ah	PROPN
two-wheeler	NUM
tybura	PROPN
tyga	PUNCT
tyler	PROPN
tynsong	PROPN
type	VERB
typewriter	NOUN
typhoon	PUNCT
typhoon-ah	NOUN
typhoons	PROPN
typing	ADP
tyre	NOUN
tyrell	PUNCT
tyrese	PROPN
tyrhys	PUNCT
tyrique	CCONJ
tyson	PROPN
tàn	VERB
tàwp	ADJ
ták	ADP
tám	NOUN
tán	VERB
tána	ADJ
táng	VERB
tár	NOUN
tâ	PUNCT
tâk	ADV
tâk?	PROPN
tâka	ADJ
tâkah	ADJ
tâkte	ADJ
tâl	VERB
tâlh	ADV
tâm	NOUN
tân	VERB
tân,	VERB
tâna	ADJ
tâng	VERB
tângte	NOUN
tânhumhimna,	NOUN
tântîr	ADJ
târ	VERB
târa	VERB
târlang	NOUN
târte	PUNCT
tâwk	VERB
tâwk,	VERB
tâwk.	VERB
tâwka	ADJ
tâwkah	ADJ
tâwkin	ADJ
tâwkna	NOUN
tâwkte	NOUN
tâwkten	AUX
tâwlna	ADJ
tâwp	ADJ
tâwp.	ADJ
tâwpa	ADJ
tâwpah	ADJ
tâwpin	ADJ
tâwpkhâwkah	NOUN
tâwpna	ADJ
tâwt	NOUN
tâwtawrâwt	ADJ
tã«	ADV
té	NOUN
tê	VERB
tê,	VERB
tê-in	ADP
tê/thehlêp	ADJ
tê:	VERB
têa	NOUN
têah	PRON
têah,	PRON
têin	VERB
tênau	ADJ
têt	NOUN
tête	ADJ
têtte	NOUN
tîm	VERB
tîr	VERB
tîr.	DET
tîra	ADJ
tîrah	VERB
tîrin	VERB
tîrte	NOUN
tîtî	VERB
tùr	VERB
tùra	CCONJ
tùrah	CCONJ
tùrin	CCONJ
tú	DET
túrte	NOUN
tû	PRON
tûi	PUNCT
tûk	VERB
tûkah	NOUN
tûl	NOUN
tûm	PRON
tûn	ADV
tûna	ADJ
tûnah	ADV
tûnhnaiah	ADV
tûnlai	ADV
tûnlaia	ADJ
tûnlaiah	PUNCT
tûnlaiin	VERB
tûr	VERB
tûr,	VERB
tûr.	VERB
tûr/	PART
tûr?	VERB
tûra	CCONJ
tûrah	CCONJ
tûrin	CCONJ
tûrin.	CCONJ
tûrin’	CCONJ
tûrte	ADJ
tûrzia	NOUN
tûr’	VERB
tűr.	PROPN
tṭ	PROPN
u	NOUN
u!	NOUN
u"	VERB
u'	NOUN
u'n	SCONJ
u'n.	CCONJ
u,	NOUN
u,"	VERB
u,'	NOUN
u,.	VERB
u,’	NOUN
u-15	ADJ
u-21	ADJ
u-ama	PUNCT
u-bahn	PROPN
u.	NOUN
u.k.	PROPN
u.s.	PROPN
u.s.-a	PRON
u17	PROPN
u18	PROPN
u19	PROPN
u21	PROPN
u:	NOUN
u;	NOUN
u?	PRON
uae	PROPN
uae-a	PROPN
uae-ah	PROPN
uai	VERB
uai.	VERB
uaih	NOUN
uaiin	NOUN
uaiina	PUNCT
uain	VERB
uain-a	ADP
uaina	VERB
uainte	PRON
uaithla	NOUN
uak	ADJ
ualau	NOUN
uan	NOUN
uang	VERB
uang.	VERB
uanpui	NOUN
uanthuanna	VERB
uap	NOUN
uapna	PRON
uar	VERB
uar.	VERB
uarah	PART
uarin	ADJ
uarna	NOUN
uar’	VERB
uber	PROPN
ubi,	NOUN
uc	VERB
ucc	PROPN
uch	PRON
uchchatar	PROPN
uchhuak	NOUN
uchuak	NOUN
ucl	PROPN
ucl-a	ADJ
ucl-ah	PROPN
ud	PROPN
ud&pa	PROPN
ud&pa-in	PROPN
uda	PROPN
udaan	PROPN
udaipur	PROPN
udalguri,	PROPN
uday	PUNCT
udc	PROPN
uddhav	PROPN
uddhav-a	PROPN
udinese	NUM
udo	NOUN
udp	NOUN
udpa	PROPN
uea	PROPN
uefa	PROPN
uekusa	PROPN
uetzi	VERB
ufc	PROPN
ufo	PROPN
uganda	PROPN
ugarte	PUNCT
ugc	PUNCT
ugh,	PROPN
ugly	PROPN
ugochukwu	VERB
uhd	PROPN
uhuru	PROPN
ui	NOUN
ui-jo	PROPN
ui.	NOUN
uiawm	NOUN
uiawm.	NOUN
uicho	ADJ
uidai,	PROPN
uifawm	NOUN
uighuar	PROPN
uighur	PROPN
uighurs	VERB
uih	NOUN
uih.	NOUN
uihawm	ADJ
uihawm.	AUX
uiin	NOUN
uikawm	NOUN
uila!	PRON
uin,	PROPN
uina	NOUN
uipui	NOUN
uire	ADJ
uire.	ADJ
uirena	ADJ
uirenu	DET
uiretu	NOUN
uirê,	ADJ
uirêna	NOUN
uisa	PUNCT
uisathiam	NOUN
uite	NOUN
uitein	ADJ
uiteme	VERB
uitu	PRON
uk	NOUN
uk-a	ADP
uk-ah	PROPN
uk.	NOUN
ukail	PRON
ukane	PRON
ukhrul	PROPN
ukil	PRON
ukilte	VERB
ukraine	PROPN
ukraine'	ADP
ukraine-a	ADJ
ukraine-ah	VERB
ukraine-in	PROPN
ukraine-russia	PROPN
ukrainian	ADJ
ukrainka	PROPN
ukrane	PRON
ukranian	DET
ukriane	PRON
uksak	DET
ukul	DET
ukulele	VERB
ukīl	PRON
ul	VERB
ula	PRON
ula,	PRON
ula.	PRON
ula:	PRON
ula;	PRON
ulcer	NOUN
ule,	PRON
ule.	NOUN
ulfa	PROPN
ulfa-i	PROPN
ulh	VERB
ulh.	VERB
ullas	DET
ulreich	PROPN
ultrasonography	NOUN
ultrasound	NOUN
ultrasound,	PROPN
uluk	ADV
uluk.	ADV
ulukin	PRON
um	NOUN
um,	NOUN
um.	NOUN
uma	VERB
umair	PROPN
umbo	NOUN
umbria	PROPN
umchhuak	NOUN
umeit	PROPN
umer	PROPN
umesh	PROPN
umezawa	PROPN
umin	NOUN
umlaper,	ADP
umm	VERB
umm,	PUNCT
umpha	ADJ
umphak	ADJ
umpire	DET
umte	VERB
umzui	ADJ
umzui.	ADJ
umzuiin	NOUN
un	PRON
un-civillized	ADJ
unai	PROPN
unakoti	ADP
unamid	PROPN
unati	VERB
unau	NOUN
unau,	NOUN
unau?	NOUN
unauin	PRON
unaunu	PRON
unaunu,	PRON
unaupa	ADJ
unaupa,	ADJ
unaupa?	ADJ
unaupaah	NOUN
unaute	NOUN
unaute,	NOUN
unauten	ADJ
unauzain	VERB
unboxing	ADJ
unc	PROPN
unc-te	PROPN
uncle	PROPN
undav	PROPN
under	ADP
under-21	PROPN
undercover	ADJ
understeer	VERB
undertaking	ADJ
undp	NOUN
undp-in	NOUN
uner	SCONJ
unesco	PROPN
unesco,	PROPN
ungawi	VERB
unhcr	PROPN
unhcr-ah	PROPN
unicef	PUNCT
unicorn	NOUN
unied	NOUN
unified	ADJ
unifil	VERB
uniform	NOUN
unikey	PROPN
union	PROPN
union,	PROPN
union-ah	DET
unionize	ADJ
unit	NOUN
unit,	NOUN
united	PROPN
united-ah	PROPN
united-in	PUNCT
unitedmanchester	PROPN
universal	PROPN
universe	PROPN
universe-ah	NOUN
universiry	DET
universita	DET
university	NOUN
university,	PROPN
university-a	PROPN
university-ah	NOUN
university-in	PROPN
university’	VERB
università	DET
univesal	PROPN
univesity	PROPN
unji	VERB
unji,	PUNCT
unmanned	ADJ
uno	PROPN
unreserved	ADJ
unrwa	PROPN
unsend	VERB
untied	PRON
unua	NOUN
up	VERB
up,	VERB
upa	NOUN
upa,	NOUN
upa.	NOUN
upaah	PUNCT
upaho	ADJ
upahote	NOUN
upain	ADV
upamecano	ADJ
upat	NOUN
upate	VERB
upaten	DET
upc	PROPN
upc-in	PROPN
upc-te	PROPN
upda	ADJ
update	VERB
updates	ADP
upf	CCONJ
upgradation	NOUN
uphc	PROPN
uphc-ah	PROPN
upload	VERB
upper	PROPN
ups	PROPN
upsc	PROPN
upsc-a	PROPN
ur	NOUN
ur.	NOUN
urban	PROPN
urbanity	PRON
urdu	PROPN
urea-ah	NOUN
urethra	DET
urh	VERB
urhsun	VERB
urhsûn	VERB
urhsűn	VERB
uria	PROPN
uriamghat-a	ADP
urlawk	NOUN
urlawna	NOUN
uros	PROPN
ursus	PROPN
uruguay	PROPN
uruguay,	PROPN
uruguay-in	PROPN
uruguayan	PROPN
urup	PUNCT
us	PROPN
us$200,000	SYM
us,	PROPN
us-a	PRON
us-ah	PROPN
us-ahte	CCONJ
us-in	VERB
us-mexico	PROPN
usa	PROPN
usa-a	NOUN
usa-ah	PRON
usb	NOUN
usd	PROPN
user	NOUN
username	NOUN
usher	DET
usher-te	NOUN
usman-a	VERB
usof	PROPN
uss	PROPN
ussr	PROPN
usyk	PROPN
ut	NOUN
ut-a	PRON
ut-te	NOUN
ut.	NOUN
utah	PROPN
utawk	NOUN
ute	ADV
ute-hcm-a	PRON
uterus	NOUN
utilisation	PROPN
utilities	NOUN
utkin	NOUN
utsav	PROPN
utsch	PROPN
utsch-te	PROPN
uttam	PROPN
uttar	PROPN
uttara	PROPN
uttarakhand	PROPN
uttarakhand-a	DET
uttarakhand-ah	ADV
uv	NOUN
uvaimual,	PROPN
uwg	PROPN
uxoricide-ah	VERB
uyghur	PROPN
uytvanck	PROPN
uza	PUNCT
uzbekistan	VERB
uzbekistan-ah	ADP
uzi	PROPN
uṭawk	NOUN
u’	PRON
u’,	VERB
u”	NOUN
v	PROPN
v-ar	ADJ
v-te	PUNCT
v.	PROPN
v.c	PROPN
v.l.	PROPN
v.l.neihthangi	NOUN
v2	PROPN
v50	NOUN
v6	PROPN
v8	PROPN
v^wnte	NOUN
va	NOUN
va!	NOUN
va'n	VERB
va,	NOUN
va,.	NOUN
va.	NOUN
va;	NOUN
vaanapa	PROPN
vaani	PROPN
vabeimozachhi	PROPN
vacancies	NOUN
vacation	NOUN
vacation-ah	NOUN
vaccination	PROPN
vaccinde	NOUN
vaccine	NOUN
vaccine,	NOUN
vacuum	NOUN
vadocz	PROPN
vadra	PROPN
vah	VERB
vahluk	PROPN
vahmim	NOUN
vahmin	PROPN
vahna	PRON
vahneichhi	PROPN
vahpa	VERB
vahrit	NOUN
vahuiin	PRON
vahvaihna	VERB
vahvel	VERB
vahvelna	ADV
vahvelnaah	NOUN
vai	NOUN
vai,	NOUN
vai.	NOUN
vaia	NOUN
vaibel	NOUN
vaibela	VERB
vaibelchhe	NUM
vaibelchhe.	NUM
vaielchhe	PUNCT
vaih	NOUN
vaihlo	NOUN
vaihlo,	NOUN
vaihma	NOUN
vaihmite	NOUN
vaihni	PRON
vaiho	ADJ
vaihovin	NOUN
vaiin	NOUN
vaikhawtlang	CCONJ
vaikhuang	PROPN
vaiko	CCONJ
vailenhlo	PUNCT
vailiam	NOUN
vailiam.	NOUN
vailian	PUNCT
vailianin	PROPN
vaimim	NOUN
vaimim.	NOUN
vaimimte	PRON
vaimin	NOUN
vaina	NOUN
vaingailova	PROPN
vainu	PRON
vaipa	DET
vaiphei	NOUN
vairam	DET
vairama	SCONJ
vairamah	PRON
vairampur	PROPN
vairengte	NOUN
vairengte-kawnpui	ADP
vairengte-sairang	PROPN
vairengtea	NOUN
vairêngteah	PROPN
vaishali	PUNCT
vaishnaw-a	PROPN
vaite	ADJ
vaitin	PROPN
vaitin-a	PROPN
vaitina	CCONJ
vaivakawn	PRON
vaivakawn,	PRON
vaivakawn-hunthar	ADP
vaivakawn-mzu	DET
vaivakawna	PROPN
vaivakawnah	NOUN
vaivakawnin	SCONJ
vaivir	VERB
vaivut	VERB
vaivutah	NOUN
vaivutin	ADJ
vak	VERB
vak'	VERB
vak,	VERB
vak.	VERB
vak.mahse,	NOUN
vaka,	VERB
vakah	ADJ
vakchhuak	CCONJ
vakchhuaka	VERB
vaki	NOUN
vakin	ADV
vakiria,	ADJ
vakkom	PUNCT
vaklo	NOUN
vakna	NOUN
vakom	PROPN
vakrawlai	NUM
vakvai	VERB
vakvel	ADV
val	NOUN
valai	NOUN
valanka	PUNCT
valbuanga,	PUNCT
valchengah	PROPN
valcke	PUNCT
valencia	PROPN
valencia-ah	PROPN
valentin	PROPN
valentina	PROPN
valentine's	PROPN
valentines	VERB
valentino	PUNCT
valerenga	ADP
valeria	PROPN
valh	NOUN
validity	PRON
valise	NOUN
valla,	PROPN
valladolid	PROPN
vallecano	ADP
vallecano-ah	PROPN
valley	PROPN
valley"	PROPN
valley-a	PRON
valley-ah	PROPN
valpuia	PROPN
valpuiamizoram	PROPN
valskis	PROPN
valte	PROPN
valtea	PROPN
valtreni	PROPN
valtteri	PUNCT
value	NOUN
valverde	PROPN
valverdevalverde	PROPN
vampire	ADJ
vamur	NOUN
vamûr	NOUN
van	NOUN
van,	NOUN
vana	NOUN
vanagin	ADV
vanah	ADJ
vanami,	PROPN
vanapa	NOUN
vanapa:	NOUN
vanawia	ADJ
vanawm	NOUN
vanbawng	PRON
vanbeihthlak	ADV
vanbelan	PROPN
vanbiakmanga	PROPN
vance	PROPN
vanchengte	PROPN
vanchengte-ah	PROPN
vanchhawng	NOUN
vanchhong	PROPN
vanchiau	ADJ
vanchiau-in,	PROPN
vanchunglura,	PROPN
vancouver	PROPN
vancouver-a	PROPN
vancouver-ah	PROPN
vandailova	PROPN
vandal	DET
vandana	ADP
vande	VERB
vandhan	PROPN
vanduai	VERB
vanduai,	ADJ
vanduai.	VERB
vanduaina	NOUN
vanduainaah	NOUN
vanduaithlak	ADJ
vanduaithlak.	ADJ
vanduaithlaktakin,	ADV
vanduaithlâk	ADJ
vanduan	PRON
vanduanin	PROPN
vanduna	PRON
vang	ADJ
vang!	VERB
vang,	ADJ
vang,"	ADJ
vang,'	ADJ
vang,’.	PART
vang.	ADJ
vang;	ADJ
vang?	ADJ
vanga	ADJ
vanga,	ADJ
vanga.	ADJ
vangah	NOUN
vangchhia	PROPN
vangchhia-in	PROPN
vangchhia;	PUNCT
vanghmunah	ADP
vanghâwngse	NOUN
vanghâwngsâng	NOUN
vangin	CCONJ
vangin!	CCONJ
vangin,	CCONJ
vangin.	CCONJ
vangin."	CCONJ
vangin:	CCONJ
vangina	PRON
vanginnge	VERB
vanglai	ADJ
vanglai,	ADJ
vanglaiin	ADJ
vanglaini	PROPN
vanglaini-in	VERB
vanglainipalai	PROPN
vanglaite	ADJ
vangpui	CCONJ
vangte	ADJ
vangthlaah	NOUN
vangtlang	NOUN
vangtlang,	NOUN
vangtlangin	PROPN
vangvat	NOUN
vanhela	PUNCT
vanhlimpuia	PROPN
vanhlira	PUNCT
vanhmunropuia	PROPN
vanhnuailiana	PROPN
vanhoy	PROPN
vanilla	NOUN
vanin	NOUN
vankal	PROPN
vankhama	PROPN
vankungpuii	PROPN
vanlaiphai	PROPN
vanlaiphai,	PROPN
vanlal-hmangaiha	PROPN
vanlal-hmangaihzuali	PROPN
vanlal-peka	PROPN
vanlalauva	PROPN
vanlalawma	PUNCT
vanlalawma,	PROPN
vanlalawmpuia	PUNCT
vanlalawmpuii	PROPN
vanlalbela	ADP
vanlalbiaa	PROPN
vanlalchanpuia,	PROPN
vanlalchhana	PROPN
vanlalchhanhima	PROPN
vanlalchhuanga	PUNCT
vanlalchhuanliana	PROPN
vanlalchhuanliana,	PROPN
vanlaldika,	PROPN
vanlaldikan	PROPN
vanlaldingliana	NOUN
vanlaldini,	PROPN
vanlalduatsanga	PROPN
vanlalduatsangan	PROPN
vanlalduhawma	PROPN
vanlalduhsaka	PROPN
vanlalena	NOUN
vanlalenga,	PROPN
vanlalfaka	PROPN
vanlalfala	PROPN
vanlalfelan	PROPN
vanlalhlana	PROPN
vanlalhlana,	PROPN
vanlalhlanan	PROPN
vanlalhlimpuii	PROPN
vanlalhlua	PROPN
vanlalhluna	PROPN
vanlalhmachhuana	PROPN
vanlalhmangaiha	PROPN
vanlalhmangaihan	PROPN
vanlalhmangaihthangi,	CCONJ
vanlalhmangaihtharzela	PROPN
vanlalhmangaihzuali	PROPN
vanlalhmuaka	PROPN
vanlalhnehpuia	PROPN
vanlalhriata	PROPN
vanlalhriata,	PROPN
vanlalhriati	PROPN
vanlalhriatpuia	ADJ
vanlalhruaia	PROPN
vanlalhruaia,	PROPN
vanlalhruaii	PROPN
vanlalhuma	PROPN
vanlallawma	PUNCT
vanlallawmawmi	PROPN
vanlalliana	PROPN
vanlalliantluanga,	PROPN
vanlalluna	PROPN
vanlalmalsawma,	PROPN
vanlalmalsawmlalremruata	PUNCT
vanlalmawia	PROPN
vanlalmawipuia	VERB
vanlalmuana	PROPN
vanlalmuanan	PROPN
vanlalngaihsaka	PROPN
vanlalngaihsaka,ias	PROPN
vanlalngaihsakan	PROPN
vanlalngena,	PROPN
vanlalnghaihsaka	PROPN
vanlalnghaka	PROPN
vanlalnghakan	PROPN
vanlalnghaki	NOUN
vanlalnghenga	ADP
vanlalngheta	PROPN
vanlalnunpuii	PROPN
vanlalpeka	PROPN
vanlalpeka,	PROPN
vanlalramsanga	PROPN
vanlalrawna	PROPN
vanlalrawni,	PROPN
vanlalrema	PROPN
vanlalremdika	PROPN
vanlalremruatpuia	PUNCT
vanlalrina	PROPN
vanlalrinchhana	PROPN
vanlalrochana	PROPN
vanlalrova	PROPN
vanlalrova,	PROPN
vanlalruata	PROPN
vanlalruata,	PROPN
vanlalruatan	PROPN
vanlalruatfela	PROPN
vanlalruati	PROPN
vanlalruati,	PROPN
vanlalsailova	PROPN
vanlalsangi	PROPN
vanlalsangliana	CCONJ
vanlalsawma	PROPN
vanlalsiama	PROPN
vanlaltana	PROPN
vanlaltanpuia	PROPN
vanlaltanpuian	PROPN
vanlalthafamkima,	PROPN
vanlalthanga	PROPN
vanlaltharzuala	PROPN
vanlalthazuala	PROPN
vanlalthiana	PROPN
vanlalthianan	PROPN
vanlalthlamuana	PROPN
vanlalthlana	PROPN
vanlalthlana,	PROPN
vanlalthlanga	PROPN
vanlalthlengliana	PROPN
vanlaltlani,	PROPN
vanlaltleipuia	PROPN
vanlaltluanga	PROPN
vanlaltluangi	PROPN
vanlalvena	PROPN
vanlalvena,	PROPN
vanlalvuana	PROPN
vanlalzauva	PROPN
vanlalzawma	PROPN
vanlalzawma,	PUNCT
vanlalzuatan	PROPN
vanlalzuidika	PUNCT
vanlalṭanpuia	PROPN
vanlawma	PROPN
vanlei	VERB
vanmalsawma	PROPN
vanmalsawmi’n	PROPN
vanmawia	PROPN
vanna	ADJ
vannei	ADJ
vannei.	ADJ
vanneia	ADJ
vanneih	NOUN
vanneihna	ADJ
vanneihna,	ADJ
vanneihnain	ADJ
vanneihnateam	NOUN
vanneihnaworld	ADV
vanneihpui	ADJ
vanneihsangi	PROPN
vanneihsiami	SCONJ
vanneihthanga	PROPN
vanneihthlak	NOUN
vanneihthlak.	NOUN
vanneihzia	VERB
vanneiin	PART
vanpui	VERB
vanram	NOUN
vanram'	ADP
vanram,	PROPN
vanrama	NOUN
vanramah	NOUN
vanrambeiseia	PROPN
vanramchhuangi	PROPN
vanrammawia	PROPN
vanrammawian	PROPN
vanramnghaka	PROPN
vanramnuama	PUNCT
vanrampana	DET
vansang	NOUN
vansanga	DET
vansangliana,	PROPN
vansuieni	PROPN
vante	NOUN
vantirhkoh	NOUN
vantirhkohin	PRON
vantirhkohte	ADJ
vantirhkohten	ADJ
vantla	VERB
vantlang	NOUN
vantlanga	ADJ
vantlangah	NOUN
vantlangin	NOUN
vantlangkawng	VERB
vanuatu	PROPN
vanunu	PROPN
vanva	VERB
vanzau	ADP
vape	NOUN
vaphai	PROPN
vaphai-ah	VERB
vapor	NOUN
vapual	NOUN
var	NOUN
var,	NOUN
var.	NOUN
var;	NOUN
vara	ADJ
varah	NOUN
varanasi	PROPN
varanasi,	PROPN
varanda-ah	PROPN
varandas	PROPN
varane	PROPN
varane,	PROPN
varang	ADP
vardhan	PROPN
vardingliani	PROPN
vardinglianin	PROPN
vareiyo	PROPN
variety	NOUN
varin	NOUN
varparh	NOUN
varpui-ah	ADP
varsangzuali,	PROPN
varsity	PROPN
vartalap	PROPN
varte	ADJ
varte,	ADJ
varte-in	PROPN
vartian	NOUN
vartu	NOUN
varun	PUNCT
varung	NOUN
varung,	NOUN
varus,	PROPN
vasat	NOUN
vase	DET
vasectomy	NOUN
vasekai	PROPN
vasilissa	NOUN
vasilissa,	AUX
vasir	PROPN
vass-a	PROPN
vassa	VERB
vasylkiv	PROPN
vat	VERB
vat,	VERB
vat.	VERB
vat?	VERB
vata	ADP
vate	NOUN
vathuampui	PROPN
vathuampui-ah	PUNCT
vathuampuiah	PROPN
vatican	DET
vatican-in	AUX
vatin	NOUN
vatin,	NOUN
vau	NOUN
vau,	NOUN
vau.	NOUN
vauah	NOUN
vaubet	VERB
vauchher	VERB
vauin,	NOUN
vaukam	NOUN
vaukama	VERB
vaukhan	NOUN
vaukhan.	NOUN
vaukhanna	NOUN
vaukhân	NOUN
vaukhânna	NOUN
vault	NOUN
vauna	NOUN
vaupûng	VERB
vava	PROPN
vavu	VERB
vaw	NOUN
vaw.	NOUN
vawchhuak	NOUN
vawchhuakin	NOUN
vawh	NOUN
vawi	NOUN
vawi.	VERB
vawih	NOUN
vawih'	NOUN
vawihnih	NOUN
vawihnihna	NOUN
vawiiin	DET
vawiin	NOUN
vawiin,	NOUN
vawiin-a	PRON
vawiin-ah	PRON
vawiina	ADJ
vawiinah	NOUN
vawiinah,	NOUN
vawiinga	PRON
vawiinia	NUM
vawikhat	ADJ
vawikhata	ADJ
vawikhatah	NOUN
vawikhatmah	ADJ
vawikhatna	ADJ
vawikhatnaah	ADJ
vawikhatnan	ADV
vawilehkhata	PRON
vawilehkhatah	NUM
vawilehkhatah,	NUM
vawinah	ADV
vawiruk	ADJ
vawisarih	NOUN
vawithum	VERB
vawk	NOUN
vawk,	NOUN
vawkchaw	VERB
vawkin	NOUN
vawkpa	NOUN
vawkpui	NOUN
vawksa	NOUN
vawkte	NOUN
vawkte,	NOUN
vawkvulh	NOUN
vawkvulhtu	NOUN
vawm	NOUN
vawm.	NOUN
vawm?	NOUN
vawmbal	VERB
vawmbuk	CCONJ
vawmbukah	VERB
vawmhrui	ADJ
vawmkho	VERB
vawmpuah	NOUN
vawmsak.	PRON
vawmtlunglui	NOUN
vawmtu	VERB
vawn	NOUN
vawn?	NOUN
vawnah	NOUN
vawnban	NOUN
vawnfai	NOUN
vawng	VERB
vawng.	VERB
vawnga	VERB
vawngawnzo	PUNCT
vawnghim	ADJ
vawngna	NOUN
vawngnung	PUNCT
vawngnunga	PRON
vawngtu	ADJ
vawngtuah	ADJ
vawngṭhaa,	ADP
vawnhim	NOUN
vawnhimna	VERB
vawnna	NOUN
vawnsak	VERB
vawnte	NOUN
vawnthat	VERB
vawnthatna	DET
vawr	ADJ
vawra	DET
vawrh	VERB
vawrh.	VERB
vawrhchhuah	VERB
vawrhchhuak	NOUN
vawrhvir	PART
vawrtawp	ADJ
vawrtawpset	DET
vawt	VERB
vawt,	VERB
vawt.	VERB
vawtah	ADP
vawtin	ADJ
vawtu	NOUN
vawtvin	CCONJ
vaz	PROPN
vazquez	PROPN
vazquez-an	PROPN
vaṭhuampui	ADP
va’	NOUN
va’n	VERB
vbc	NOUN
vbc.	NOUN
vbch	PUNCT
vbch.	ADP
vbdc	PUNCT
vc	PROPN
vc,	PROPN
vc,yma,	PUNCT
vc,yma,mup	PROPN
vc-ah	PRON
vc-in	PROPN
vc-te	NOUN
vc-ten	PROPN
vc/	DET
vcd	PROPN
vcm	PROPN
vcp	PROPN
vcp-te	NOUN
vdmc	PROPN
vdp	PROPN
vdp,	PROPN
vdp-te	PROPN
ve	PART
ve!	PART
ve'	PART
ve,	PART
ve,"	PART
ve,'	PART
ve,chhin	PRON
ve,’	PUNCT
ve-in	NOUN
ve.	PART
ve;	PART
ve?	PART
vea	DET
vea,	CCONJ
veah	ADJ
vec	PROPN
vec-te	NOUN
vedat	PROPN
vegan	ADJ
vegas	PROPN
vegas-a	DET
vegas-ah	PROPN
vegetarian	AUX
veh	NOUN
veh.	NOUN
vehbur	NOUN
vehicle	NOUN
vehthlêm	NOUN
vei	VERB
vei,	ADJ
vei-veng	AUX
vei.	VERB
veiah	ADJ
veiawm	VERB
veiawm.	VERB
veibelchhe	ADP
veiin	ADJ
veikhawr	NOUN
veilam	ADJ
veilamah	NOUN
veilamin	ADJ
veimi	VERB
vein	VERB
vein,	PUNCT
veina	ADJ
veite	VERB
veiten	NOUN
veitu	VERB
veitute	AUX
veivah	NOUN
veivahna	VERB
veivahnaah	NOUN
veivak	VERB
veivakte	ADJ
veiverh,	PRON
veivir	ADJ
veivâkte	VERB
veizawng	ADV
veizâwng	ADJ
vei’	PUNCT
vek	ADV
vek!	ADV
vek,	ADV
vek.	ADV
vek."	ADV
vek.mizoramin	ADV
vek:	ADV
vek?	ADV
veka	NOUN
veka,	PRON
vekah	NOUN
vekic	PROPN
vekin	ADJ
vekin,	ADJ
vekna	ADJ
vekte	NOUN
vekte.	NOUN
vektu	ADJ
vel	NOUN
vel.	NOUN
vela	ADJ
vela.	ADJ
velah	ADJ
velahte	ADJ
velasquez	PROPN
velazquez	PROPN
velazquez-a	ADJ
veleh	ADJ
veleh,	ADJ
veleh.	ADJ
veleha	ADJ
velehin	ADV
velh	NOUN
velin	NOUN
velin,	NOUN
vellore	PROPN
vellore-ah	PUNCT
velma	PROPN
velna	ADJ
velodrome	PROPN
velte	ADJ
veltu	NOUN
veltute	NOUN
velvet	DET
vem	PROPN
ven	VERB
vena	ADJ
venate	NOUN
vending	VERB
venezia	VERB
venezuala	PROPN
venezuela	PROPN
venezuela"	PROPN
venezuelan	PROPN
venflon	PRON
veng	NOUN
veng,	NOUN
veng-ah	PROPN
veng-hnuaiin	PUNCT
veng-te	ADV
veng.	NOUN
venga	ADJ
vengah	ADJ
vengahte	NOUN
vengatan	PRON
vengchhak	ADJ
vengchhung	ADJ
vengchhung-ah	NOUN
vengchhunga	DET
vengchhungah	ADJ
vengchung	PROPN
vengchungin	PROPN
venghim	ADJ
venghim.	ADJ
venghima,	NOUN
venghimtu	NOUN
venghimtute	ADJ
venghlui	NOUN
venghlui,	NOUN
venghlui-ah	ADP
venghlun	PROPN
venghlun,	PROPN
venghlunah	PROPN
venghlunin	PROPN
venghnuai	ADJ
venghnuai,	ADJ
venghnuaiin	PROPN
vengin	NOUN
vengin,	NOUN
venglai	NOUN
venglai,	NOUN
venglai-ah	NOUN
venglai-in	ADP
venglaia	NOUN
venglaiah	PROPN
venglaiin	PROPN
vengpui	PROPN
vengpuiah	DET
vengsang	ADJ
vengsl.	PROPN
vengte	ADJ
vengtha	ADJ
vengthalng	PROPN
vengthar	ADJ
vengthar,	ADJ
vengthar-a	PROPN
vengtharah	ADP
vengtharin	PROPN
vengthawng	VERB
vengthlang	NOUN
vengthlang,	NOUN
vengthlanga	PROPN
vengthlangah	NOUN
vengthlangin	PROPN
vengtin	NOUN
vengtina	CCONJ
vengtu	NOUN
vengtu'	NOUN
vengtu,	NOUN
vengtuah	ADJ
vengtupa	DET
vengtute	NOUN
vengtuten	ADJ
vengva	NOUN
veng’	NOUN
venhim	NOUN
venhim'	NOUN
venhima	PRON
venhimna	ADJ
veni	PROPN
venice-ah,	ADP
venna	ADJ
venna'	ADJ
vennan	PUNCT
vennei	AUX
venpui	ADJ
venron-in	PUNCT
vent	NOUN
vente	ADJ
ventei	PROPN
venthawn	ADJ
ventilator	NOUN
ventir	VERB
venugopal	PROPN
venugopal-a	PROPN
venus	PROPN
venus-ah	PROPN
ver	NOUN
veran	PROPN
veranda	NOUN
verandah	NOUN
verb	NOUN
verdasco	VERB
verh	VERB
verh.	VERB
verhna	ADJ
verify	PART
verma	PROPN
vermaelen	PROPN
verna	PROPN
veron	PROPN
verona	VERB
verratti	PROPN
versailles	PROPN
version	PROPN
verstappen	PROPN
vertonghen	PROPN
vervek	ADJ
vervek-ah	PROPN
vervekna	ADJ
verveknain	ADJ
vervekte	ADJ
vesga	PROPN
vet	NOUN
vet-ah	NOUN
vete	PUNCT
veteran	NOUN
vettel	PART
vetu	ADV
vety	PROPN
veve	NOUN
ve’	ADJ
vfa-te	PROPN
vfb	NOUN
vfl	VERB
vhp	PROPN
vhsnc	PROPN
vi	ADV
via	PUNCT
viak	VERB
vialin	AUX
vialli	PROPN
viau	NOUN
viau!	NOUN
viau,	NOUN
viau.	NOUN
viau.mizo	AUX
viau?	NOUN
viaua	DET
viaui	PRON
viauin	VERB
viauna	NOUN
viaute	ADJ
viber-te	PROPN
vibhushan	PROPN
vibraphone	ADJ
vibrato	NOUN
vibrio	PUNCT
vicario	PROPN
vice	PROPN
vice-captain	NOUN
vice-president	PROPN
vice-president,	PUNCT
vicenza-ah	AUX
vicky	NOUN
victim	DET
victor	PROPN
victoria	PROPN
victoria,	PROPN
victoria-i	NOUN
vicuna	PROPN
vidal	PROPN
vidarbha	PROPN
video	NOUN
video-a	NOUN
video-ah	NOUN
video-conference	ADP
video-te	PRON
videogame	NOUN
videography,	NOUN
videotape	NOUN
vidhyalaya	PROPN
vidhyasagar,	PROPN
vidi	VERB
vidya	PUNCT
vidyalaya	PROPN
vidyarthi	NOUN
vidyutikaran	PROPN
vieira	PUNCT
vienna	PROPN
vietnam	PROPN
vietnam-a	PROPN
vietnam-ah	PUNCT
vietnamese	ADJ
vietto	PROPN
view	NOUN
viewers	NOUN
views	AUX
vift	PROPN
vigo	PROPN
vigyan	PROPN
vih	NOUN
vihaer-ah	PROPN
vii	PROPN
vii-naah	PROPN
viii	PROPN
vijai	PROPN
vijay	PROPN
vijayvargiya	PROPN
vikander	PROPN
vikas	PROPN
vikash	PROPN
viking	VERB
vikings	PROPN
vikings-in	NOUN
vikram	PROPN
vikrant	PROPN
vikshit	VERB
viksit	PROPN
viktor	PUNCT
viktoria	PUNCT
viktoriya	VERB
vil	ADJ
vil.	ADJ
vilage	PRON
vilanova	NOUN
villa	PROPN
villa-in	PROPN
village	PROPN
village-ah	NOUN
villareal	PROPN
villas-boas	VERB
ville	PROPN
villete-ah	NOUN
villiers	PROPN
vilna	NOUN
vilnius	ADP
vilpui	ADJ
viltu	ADJ
vilzui	ADJ
vin	ADJ
vin,	PRON
vin.	NOUN
vinales	PROPN
vinayak	PROPN
vincent	PROPN
vincenzo	PROPN
vinegar	VERB
vineyard	PART
vini	PROPN
vinicius	PROPN
vinod	PROPN
viola	PROPN
violin	NOUN
violinist	NOUN
vip	NOUN
vip-te	PROPN
vir	ADJ
vir.	ADJ
viracopos	PROPN
virat	PROPN
virgil	PROPN
virin	NOUN
virmep	ADJ
virtue	NOUN
virus	NOUN
virvat	VERB
virvawm	NOUN
visa	NOUN
visakhapatnam	PROPN
visakhapatnam-a	PROPN
vishakpatnam	PROPN
vishnu	CCONJ
vishva	PROPN
vishwakarma	PROPN
vision	NOUN
vissel	PROPN
vistara	PUNCT
visual	ADJ
visuals	ADP
vit	VERB
vit.	VERB
vital	ADP
vitalii	PROPN
vitamin	NOUN
vitesse	PROPN
vitezslav	PUNCT
vitinha	NOUN
vitolo	PUNCT
vitor	PROPN
viu	ADV
viu.	NOUN
viuauin	ADV
viv	PROPN
vivo	PROPN
vizhinjam	PROPN
viâu	VERB
vk	PROPN
vl	PROPN
vl.	PROPN
vl.hmuaka	VERB
vladimir	PROPN
vladivostok	NOUN
vlahovic	PROPN
vlcpc	PROPN
vle	NOUN
vlog-ah	NOUN
vltf	PROPN
vltf-in	PROPN
vltf-te	PROPN
vltf-ten	PROPN
vltfc	NOUN
vma-ah	NOUN
vnukovo	ADP
vo	VERB
vocabulary	NOUN
vodka	ADP
vogue	VERB
vohbik	NOUN
vohbikah	PROPN
vohbikte	AUX
voice	NOUN
voicea	ADJ
voiin	PRON
volcanic	VERB
volcano	NOUN
volcomh	PROPN
voles	NOUN
volleyball	NOUN
volleyball-a	PROPN
volodymyr	PROPN
voltage	NOUN
voltaire	NOUN
volunteeer	NOUN
volunteer	NOUN
volunteer-te	NOUN
volunteering	NOUN
vormer	PROPN
voro	PROPN
vote	VERB
vote-tute	PRON
voter	NOUN
voters	PROPN
voting	PRON
vouch	AUX
vowel	ADJ
voyager	PROPN
vp	PROPN
vr4	PROPN
vrc,	PUNCT
vs	ADP
vsp	DET
vt	PUNCT
vtb	NOUN
vtc-a	NOUN
vtf	PROPN
vu	ADJ
vua	NOUN
vua-a	ADV
vua.	NOUN
vuah	ADJ
vuah.	ADJ
vuah?	ADJ
vuaha	ADJ
vuahin	NOUN
vuahna	NOUN
vuahsak	NOUN
vuahsakin	VERB
vuahte	NOUN
vuahtu	ADV
vuai	ADJ
vuaia	ADJ
vuak	VERB
vuakah	ADJ
vuakah,	ADJ
vuaklet	ADJ
vuakmual	PROPN
vuakna	ADJ
vuakthlak	PROPN
vuaktir	NOUN
vuaktu	ADJ
vuakvetah	ADJ
vuakvêta	NOUN
vualte	NOUN
vualtea	VERB
vuan	ADV
vuan.	ADV
vuana	ADJ
vuanin	NOUN
vuantu	ADV
vuantu,	ADV
vuantute	ADJ
vuatvet	NOUN
vuc	PROPN
vuc-in	AUX
vucic	PROPN
vud	ADP
vui	VERB
vui.	NOUN
vuiin,	ADJ
vuiliam	NOUN
vuina	ADJ
vuinaah	VERB
vuivainate	PART
vujicic-a	PROPN
vul	VERB
vulah	ADJ
vulh	ADJ
vulh.	ADJ
vulha	NOUN
vulhna	ADJ
vulhte	ADJ
vulhtu	ADJ
vulhtute	ADJ
vulhtute,	ADJ
vullai	ADJ
vulluaia	PROPN
vulmawi	ADJ
vulna"	PROPN
vum	ADJ
vumkhawthanga,	NOUN
vun	NOUN
vun-a	PRON
vuna	VERB
vunah	VERB
vung	ADJ
vung.	ADJ
vung:	ADJ
vungseka	PUNCT
vungzagin	PROPN
vunin	NOUN
vunminthang	PROPN
vunte	ADV
vuntu	VERB
vur	VERB
vura	ADJ
vurah	ADJ
vurbur	PRON
vurin	ADJ
vurmin	NOUN
vurpui	VERB
vurtla	NOUN
vurtlang	NOUN
vurtui	NOUN
vut	AUX
vut.	NOUN
vutbuak	ADJ
vuvuzela	PROPN
vvd	PROPN
vvm	PROPN
vvpat	PROPN
vw-a	ADP
vwiin	NOUN
vyapam	PROPN
vàng	ADJ
vâk	VERB
vâkvai	VERB
vâm	VERB
vân	NOUN
vâna	NOUN
vânah	ADJ
vânapa	PROPN
vânchhûnga	PUNCT
vânduai	ADV
vânduaina	ADJ
vâng	NOUN
vâng.	NOUN
vânga	ADJ
vângah	NOUN
vângin	NOUN
vângin,	NOUN
vânglai	NOUN
vângpui	ADJ
vânlalhruaia	PROPN
vânlalnghâka	PROPN
vânlalpêka,	PUNCT
vânlalsailova	PROPN
vânlalvânga	PROPN
vânnei	VERB
vânneihna	ADJ
vânram	PROPN
vântirhkoh	NOUN
vântirhkohte	ADJ
vântlâng	ADJ
vâr	NOUN
vâr.	NOUN
vât	NOUN
vât.	NOUN
vâukhânna	NOUN
vâwrtâwp	ADJ
vâwt	VERB
vèn	NOUN
vènpui	AUX
véng	NOUN
vêk	ADP
vêkin	NOUN
vêkin,	NOUN
vêl	ADJ
vêl,	ADP
vêla	ADJ
vêlah	ADJ
vêlin	NOUN
vêlna	ADJ
vên	VERB
vêng	NOUN
vêngah	NOUN
vêngchhak	PROPN
vêngchung	PROPN
vênghimtute	SCONJ
vênghlun	PROPN
vênghlunah	PROPN
vênglai	PROPN
vêngte	ADJ
vêngthar	PROPN
vêngtu	ADJ
vêngtute	NOUN
vênhimna	VERB
vênna	ADJ
vîau	NOUN
vîau.	NOUN
vûng	ADJ
vûr	ADP
vûrna	VERB
vűng	CCONJ
w.	PROPN
wada	PART
waffle	NOUN
waffles	NOUN
wafi	PROPN
wagner	PUNCT
wagonr	PROPN
wagons-a	NOUN
wahingdoh	PROPN
wai	PROPN
wainwright	PROPN
waitangi	PROPN
wakandan	ADJ
walcott	PROPN
wales	PROPN
wales,	PROPN
wales-a	DET
wales-ah	PROPN
wales-in	NOUN
wales?wales-in	PROPN
walk	NOUN
walkathon	DET
walker	ADP
walkie	NOUN
walkie-talkie	NOUN
wall	PROPN
wall-a	DET
wallace	PROPN
wallen	PROPN
wallet	NOUN
wallet-ah	NOUN
walmart	PROPN
walmart-ah	PROPN
walt-a	PROPN
walthamstow-ah	PROPN
wan	PROPN
wan-bissaka	PROPN
wand	NOUN
wang	PROPN
wangcharoen	PROPN
wangchuk	PROPN
wangpan	PROPN
wani	PROPN
wanindu	VERB
wankhede-i	PROPN
war	PROPN
ward	NOUN
ward-iii	VERB
ward-prowse	PROPN
ward-vi	PROPN
wardrope	NOUN
warhead	NOUN
warm	ADP
warming	ADJ
warn,	VERB
warne	PROPN
warnock	PROPN
warren	PROPN
warrior-in	PROPN
warriors	PROPN
warriors’	PART
warrrior	PROPN
washboard	VERB
washburn	PROPN
washing	NOUN
washington	PROPN
washington-a	PROPN
washington-ah	PROPN
washroom	DET
wataru	PROPN
watchman	NOUN
water	NOUN
waterart	PROPN
waterfront	PROPN
watering	PUNCT
watermelon	NOUN
waterwork	NOUN
watford	PROPN
watford,	PROPN
watsan	NUM
watson	PUNCT
watson,	PROPN
wave	NOUN
wavelength	NOUN
wawrinka	PROPN
wax	NOUN
way	PROPN
wayne	PROPN
wba	PROPN
wba,	PROPN
wbc	DET
wbdd	ADP
wbo	PROPN
wc	PROPN
wcc	PROPN
wcd	PROPN
wdc-pmksy	PROPN
wdpsca	CCONJ
weather	NOUN
web	NOUN
webcasted	ADJ
webpage	DET
website	NOUN
website-ah	PRON
website-te	NOUN
webster	PROPN
webstera	PRON
webula,	PROPN
wechat	PROPN
wedance	PROPN
week	PROPN
week-3	NUM
weekend	NOUN
weekend-a	PRON
weekend-ah	NOUN
weeknd	PROPN
weghorst	PROPN
weghorst-a	PROPN
wehda	PROPN
weidman	PROPN
weighbridge	DET
weight	NOUN
weightlifting	PROPN
weirdo	NOUN
welbeck	PROPN
welfare	PROPN
welfare,	PROPN
welfare-in	NOUN
wellhausen	PROPN
wellington	PROPN
wellington-a	PROPN
welness	PROPN
welsh	PROPN
welterweight	PROPN
wembanyama	PROPN
wembley	PROPN
wembley-ah	ADV
wendell	PROPN
wenger	PROPN
wenger-a	DET
werder	PROPN
werewolf	CCONJ
werner	ADP
wesley	PROPN
wesley-a	PROPN
west	PROPN
west,	PROPN
west-ah	NOUN
west-iii	PROPN
west-in	PROPN
western	PROPN
westindies	PROPN
westminster	PROPN
weston	NOUN
westwood	PROPN
weughtlifting	PROPN
weverse	VERB
wfp	PUNCT
whale	PROPN
whales	NOUN
whatcott-a	PROPN
whatsapp	PROPN
wheat	NOUN
wheelbase	PRON
wheelchair	NOUN
wheelchair-te	PROPN
wheelchairah	AUX
wheeler	NUM
wheeler-te	NOUN
wheelie	ADJ
whiplash	NOUN
whisky	DET
whitbread	ADP
white	DET
whitefield-a	PUNCT
whitefielda	PROPN
whitening	VERB
whitney	ADV
who	PRON
whyte	PROPN
wi-fi	PROPN
wicket	NUM
wicketkeeper	PUNCT
wicketkeeper-batsman	NUM
wickremesinghe	PROPN
widmer	PROPN
widows	NOUN
wiese-i	CCONJ
wieses	PROPN
wifi	NOUN
wigan	PUNCT
wiki	PROPN
wikipedia	PROPN
wilber	PROPN
wild	PART
wild,	AUX
wildcard	NOUN
wilfried	PROPN
wilkerson-a	PROPN
will	PROPN
william	PROPN
williams	PROPN
williamson	PROPN
williamson-a	AUX
willian	PUNCT
willis	NUM
willpower	DET
wilmots-a	PROPN
wilson	PROPN
wim	PROPN
wimbledon	PROPN
wimbledon-a	PUNCT
wimbledon-ah	PROPN
winchester	PROPN
winchester-i	PROPN
windies	PROPN
windows	PROPN
winds	NOUN
windscreen	DET
windshield	NOUN
windsor	ADP
windsurfing	ADP
wine	NOUN
wine-in	PROPN
winehouse	PROPN
winery	NOUN
winery,	PRON
wineshop	NOUN
winfrey	PROPN
winger	NOUN
winger-ah	NOUN
wings	PROPN
winston	PUNCT
wiretapping	ADP
wirtz	PUNCT
wisconsin	PROPN
wisconsin-ah	PRON
wissa	PUNCT
wissam	ADV
witch	PROPN
witness	NOUN
witsel	PROPN
wittier	ADV
wizgan-ah	PROPN
wojciech	PROPN
wolfsburg	PROPN
wolves	NOUN
women	PROPN
wonju	ADP
woody	PROPN
word	NOUN
wordrope-ah	NOUN
work	NOUN
workaholic	NOUN
workcamp	PROPN
worker	NOUN
worker-te	NOUN
workers	NOUN
workshop	NOUN
workshop-ah	NOUN
world	PROPN
world-ah	PROPN
worship	ADP
wout	PROPN
wozniacki	NUM
wpl	ADJ
wrapping	NOUN
wrc	PROPN
wrench	NOUN
wrestling	DET
wrestling,	VERB
wriddhiman	PROPN
wright	PROPN
write	PROPN
writer	NOUN
writer's	NOUN
writing	NOUN
wrocław-ah	PROPN
wss	PROPN
wss-te	CCONJ
wta	PROPN
wtc	PROPN
wuhan-ah	ADP
wushu	PROPN
wushu-ah	PROPN
wuthering	PROPN
x	NOUN
x-a	PRON
x-ah	NOUN
x-ray	NOUN
xabi	PROPN
xavi	PROPN
xavier-an	PROPN
xco	PROPN
xenoglossia	PROPN
xenons	PROPN
xerox	DET
xess	PROPN
xhaka	PROPN
xherdan	PUNCT
xi	PROPN
xia	ADJ
xiao	PROPN
xiaobo	NOUN
xiaoding	VERB
xiaomi	PROPN
xii	PROPN
xindiang	PROPN
xinjang	ADP
xinjiang	PROPN
xinqiao	AUX
xinyu	PROPN
xiv	PROPN
xmr	PROPN
xristos	VERB
xtra	PROPN
xu	PRON
xueyou	PROPN
xuv	PROPN
xuv300	NOUN
xuv3oo	PROPN
xvi	PROPN
xvii	PROPN
xxix	PROPN
xxviii	PROPN
xxx	PROPN
xxxtentacion	ADP
xyz	PROPN
y	PROPN
y-	PROPN
y-20	PRON
yaba	ADP
yacine	PROPN
yadav	PROPN
yadav-a	PROPN
yadav-an	PROPN
yafan	PROPN
yagmur	PROPN
yagnik,	PROPN
yaguati	PROPN
yahya	PROPN
yakin-a	PROPN
yakitori	NOUN
yale	PROPN
yalung	ADP
yamada	PUNCT
yamaha	DET
yamaha-in	PROPN
yamal	PROPN
yamanaka	PROPN
yamashita	CCONJ
yameen	PROPN
yang	PROPN
yangon	PROPN
yangon-ah	AUX
yangze	PROPN
yankee	PRON
yann	PROPN
yannick	PROPN
yanukovych-a	NOUN
yard	NOUN
yarn	NOUN
yarova	PROPN
yashin	PROPN
yashwant	NOUN
yasmine	PROPN
yassin	PROPN
yastremska	PROPN
yasunori	PROPN
yates	PROPN
yatra	PROPN
yatra-ah	PROPN
yaxley-lennon	PROPN
yazici	PROPN
yba	PROPN
yca	PROPN
ye	PUNCT
year	NOUN
yearwood	NOUN
yeboah	PROPN
yedder	PROPN
yeezy	PROPN
yekateringburg	DET
yelahanka-ah	PROPN
yellow	ADJ
yemen	PROPN
yen	NOUN
yeon-seong	PROPN
yeppoon	PROPN
yepthomi	PROPN
yerevan	PROPN
yerson	NOUN
yfc	PROPN
yhwh	NOUN
yiddish	PROPN
yidir	PROPN
yildiram	PROPN
yildiz	PUNCT
yilmaz	PROPN
yingkiongah	DET
yishimasa	PROPN
yla	PROPN
yla,mtp	PROPN
yma	PROPN
yma,	PROPN
yma,-te	CCONJ
yma-ah	PRON
yma-in	PROPN
yma-te	PROPN
yma-ten	DET
ymahnenah	PROPN
ymain	PROPN
ymca-ten	VERB
ymcr	PROPN
ymer	PROPN
yo-yo	NOUN
yoda	PROPN
yodha	PROPN
yoel	NOUN
yoetayoke	PROPN
yoga	NOUN
yoga-ah	NOUN
yogana	PROPN
yogeshwar	PROPN
yoghurt	PART
yogi	PROPN
yogurt	NOUN
yohan	PROPN
yojana	PROPN
yojna	PROPN
yokhen	PROPN
yoko	PROPN
yoko-i	PRON
yoko-in	PRON
yokohama	PROPN
yokozuna	PROPN
yomiuri	PROPN
yomiuri-ah	NOUN
yonex	PROPN
yonge	PROPN
yoo	PROPN
yoon	PROPN
york	PROPN
york,	PROPN
york-a	VERB
york-ah	PROPN
yoro	PROPN
yoshida	PROPN
yoshihito	ADP
yoshiko	PROPN
yoshimi	PUNCT
you'	PUNCT
yougank	PROPN
young	PROPN
youngfella	PUNCT
younis,	PROPN
youri	PROPN
yourou	DET
youssouf	PROPN
youth	PROPN
youtube	PROPN
youtube-a	PROPN
youtube-ah	ADP
youtube-ahte	PROPN
youtuber	PROPN
yoyogi	PROPN
yrc	PROPN
yrc-ah	ADP
ysrc	PROPN
ysrcp	PROPN
yu	PROPN
yuan	NOUN
yuan-ah	NOUN
yue	PROPN
yuki!	PROPN
yukiko!	PUNCT
yulia	PROPN
yum	PROPN
yum,	PROPN
yumi	PROPN
yunchaokete	PROPN
yunho	PROPN
yunus	PROPN
yuri	VERB
yuriko	PROPN
yusuf	PROPN
yusufu?	PUNCT
yuva	PROPN
yves	PROPN
z.	PROPN
za	VERB
za'	VERB
za,	VERB
za-lianzela,	PROPN
za-muang	NOUN
za.	VERB
zaa	ADJ
zaah	NOUN
zabi	DET
zabiakthara	PROPN
zaborowski	PROPN
zach	PUNCT
zachhingi	PROPN
zachhingpuii	PROPN
zachono	PROPN
zachono,	PROPN
zadar	ADP
zadeng	VERB
zadeng,	VERB
zadoka	PROPN
zagallo	PUNCT
zagreb	PROPN
zah	VERB
zah,	VERB
zah-mawh	CCONJ
zah.	VERB
zah?	VERB
zaha	ADJ
zahah	VERB
zahau-in	PROPN
zahawm	ADJ
zahawm,	ADJ
zahawm.	ADJ
zahawma	ADJ
zahawma,	ADJ
zahawmin	NOUN
zahawmna	NOUN
zahawmnate	NOUN
zahder	ADJ
zahedan	NOUN
zahid	PROPN
zahin	ADJ
zahin,	ADJ
zahkai	NOUN
zahlohna	ADP
zahmawh	ADJ
zahmawm	ADJ
zahminga	PROPN
zahmingliani	VERB
zahmingthanga	PROPN
zahmingthangi	ADP
zahna	ADJ
zahnain	NOUN
zahngai	VERB
zahngaihna	ADJ
zahngaihna,	ADJ
zahnih	NUM
zaho	NOUN
zahpah	VERB
zahpawh	ADJ
zahpui	ADJ
zahpuiawm	ADJ
zahpuina	AUX
zahsak	ADJ
zahte	PART
zahthiam	VERB
zahthiam.	NOUN
zahthlak	ADJ
zahthlak!"	ADJ
zahthlak,	ADJ
zahthlaka	NOUN
zahthlakah	ADJ
zahthlakin	ADJ
zahthlakna	NOUN
zahthlakzia	NOUN
zahthlâk	NOUN
zahthlâk.	VERB
zahve	NOUN
zahvea	VERB
zahzawng	ADJ
zahzia	ADV
zahzumna	PROPN
zai	VERB
zai'	VERB
zai,	VERB
zai.	VERB
zaia	ADJ
zaiah	ADJ
zaichhawna	PROPN
zaichhuah	ADJ
zaidam	ADJ
zaidam,	ADJ
zaidamna	ADJ
zaidarhzauva	PROPN
zaidawh	ADJ
zaih	NOUN
zaihin	NOUN
zaiho	NOUN
zaiho,	NOUN
zaii	ADJ
zaii-te	PRON
zaiin	NOUN
zaiin,	NOUN
zaikhat	VERB
zaikhawm	VERB
zaikhawmah	NOUN
zaikhawmna	NOUN
zaikhawmte	NOUN
zaikhâwm/lêng-khâwm	CCONJ
zaikima	PROPN
zailep	NOUN
zaimi	NOUN
zain	NOUN
zaina	ADJ
zainaah	VERB
zaingen	PROPN
zaipaawl	PUNCT
zaipawl	ADJ
zaipawl,	ADJ
zaipawl:	ADJ
zaipawl:pathian	NOUN
zaipawla	NOUN
zaipawlah	NOUN
zaipawlahte	VERB
zaipawlin	NOUN
zaipawlte	NOUN
zaipui	VERB
zaipáwlte	ADV
zaipâwl	NOUN
zaipâwla	AUX
zaipâwlah	NOUN
zaipâwlin	PROPN
zaipâwlte	NOUN
zaipâwlten	VERB
zairawn	PROPN
zairema	PROPN
zairemkunga,	PROPN
zairemmawia,	PROPN
zairemsiama	PROPN
zaisak	VERB
zaitbiam	AUX
zaite	NOUN
zaithangpuia	CCONJ
zaithangpuii,	PROPN
zaithanmawia	PROPN
zaithanpuia	PROPN
zaithanzama	PROPN
zaithanzaman	PROPN
zaithiam	ADJ
zaithiam,	ADJ
zaithiamhoten	PRON
zaithiamte	NOUN
zaithiamten	VERB
zaithiamzia	PRON
zaitir	ADJ
zaitu	VERB
zaizap	NOUN
zaizir	VERB
zaizir.	VERB
zaizira	AUX
zaizirin,	NOUN
zak	VERB
zak.	VERB
zakai	PROPN
zakaia	PUNCT
zakaia,	ADV
zakapa	PROPN
zakaria	PROPN
zakarian	PROPN
zakhat	ADJ
zakhua	NOUN
zakhuma	PROPN
zaktheilo	VERB
zakthlak	NOUN
zakunga,	PROPN
zakzeh	VERB
zakzum	ADJ
zakzum,	ADJ
zakzum.	ADJ
zakzum?	ADJ
zal	VERB
zalawra	PROPN
zalen	VERB
zalen,	VERB
zalen.	VERB
zalen:vawiin	NOUN
zalen?	VERB
zalenin	NOUN
zalenna	NOUN
zalenna,	NOUN
zalennaah	VERB
zalenna’	NOUN
zalh	NOUN
zalh.	NOUN
zali	NOUN
zalna	VERB
zaltir	VERB
zalên	NOUN
zalênna	NOUN
zalênna,	NOUN
zam	NOUN
zam,	NOUN
zam.	NOUN
zama	PROPN
zamah	ADJ
zamawia118	PROPN
zamawm	NOUN
zambia	PUNCT
zami	PROPN
zami'n	PROPN
zami,	PROPN
zami-an	VERB
zami-i	PROPN
zami-i'n	AUX
zami-in	PROPN
zami.	CCONJ
zami?	PROPN
zamin	ADJ
zamna	ADJ
zamna,	ADJ
zampui	PROPN
zamte	ADJ
zamuang	PROPN
zamzam	ADV
zamṭha	NOUN
zan	NOUN
zan,	NOUN
zan-ah	ADJ
zana	ADJ
zanah	ADJ
zanah,	ADJ
zanahte	ADJ
zanetti	VERB
zanevska	PROPN
zang	NOUN
zanga	NOUN
zangin	NOUN
zangkhai	ADJ
zangkhaiin	AUX
zangkhaina,	NOUN
zangkhua	ADJ
zangkul	NOUN
zangna	VERB
zangnadawmna	ADJ
zangphara	ADP
zangthal	VERB
zangthal.	VERB
zangthala	NOUN
zangthalin	NOUN
zangura	PROPN
zanin	ADJ
zanina	ADJ
zaninah	ADJ
zaninkhawmah	PROPN
zaniolo	PROPN
zankhat	ADJ
zankhua	NOUN
zankhuaa	ADJ
zankhuain	ADJ
zankhuara	ADJ
zanlai	NOUN
zanlaiah	NOUN
zanlamah	PRON
zanlawn	VERB
zanriah	NOUN
zantin	NOUN
zantinin	NOUN
zap	VERB
zaporizhzhia	DET
zappacosta	PROPN
zapui	ADJ
zar	NOUN
zar.	NOUN
zara	ADJ
zarah	ADP
zaran	PROPN
zarco	PROPN
zarh	VERB
zari	ADJ
zariat	ADJ
zarif-a	PROPN
zarina	VERB
zarkawr	CCONJ
zarkawt	PROPN
zarkawt-ah	PROPN
zarkawtah	PROPN
zarmawia	NOUN
zarna	NOUN
zartu	VERB
zaruk	VERB
zarzoin	NOUN
zarzokima	NOUN
zarzoliana	PROPN
zarzoliana,	PROPN
zarzolianan	PROPN
zarzosanga	PROPN
zarzotu,	ADV
zarzotute	ADJ
zaręba	PROPN
zasai	PROPN
zasangan	PROPN
zasarih,	ADJ
zat	NOUN
zat.	NOUN
zata	ADJ
zatah	ADJ
zathang,	PROPN
zathuama	PROPN
zathum	ADJ
zatin	NOUN
zatluanga,	PROPN
zatna	NOUN
zato	PROPN
zatve	NOUN
zatve,	NOUN
zatveaia	NOUN
zau	NOUN
zau-ah	ADP
zau.	NOUN
zaua	VERB
zauah	NOUN
zauh	VERB
zauh.	VERB
zauhna	VERB
zauhva	VERB
zauin	ADJ
zauna	ADJ
zaupui	PROPN
zaushang	PROPN
zaute	PUNCT
zautea	PUNCT
zauva	ADJ
zauvin	ADJ
zauzia	ADJ
zau’	VERB
zavai	ADJ
zavaia	ADJ
zavaiin	ADJ
zavaiin.	ADJ
zaw	NOUN
zawh	VERB
zawh-	VERB
zawh-na	NOUN
zawh.	VERB
zawh?	VERB
zawha	DET
zawha,	NOUN
zawha,"	PROPN
zawhah	VERB
zawhah,	VERB
zawhawm	ADP
zawhfel	NOUN
zawhfiah	NOUN
zawhfiahna	NOUN
zawhfiahnaa	PRON
zawhin	ADJ
zawhin,	ADJ
zawhkim	NOUN
zawhna	NOUN
zawhna,	NOUN
zawhna.	NOUN
zawhna:	NOUN
zawhnaa	NOUN
zawhnaah	NOUN
zawhnate	NOUN
zawhpui	ADP
zawhte	NOUN
zawhte?	NOUN
zawhtir	ADJ
zawhtirnaa	ADJ
zawhtirtu	ADJ
zawhtute	NOUN
zawi	ADV
zawi,	ADV
zawi.	ADV
zawia	ADJ
zawiawi	ADJ
zawih	ADJ
zawih,	ADJ
zawih.	ADJ
zawiha	NOUN
zawihin	ADJ
zawiin	ADJ
zawite	ADJ
zawitein	ADV
zawk	ADJ
zawk!	ADJ
zawk!"	ADJ
zawk'	ADJ
zawk,	ADJ
zawk.	ADJ
zawk;	ADJ
zawk?	ADJ
zawka	ADJ
zawka,	ADJ
zawkah	ADJ
zawkah,	ADJ
zawkahte	ADJ
zawkbarry	PROPN
zawkin	ADJ
zawkin,	ADJ
zawkin.	ADJ
zawkina	NOUN
zawkinelna	ADJ
zawkjuventus	ADV
zawkna	ADJ
zawkte	ADJ
zawkte,	ADJ
zawkten	VERB
zawkzia	ADJ
zawk’	PRON
zawl	NOUN
zawla	ADJ
zawlah	ADJ
zawlbuk	NOUN
zawlbuk,	NOUN
zawlbul	PROPN
zawldawh	NOUN
zawlkhawpui	PROPN
zawlnei	NOUN
zawlnei,	NOUN
zawlneihote	ADJ
zawlneite	ADJ
zawlneiten	NOUN
zawlnghak	PROPN
zawlnghâkah	ADP
zawlnuam	PROPN
zawlnuamah	PROPN
zawlpal	PUNCT
zawlpala	PROPN
zawlpui	NOUN
zawlpuiah	PROPN
zawlsei,	VERB
zawm	VERB
zawm.	VERB
zawm:	VERB
zawm?	VERB
zawma	ADJ
zawmah	ADJ
zawmin	NOUN
zawmin,	NOUN
zawmlo	NOUN
zawmna	ADJ
zawmpui	ADJ
zawmpui,	ADJ
zawmpui.kann	PRON
zawmtha	VERB
zawmthaw	VERB
zawmthawtna	NOUN
zawmtir	NOUN
zawmtu	ADJ
zawmtute	ADJ
zawn	VERB
zawn,	VERB
zawn.	VERB
zawn?	ADP
zawna	ADJ
zawnah	ADJ
zawnchhuah	NOUN
zawnchhuah.	NOUN
zawng	ADV
zawng,	ADV
zawng-chhang	ADJ
zawng.	ADV
zawng:	ADV
zawng?	ADV
zawnga	ADJ
zawngah	ADJ
zawngahte	NOUN
zawngchhang	VERB
zawngchhe	PRON
zawngchhuak	VERB
zawngchhuaktu	NOUN
zawngin	ADJ
zawngin,	ADJ
zawngina	NOUN
zawngling	NOUN
zawngpawn	ADV
zawngtah	NOUN
zawngte	NOUN
zawngte,	NOUN
zawngten	NOUN
zawngtu	NOUN
zawngtua	NOUN
zawngtute	NOUN
zawngzawng	NOUN
zawng’	ADP
zawnhmingthanga	PROPN
zawnin	ADJ
zawnin,	ADJ
zawnna	ADJ
zawnna,	ADJ
zawnnaah	ADJ
zawnnah	ADV
zawnpui	ADJ
zawnpui.	ADJ
zawnsak	NOUN
zawntute	NOUN
zawp	NOUN
zawr	VERB
zawr,	VERB
zawr.	VERB
zawrh	ADJ
zawrh.	ADJ
zawrha	DET
zawrhchhuah	ADJ
zawrhna	ADJ
zawrhnaah	ADJ
zawrhnate	NOUN
zawrhsakna	PROPN
zawrhsum	ADV
zawrhtan	PUNCT
zawrhte	ADJ
zawrhtir	VERB
zawrin	ADP
zawt	VERB
zawt,	VERB
zawt.	VERB
zawtfiah	NOUN
zawtfiah.	NOUN
zawtfiahtu	NOUN
zawtin	ADJ
zawtin,	ADJ
zawttunu	AUX
zawttute	AUX
zawute	AUX
zayed	PROPN
zayn	PROPN
zd	PROPN
zd-a	PUNCT
zdu	PROPN
ze	VERB
zealand	PROPN
zealand-ah	PRON
zebedaia	PROPN
zebra	NOUN
zebulun	PROPN
zecira	VERB
zedekia	PROPN
zef	DET
zefania	PROPN
zeh	ADV
zei	ADJ
zeih	ADV
zeizia	NOUN
zek	VERB
zel	ADV
zel!	ADV
zel,	ADV
zel.	ADV
zel.tunah	ADV
zel?	ADV
zela	ADJ
zela,	ADJ
zelaand	PROPN
zelah	ADV
zeldin	VERB
zelenskiy	PROPN
zelensky	PROPN
zelensky-a	PROPN
zelenskyy	PROPN
zeliang	PROPN
zeliang-a	PROPN
zelin	NOUN
zelin,	NOUN
zelin.	NOUN
zelmerlow	PROPN
zelna	ADJ
zelnaah	NOUN
zelnaah,	NOUN
zelte	ADJ
zelthel	ADJ
zeltu	ADV
zem	NOUN
zemabawk	ADJ
zemabawk-ah	NUM
zemabawka	PROPN
zemabawkah	PROPN
zemabawkin	PROPN
zemabâwk	PUNCT
zemawi	NOUN
zen	NOUN
zen.	VERB
zeng	VERB
zeng.	ADJ
zenghri	AUX
zengte	NOUN
zenics	PUNCT
zenit	PROPN
zenith	PROPN
zenix	NOUN
zenngaihsang	PROPN
zep	NOUN
zep.	NOUN
zephania	PROPN
zeppieri	SCONJ
zepte	NOUN
zerbi	PROPN
zered	PROPN
zero	NUM
zero.	NUM
zeroth	ADJ
zerubabel,	PROPN
zeruia	ADP
zet	ADV
zet!	ADV
zet,	ADV
zet.	NOUN
zet.zirna	ADJ
zeta	INTJ
zetah	INTJ
zetchiri	PROPN
zetin	NOUN
zette	NOUN
zetten	NUM
zet’	ADV
zeuh	ADJ
zeuh.	NOUN
zeuhin	ADJ
zezo	PROPN
zgn	PROPN
zh:a	PROPN
zhang	CCONJ
zheng	PUNCT
zhenjiang	PROPN
zi	NOUN
zia	VERB
zia,	VERB
zia-i	PROPN
zia-rang’	ADJ
zia.	VERB
ziaawm	ADJ
ziah	ADJ
ziah!	ADJ
ziah,	ADJ
ziah.	ADJ
ziah:	ADJ
ziah?	ADJ
ziaha	ADJ
ziahah	ADJ
ziahah,	ADJ
ziahfel	NOUN
ziahin	ADJ
ziahin,	ADJ
ziahlai	AUX
ziahluh	NOUN
ziahluhna	ADJ
ziahna	ADJ
ziahnaah	VERB
ziahpui	ADJ
ziahpui.	ADJ
ziahsak	ADJ
ziahte	VERB
ziahtir	NOUN
ziahtira	NOUN
ziahtîr	VERB
ziak	VERB
ziak,	VERB
ziak,’	DET
ziak.	VERB
ziak?	VERB
ziaka	ADJ
ziakah	NOUN
ziakfel	ADJ
ziakin	ADJ
ziakin,	ADJ
ziakkan	ADV
ziaklut	NOUN
ziaklut.	NOUN
ziaklutin	VERB
ziakluttu	VERB
ziakmi	NOUN
ziakmite	ADJ
ziakna	ADJ
ziakpui	VERB
ziakte	NOUN
ziaktu	ADJ
ziaktu,	ADJ
ziaktu-lallawmkimi	PROPN
ziaktuah	PUNCT
ziaktuin	NOUN
ziaktute	ADJ
ziaktuten	NOUN
ziakzela	PROPN
zial	NOUN
zial.	NOUN
zialah	NOUN
zialo	PRON
zialte	VERB
ziarang	ADJ
ziarangte	VERB
ziaráng	ADJ
ziarâng	ADJ
ziat.	VERB
ziate	VERB
ziawm	VERB
ziazang	ADJ
zia’	VERB
zico	PROPN
zidane	NOUN
zidane-a	PROPN
zidane-an	PROPN
zidco	NOUN
zidingi	PROPN
zielinski	PROPN
zif	PROPN
zika	PROPN
zikhlum	NOUN
zikhlumte	PRON
zikpui	PROPN
zikpuii	ADV
ziktluak	NOUN
zila	PROPN
zilaite	PRON
zilh	NOUN
zilhau	VERB
zilhhau	NOUN
zilhhauna	ADJ
zilhhautute	ADJ
zilhhauva	ADJ
zilhhauvin	VERB
zilhna	NOUN
zilhtu	ADJ
zilhtute	ADJ
zillaii	DET
zilpaii	PROPN
zim	NOUN
zim.	NOUN
zimbabwe	PROPN
zimna	ADJ
zimte	ADV
zimtea	NOUN
zin	VERB
zin.	VERB
zina	ADJ
zinbo	ADP
zinc	ADP
zinchenko	PROPN
zinchenko,	PROPN
zinchhuah.	ADV
zinchhuahna	VERB
zinedine	PROPN
zing	ADJ
zing,	ADJ
zing.	ADJ
zinga	ADJ
zinga,	ADJ
zinga.	ADJ
zingah	ADJ
zingah,	ADJ
zingah.	ADJ
zingahte	NOUN
zingh	VERB
zingiberis	NOUN
zingin	ADJ
zingkar	NOUN
zingkar,	NOUN
zingkara	ADJ
zingkarah	ADJ
zingkhuain	NOUN
zinglam	ADJ
zini	PROPN
zinin	ADJ
zinkawng	ADJ
zinkawng,	ADJ
zinkawngah	NOUN
zinmi	NUM
zinmite	NOUN
zinna	ADJ
zinnaah	NOUN
zinnbauer	PROPN
zinpui	NOUN
zinta	CCONJ
zinte	VERB
zinte.	VERB
zinungkimi,	NOUN
zion	PROPN
zion,	ADP
ziona	PROPN
zip	VERB
zip.	VERB
zipori	PROPN
zipper	VERB
zir	VERB
zir!	VERB
zir,	VERB
zir-ho	VERB
zir.	VERB
zir?	VERB
zira	PROPN
zira,	ADV
zirah	VERB
zirbingna	VERB
zirbingnaa	NOUN
zirbingtute	PUNCT
zirchhante,	PRON
zirchhuah	VERB
zirchhuahte	ADV
zirchhuak	VERB
zirchhuak.	VERB
zirchhuakte	ADJ
zirchiagn.	NOUN
zirchian	VERB
zirchian.	VERB
zirchiang	ADJ
zirchiang.	ADJ
zirchianga	NOUN
zirchiangin	NOUN
zirchiangtute	NOUN
zirchianna	ADJ
zirchiannaa	NOUN
zirchiannaah	VERB
zirchiannain	PRON
zirchiannate	ADJ
zirho	NOUN
zirhona	VERB
zirhona,	NOUN
zirhonaah	ADJ
zirhote	NOUN
ziri	PROPN
ziri'n	PROPN
ziri,	PROPN
ziri-i	PUNCT
ziri-i'n	PROPN
ziri-in	PROPN
zirin	NOUN
zirin,	NOUN
zirkzee	PROPN
zirlai	NOUN
zirlai,	NOUN
zirlai/thalaite	CCONJ
zirlaiah	ADJ
zirlaibu	ADJ
zirlaibua	NOUN
zirlaibuah	NOUN
zirlaibuin	VERB
zirlaibute	ADJ
zirlaipuite	VERB
zirlaite	ADJ
zirlaite,	ADJ
zirlaiteah	NOUN
zirlaiten	NOUN
zirlauite	PRON
zirliana	PROPN
zirlo	ADV
zirmi	NOUN
zirmite	NOUN
zirna	ADJ
zirna'	ADJ
zirna,	ADJ
zirna-in	PART
zirna.	ADJ
zirnaa	NOUN
zirnaah	ADJ
zirnaahte	VERB
zirnate	ADJ
zirnna	DET
zirpui	VERB
zirsang	ADJ
zirsanga	ADJ
zirsangkima	PROPN
zirsangkima-te	PROPN
zirsangpuii	PROPN
zirsangzela	SCONJ
zirtawp	NOUN
zirtawpni	NOUN
zirtawpni,	NOUN
zirtawpni-a	SCONJ
zirtawpnia	NOUN
zirtawpniah	ADJ
zirtawpnite	NOUN
zirte	NOUN
zirthar	NOUN
zirtir	VERB
zirtir,	VERB
zirtir.	VERB
zirtir:	VERB
zirtir?	VERB
zirtira	ADJ
zirtira,	ADJ
zirtirhote	ADJ
zirtirin	NOUN
zirtirin,	NOUN
zirtirna	NOUN
zirtirnaa	ADJ
zirtirnate	NOUN
zirtirte	ADJ
zirtirten	NOUN
zirtirtu	NOUN
zirtirtu,	NOUN
zirtirtu?	NOUN
zirtirtuah	ADJ
zirtirtuin	NOUN
zirtirtunu	ADJ
zirtirtute	ADJ
zirtirtute,	ADJ
zirtirtuten	ADJ
zirtu	NOUN
zirtu,	NOUN
zirtur	NOUN
zirtute	VERB
zirtâwpni	ADJ
zirtâwpniah	PRON
zirtîr	VERB
zirtîr.	VERB
zirtîr:	VERB
zirtîr?	VERB
zirtîrin,	NOUN
zirtîrna	ADJ
zirtîrte	ADJ
zirtîrtu	ADJ
zirtîrtu,	ADJ
zirtîrtute	ADJ
zirtîrtuten	NOUN
zirzauna	VERB
zirzo	PRON
zitirna	NOUN
zitirtu	PRON
zitirtute	PRON
ziyech	PROPN
zizou	ADP
zkhc	NOUN
zlatan	PROPN
zmc	NOUN
zmc&h	PROPN
zmc-a	SCONJ
zmc-ah	ADP
zmc-in	NOUN
zmch	ADP
zmp	PROPN
zms:	NOUN
zn	NOUN
znp	PROPN
znp-te	CCONJ
zo	NOUN
zo,	VERB
zo-nipun	PROPN
zo-puakphur	PROPN
zo-zan	PUNCT
zo.	NOUN
zoanphulahchuan.	NOUN
zoawi	PROPN
zobawk	PROPN
zobiaksanga	PROPN
zobiakvela	PROPN
zobâwk	PROPN
zocareer	CCONJ
zochacbhuah	PROPN
zochachhuah	PROPN
zochachhuahah	ADP
zochhiar	CCONJ
zochhuanawma	PROPN
zochhuanmawia	PROPN
zodin	PROPN
zodingliana	PROPN
zodingpuii,	PROPN
zodingpuiin	PROPN
zodinpuia	PROPN
zodinpuii,	PROPN
zodintluanga	PROPN
zodintluanga,	PROPN
zoengmawia	CCONJ
zoengsanga	PROPN
zofa	NOUN
zofa,	NOUN
zofate	NOUN
zofaten	NOUN
zofest	PROPN
zofest-ah	PROPN
zohandco	NOUN
zoherliana	PUNCT
zohmangaiha	PROPN
zohmangaiha,	PROPN
zohmangaihi	PROPN
zohmangaihi,	PROPN
zohmingliana	PROPN
zohmingliana,	PROPN
zohmingthanga	PROPN
zohmingthangan	PROPN
zohmun	PROPN
zohnah-thlakmyanmar-a	PROPN
zohnahthak	DET
zohnahthlak	NOUN
zohnahthlakte	PROPN
zohnathlakte	ADJ
zohnuai	NOUN
zohnuaiin	PROPN
zohranga,	PROPN
zoin	PRON
zokaia	PROPN
zokawlam	PROPN
zokhaw	PRON
zokhawsang	PUNCT
zokhawsang-ah	PROPN
zokhawsanga	PROPN
zokhawsangah	PROPN
zokhawthar	PROPN
zokhawthar-a	DET
zokhawthara	PROPN
zokhawtharah	PROPN
zokhawthiang	ADP
zokhua	NOUN
zokhua,	NOUN
zokhuma	PROPN
zokhumi	PROPN
zokima	PUNCT
zokutpui	PROPN
zola	VERB
zolawma	PROPN
zolfresh	PROPN
zoliana	PROPN
zolianmawia	PROPN
zoliansangan	PROPN
zolo	DET
zoluti	PROPN
zolûti	CCONJ
zomawia,	PROPN
zombie	NOUN
zomi	PROPN
zomoi	PUNCT
zomuana	PROPN
zomuani	PROPN
zomuankimi	PROPN
zomuanpuia	PROPN
zomuanpuii	PROPN
zomuansanga	PROPN
zomuansangan	SCONJ
zomuansangi	PROPN
zonal	ADJ
zone	NOUN
zone-a	DET
zone-ah	DET
zone-vii	PROPN
zonet	PROPN
zonet-ah	ADP
zonet-in	PART
zone’	DET
zongte	PROPN
zonu	SCONJ
zonuam	PROPN
zonuama	PROPN
zonun	NOUN
zonunchama	VERB
zonunmawi	NOUN
zonunmawia	PROPN
zonunmawian	PROPN
zonunmawii,	PROPN
zonunsanga	PROPN
zonunsangi	PROPN
zonuntluanga	PROPN
zonunzira	PROPN
zonunzira,	PROPN
zonute	PROPN
zoo	NOUN
zoo-a	NOUN
zoo-ah	NOUN
zophai	VERB
zophaia	NOUN
zophaiah	ADP
zopui	PROPN
zoram	NOUN
zoram!	NOUN
zorama	PROPN
zoramah	PROPN
zoramchhana	ADP
zoramchhani	PROPN
zoramdinthara,	PROPN
zoramin	PROPN
zorammawia	PROPN
zorammuana	NOUN
zorammuana,	PROPN
zorampari	PROPN
zoramsanga	PROPN
zoramsangi	ADJ
zoramsangliana	PROPN
zoramsiama	PROPN
zoramthanga	PROPN
zoramthanga'n	PROPN
zoramthangan	PROPN
zoramthangate	PROPN
zoramthangi	PROPN
zoramthar	NOUN
zoramthara	PROPN
zoramthari	PROPN
zorana	PROPN
zorema	PROPN
zorema,	PUNCT
zoremi	PROPN
zorimawi	PROPN
zorina	PROPN
zorinanga	PUNCT
zorinpui	PROPN
zorinsanga	PROPN
zorinzuali	PROPN
zoro	PROPN
zosanga	PROPN
zosangkim	ADV
zosangkima	PROPN
zosangkimi	ADV
zosangliana	PROPN
zosangliana,	PROPN
zosangliani	PROPN
zosangpuii	PROPN
zosanguala	PROPN
zosangzuala	PUNCT
zosangzuali	PROPN
zosap	NOUN
zosaphluia	PROPN
zosaphluia-te	PRON
zosaphluian	PROPN
zosapte	NOUN
zosapthara	PROPN
zosia-te	PROPN
zosâphluia	PUNCT
zosâpte	NOUN
zosâpten	DET
zosâpthara	AUX
zosâptharaten	PROPN
zotawng	NOUN
zote	PROPN
zote-a	PRON
zotea	PROPN
zotea,	PROPN
zotei	PROPN
zothan	PROPN
zothan-mawia	PROPN
zothan-zama	PROPN
zothana	VERB
zothangpuia	PROPN
zothankhuma	PROPN
zothanmawia	PROPN
zothanmawian	PROPN
zothanmawia’n	PROPN
zothanpuian	PROPN
zothanpuii	PROPN
zothansanga	PROPN
zothansanga,	PROPN
zothantluanga	PROPN
zothantluanga,	PROPN
zothantluangi	PROPN
zothanzama	PROPN
zothanzuali	PROPN
zotheihuan	NOUN
zotlang	PROPN
zotlang,	PROPN
zotlanga	PROPN
zotlangin	PROPN
zotlângah	ADP
zotrekte	PROPN
zotuithiang	PROPN
zotuitlangah	PROPN
zouhir	PROPN
zouma	PROPN
zova,	PRON
zovi	VERB
zovin	NOUN
zovin,	NOUN
zozai	NOUN
zozaite	VERB
zozam	PROPN
zozial	PROPN
zoṭawnga	NOUN
zpds	PROPN
zpm	PROPN
zpm-a	PROPN
zpm-ah	PROPN
zpm-in	PROPN
zpm-te	PROPN
zpmk	PROPN
zr	PROPN
zra	PROPN
zro	PROPN
zschech	PROPN
ztda	DET
zu	NOUN
zu,	NOUN
zu-in	ADJ
zu.	NOUN
zuah	ADJ
zuah.	ADJ
zuahbuk	NOUN
zuahte	ADJ
zuai	ADV
zuai.	ADV
zuaiin	ADJ
zuak	ADV
zual	NOUN
zual!	NOUN
zual,	NOUN
zual-	NOUN
zual.	NOUN
zual.lkawng	VERB
zual?	NOUN
zuala	PROPN
zuala,	PROPN
zuali	PROPN
zualin	VERB
zualin,	CCONJ
zualko	ADJ
zualko.	ADJ
zualkoin,	CCONJ
zualkona	VERB
zualkote	NOUN
zualna	ADJ
zualpui	ADJ
zualte	ADJ
zualtu	NOUN
zualtute	ADJ
zuam	VERB
zuan	VERB
zuang	NOUN
zuang.	NOUN
zuangleng	PROPN
zuangthla	ADJ
zuangthla.	ADJ
zuangtui	PROPN
zuangtui,	PROPN
zuangtuia	ADP
zuanin	VERB
zuankahlen	NOUN
zuanluhna	ADP
zuanthlak	SCONJ
zuantir	ADJ
zuantir.	ADJ
zuapa	VERB
zuar	VERB
zuar,	VERB
zuar.	VERB
zuara	ADJ
zuarin	NOUN
zuarte	NOUN
zuarten	NOUN
zuartu	NOUN
zuartute	ADJ
zuartute:	ADJ
zuartuten	CCONJ
zuartutin	NOUN
zuat	VERB
zuau	ADV
zubeen	PROPN
zubimendi	PROPN
zuchhip	PROPN
zuchobeni	PROPN
zuckerberg	PROPN
zudio	PROPN
zui	VERB
zui,	VERB
zui.	VERB
zui.a	ADV
zuia	PROPN
zuichhuak.	DET
zuih	VERB
zuii	ADJ
zuiin	ADJ
zuiin,	ADJ
zuin	VERB
zuina	ADJ
zuinaah	VERB
zuitir	AUX
zuitu	NOUN
zuitu'	NOUN
zuitute	ADJ
zuk	NOUN
zuk.	NOUN
zuka	VERB
zukna	NOUN
zukpuiah	NOUN
zul	NOUN
zulzui	VERB
zulzuiin	ADJ
zum	NOUN
zumin	ADJ
zun	NOUN
zun'	NOUN
zun,	NOUN
zun-ek	NOUN
zuna	PUNCT
zunah	NOUN
zung	NOUN
zung,	NOUN
zung.	NOUN
zungbun	VERB
zungchala	NOUN
zungin	VERB
zungpuiah	NOUN
zungtang	NOUN
zungtangah	ADJ
zungtangin	ADJ
zungtangte	ADJ
zungtiali	PROPN
zungzam	NOUN
zungṭang	ADJ
zunin	PROPN
zunthlum	NOUN
zunthlum,	NOUN
zur	NOUN
zurich	PROPN
zurich-a	DET
zurich-ah	PROPN
zurui	NOUN
zut	VERB
zut.	VERB
zutshi	PROPN
zutute	NOUN
zuva	NOUN
zuzi	NOUN
zverev	PROPN
zàr	ADP
záwng	NOUN
záwnga	ADJ
zâi	NOUN
zâl.	VERB
zâm	NOUN
zâmawmin	PRON
zâmin	NOUN
zân	NOUN
zânah	ADV
zâng	VERB
zângkhai	ADJ
zângnadawmna	NOUN
zânte	AUX
zâr	VERB
zâra	ADJ
zârah	ADP
zârzokima	PROPN
zârzoliana	PROPN
zârzotute	PUNCT
zât	NOUN
zâtah	NOUN
zâtve	SCONJ
zâw	VERB
zâwi	ADV
zâwk	ADV
zâwk!	ADV
zâwk,	ADV
zâwk.	ADV
zâwk?	ADV
zâwka	ADJ
zâwka,	ADJ
zâwkah	NOUN
zâwkin	NOUN
zâwkte	NOUN
zâwkten	NOUN
zâwktu	NOUN
zâwl	NOUN
zâwldawh	NOUN
zâwlnei	ADJ
zâwlneinu	NOUN
zâwlneite	ADJ
zâwm	VERB
zâwm.	VERB
zâwmtute	NOUN
zâwn	VERB
zâwna	ADJ
zâwnah	ADJ
zâwnfungte	NOUN
zâwng	NOUN
zâwng,	NOUN
zâwnga	NOUN
zâwngin	NOUN
zâwngte	NOUN
zâwng’	ADJ
zâwni	PRON
zâwntu	NOUN
zâwt	VERB
zâwt.	VERB
zå«	DET
zêk	ADV
zêl	VERB
zêl!	VERB
zêl.	VERB
zêla	ADJ
zêlah	VERB
zêlin	NOUN
zêlin,	NOUN
zêlna	ADJ
zêm	VERB
zêmabâwk	PROPN
zêmabâwkah	ADP
zêp	VERB
zínga	NOUN
zîkhlûm	VERB
zîng	NOUN
zînga	ADJ
zîngah	ADJ
zîngah,	ADJ
zû	VERB
zûk	NOUN
zûlzui	ADJ
zûn'	NOUN
zęl	ADJ
zěl	NOUN
zṭṭp	PROPN
|ha	DET
|hiak	VERB
£	PUNCT
£120,000	SYM
£12m	SYM
£18,000	DET
£18m	SYM
£20m	SYM
£220,000	SYM
£250m	VERB
£30,000	SYM
£300,000	SYM
£30m	SYM
£34m	SYM
£350,000	SYM
£35m	SYM
£38.5m	SYM
£400,000	ADV
£4mtd	SYM
£50m	SYM
£60m	SYM
£60mtd	ADP
£6m-7m	SYM
£7.7m	SYM
£71m	SYM
¥50,000.	SYM
°c	PUNCT
àn	VERB
àwm	VERB
álvares	PROPN
álvaro	PROPN
áºtchilh	AUX
â	ADJ
â!	PRON
â,	ADJ
â-ah	PROPN
â-te	NOUN
â.	VERB
âi	NOUN
âiin,	CCONJ
âm	VERB
ân	PUNCT
ânchhe	NOUN
ânchhia	NOUN
ânchhiain	NOUN
âng	VERB
ângchhûng	NOUN
ânin	VERB
âr	NOUN
ât	VERB
ât?	VERB
âtchilh	VERB
âte	VERB
âthuaina	NOUN
âtna	NOUN
âtthlak	ADJ
âtthlak.	ADJ
âtthlâk	VERB
âu	VERB
âw	NOUN
âw,	NOUN
âw.	NOUN
âw?	VERB
âwi	VERB
âwih	VERB
âwiha,	VERB
âwihna	NOUN
âwihnaah	ADV
âwihzia	ADJ
âwk	NOUN
âwka	NOUN
âwl	VERB
âwla	PRON
âwm	NOUN
âwm-ah	NOUN
âwmah	ADJ
âwmin	CCONJ
âwmna	NOUN
âwn	VERB
âwn.	VERB
â£	NUM
â£1.3mtd-in	NUM
â£100	NUM
â£10million	NUM
â£12.5mtd-in	NOUN
â£120,000	PROPN
â£150,000	PROPN
â£19mtd-in	NUM
â£2.5tld	PUNCT
â£20	NOUN
â£23,577,417	NOUN
â£25m	PRON
â£3.6m	NUM
â£300,000	NOUN
â£30mtd-in	ADP
â£325,000	NOUN
â£383,000	VERB
â£3mtd	ADJ
â£42m-in	PRON
â£50mtd	NOUN
â£55m	NUM
â£55mtd	ADP
â£58mtd-in	NUM
â£5m	ADJ
â£60,000	NUM
â£65m	ADP
â£75m	PROPN
â£80,000	VERB
â£mtd	ADP
â‚¹	PROPN
â‚¹1,64,000	NUM
â‚¹10,000	AUX
â‚¹19,68,53,731/-	ADP
â‚¹2,100	PROPN
â‚¹4000	PROPN
â‚¹5,00,000	PROPN
â€žan	PUNCT
ãlvarez	PROPN
ãlvaro	PROPN
ãm	NOUN
ãu	NOUN
ã‡alhanoäÿlu	PROPN
å£an	NOUN
å£anpuina	VERB
å£halai	SCONJ
å£ham	NOUN
å£hian	ADP
å£hiannu	ADJ
å£hin	NOUN
å£ul	ADP
ê!	ADJ
êk	NOUN
êm	ADJ
êm!	NOUN
êm!!	NOUN
êm,	ADV
êm.	NOUN
êm;	AUX
êm?	NOUN
êmna	PUNCT
êmte	INTJ
ên	VERB
êng	VERB
êng.	VERB
êngah	ADJ
êngin	ADJ
ênlaiin	NOUN
ëchhingkhual	PUNCT
ît	VERB
îtawm	ADJ
îtsîkna	NOUN
ûksâk	ADJ
ûm	NOUN
ûm.	NOUN
ûmbo	NOUN
ünal	PROPN
ürümqi	PROPN
ęk	NOUN
ęnna	NOUN
ţah	SCONJ
ţawng	NOUN
ţawngkamah	NOUN
ţhahnemngai	PRON
ţhal	NOUN
ţhalai	ADJ
ţhian	NOUN
űnga	NOUN
țan	VERB
țanpuina	ADJ
țawng	VERB
țawnga	ADJ
țawngkam	NOUN
țawngtaina	PRON
țha	VERB
țhang	NOUN
țhangthar	PRON
țhate	ADJ
țhian	NOUN
țhin.	VERB
țhin?	VERB
țhutthleng	ADJ
ṭ-a	PROPN
ṭa	PUNCT
ṭah	VERB
ṭah?	VERB
ṭahna	NOUN
ṭahnaten	NOUN
ṭahpui	NOUN
ṭahpuitu	CCONJ
ṭai	NOUN
ṭalh	ADV
ṭam	NOUN
ṭam,	NOUN
ṭam.	NOUN
ṭam?	NOUN
ṭamchhawl	VERB
ṭamdil	PROPN
ṭamna	NOUN
ṭan	VERB
ṭan.	VERB
ṭan?	VERB
ṭana	ADJ
ṭana,	ADJ
ṭanala	ADV
ṭanchhanah	NOUN
ṭang	VERB
ṭang.	VERB
ṭanga	ADJ
ṭangah	VERB
ṭangchak	AUX
ṭangdun	PROPN
ṭangho	VERB
ṭanghoin	ADP
ṭangin	ADP
ṭangin,	ADP
ṭangkai	ADJ
ṭangkai,	ADJ
ṭangkai.	ADJ
ṭangkaia	NOUN
ṭangkaiber	VERB
ṭangkaiin	ADJ
ṭangkailo	NOUN
ṭangkaina	ADJ
ṭangkaina,	ADJ
ṭangkaina:	ADJ
ṭangkaina?	ADJ
ṭangkaipui	ADJ
ṭangkaipui.	ADJ
ṭangkaite	NOUN
ṭangkaitu	NOUN
ṭangkaizia	PROPN
ṭangkawp	VERB
ṭangkawpin	VERB
ṭangkâi	PUNCT
ṭangkâina	PUNCT
ṭanglai	NOUN
ṭanglai,	NOUN
ṭangrual	ADJ
ṭangrual,	ADJ
ṭangrual.	ADJ
ṭangrual/	PROPN
ṭangruala	PRON
ṭanhmun	NOUN
ṭanho	PRON
ṭanin	ADJ
ṭanin,	ADJ
ṭanlak	NOUN
ṭanna	VERB
ṭannaah	ADV
ṭanni,	PROPN
ṭanpui	VERB
ṭanpui.	VERB
ṭanpui?	VERB
ṭanpuia	ADJ
ṭanpuia,	ADJ
ṭanpuiin	NOUN
ṭanpuina	ADJ
ṭanpuina,	ADJ
ṭanpuinaah	ADJ
ṭanpuinain	ADJ
ṭanpuitu	ADJ
ṭanrual	AUX
ṭanrualna	ADJ
ṭantir	VERB
ṭantir.	VERB
ṭantirh	ADJ
ṭantirhin	NOUN
ṭantu	VERB
ṭantute	VERB
ṭantuten	NOUN
ṭap	NOUN
ṭap.	NOUN
ṭapte	NOUN
ṭaptu	VERB
ṭawi	NOUN
ṭawiawm	ADJ
ṭawiawm.	ADJ
ṭawiawmin,	PART
ṭawiawmna	NOUN
ṭawiawmtute	ADP
ṭawih	VERB
ṭawk	VERB
ṭawk.	VERB
ṭawm	VERB
ṭawmpui	VERB
ṭawmpui.	VERB
ṭawmpuiin	PRON
ṭawmpuitute	PART
ṭawn	VERB
ṭawn.	VERB
ṭawng	NOUN
ṭawng,	NOUN
ṭawng.	NOUN
ṭawnga	ADJ
ṭawngah	NOUN
ṭawngchhe	ADJ
ṭawngchhe.	NOUN
ṭawngchhuak	NOUN
ṭawnghriatloh	VERB
ṭawngin	ADJ
ṭawngin,	ADJ
ṭawngka	VERB
ṭawngkaa	ADJ
ṭawngkain	NOUN
ṭawngkam	NOUN
ṭawngkam,	NOUN
ṭawngkama	PUNCT
ṭawngkamah	NOUN
ṭawngkamah,	ADJ
ṭawngkamte	ADJ
ṭawngkaulopment)	AUX
ṭawngkhum	ADJ
ṭawngtai	VERB
ṭawngte	NOUN
ṭawngtîr	NOUN
ṭawngvai	NOUN
ṭawngṭai	VERB
ṭawngṭai.	VERB
ṭawngṭaia	ADJ
ṭawngṭaidamthei	DET
ṭawngṭaihona	ADP
ṭawngṭaiin	NOUN
ṭawngṭaiin,	NOUN
ṭawngṭaiinkhawm	NOUN
ṭawngṭaina	NOUN
ṭawngṭaina'	NOUN
ṭawngṭaina,	NOUN
ṭawngṭaina:	NOUN
ṭawngṭainaa	ADJ
ṭawngṭainaah	ADJ
ṭawngṭainain	ADJ
ṭawngṭainate	VERB
ṭawngṭaina’	NOUN
ṭawngṭaipui	VERB
ṭawngṭaipuina	PROPN
ṭawngṭaipuinaah	NOUN
ṭawngṭairual	NOUN
ṭawngṭaisak	NOUN
ṭawngṭaisakin	PROPN
ṭawp	ADV
ṭbcc	PROPN
ṭep	VERB
ṭep,	VERB
ṭep.	VERB
ṭepah,	NOUN
ṭet	NOUN
ṭeuh	ADV
ṭeuh.	ADV
ṭha	VERB
ṭha'	VERB
ṭha,	VERB
ṭha.	VERB
ṭhaa	ADJ
ṭhaah	ADJ
ṭhah	VERB
ṭhah,	ADJ
ṭhahna	ADV
ṭhahnem	ADJ
ṭhahnemngai	VERB
ṭhahnemngaih	ADJ
ṭhahnemngaihna	ADJ
ṭhahnemngaiten	NOUN
ṭhaih	PART
ṭhaih.	ADJ
ṭhain	ADJ
ṭhain,	ADV
ṭhak	VERB
ṭhakima	PROPN
ṭhal	NOUN
ṭhalai	NOUN
ṭhalai,	NOUN
ṭhalaiah	NOUN
ṭhalaiin	PRON
ṭhalaipui	NOUN
ṭhalaite	NOUN
ṭhalaite,	ADJ
ṭhalaiteah	PRON
ṭhalaiten	NOUN
ṭhalaite’n	PRON
ṭhalbe	NOUN
ṭhalâite/	NOUN
ṭham	VERB
ṭhan	VERB
ṭhang	NOUN
ṭhang,	NOUN
ṭhang.	NOUN
ṭhangduang	PROPN
ṭhangharh	NOUN
ṭhangharh.	NOUN
ṭhangthar	NOUN
ṭhangtharte	ADJ
ṭhangtharten	NOUN
ṭhangtharte’n	NOUN
ṭhanharh	ADJ
ṭhanhnem	AUX
ṭhanna	VERB
ṭhansan	ADJ
ṭhante	PUNCT
ṭhantir	VERB
ṭhap	ADV
ṭhap.	ADV
ṭhar	ADJ
ṭhat	NOUN
ṭhat.	NOUN
ṭhat?	NOUN
ṭhatah	ADJ
ṭhatchhiat	VERB
ṭhate	ADJ
ṭhathnem	NOUN
ṭhatin	ADJ
ṭhatlai	NOUN
ṭhatlohna	NOUN
ṭhatna	NOUN
ṭhatna,	NOUN
ṭhatna?	NOUN
ṭhatnain	NOUN
ṭhatnate	VERB
ṭhatpui	VERB
ṭhatpui.	VERB
ṭhatte	VERB
ṭhatzia	ADJ
ṭhawn	VERB
ṭhawng	NOUN
ṭhazual	PROPN
ṭhazuala	NOUN
ṭha’	ADJ
ṭheh	VERB
ṭheh.	VERB
ṭheihnaah	ADV
ṭhekhat	NOUN
ṭhelh	VERB
ṭhelh.	VERB
ṭhelhnaah	NOUN
ṭhelrêt	PRON
ṭhemṭhum.	NOUN
ṭhen	VERB
ṭhen.	VERB
ṭhena	ADJ
ṭhena,	ADJ
ṭhenah	NOUN
ṭhenawm	NOUN
ṭhenawm,	NOUN
ṭhenawm.	NOUN
ṭhenawma	NOUN
ṭhenawmah	DET
ṭhenawmnu	PRON
ṭhenawmpa	NOUN
ṭhenawmpain	PRON
ṭhenawmte	ADJ
ṭhenawmten	VERB
ṭhenawmten,	VERB
ṭhendarha	NOUN
ṭhenin	ADJ
ṭhenkhat	ADJ
ṭhenkhat,	ADJ
ṭhenkhat.	ADJ
ṭhenkhata	ADJ
ṭhenkhatah	ADJ
ṭhenkhatah,	ADJ
ṭhenkhatin	ADJ
ṭhenkhatnaah	PRON
ṭhenkhatte	ADJ
ṭhenkhatten	VERB
ṭhenkhatten,	VERB
ṭhenna	NOUN
ṭhenrual	NOUN
ṭhenrualte	ADJ
ṭhensak	VERB
ṭhente	ADJ
ṭhep	ADV
ṭhet	VERB
ṭheuh	ADJ
ṭheuh!	ADJ
ṭheuh.	ADJ
ṭheuha	NOUN
ṭheuhah	ADJ
ṭheuhin	NOUN
ṭheuhte	ADJ
ṭheuhva	ADJ
ṭheuhva.	ADJ
ṭheuhvah	ADJ
ṭheuhvahte	ADJ
ṭheuhvin	VERB
ṭhi	VERB
ṭhiah	VERB
ṭhiah/	VERB
ṭhiaha	NOUN
ṭhiahsak.	VERB
ṭhial	VERB
ṭhial/ei	PRON
ṭhian	NOUN
ṭhian,	NOUN
ṭhian,’	ADP
ṭhian.	NOUN
ṭhiana	VERB
ṭhianah	NOUN
ṭhianga	PROPN
ṭhianho	NOUN
ṭhianhovin	VERB
ṭhiani,	PRON
ṭhiannu	NOUN
ṭhiannu,	NOUN
ṭhianpa	NOUN
ṭhianpa,	NOUN
ṭhianpa.	NOUN
ṭhianpa?	NOUN
ṭhianpain	ADP
ṭhiante	NOUN
ṭhiante'n	PROPN
ṭhiante,	NOUN
ṭhiante.	NOUN
ṭhiante?	NOUN
ṭhianten	NOUN
ṭhianten,	NOUN
ṭhianzaho	ADP
ṭhianṭha	NOUN
ṭhian’	NOUN
ṭhiap	ADJ
ṭhiap.	ADJ
ṭhiat	VERB
ṭhiat.	VERB
ṭhiau	ADV
ṭhihna	NOUN
ṭhin	VERB
ṭhin!	ADV
ṭhin'	VERB
ṭhin),	ADV
ṭhin,	VERB
ṭhin.	VERB
ṭhin."	VERB
ṭhin;	VERB
ṭhin?	VERB
ṭhin?’	VERB
ṭhina	ADJ
ṭhinah	ADJ
ṭhing	VERB
ṭhing.	VERB
ṭhingṭhi	VERB
ṭhingṭhiin	ADJ
ṭhingṭhiin,	ADJ
ṭhingṭhî	VERB
ṭhinin	NOUN
ṭhinlung	VERB
ṭhinna	ADJ
ṭhinrim	ADJ
ṭhinte	NOUN
ṭhinten	ADP
ṭhintu	NOUN
ṭhintu,	NOUN
ṭhintute	ADJ
ṭhintu’	NOUN
ṭhin’	VERB
ṭhu	NOUN
ṭhu.	NOUN
ṭhu?	NOUN
ṭhuah	VERB
ṭhuai	NOUN
ṭhuaiin	VERB
ṭhuam	NOUN
ṭhuamliana	ADP
ṭhuamluaia	PROPN
ṭhuampui	NOUN
ṭhuampui,	NOUN
ṭhuampuiah	PROPN
ṭhuanawp	ADJ
ṭhuang	ADJ
ṭhuap	ADV
ṭhuap.	ADV
ṭhuhmun.	NOUN
ṭhui	NOUN
ṭhuin,	ADV
ṭhuisakin	NOUN
ṭhukhawm	NOUN
ṭhukhawm.	NOUN
ṭhul.	NOUN
ṭhulh	VERB
ṭhulh.	VERB
ṭhulh?	VERB
ṭhulhtir	NUM
ṭhum	VERB
ṭhum,	VERB
ṭhumvawr	VERB
ṭhumvawra	DET
ṭhumvawrah	AUX
ṭhup	ADJ
ṭhup.	ADJ
ṭhuro	NOUN
ṭhusawp	DET
ṭhut	VERB
ṭhut.	VERB
ṭhuta	DET
ṭhutchilh	NOUN
ṭhute	AUX
ṭhuthmun	ADJ
ṭhutkhawm	VERB
ṭhutkhawm-ah	NOUN
ṭhutkhawma	DET
ṭhutkhawmah	NOUN
ṭhutkhawmna	NOUN
ṭhutkhawmnaah	ADP
ṭhutna	NOUN
ṭhutnaah	NOUN
ṭhutphah	NOUN
ṭhutpui	NOUN
ṭhutpuite	ADV
ṭhutthleng	NOUN
ṭhutthlengah	ADJ
ṭhutthlêng	ADJ
ṭhuttir	VERB
ṭhál	NOUN
ṭhâl	NOUN
ṭhâlah	NOUN
ṭhâwng	VERB
ṭhâwng.	VERB
ṭhìn.	NOUN
ṭhîn	ADJ
ṭhîn,	ADJ
ṭhîn.	ADJ
ṭhîn:	ADJ
ṭhîn;	ADJ
ṭhînte	NOUN
ṭhîntu	NOUN
ṭhîn’	ADJ
ṭhûm	VERB
ṭi	ADJ
ṭiak	VERB
ṭiak.	VERB
ṭial	NOUN
ṭiau	NOUN
ṭiaupho	NOUN
ṭiauvut	ADJ
ṭih	VERB
ṭih,	AUX
ṭih.	ADP
ṭiha	DET
ṭihbaiawm	NOUN
ṭihna	ADJ
ṭihnain	PUNCT
ṭihtu	VERB
ṭihtute	NOUN
ṭin	VERB
ṭindarh.	PRON
ṭinghmun	NUM
ṭingṭang	NOUN
ṭingṭeng	VERB
ṭinna	NOUN
ṭir.	VERB
ṭitna	PRON
ṭkp,	PROPN
ṭo	VERB
ṭo.	VERB
ṭobul	NOUN
ṭuahzâwl	ADP
ṭuan	NOUN
ṭuau	NOUN
ṭuau.	PRON
ṭui	VERB
ṭul	NOUN
ṭul,	NOUN
ṭul.	NOUN
ṭula	VERB
ṭulin	NOUN
ṭulna	ADJ
ṭulna?	ADJ
ṭulpui	NOUN
ṭulzia	NOUN
ṭum	NOUN
ṭum.	NOUN
ṭuma	ADV
ṭumah	ADJ
ṭumin	NOUN
ṭumkhat	NOUN
ṭâm	NOUN
ṭâng	VERB
ṭânghma	VERB
ṭâwm	VERB
ṭâwmpui	NOUN
ṭâwmpuiin,	CCONJ
ṭâwmpuina	NOUN
ṭâwmpuitu	NOUN
ṭâwn	ADJ
ṭêk	NOUN
ṭêkin	NOUN
ṭêp	VERB
ṭîl	ADJ
ṭûl	NOUN
ṭûl.	NOUN
ṭûlna	NOUN
ṭûlte	NOUN
ṭûlzia	NOUN
–	PUNCT
—	PUNCT
‘	PUNCT
‘a	PART
‘aijal	PRON
‘an	PRON
‘anaemia’	PUNCT
‘ang’	ADV
‘aw	NOUN
‘awlsamna’	NOUN
‘aṭangin’	ADP
‘a’	PART
‘balancing’	ADJ
‘bawm’	VERB
‘beiseina’	NOUN
‘belte	NOUN
‘bial	PUNCT
‘bible	ADP
‘bible’	PUNCT
‘bongos’	PUNCT
‘buruk	NOUN
‘b’	VERB
‘celebrities’	PUNCT
‘cell’	DET
‘chanchin	NOUN
‘changkang’	ADJ
‘charisma	PUNCT
‘chatuan	ADJ
‘chauhthubarawh’	PUNCT
‘chawimawi’	PUNCT
‘chawlhni	NOUN
‘chawngzawng’	NOUN
‘chhandam	PUNCT
‘chhandamna’	DET
‘chhandamtu	NOUN
‘chhandamtu’	PUNCT
‘chhiar-sen-loh’	PRON
‘chhiar’-in	PUNCT
‘chhiatna	ADP
‘chhiatnaah’	PUNCT
‘chhin’	PUNCT
‘chhuan’	PUNCT
‘chhût	PUNCT
‘chi	PRON
‘chiangsa’	ADJ
‘chibai’	VERB
‘chiri’	NOUN
‘chite	NOUN
‘christmas	ADJ
‘chu	PRON
‘chunglam	AUX
‘chutiang	ADJ
‘click’	VERB
‘comavâng	PUNCT
‘comment’	NOUN
‘consumer	PUNCT
‘counselling,’	PROPN
‘c’	PUNCT
‘dabar’	PUNCT
‘dam	PRON
‘damdawi’	PUNCT
‘damna	PRON
‘dan	VERB
‘dawi	PUNCT
‘dawt	NOUN
‘di	NOUN
‘dictatorship’	PUNCT
‘dik	ADJ
‘dikna’	NOUN
‘diploma’	PUNCT
‘disciplined	DET
‘duh’	PUNCT
‘d’	PUNCT
‘ecigarettes’	VERB
‘eih’	AUX
‘eirukna’	AUX
‘ekzamah	SCONJ
‘eliazara’	PUNCT
‘en	PRON
‘eng	ADJ
‘engati	VERB
‘engkim	PUNCT
‘engkim’	PUNCT
‘engtik	ADJ
‘engtin	PRON
‘essin’	PUNCT
‘ethics’	PUNCT
‘e’	VERB
‘fade	AUX
‘fai	VERB
‘fellowship’	PUNCT
‘felna	AUX
‘fel’	PUNCT
‘fimkhurna’	NOUN
‘finna’	NOUN
‘fire	PUNCT
‘fort	PUNCT
‘grade’	PUNCT
‘greyhound’	NOUN
‘ha	PUNCT
‘halleluiah	INTJ
‘ham’	NOUN
‘hawh	VERB
‘hawihhawmna’	NOUN
‘hawng’	PUNCT
‘he	VERB
‘hei	PUNCT
‘hemi	VERB
‘hetah	VERB
‘hetiang	PUNCT
‘hlawk	PRON
‘hlui’	VERB
‘hlutna	PUNCT
‘hlutna’	ADJ
‘hlân’	DET
‘hma	PUNCT
‘hmangaihna	NOUN
‘hmangaihtu’	NOUN
‘hmar-am’	NOUN
‘hmel	NOUN
‘hmingah’	PUNCT
‘hmingin’	PUNCT
‘hnam	NOUN
‘hneh	VERB
‘hnehna	PUNCT
‘hnehtute	NOUN
‘hnên’	NOUN
‘hong	DET
‘hostel’	DET
‘hriak	ADJ
‘hril	VERB
‘hruaitu	PRON
‘huai’	NOUN
‘huho	VERB
‘hun	PUNCT
‘hunah’	NOUN
‘hunin’	PUNCT
‘hymn’	NOUN
‘i	PRON
‘ila’	SYM
‘in	AUX
‘influencers’	PART
‘inkhawmpui	PUNCT
‘innei’	NOUN
‘inpuanna	NOUN
‘international	PUNCT
‘inthlan	VERB
‘invauna’	NOUN
‘isua	NOUN
‘i’	PROPN
‘judai	PROPN
‘ka	PRON
‘kaiapha	ADP
‘kal	VERB
‘kan	PRON
‘kar	PUNCT
‘kawhhmuh	PUNCT
‘kawktu’	NOUN
‘kawl	NOUN
‘kawlthei’	NOUN
‘kawng	NOUN
‘kawr	ADJ
‘ka’	PUNCT
‘kei	PRON
‘keimahni	PUNCT
‘keinin	PUNCT
‘kelkang	DET
‘ken	PUNCT
‘khawl	PUNCT
‘khawlohna	PUNCT
‘khawngaih	PUNCT
‘khawnglung	PUNCT
‘khawpui	PUNCT
‘khawvawt	NOUN
‘khawvel	PUNCT
‘khawvêl	PUNCT
‘khuaah	ADV
‘kit	VERB
‘kohhran	NOUN
‘kohhrana	PUNCT
‘kohhranho’	DET
‘kohhran’	NOUN
‘koh’	NOUN
‘kolossa	DET
‘korean	PUNCT
‘krismas	ADJ
‘krista	PUNCT
‘kristiante	AUX
‘ktp’	PUNCT
‘kulh	PUNCT
‘kumin	PUNCT
‘kuthnathawktute	PUNCT
‘kṭp’	PUNCT
‘lal	PUNCT
‘lallukhum	ADJ
‘lalpa	NOUN
‘lalpa,	PUNCT
‘lalthafamkima’	PUNCT
‘lal’	PUNCT
‘lawng	PUNCT
‘lehkhabu	AUX
‘lehnaah	PUNCT
‘lei	DET
‘leiah	AUX
‘literature	PUNCT
‘lo	SCONJ
‘lo’	PRON
‘lungngai’	PUNCT
‘lungrunpui’	NOUN
‘mahni	PRON
‘mal	PUNCT
‘mama,’	NOUN
‘mamawh’	PUNCT
‘mas’	PUNCT
‘materialism’	PUNCT
‘maund	PUNCT
‘mei	PRON
‘mi	NOUN
‘mihring	PUNCT
‘miin	PUNCT
‘min	PRON
‘ministry’	PUNCT
‘mipui	NOUN
‘mipuite	VERB
‘mission	ADP
‘mit	NOUN
‘miten	VERB
‘mizo	PRON
‘mizoram	ADP
‘muallungthu,	VERB
‘naatu	PUNCT
‘nakba’	PUNCT
‘nangma	PRON
‘nangmah	PUNCT
‘nangni	PRON
‘nau	NOUN
‘naupang	VERB
‘naupangte	PUNCT
‘ngah	PUNCT
‘ngaina’,	PUNCT
‘ngaithla’-in	VERB
‘ngai’	PUNCT
‘ngati	SCONJ
‘ngawi	PUNCT
‘ngawl	PUNCT
‘ngiau’	VERB
‘nilai	PUNCT
‘nileng	NOUN
‘nimin’	VERB
‘ningani’	NOUN
‘ni’	PART
‘no	ADP
‘nu	PUNCT
‘nuam,	ADJ
‘nun	NOUN
‘nupa	NOUN
‘n’	PROPN
‘organic’	VERB
‘oriental	PRON
‘pa	VERB
‘padma	NOUN
‘pahnihnaah’,	PUNCT
‘paih’	VERB
‘pakhat’	ADJ
‘pastor	NOUN
‘pathian	NOUN
‘pathianin	PRON
‘pathianni’	ADV
‘pavalai	ADJ
‘peih’	NOUN
‘penti	ADP
‘perhpawng’	PUNCT
‘ph$ra’	PUNCT
‘pherh’	INTJ
‘piang	VERB
‘piang,	AUX
‘piansual	PART
‘pit’	PUNCT
‘progesterone’	PUNCT
‘puan	VERB
‘puithiamten	PUNCT
‘pui’	PUNCT
‘pumapa	PUNCT
‘pu’	NOUN
‘quality’	PUNCT
‘ram	NOUN
‘ramsa	NOUN
‘ramte,	ADJ
‘rang	VERB
‘rau’	PUNCT
‘rawngbawl	PRON
‘rawngbawlna	AUX
‘rawngbâwlna	AUX
‘registered’	PUNCT
‘regular’	ADJ
‘relegate’	VERB
‘remna’	PRON
‘ren’	PUNCT
‘restore’	VERB
‘rilru	PUNCT
‘rimawi	ADJ
‘ringtute	NOUN
‘roreltute’	NOUN
‘rorêlna	PUNCT
‘ruat	VERB
‘r’	ADP
‘saiha’	PUNCT
‘sakhaw	VERB
‘sam	NOUN
‘sawi’	VERB
‘sawma	PUNCT
‘sawrkar	PUNCT
‘science	PUNCT
‘seiha’	AUX
‘sex’	PUNCT
‘sipai	ADJ
‘sual	PUNCT
‘sualna’	PUNCT
‘sual’	PUNCT
‘sua’	PUNCT
‘sum	PUNCT
‘sum’	NOUN
‘swachhta	PROPN
‘synod’	PUNCT
‘system	PUNCT
‘sûlrûl’	DET
‘tahrik	PUNCT
‘taima	PRON
‘taksa	PUNCT
‘taksa’	ADJ
‘tak’	ADV
‘tangka	VERB
‘tangkai’	ADJ
‘tawh’	PUNCT
‘tawn	VERB
‘teirei	ADV
‘telpui’	PUNCT
‘temple	PUNCT
‘tha	PART
‘thal	NOUN
‘thalai	NOUN
‘thalaite	NOUN
‘thangchhuah	NOUN
‘thar’	ADJ
‘thatchhe	ADJ
‘thawhlehna	ADJ
‘the	NOUN
‘thehthianghlim’	PRON
‘thei	PUNCT
‘thi	VERB
‘thiam	PUNCT
‘thih	VERB
‘thihna	PUNCT
‘thil	PRON
‘thiltih’	ADJ
‘thing	VERB
‘thing’	VERB
‘thinlunga	ADJ
‘thlan’	PUNCT
‘thlaphâng	VERB
‘thlarau	NOUN
‘thlarau’	NOUN
‘thli	ADJ
‘thlir	PUNCT
‘tho	VERB
‘thu	VERB
‘thuaso’	SCONJ
‘thuawihna’	AUX
‘thudik’	NOUN
‘thuhnuairawlh’	PUNCT
‘thupui	DET
‘thurinin	NOUN
‘thurêl	PRON
‘thurêl,’	VERB
‘thutak	NOUN
‘thutak’	NOUN
‘thuthlung	PROPN
‘thu’	DET
‘ti	VERB
‘tihnun’	VERB
‘tih’	VERB
‘tip’	AUX
‘tirhkohte	PUNCT
‘ti’	VERB
‘tlaikhawhnua	PUNCT
‘tlan	VERB
‘tlanchhiat’	ADJ
‘tlang	NOUN
‘tlangvâl	PUNCT
‘tlanna’	PUNCT
‘tlu’	PROPN
‘true	PUNCT
‘tu	PRON
‘tuai’	PUNCT
‘tui	VERB
‘tuilairapa	SCONJ
‘tuipui	NOUN
‘tum	VERB
‘tumkau	PUNCT
‘tumna	PRON
‘tun	ADJ
‘tunah	ADV
‘tunlai	PUNCT
‘turin’	AUX
‘twinverclyde’	PUNCT
‘tûn	PUNCT
‘tûnlai	NOUN
‘tûnlaiah	AUX
‘tûr’	VERB
‘t’	NUM
‘um	PUNCT
‘unau	PUNCT
‘uniting	DET
‘vaivut	PUNCT
‘vai’	NOUN
‘vantlang	PUNCT
‘van’	NOUN
‘vawi	PRON
‘vawiin	PUNCT
‘vawiina’	VERB
‘vawiin’	ADV
‘vote	VERB
‘vân	PRON
‘vânram’	PUNCT
‘winter	NOUN
‘zacham	PUNCT
‘zah	VERB
‘zahawmna’	PUNCT
‘zalenna	NOUN
‘zavaia	PRON
‘zionist	DET
‘zipporah’	AUX
‘zirlaite’	ADJ
‘zirna	PRON
‘zirtirna	PUNCT
‘zoram	NOUN
‘zu	NOUN
‘zuk	VERB
‘ṭawngṭai’	PUNCT
‘ṭhalai	PUNCT
‘ṭheuh’	PART
‘ṭhian	NOUN
‘ṭhing’	VERB
’	PUNCT
“awm	VERB
“hriselna	NOUN
“i	PRON
“kan	PRON
“mihringte	ADJ
“min	SCONJ
“mipa	NOUN
“nangmahnin	PRON
“nu	NOUN
“reh	VERB
“service”	NOUN
“stylefilter”	PUNCT
“”zonun	NOUN
”	PUNCT
…kan	PUNCT
…khawvelin	DET
₪	PUNCT
€150m	SYM
€600	VERB
€600,000	VERB
€900	SYM
₹1,14,820	PROPN
₹2,324	NUM
₹20,000	VERB
₹25,000/-	ADP
₹27,900/-	PROPN
₹4,00,000/-	PROPN
₹50	SYM
−18	PROPN
	PUNCT
	PUNCT
