phrase	tag
a bilha tho lo	ADJ
a bung bawrin	ADJ
a bung bâwrin	ADJ
a chhan a lak thiam	ADJ
a chhan a lâk thiam	ADJ
a chhàn a lak thiam	ADJ
a chhàn a lâk thiam	ADJ
a hman hman	ADJ
a kip a kawiin	ADJ
a lawngin	ADJ
a lâwngin	ADJ
a nu chhu dam	ADJ
a pumpa	ADJ
ah ah	ADJ
ai en thiam	ADJ
ai kaih thiam	ADJ
ai-en thiam	ADJ
aih aih	ADJ
ai-kaih thiam	ADJ
al al	ADJ
alh alh	ADJ
am am	ADJ
an hlawk	ADJ
an hlâwk	ADJ
àn hlawk	ADJ
àn hlâwk	ADJ
an vaiin	ADJ
an zain	ADJ
anchhe lawh hmang	ADJ
ânchhe lawh hmang	ADJ
ap ap	ADJ
ar ar	ADJ
âr âr	ADJ
ar hmai tiat	ADJ
âr hmai tiat	ADJ
ar khel	ADJ
ar khêl	ADJ
âr khel	ADJ
âr khêl	ADJ
ar thai ang nuan	ADJ
âr thai ang nuan	ADJ
ara chuk tui lo	ADJ
âra chuk tui lo	ADJ
arla tui zat	ADJ
arsi en tawk	ADJ
au au	ADJ
aw fiak	ADJ
aw lai	ADJ
aw lâi	ADJ
aw lawi	ADJ
aw làwi	ADJ
aw lian	ADJ
aw pawr	ADJ
aw pâwr	ADJ
aw sin	ADJ
aw sîn	ADJ
aw te	ADJ
aw té	ADJ
awh awh	ADJ
awh fak	ADJ
awh fâk	ADJ
awh fakawm	ADJ
awh fâkawm	ADJ
awih awih	ADJ
awih awm	ADJ
awih àwm	ADJ
âwih awm	ADJ
âwih àwm	ADJ
awih bakba hai	ADJ
âwih bakba hâi	ADJ
awih makmawh	ADJ
âwih mâkmawh	ADJ
awihsak tlak	ADJ
âwihsak tlâk	ADJ
awl ai	ADJ
awl ai tak	ADJ
awm dan thiam	ADJ
awm dân thiam	ADJ
awm gne	ADJ
awm gnê	ADJ
awm herh	ADJ
awm hniang	ADJ
awm khauh	ADJ
âwm khauh	ADJ
awm lian	ADJ
awm lo	ADJ
awm mawh	ADJ
awm nem	ADJ
awm nge	ADJ
awm ngê	ADJ
awm no	ADJ
awm nuam lo	ADJ
awm pe	ADJ
awm pê	ADJ
awm ren rawn	ADJ
awm ren râwn	ADJ
awm rên rawn	ADJ
awm rên râwn	ADJ
awm rer rawr	ADJ
awm rer râwr	ADJ
awm rêr rawr	ADJ
awm rêr râwr	ADJ
awm ze nei	ADJ
awmna bulbal nei lo	ADJ
awmna bulbâl nei lo	ADJ
awm-ze nei	ADJ
awr awr	ADJ
awrh awrh	ADJ
âwrh âwrh	ADJ
awt awt	ADJ
âwt âwt	ADJ
bak bak	ADJ
bǎk bǎk	ADJ
bam bam	ADJ
bâm bâm	ADJ
ban thlang tling	ADJ
ban thlang tlîng	ADJ
bang hlang	ADJ
bar bar	ADJ
bár bár	ADJ
barh barh	ADJ
baw raw	ADJ
bawl bawl	ADJ
bawp bawp	ADJ
bawr bawr	ADJ
bawrh bawrh	ADJ
be hliang	ADJ
be hliang rawk	ADJ
belval vala val	ADJ
bem bem	ADJ
ben mawh	ADJ
beng bung	ADJ
beng chhe	ADJ
beng tulul	ADJ
buai pui tham	ADJ
buai thlak	ADJ
buai thlâk	ADJ
buai-pui tham	ADJ
bual chhe lo	ADJ
buan chak	ADJ
buang ngeng	ADJ
buang ngêng	ADJ
buh thlo thei	ADJ
bulh bulh	ADJ
bur bur	ADJ
būr būr	ADJ
chak awm	ADJ
chak àwm	ADJ
chak chak	ADJ
chak lo	ADJ
chakai thi ang	ADJ
chakvak lo	ADJ
chal lang	ADJ
chal tawng	ADJ
chal tlai	ADJ
chal tlai huai	ADJ
chala lei si	ADJ
char po	ADJ
chatlak kar	ADJ
chau hau	ADJ
châu hâu	ADJ
chaw mawlh	ADJ
chaw rawp	ADJ
chaw rno	ADJ
chaw tui	ADJ
chawih chawih	ADJ
cháwih cháwih	ADJ
chawlawl zo tawh	ADJ
chawlik lha	ADJ
chawp chawp	ADJ
chawr chawr	ADJ
chawrh nawk	ADJ
chawt chawt	ADJ
chei lian	ADJ
chek chek	ADJ
chem zang	ADJ
chen chen	ADJ
cher chawk	ADJ
chér chawk	ADJ
cher cher	ADJ
cher sawng ban tii tei	ADJ
cher sawng ban tîi tei	ADJ
cher sawng ban ṭii ṭei	ADJ
cher sawng ban ṭîi ṭei	ADJ
cher sawng bàn tii tei	ADJ
cher sâwng ban tii tei	ADJ
cher sâwng ban tîi tei	ADJ
cher sâwng ban ṭii ṭei	ADJ
cher sâwng ban ṭîi ṭei	ADJ
cher sâwng bàn tii tei	ADJ
chér sawng ban tii tei	ADJ
chér sawng ban tîi tei	ADJ
chér sawng ban ṭii ṭei	ADJ
chér sawng ban ṭîi ṭei	ADJ
chér sawng bàn tii tei	ADJ
chér sâwng ban tii tei	ADJ
chér sâwng ban tîi tei	ADJ
chér sâwng ban ṭii ṭei	ADJ
chér sâwng ban ṭîi ṭei	ADJ
chér sâwng bàn tii tei	ADJ
chet chet	ADJ
chet chêt	ADJ
chêt chêt	ADJ
cheu cheu	ADJ
cheuh cheuh	ADJ
chhaih kawlh	ADJ
chhak chhak	ADJ
chhal ha	ADJ
chham bal	ADJ
chhang hmet	ADJ
chhang zing	ADJ
chhawhchhi chip	ADJ
chhawihfa thlawk	ADJ
chhawk awlh	ADJ
chhawk chhawk	ADJ
chhawng chhawng	ADJ
chhawng hnawt	ADJ
chhawr chhawr	ADJ
chhawrpial run	ADJ
chhawrpial rûn	ADJ
chhe hnap	ADJ
chhe lam	ADJ
chhe tha	ADJ
chhe ţha	ADJ
chhem dam	ADJ
chhen fak awm	ADJ
chheng chhe	ADJ
chheng chhia	ADJ
chher chher	ADJ
chhia tha	ADJ
chhia ţha	ADJ
chhia that	ADJ
chhia ţhat	ADJ
chhinchhiahna zungbun	ADJ
chho ulh	ADJ
chhu hrawt	ADJ
chhu kaw ping	ADJ
chhuana neih	ADJ
chhui chhuah rual loh	ADJ
chhungril ril	ADJ
chhûngril ril	ADJ
chhungthla hual	ADJ
chhut chhut	ADJ
chi hrang	ADJ
chi kawm	ADJ
chî kawm	ADJ
chiah mai	ADJ
chim awm	ADJ
chip chiar	ADJ
chuang liam	ADJ
chuih chuih	ADJ
chum chiap	ADJ
chum dawng	ADJ
chum dáwng	ADJ
chuti zat zat	ADJ
dah dah	ADJ
daitam sazu	ADJ
daithlang lag	ADJ
daithlang lâg	ADJ
dam dam	ADJ
dam man awm	ADJ
dam rei	ADJ
dang lo	ADJ
dap chhuah	ADJ
dap dap	ADJ
dar dar	ADJ
dar dár	ADJ
dawl zawh	ADJ
dawm dawm	ADJ
dawn rual	ADJ
dâwn rual	ADJ
dawr dawr	ADJ
dawt dawt	ADJ
de chuai	ADJ
de de	ADJ
de ser ser	ADJ
de set set	ADJ
dê sêt sêt	ADJ
de sur	ADJ
de ve ve	ADJ
de vê vê	ADJ
de vu vu	ADJ
deh deh	ADJ
deh ral	ADJ
dek dek	ADJ
dêk dêk	ADJ
dek ral	ADJ
del del	ADJ
delh delh	ADJ
dem dem	ADJ
den den	ADJ
dên dên	ADJ
dep dep	ADJ
dêp dêp	ADJ
dep ngai	ADJ
dep ngâi	ADJ
dep ngaih	ADJ
der der	ADJ
deu chhuan	ADJ
deu deu	ADJ
deuh deuh	ADJ
diai diai	ADJ
diam diam	ADJ
diar diar	ADJ
dik lo	ADJ
dikdak lo	ADJ
dim thiam	ADJ
dimduai lo	ADJ
dîmduai lo	ADJ
din hual	ADJ
ding chhuah	ADJ
ding hawn	ADJ
dip dip	ADJ
dip ngai	ADJ
dip ngaih	ADJ
dúm a	ADJ
dum paw	ADJ
dum pâw	ADJ
dum pawl	ADJ
dum páwl	ADJ
dun dun	ADJ
dûn dûn	ADJ
dup dup	ADJ
dur dur	ADJ
durh durh	ADJ
dûrh dûrh	ADJ
eih eih	ADJ
ek awk	ADJ
ek âwk	ADJ
èk awk	ADJ
èk âwk	ADJ
êk awk	ADJ
êk âwk	ADJ
el awl	ADJ
el àwl	ADJ
èl awl	ADJ
èl àwl	ADJ
êl awl	ADJ
êl àwl	ADJ
el el	ADJ
el eu	ADJ
êl eu	ADJ
elh elh	ADJ
en phal loh	ADJ
enchim loh	ADJ
eng mah tham lo	ADJ
er er	ADJ
êr êr	ADJ
fah fei	ADJ
fak tlak	ADJ
fang tir	ADJ
fano dawi	ADJ
fap fei	ADJ
far far	ADJ
fawng fawng	ADJ
fawp fu	ADJ
fek fawn	ADJ
fêk fawn	ADJ
fek fek	ADJ
fel fel	ADJ
fel lo	ADJ
fep fep	ADJ
fer fer	ADJ
fer fur	ADJ
fet fet	ADJ
fêt fêt	ADJ
fiamthu thiam	ADJ
fiâmthu thiam	ADJ
fik awk	ADJ
fing lo	ADJ
fing vervek	ADJ
fu fu	ADJ
fuih fuih	ADJ
fuk fuk	ADJ
fumfe lo	ADJ
fung fung	ADJ
fur fur	ADJ
fur khawthiang	ADJ
fûr khawthiang	ADJ
ha ha	ADJ
hâ hâ	ADJ
ha hi	ADJ
hah hah	ADJ
hai hai	ADJ
haih haih	ADJ
hak fawng	ADJ
hak hak	ADJ
hâk hâk	ADJ
hal hal	ADJ
hang lam	ADJ
hap hap	ADJ
har har	ADJ
harh chhuak	ADJ
hauh hauh	ADJ
hauvawng dar	ADJ
haw haw	ADJ
hâw hâw	ADJ
hawh hawh	ADJ
hawi hawi	ADJ
hawihhai lo	ADJ
hawihhâi lo	ADJ
hawk dak	ADJ
hâwk dâk	ADJ
hawl hawl	ADJ
hawlh bung	ADJ
hawlh hawlh	ADJ
hawlrivap lung	ADJ
hawr hawr	ADJ
heh peh	ADJ
heh petin	ADJ
hei leh chen hi	ADJ
hel hel	ADJ
hel hmang	ADJ
hem dum	ADJ
hem hem	ADJ
hem ung	ADJ
hen hen	ADJ
heuh heuh	ADJ
hial hial	ADJ
hiâl hiâl	ADJ
hiar hiar	ADJ
hla hla	ADJ
hlâ hlâ	ADJ
hlawk hlawk	ADJ
hlawm khat	ADJ
hláwm khat	ADJ
hlawt hlawt	ADJ
hleipui meipar	ADJ
hlek hlek	ADJ
hlep thla	ADJ
hliah hliah	ADJ
hliau hliau	ADJ
hlim la	ADJ
hlim thei	ADJ
hling khei	ADJ
hling nei	ADJ
hlîng nei	ADJ
hling neih	ADJ
hlîng neih	ADJ
hlu hlu	ADJ
hluk hluk	ADJ
hma zawngin	ADJ
hma zim	ADJ
hmabak ko	ADJ
hmabak kô	ADJ
hmabâk ko	ADJ
hmabâk kô	ADJ
hmai bial	ADJ
hmái bial	ADJ
hmai hlai	ADJ
hmai hlâi	ADJ
hmái hlai	ADJ
hmái hlâi	ADJ
hmai khuh	ADJ
hmai mual	ADJ
hmái mual	ADJ
hmai pan	ADJ
hmái pan	ADJ
hmai sin	ADJ
hmai sîn	ADJ
hmái sin	ADJ
hmái sîn	ADJ
hmai tlang chhah	ADJ
hmái tlang chhah	ADJ
hmai tluak	ADJ
hmái tluak	ADJ
hmai tung	ADJ
hmái tung	ADJ
hman ata tawh	ADJ
hmán ata tawh	ADJ
hman nuam	ADJ
hman rim	ADJ
hman tlak	ADJ
hman tlâk	ADJ
hman wm	ADJ
hmana mi tawh	ADJ
hmang tha	ADJ
hmar hleng	ADJ
hmar kil	ADJ
hmasa ber	ADJ
hmei nelawm	ADJ
hmel nelawm	ADJ
hmêl nêlawm	ADJ
hmel thuar	ADJ
hmel thuâr	ADJ
hmêl thuar	ADJ
hmêl thuâr	ADJ
hmel thur	ADJ
hmêl thur	ADJ
hmelchhe baibawk	ADJ
hmelchhe baibâwk	ADJ
hmêlchhe baibawk	ADJ
hmêlchhe baibâwk	ADJ
hmelchhiat lai	 idm.	ADJ
hmêlchhiat lai	 idm.	ADJ
hmelhem lo	ADJ
hmelhriat loh mi	ADJ
hmerh hmerh	ADJ
hmin lo	ADJ
hmin loh	ADJ
hmin sa	ADJ
hmin tha	ADJ
hmin ṭha	ADJ
hmin tuah	ADJ
hmin ṭuah	ADJ
hmuh chhuah rual loh	ADJ
hmuh thiam	ADJ
hmuh tlang theih	ADJ
hmui buk	ADJ
hmùi buk	ADJ
hmui bum lian	ADJ
hmùi bum lian	ADJ
hmui chhah	ADJ
hmùi chhah	ADJ
hmui mim chip zum	ADJ
hmui mîm chip zum	ADJ
hmûi mim chip zum	ADJ
hmûi mîm chip zum	ADJ
hmui ngah	ADJ
hmuipui pu	ADJ
hmûipui pu	ADJ
hmul ngah	ADJ
hnai lak	ADJ
hnai suf	ADJ
hnaisai lo	ADJ
hnam dang	ADJ
hnam laktla	ADJ
hnam ze tinreng	ADJ
hnang hnang	ADJ
hnawih theih	ADJ
hnial dang	ADJ
hnim pet	ADJ
hnuk hnuk	ADJ
hnute hne lai	ADJ
hrang hrang	ADJ
hrat khawkheng	ADJ
hrawt hrawt	ADJ
hre hre	ADJ
hreipui ha	ADJ
hrek hrek	ADJ
hri bawraw	ADJ
hrivei that	ADJ
hrohrang chhe	ADJ
hrohrang chhia	ADJ
hrohrang chhiat	ADJ
hruah hruah	ADJ
hruai hrat	ADJ
hruai sual	ADJ
hruam hruam	ADJ
hrut khawk	ADJ
hu chhuah	ADJ
hu hu	ADJ
hû hu	ADJ
hû hû	ADJ
hu nat	ADJ
hu nei	ADJ
huau huau	ADJ
huâu huâu	ADJ
huh chhuah	ADJ
huh huh	ADJ
huih thlak	ADJ
huiu huau	ADJ
hulh hulh	ADJ
hun chep	ADJ
hun chêp	ADJ
hun nei	ADJ
hun tepter	ADJ
hun teptêr	ADJ
hut hut	ADJ
in uai	ADJ
in unau	ADJ
inchawih tawk	ADJ
inchei dan	ADJ
inchhang zing	ADJ
inkai hluai	ADJ
inkai theih	ADJ
inrunral thiam	ADJ
inrunrâl thiam	ADJ
inrunril thiam	ADJ
ir awm	ADJ
ir er	ADJ
ir êr	ADJ
îr er	ADJ
îr êr	ADJ
jawng hmangthiam	ADJ
jawng tlem	ADJ
kai phar	ADJ
kai theih	ADJ
kal bosan	ADJ
kal chhuak	ADJ
kal thei	ADJ
kal thei tir	ADJ
kara tlak	ADJ
karh karh	ADJ
karkalak zau	ADJ
kaw khawh	ADJ
kaw lawi lo	ADJ
kaw lo	ADJ
kaw to	ADJ
kawh ruk	ADJ
kaw-lawi lo	ADJ
kawt hmun	ADJ
ke khai	ADJ
ke khingbai	ADJ
ker ker	ADJ
ket lawk	ADJ
keuh keuh	ADJ
kham kai	ADJ
kham khawp	ADJ
khan kai	ADJ
khan lo	ADJ
khang khan	ADJ
khâng khân	ADJ
khap bet	ADJ
khar phui	ADJ
khár phui	ADJ
khat chuan	ADJ
khaw hmu	ADJ
khaw hmuh	ADJ
khaw hmuh theihna	ADJ
khaw leilung	ADJ
khaw nu khaw pa	ADJ
khaw serh ni	ADJ
khaw te	ADJ
khaw té	ADJ
khaw tha	ADJ
khaw ţha	ADJ
khaw thal	ADJ
khaw ţhâl	ADJ
khaw thawt	ADJ
khaw thengthaw	ADJ
khaw thian	ADJ
khaw thim	ADJ
khaw tin khaw tangah	ADJ
khaw tina	ADJ
khaw tinah	ADJ
khaw tlaipui	ADJ
khaw zâwl	ADJ
khawbring tui fai	ADJ
khawfing chat	ADJ
khawfîng chat	ADJ
khawhar zai sak	ADJ
khawhar zu	ADJ
khawhring tui ţai	ADJ
khawi lak	ADJ
khawi vab	ADJ
khawia kimah	ADJ
khawiah va suh	ADJ
khawih tah	ADJ
khawihli fahrah	ADJ
khawihli zang	ADJ
khawl khawm	ADJ
khâwl khâwm	ADJ
khawla chhu	ADJ
khawla chhut	ADJ
khawlai thlî	ADJ
khawlai ung	ADJ
khâwlchhut in	ADJ
khawlh ring	ADJ
khawlian thlawhhma chen	ADJ
khawmual lawng	ADJ
khawmual thizil	ADJ
khawn ai	ADJ
khàwn ai	ADJ
khàwn tlak	ADJ
khawng thlu	ADJ
khawng thluk	ADJ
khawngaih hmêl put	ADJ
khawngaih thla lak	ADJ
khawngaih thla lâk	ADJ
khawngaihna lak	ADJ
khawngaihna lâk	ADJ
khàwnvar puan	ADJ
khàwnvár puan	ADJ
khawp a	ADJ
khawp lai hialin	ADJ
khawpkham lo	ADJ
khawpui rik	ADJ
khawpui rîk	ADJ
khawrh fai	ADJ
khawsa mawh	ADJ
khawsa thei	ADJ
khawsak rel	ADJ
khawsik damdawi	ADJ
khawsik damdawi thing	ADJ
khawte thlawhhma chen	ADJ
khawthar sât	ADJ
khawthiang tuipui	ADJ
khawthiang vahui	ADJ
khawthlang khawhin	ADJ
khawthlang lam	ADJ
khawthlang vahui	ADJ
khawtlang lunglènin	ADJ
khawtlang lungtena	ADJ
khawvar tirh aţangin	ADJ
khawvâr tirh aţangin	ADJ
khei lo	ADJ
khel lovin	ADJ
khēl lovin	ADJ
khelh khelh	ADJ
khem khum	ADJ
kheng thlawn	ADJ
kher chhuak	ADJ
kher lo	ADJ
kheuh kheuh	ADJ
khi chat	ADJ
khik chah	ADJ
khing hnih	ADJ
khing khatin	ADJ
khing khi	ADJ
khir siam	ADJ
khìr siam	ADJ
khita tangin	ADJ
khita ţangin	ADJ
khita... khi	ADJ
khitah khian	ADJ
khu ruai	ADJ
khua hmu	ADJ
khua hmu lo	ADJ
khua hmuh theihna	ADJ
khua hniam	ADJ
khua leh vang	ADJ
khua leh vàng	ADJ
khua rei	ADJ
khua ró	ADJ
khua san	ADJ
khua sang	ADJ
khua tha	ADJ
khua ţha	ADJ
khua thal	ADJ
khua ţhâl	ADJ
khua thengthaw	ADJ
khua thengthawt	ADJ
khua thengthâwt	ADJ
khua thian	ADJ
khua thim	ADJ
khua tlaipui	ADJ
khua vêng	ADJ
khua	 thiang	ADJ
khuai chawl	ADJ
khuàlbûk vengtu	ADJ
khuàlbûk vêngtu	ADJ
khuàn hnihna	ADJ
khuang tum	ADJ
khuavang samsuih	ADJ
khuavang zia	ADJ
khuih khuih	ADJ
khuk ruai	ADJ
khûk ruai	ADJ
khul khul	ADJ
khulh khulh	ADJ
khum lu	ADJ
khum mawng	ADJ
khumpui kai	ADJ
khung lut	ADJ
khung lût	ADJ
khup du-rusuih	ADJ
khûp dû-rusuih	ADJ
khup kawi ruh	ADJ
khûp kawi ruh	ADJ
khup khat hmu	ADJ
khup khup	ADJ
khup lup	ADJ
khup tung	ADJ
khûp tung	ADJ
khur khur	ADJ
khuta khu	ADJ
khutiang bawkin	ADJ
khutiang khu	ADJ
ki lên	ADJ
ki zawnna	ADJ
kiah kiah	ADJ
kian thawl	ADJ
kian thâwl	ADJ
kiang hnai	ADJ
kiang hnaiah	ADJ
kiang vela mi	ADJ
kiang vêla mi	ADJ
kiar kiar	ADJ
kil tin kil tangah	ADJ
kil tinah	ADJ
kilhna ţial	ADJ
kim chiat	ADJ
kim takin	ADJ
king an hrui	ADJ
kip hlum	ADJ
kir leh	ADJ
kit tiak	ADJ
koh kah	ADJ
koh ko khawm	ADJ
koh thawh	ADJ
koh tho	ADJ
koki ruh	ADJ
koki vuan	ADJ
kokia chhuang	ADJ
kua zut	ADJ
kua zût	ADJ
kuah chilh	ADJ
kuah kuah	ADJ
kuai vir	ADJ
kuain zut	ADJ
kuak rawn	ADJ
kuâk rawn	ADJ
kual khung	ADJ
kuàl khung	ADJ
kuang ur	ADJ
kuâng ur	ADJ
kui tiak	ADJ
kul run	ADJ
kùl rùn	ADJ
kum vei	ADJ
kum zabi	ADJ
kumpui linglet	ADJ
kung khâl	ADJ
kung khil	ADJ
kur lek luk	ADJ
kur lēk lūk	ADJ
kut rual	ADJ
kut ruh	ADJ
kût ṭiak tûka dawlrep bai hmeh ang	ADJ
kut zum	ADJ
kut zungṭang	ADJ
kuta zaizir	ADJ
kut-ke hmawr	ADJ
kutkem nei	ADJ
kutkem neih	ADJ
kutphah bêng	ADJ
kutphah dawm	ADJ
kutphah tlum	ADJ
kuttum hmuh	ADJ
kuttum lek	ADJ
kutze en	ADJ
kutze en thiam	ADJ
kutzia en	ADJ
lai dur	ADJ
lâi khuar	ADJ
lai la lain	ADJ
lai lai	ADJ
lai len huai	ADJ
lai lèn huai	ADJ
lai zawl	ADJ
laih dur	ADJ
laih dùr	ADJ
laih zawl	ADJ
laih zâwl	ADJ
laihrui nat	ADJ
laihrui zawmpui	ADJ
laiking tuibur tulh ang	ADJ
lailan tui pal	ADJ
lailen tui pal	ADJ
lailet der	ADJ
lainat hlawh	ADJ
lainat thei	ADJ
lak zamsak	ADJ
lâk zamsak	ADJ
lakher mawsawla	ADJ
lala thut	ADJ
lalah thu	ADJ
lam ţhuam	ADJ
lam ṭhuam	ADJ
lamthlang rapthla	ADJ
lan mâwi	ADJ
lan ngo	ADJ
lang mâwi	ADJ
lang ngo	ADJ
larking changdam	ADJ
lasizawl i	ADJ
lâw lâw	ADJ
lawh thlak	ADJ
lawih lawih	ADJ
lawk thlâk	ADJ
lawk thlik	ADJ
lawm takin	ADJ
làwm takin	ADJ
lawm thei	ADJ
làwm zawng	ADJ
làwm zâwng	ADJ
lawmnachang hria	ADJ
lawm-rual hawn a hun ta	ADJ
lawng karna	ADJ
lawng karna fung	ADJ
lawng veng	ADJ
lawng vêng	ADJ
làwr lawr	ADJ
làwr lâwr	ADJ
le le	ADJ
lē len	ADJ
le lo	ADJ
lé lo	ADJ
leh fo	ADJ
leh hawi	ADJ
leh tidanglam	ADJ
leh zawk	ADJ
lehkha zir	ADJ
lehlam hawisan	ADJ
lehlam lehlam	ADJ
lehzual sauh	ADJ
lei leh van kar	ADJ
lei leh vàn kar	ADJ
lei leh van tia	ADJ
lei leh vàn tia	ADJ
lei leh van tiat	ADJ
lei leh van tiât	ADJ
lei tlang	ADJ
lei tum	ADJ
leiba ṭhin	ADJ
lei-laih chah	ADJ
leilawn dawh	ADJ
leilàwn dawh	ADJ
leilung lang	ADJ
leilung luah	ADJ
lék lék	ADJ
lek phei chu	ADJ
lek phei chuan	ADJ
lem thiam	ADJ
lêm thiam	ADJ
lemlawi tum	ADJ
lemlàwi tum	ADJ
len vawrh	ADJ
lèn vawrh	ADJ
lèndêng kethiah fai	ADJ
leng thu	ADJ
leng za	ADJ
lêng-lai thih	ADJ
lêng-lâi thih	ADJ
lengten hun	ADJ
lênhlîng hrui	ADJ
lênhlîng hruí	ADJ
lep lep	ADJ
lêp lêp	ADJ
let tup	ADJ
let tup tup	ADJ
leuh leuh	ADJ
li lehthal	ADJ
li na	ADJ
liah hmeh	ADJ
liam châng	ADJ
liam liam	ADJ
lian awm	ADJ
lian tak	ADJ
lian tual tual	ADJ
liandova sepui chi tha ang	ADJ
liang tu	ADJ
liangsei vaihlo	ADJ
liankuala lak chhuah ni awm tak	ADJ
liankuala vaihlo	ADJ
liantual tuala	ADJ
liau liau	ADJ
lih pum	ADJ
lim lim	ADJ
lirhbiang chaih	ADJ
lo zawh	ADJ
loh vêk leh	ADJ
loh zawngin	ADJ
lu zawrh	ADJ
lu zuar	ADJ
lû-a kelsam to	ADJ
lû-a kelsam ṭo	ADJ
luak tichhuak	ADJ
luâk tichhuak	ADJ
luan za	ADJ
luàn zà	ADJ
luâng za	ADJ
luâng zà	ADJ
luh thlu	ADJ
luh thluk	ADJ
luh thlûk	ADJ
luh-lul chhuah	ADJ
lui kuang	ADJ
lui té	ADJ
lui thlawr	ADJ
luih hram hram	ADJ
lui-hnar kin	ADJ
lui-hnâr kin	ADJ
luitan loh	ADJ
luitang lo	ADJ
lukhum khum	ADJ
lul lo	ADJ
lum lût	ADJ
lum reng	ADJ
lun lo	ADJ
lun loh	ADJ
lung te	ADJ
lung tiawi lo	ADJ
lung zing	ADJ
lunga den	ADJ
lunga vawm	ADJ
lunga vâwm	ADJ
lungai tlak zawng	ADJ
lungâi tlâk zâwng	ADJ
lungawi loh	ADJ
lungâwi loh	ADJ
lungawi thei lo tak	ADJ
lungâwi thei lo tak	ADJ
lungawi thei tak	ADJ
lungawi theí tak	ADJ
lungâwi thei tak	ADJ
lungâwi theí tak	ADJ
lungchhe vankaiin	ADJ
lunge him	ADJ
lungkùna zawng zat	ADJ
lunglen zai	ADJ
lunglèn zai	ADJ
lungleng thei	ADJ
lunglêng thei	ADJ
lungman tam	ADJ
lungphum rem	ADJ
lungphûm rem	ADJ
lungpui dorûk	ADJ
lungpui sa	ADJ
lungs vawm	ADJ
lungte thai meuh in	ADJ
lungti ni	ADJ
mah mah	ADJ
mahni awm awma awm	ADJ
mahni duha awm	ADJ
mahni inthiâr fihlim	ADJ
mahni inthiâr fihlîm	ADJ
mahni inthiar fihlim thei	ADJ
mahni inthiar fihlîm thei	ADJ
mahni thu hmang	ADJ
maian hawp	ADJ
maih keng kawng	ADJ
maih keng kâwng	ADJ
maih kêng kawng	ADJ
maih kêng kâwng	ADJ
maih king	ADJ
maih king kawng	ADJ
màimawm ril	ADJ
maimi zial	ADJ
mâkpa zangkàng	ADJ
malh malh	ADJ
malin zawng	ADJ
malpui ruh	ADJ
maltluan châwiin	ADJ
mamawh phuhruk	ADJ
mamawh phuhrûk	ADJ
man nei	ADJ
man pêk	ADJ
man takin	ADJ
man tesêp	ADJ
man tir	ADJ
manding sap	ADJ
manding sâp	ADJ
mang ti-ang	ADJ
mangkhawng	 chhuang	 chhuan	ADJ
mar deh	ADJ
mar zan	ADJ
mat mat	ADJ
măt măt	ADJ
mau tuai	ADJ
mawih lo	ADJ
mawng ping	ADJ
mawng rit	ADJ
mawng zan	ADJ
mawng zang	ADJ
mawngtam bawr	ADJ
mawza sei	ADJ
mei tuah	ADJ
mei vil	ADJ
meihawl rawh	ADJ
meipek silai	ADJ
meitalh bawm	ADJ
meivap dahna	ADJ
meivâp dahna	ADJ
meizu mi	ADJ
mel veng	ADJ
mêl vêng	ADJ
melh melh	ADJ
melh rum	ADJ
mêna thlak	ADJ
meng tal	ADJ
meuh lo	ADJ
mi en khalh	ADJ
mi ên khalh	ADJ
mi eng	ADJ
mi lèm thiam	ADJ
mi lem ziak	ADJ
mi lenglam	ADJ
mi lenglâm	ADJ
mi man	ADJ
mi man mi	ADJ
mi thin khei zâwng takin	ADJ
mi thleng	ADJ
mi tin ti mang	ADJ
mi tlahlang	ADJ
mi velh hman	ADJ
mi velh hmang	ADJ
mi vervek	ADJ
mi zai in	ADJ
mi zuanzang	ADJ
miah lo	ADJ
mihring tlin loh	ADJ
mihring tling lo	ADJ
mi-lem siamchawp	ADJ
mi-lem ziak	ADJ
mîm tui pâwl	ADJ
mipa thut	ADJ
mipa ṭhut	ADJ
mipat pui	ADJ
mipui pung khawm	ADJ
mit da	ADJ
mit fuktir	ADJ
mit fûktir	ADJ
mit hip	ADJ
mit kham	ADJ
mit khap	ADJ
mit khap kar lovin	ADJ
mit khing siai	ADJ
mit ko vun	ADJ
mit ngo	ADJ
mit titlung	ADJ
mit vun	ADJ
mita lungte phum ang	ADJ
mita lungte phûm ang	ADJ
mit-dawi-vaih thiam	ADJ
mithi zing tho	ADJ
mithî zîng tho	ADJ
mit-khap kar lovin	ADJ
mit-khap kâr lovin	ADJ
mit-khaw hmu lo	ADJ
mitmei veng	ADJ
mitmeng phe ruai	ADJ
mitmeng phê ruai	ADJ
mitthi zawngtah	ADJ
mitthim thum	ADJ
mitthla hmu	ADJ
mitthla hmuh	ADJ
mittui tlak	ADJ
mittui tling	ADJ
mitvarr man	ADJ
mizo valmim	ADJ
mizo zial	ADJ
mon kham	ADJ
mu hlum	ADJ
mual kil	ADJ
mual mawi	ADJ
muang lei	ADJ
muang takin	ADJ
mum sawl	ADJ
mumang nei	ADJ
mumang neih	ADJ
muni ngaklang	ADJ
mut tlàn	ADJ
mut tlui	ADJ
na nge	ADJ
na ve ang	ADJ
nak ruh	ADJ
naka laiin	ADJ
nakin deuhvah	ADJ
nakin lawkah	ADJ
nakkum ah	ADJ
nal nal	ADJ
nal theih	ADJ
nam thiu	ADJ
nam thluk	ADJ
namai lo	ADJ
nan chin	ADJ
nang e	ADJ
nâng e	ADJ
nanpan tet lai	ADJ
nasat poh leh	ADJ
nasat veleh	ADJ
nat hâwn	ADJ
nat ni nei	ADJ
natna hrik	ADJ
nâu nei	ADJ
nau neih	ADJ
nâufa dawntuai	ADJ
nauno pawm	ADJ
naupang ber	ADJ
naupang chal a	ADJ
naupang chal â	ADJ
naupang chal-a	ADJ
naupang chhe	ADJ
naupang chhia	ADJ
naupang hri	ADJ
naupang kaih	ADJ
naupang sual	ADJ
naupang suâl	ADJ
naupang zawk	ADJ
naupan-tet lai	ADJ
naupan-têt lai	ADJ
nawh thuh	ADJ
nawh tlêt	ADJ
nawi nep	ADJ
nâwi nep	ADJ
nawk nawk	ADJ
nawl rawpawn	ADJ
nawn leh	ADJ
nawn nawn	ADJ
nawr chip	ADJ
nawr fai	ADJ
nâwt tlê	ADJ
nei nei	ADJ
neih thinglung khawng	ADJ
neih thinglung khâwng	ADJ
neihfaka rilbawm	ADJ
neihfâka rilbâwm	ADJ
neih-pa tâwp	ADJ
nêk sawr	ADJ
nel takin	ADJ
nêl takin	ADJ
nel tiau	ADJ
nel ṭiau	ADJ
nem muk	ADJ
nem sâwr	ADJ
nem siwr	ADJ
nem thap	ADJ
nêm thap	ADJ
nem thawp	ADJ
nêm thawp	ADJ
nem thep	ADJ
nêm thep	ADJ
nem thep thup	ADJ
nêm thep thup	ADJ
nem thup thup	ADJ
nêm thup thup	ADJ
nema chhinchhiah	ADJ
nemi nu chhu uih	ADJ
nêmi nu chhu uih	ADJ
nêmi-nu chhu uih	ADJ
nen nen	ADJ
nep nep	ADJ
nér sawk	ADJ
nga; (eng)	ADJ
ngah ngah	ADJ
ngâi vêk	ADJ
ngaih rûk	ADJ
ngaih zawn	ADJ
ngaih zâwn	ADJ
ngaihnat zawng	ADJ
ngaihnêp zawng	ADJ
ngaihthlâk ruk	ADJ
ngaihthlâk rûk	ADJ
ngaihtuah táwi	ADJ
ngainat zawng	ADJ
ngainat zâwng	ADJ
ngaithla ru	ADJ
ngâithla ru	ADJ
ngaizam thiam	ADJ
ngak ngak	ADJ
ngal khi	ADJ
ngal ngêt	ADJ
ngal ruh	ADJ
ngam pa	ADJ
ngam pat	ADJ
ngam tlak	ADJ
ngam tlâk	ADJ
ngamthlem hmang	ADJ
ngamthlêm hmang	ADJ
ngan do bel	ADJ
ngân do bêl	ADJ
ngan hel	ADJ
ngan hlak	ADJ
ngang ngang	ADJ
ngar hem	ADJ
ngar kheng	ADJ
ngar ngar	ADJ
ngau hmai hang	ADJ
ngâu hmai hâng	ADJ
ngaw bawn	ADJ
ngaw hnuai	ADJ
ngawdur phengphehlep	ADJ
ngawdur phengphehlp	ADJ
ngawh ngo	ADJ
ngawi zawn	ADJ
ngâwi zâwn	ADJ
ngawih rûkpui	ADJ
ngâwihem țawng	ADJ
ngawng ngawng	ADJ
ngawr hrik	ADJ
ngawr ngawr	ADJ
ngawt e	ADJ
ngawt ngawt	ADJ
ngawt ngawt a!	ADJ
ngawt suah	ADJ
ngei chhap a	ADJ
ngei thlak	ADJ
ngei thlâk	ADJ
ngeih ngeih	ADJ
ngek ngek	ADJ
ngel ngel	ADJ
ngelh ngelh	ADJ
ngen chi	ADJ
ngên chi	ADJ
ngeng ngeng	ADJ
nger nger	ADJ
nget nget	ADJ
nghahchhan phum	ADJ
nghahchhan phûm	ADJ
nghahchhhan phum	ADJ
nghahchhhan phûm	ADJ
nghahfaka neih	ADJ
nghahfâka neih	ADJ
nghakhing thui	ADJ
nghakhing ṭhui	ADJ
nghakuai chiah	ADJ
nghakuai ngul	ADJ
nghal ṭhiang	ADJ
nghal tim chhuah	ADJ
nghat nghat	ADJ
nghawng kawr	ADJ
nghawng thlung chah	ADJ
nghawng thlung chat	ADJ
nghawngkawl hnam	ADJ
nghâwngkawl hnam	ADJ
nghek nghek	ADJ
nghel nghet	ADJ
ngheng ngeng	ADJ
ngheng ngheng	ADJ
nghet nghet	ADJ
ngheuh ngheuh	ADJ
nghial nghial	ADJ
nghiat nghiat	ADJ
nghing ngheng	ADJ
nghinte thi	ADJ
ngho khen	ADJ
ngiah ngiah	ADJ
ngialngan takin	ADJ
ngiat ngiat	ADJ
ngin ngen	ADJ
ngin ngiau	ADJ
ngir nger	ADJ
ngit nget	ADJ
ngiu ngiau	ADJ
nguah nguah	ADJ
nguar nguar	ADJ
ngul kuai	ADJ
ngun takin	ADJ
ngûnhnam vai	ADJ
ngûnhnâm vai	ADJ
ngunhnam vai thiam	ADJ
ngunhnâm vai thiam	ADJ
ngûnhnam vai thiam	ADJ
ngûnhnâm vai thiam	ADJ
ngûnte-thi ang	ADJ
ngûnte-ṭhi ang	ADJ
ngur ngur	ADJ
ngut lo	ADJ
ngut suh	ADJ
ni chiah	ADJ
ni hnung puak	ADJ
ni kang	ADJ
ni nei	ADJ
ni neih	ADJ
ni nem	ADJ
ni zawn	ADJ
ni zung	ADJ
nichin lawkah	ADJ
nih nih ni	ADJ
nih nit	ADJ
nihliap ṭang	ADJ
niiim pal	ADJ
nik pin	ADJ
nik ping	ADJ
nikhat thil thu-ah	ADJ
nikhat thil thû-ah	ADJ
nikhaw hre lo	ADJ
nikhaw hria	ADJ
nikhua lo	ADJ
nileng piap	ADJ
nilêng piap	ADJ
nili ni	ADJ
nimin piah zan	ADJ
nimin zan	ADJ
ning durh	ADJ
nipui sensat lai	ADJ
nipui thaw	ADJ
nirawkherh hrui	ADJ
niril bawn	ADJ
no beng nei	ADJ
no hun chhan	ADJ
nuai eng	ADJ
nuai nuai	ADJ
nuam chen	ADJ
nuam chhek	ADJ
nuih awk	ADJ
nuih nuih	ADJ
nulat tlangvalna kawng	ADJ
nun chhiat thlak	ADJ
nun dan	ADJ
nung dam	ADJ
nupa rek	ADJ
nupui nei	ADJ
nupui tur	ADJ
ou ou	ADJ
p& p&	ADJ
pa chan chang	ADJ
pa chang	ADJ
pa dar ben	ADJ
pa dâr ben	ADJ
pa dawp	ADJ
pa fa	ADJ
pâ fâ	ADJ
pa fe	ADJ
pa fê	ADJ
pa khing bun	ADJ
pa pir	ADJ
pa se ek	ADJ
pa se êk	ADJ
pa siar pa siar	ADJ
pâ siar pâ siar	ADJ
pa thuah	ADJ
pa thur	ADJ
pa til	ADJ
pâ til	ADJ
pa tir	ADJ
pa tuai	ADJ
pa tumlum	ADJ
pa tur	ADJ
pa vawh	ADJ
pa zawn	ADJ
pachhe kum tiam	ADJ
pachhiat kum	ADJ
pachuau suâl ang	ADJ
pachuau velh ang	ADJ
pahmei hak fawng	ADJ
pahnih khatin	ADJ
pâi tung	ADJ
pai vun	ADJ
paih thlak	ADJ
pakhat khatin	ADJ
palai thlak	ADJ
palai tir	ADJ
palh lo	ADJ
pamanga bahzar	ADJ
pan ruang	ADJ
pan ruang suak	ADJ
pang bal	ADJ
pâng bâl	ADJ
pang khing	ADJ
pâng lâ	ADJ
pang lam chhawn	ADJ
pang lâwi	ADJ
pang si	ADJ
pang ti	ADJ
pang zawk	ADJ
pang zâwk	ADJ
pangpâr zu	ADJ
pangpar-thi hrui	ADJ
pangpâr-thi hrui	ADJ
pângpui zîal	ADJ
parem hre lo pa tál hah	ADJ
pasal nei	ADJ
pasal tha	ADJ
pasal thate	ADJ
pathian bia	ADJ
pathian hla	ADJ
pathian thu	ADJ
pathian tirhkoh	ADJ
patling darkhuang man	ADJ
pau dar	ADJ
pâu râu	ADJ
pawbahlât	 (puak)	ADJ
pawh thler	ADJ
pawh zih	ADJ
pawhchhiat lengder	ADJ
pawi tawh	ADJ
pawih pawih	ADJ
pawih sawp	ADJ
pawikhawih lo	ADJ
pawk pawk	ADJ
pawl tuam	ADJ
pawl turn	ADJ
pawla kawt	ADJ
pawm lum	ADJ
pawm pawrh	ADJ
pawn lam	ADJ
pawn ta zawk	ADJ
pawn to	ADJ
pawnchhe hnangkhai	ADJ
pâwng nek	ADJ
pawng pawng	ADJ
pawng tih	ADJ
pawnpui zung ţhui	ADJ
pawnpui zung ṭhui	ADJ
pawp pawp	ADJ
peih loh san	ADJ
pelh vawm	ADJ
pèr pawr	ADJ
pèr pàwr	ADJ
pha man zat	ADJ
phah nân hmang	ADJ
phah thuah	ADJ
phai hnah hriam	ADJ
phâi hnah hriam	ADJ
phai hnawng	ADJ
phai hnàwng	ADJ
phai zawng	ADJ
phâi zâwng	ADJ
phaitual sava	ADJ
phak phak	ADJ
phaktel hrui	ADJ
phal thu	ADJ
phal ṭhu	ADJ
phàn phàn	ADJ
phân phân	ADJ
phar phar	ADJ
pharh that	ADJ
pharh ṭhat	ADJ
pharv tha	ADJ
phat ngil	ADJ
phaw hlawh	ADJ
phawh chhuah	ADJ
phâwk lék	ADJ
phâwk lêk	ADJ
phawk sual	ADJ
phâwk sual	ADJ
phawkhai zang	ADJ
phawkhai záng	ADJ
phawrh chhuah	ADJ
phawrh phawrh	ADJ
phawt chuan	ADJ
phawt phawt	ADJ
phâwt phâwt	ADJ
phei phung	ADJ
pheichheh zang	ADJ
pheichheh záng	ADJ
pheikhawk vaw thlerh	ADJ
pheikhawk vaw-thlerh	ADJ
phek phe len	ADJ
phek phe lên	ADJ
phelh dul	ADJ
pheng lawng tum	ADJ
phêng-lawng tum	ADJ
phêng-làwng tum	ADJ
pher phek	ADJ
phet ruai	ADJ
phi sa	ADJ
phiar thluk	ADJ
phiar thlûk	ADJ
phih thla	ADJ
phing phi hlip	ADJ
phing phi hlîp	ADJ
phing phi siau	ADJ
phingphihlip bengngawng	ADJ
phiri vàu	ADJ
phit tlawh	ADJ
pho-lêng târ	ADJ
phu zawih zawih	ADJ
phuah khawm	ADJ
phuah tu	ADJ
phuai ziahna	ADJ
phuan berhpui	ADJ
phuhruk sak	ADJ
phuhrûk sak	ADJ
phui hlut	ADJ
phui hnam	ADJ
phuihnam chhia	ADJ
phuk zawk	ADJ
phûk zawk	ADJ
phul bual	ADJ
phûl bual	ADJ
phul rua	ADJ
phûl rua	ADJ
phun sawn	ADJ
phun thli	ADJ
phung lam	ADJ
phûng len	ADJ
phûng lèn	ADJ
phûng zinga piring vawrh ang	ADJ
phûng zînga piring vawrh ang	ADJ
phûngzawl tuibur duh	ADJ
phur thak bu	ADJ
phûr thak bu	ADJ
phurh hri	ADJ
phur-rit phur	ADJ
phur-rit phurh	ADJ
phurthak hlo	ADJ
phut zawk	ADJ
phut zawkna	ADJ
phût zawkna	ADJ
pi chuan	ADJ
pi fel	ADJ
pi til	ADJ
pi tu	ADJ
piah lamah	ADJ
pial lung	ADJ
pial tlep	ADJ
piâltlep hmun	ADJ
pian champhaphâk ni	ADJ
pian dan thiam	ADJ
pian leh murna	ADJ
pian leh mûrna	ADJ
pian leh murnaah	ADJ
pian vai	ADJ
pian vâi	ADJ
piang hmun	ADJ
piang thlâk	ADJ
pianhmang tha	ADJ
pianhmang ṭha	ADJ
pianna ram	ADJ
piap piap	ADJ
pil ṭha	ADJ
pil theih lohna	ADJ
pindan hnuaihnung	ADJ
ping pêng	ADJ
ping sing	ADJ
pipu uâi hla	ADJ
pipu ui	ADJ
pir phr	ADJ
pisa kai	ADJ
puah ţhek	ADJ
puak ṭhek	ADJ
puâl thu	ADJ
puala lum	ADJ
puan zung thuma ţhui	ADJ
puan zung thuma ṭhui	ADJ
puang zar	ADJ
puansûk hlo	ADJ
puar peng	ADJ
pui khat sial	ADJ
pui pui	ADJ
puk chhe-hul	ADJ
puk tho	ADJ
pûk tho	ADJ
pum hmawm	ADJ
pùm hrut hrut	ADJ
pùm hrût hrût	ADJ
pum nem lai	ADJ
pum nêm lai	ADJ
puma zai	ADJ
pùm-hrut hrut	ADJ
pùm-hrût hrût	ADJ
pumpui hmachhuana inbei	ADJ
pun khawm	ADJ
pun khâwm	ADJ
pung um	ADJ
pung ûm	ADJ
pup chaw zut	ADJ
pute ro luah dawng awm suh	ADJ
pute ro luah dáwng awm suh	ADJ
puthiana beng	ADJ
rah tlan	ADJ
rah tlàn	ADJ
rah-buk sum	ADJ
rai kah	ADJ
raih lo	ADJ
rák puan	ADJ
rak rak	ADJ
rakzu thlawr	ADJ
râl hau	ADJ
râl hàu	ADJ
ral kap	ADJ
râl kâp	ADJ
râl vênna buk	ADJ
râl vênna bûk	ADJ
rala khatah	ADJ
râla khatah	ADJ
ralah chuan	ADJ
râlah chuan	ADJ
râllêng thi	ADJ
râllêng ṭhi	ADJ
ralmuang lai	ADJ
râlmuang lai	ADJ
râltê bal	ADJ
râltê bàl	ADJ
ram mi	ADJ
ram mut	ADJ
ram ngaih	ADJ
ram pa iailêng	ADJ
ram pa laileng	ADJ
ram zu in	ADJ
ram zuan	ADJ
ramhnuai mi	ADJ
ramhuai zawl	ADJ
ramhuai zâwl	ADJ
ram-pui ṭhiat	ADJ
ramri chhinchhiahna	ADJ
ramri lung	ADJ
ramsa lawi	ADJ
ramtuileilova siam	ADJ
ran tlatna phûl	ADJ
ran zawng	ADJ
ràng buai	ADJ
rang takin	ADJ
rangkachak ti	ADJ
rângva in	ADJ
rannung thla kawm nei	ADJ
rap pelh	ADJ
rap tleu	ADJ
rapthlak takin	ADJ
râpthlâk takin	ADJ
rat rat	ADJ
ráu thukru	ADJ
rau thukruk	ADJ
rawh ut	ADJ
rawi rawi	ADJ
rawk mai	ADJ
rawk railo	ADJ
rawk rawk	ADJ
rawk rawk a	ADJ
rawl than	ADJ
rawl thau	ADJ
rawl-ral hman	ADJ
rawl-râl hman	ADJ
rawl-rala bei	ADJ
rawl-râla bei	ADJ
rawn zawk	ADJ
ràwn zawk	ADJ
rawng takin	ADJ
râwng takin	ADJ
rawnghnawihna fung	ADJ
rawpa rawp	ADJ
rawt sawmna lung	ADJ
rawt-sawmna lung	ADJ
rawtuai zawng chaw	ADJ
rawtuai zâwng chaw	ADJ
râza ram	ADJ
râzà ram	ADJ
re raw	ADJ
re râw	ADJ
rei lo te ah	ADJ
rei loh	ADJ
rei ti	ADJ
rel tu	ADJ
rêl tu	ADJ
relh ruk	ADJ
rem chho	ADJ
rem chhoh	ADJ
rem-ar talh chhan	ADJ
rem-âr talh chhan	ADJ
remchang hria	ADJ
remchâng hria	ADJ
ren ren	ADJ
rèn rèn	ADJ
reng ram	ADJ
rêng ram	ADJ
reng reng	ADJ
rêng zawl	ADJ
rêng zâwl	ADJ
rengpui ram	ADJ
rêngpui ram	ADJ
rep rep	ADJ
ret rawt	ADJ
ret râwt	ADJ
ret ret	ADJ
rêt rêt	ADJ
reu reu	ADJ
reuh reuh	ADJ
ria thup	ADJ
riak maw	ADJ
riâk maw	ADJ
rial tlak	ADJ
riâl tlâk	ADJ
rih-âr tui phur ang	ADJ
rîk râp	ADJ
ril rei	ADJ
ril rel	ADJ
rila rah	ADJ
rilru beh	ADJ
rilru bulfukna neih loh	ADJ
rilru dek	ADJ
rilru hmunkhat	ADJ
rilru hniam	ADJ
rilru tha tak put	ADJ
rim ran	ADJ
rim takin	ADJ
rinawm lo	ADJ
rinawm loh	ADJ
ring nâ	ADJ
ring tun	ADJ
ringa reh kiu thu	ADJ
ringa reh kiu ṭhu	ADJ
ring-ruh tliah	ADJ
ring-ruh tliak	ADJ
ringva in	ADJ
rinsanga be	ADJ
rip riap	ADJ
rît ret	ADJ
rît rêt	ADJ
romei zam	ADJ
romei zâm	ADJ
rorel pawl	ADJ
rorêl pawl	ADJ
ru bel	ADJ
ru thei	ADJ
ru tui	ADJ
rua hman	ADJ
ruah varpui	ADJ
ruah vârpui	ADJ
ruahhmi te	ADJ
ruahpui van-awn	ADJ
ruahpui vân-âwn	ADJ
ruai tlang	ADJ
ruai tuan	ADJ
ruâk ruâk	ADJ
ruak tawn	ADJ
rual tlang	ADJ
rual u	ADJ
rualawh nachhang hre lo	ADJ
ruang ni	ADJ
ruang ruang	ADJ
ruat lawk	ADJ
ruat lâwk	ADJ
ruh nih	ADJ
ruh no	ADJ
ruh rel	ADJ
ruh ruh	ADJ
rui lo hai lo	ADJ
ruk ru	ADJ
ruk ruk	ADJ
rula rua	ADJ
rulhut pui	ADJ
rûlhût pui	ADJ
rûlpui lu din	ADJ
rum rut	ADJ
rum rût	ADJ
run zawng	ADJ
run zâwng	ADJ
rut rut	ADJ
sa fei	ADJ
sa ha ṭah	ADJ
sa kha	ADJ
sa um fian	ADJ
sa va	ADJ
sachhe thâu hun	ADJ
sahdal ngul	ADJ
sahdal thang	ADJ
sahuai thei	ADJ
sai tur	ADJ
saiip la	ADJ
sailo lungphun ang	ADJ
sai-man thing	ADJ
sairawkherh kawih	ADJ
sairil mit put	ADJ
sak har	ADJ
sak sak	ADJ
sakawr thirbarh	ADJ
sakawr zin	ADJ
sakhan tlang	ADJ
sakhi palte hrui	ADJ
sakhua bia	ADJ
sakhua biak	ADJ
sakuh namthluk ang	ADJ
sakuh ui	ADJ
sam zial	ADJ
samat dawr	ADJ
sam-zai sin	ADJ
sam-zai sîn	ADJ
sana khawl	ADJ
sang mar	ADJ
sang sang	ADJ
sangâwi zàwnpui	ADJ
sangha awt	ADJ
sangha awt chiah	ADJ
sanghal pa chêt	ADJ
sanghar vaibel	ADJ
sangul tung	ADJ
sani khai	ADJ
sapel mi	ADJ
sâr hû lai	ADJ
sar sar	ADJ
sat sang	ADJ
satel mau la ang	ADJ
satel tui	ADJ
sathar kham	ADJ
sathâr khâm	ADJ
satui hang	ADJ
satui hâng	ADJ
sava note	ADJ
sava tui	ADJ
savawm tlak	ADJ
savun peng	ADJ
sawh ban	ADJ
sawh pawp	ADJ
sawi sawk	ADJ
sawi sâwk	ADJ
sawi thu a cheng lo	ADJ
sawi tla	ADJ
sawi tlà	ADJ
sawi zam	ADJ
sawi zâwi	ADJ
sawi zim	ADJ
sawisel bo	ADJ
sawisêl bo	ADJ
sawisel hmang	ADJ
sawisêl hmang	ADJ
sawisel hmang/hman	ADJ
sawk sawk	ADJ
sawl pawn	ADJ
sawm bi	ADJ
sâwm zim	ADJ
sâwm zîm	ADJ
sawn thlak	ADJ
sawng ho saw	ADJ
sawngpui ai	ADJ
sawngpui aih	ADJ
sawntlung pâwng	ADJ
sawp chhiat	ADJ
sawr bing	ADJ
sâwr fu	ADJ
sâwr zim	ADJ
sâwr zîm	ADJ
sawrkarna chang	ADJ
sawta tang	ADJ
sawta ṭang	ADJ
sawtsawhlawt lo	ADJ
sei lenna	ADJ
sei-hlei pawt thla	ADJ
seki khâwng	ADJ
sem sei	ADJ
sem sem dam dam	 ei bil thi thi	ADJ
sen buang	ADJ
sen dal	ADJ
sen dang	ADJ
sen duk	ADJ
sen eng	ADJ
sen hlur	ADJ
sèn loh	ADJ
sen mal tet	ADJ
sèn tet lai	ADJ
sèn têt lai	ADJ
sen tuk	ADJ
sen tûk	ADJ
sen tur	ADJ
sen tûr	ADJ
sêng sung	ADJ
sêng sûng	ADJ
senso thlâk	ADJ
sentut vei	ADJ
se-pui ruah do	ADJ
sèra mu thur lo	ADJ
sèra mu thúr lo	ADJ
serh tan	ADJ
serh vun	ADJ
si vawk bawm	ADJ
siài siâi	ADJ
sial rangin sial rang a hring	ADJ
siam chhuak	ADJ
siâm chhuak	ADJ
siâm ṭha	ADJ
siam that	ADJ
siat siat	ADJ
sih sawm	ADJ
sihdal dai	ADJ
siii siai	ADJ
sik leh sa inṭhen lai	ADJ
sikul kai	ADJ
silai zawn	ADJ
silai záwn	ADJ
simei khu	ADJ
sin thuah	ADJ
sin tit lai	ADJ
sing seng	ADJ
sîr tuak	ADJ
sîr ṭuak	ADJ
siruk la	ADJ
sisèp khawng	ADJ
suah suah	ADJ
suak chhuak	ADJ
suak zuar	ADJ
suakh zuar	ADJ
suâkh zuar	ADJ
sual chhia va	ADJ
sual pumhlum	ADJ
sual pumhlûm	ADJ
sual thupha chawina	ADJ
sualna khuh	ADJ
suam hmang	ADJ
suàn uri nu hlam	ADJ
suár tluàn	ADJ
suât suât	ADJ
sûkthlêk dan	ADJ
sum thuni nu	ADJ
sum zial	ADJ
sumdawng lawng	ADJ
sumdâwng lawng	ADJ
sumhmun bang chhak	ADJ
sumhmun bang thlang	ADJ
sumsi ring put	ADJ
ta mai	ADJ
ta sa sa	ADJ
țah chhuah	ADJ
tah fai	ADJ
tah fei	ADJ
țah lem	ADJ
țai darh	ADJ
țai thar hun	ADJ
tai thler	ADJ
taih zawt	ADJ
taikuang lawng	ADJ
tak taka	ADJ
tak zet	ADJ
takngial pawh	ADJ
țalh țalh	ADJ
ṭam se-ek	ADJ
ṭam vakawl	ADJ
țam vakawl	ADJ
țampui tuar	ADJ
țan țan	ADJ
tan tawn a	ADJ
tan tha	ADJ
ṭan ṭha leh	ADJ
țan țha leh	ADJ
tan tha lo	ADJ
ṭan ṭha lo	ADJ
țan țha lo	ADJ
tan that	ADJ
ṭan za	ADJ
țan za	ADJ
tanbaw chhut	ADJ
tang tang	ADJ
țang țang	ADJ
tang then	ADJ
ṭang ṭhen	ADJ
țang țhen	ADJ
ṭang za	ADJ
țang za	ADJ
tangka ti	ADJ
tangka vawnna	ADJ
tangkaraw chhertu	ADJ
ṭanhmun khuar	ADJ
țanhmun khuar	ADJ
ṭanna tleu	ADJ
țanna tleu	ADJ
ṭansual kum	ADJ
țansual kum	ADJ
țap chhuak	ADJ
tap chhuar kua	ADJ
tap fei	ADJ
tap reng	ADJ
tapchhak zawl	ADJ
tar chhuah	ADJ
tar kuna	ADJ
ṭawh tawh	ADJ
ṭawh ṭawh	ADJ
tawh u imper	ADJ
tawhsual tawk	ADJ
tawi tawi	ADJ
tawk tawk	ADJ
ṭawk ṭawk	ADJ
tawl tawl	ADJ
tawlh thla	ADJ
tawlh thlak	ADJ
tawm bo	ADJ
tawn tawn	ADJ
tawn tirh	ADJ
ṭawng hman dan	ADJ
țawng hman dan	ADJ
tawng hmangthiam	ADJ
tawng tlahawlh	ADJ
ṭawng tlahawlh	ADJ
tawng zung zung	ADJ
ṭawng zung zung	ADJ
ṭawngka hmuh	ADJ
țawngka hmuh	ADJ
tawngkam hmuh	ADJ
ṭawngkam khat	ADJ
țawngkam khat	ADJ
tawngkam nem	ADJ
tawngkam nêm	ADJ
ṭawngkam nem	ADJ
ṭawngkam nêm	ADJ
țawngkam nem	ADJ
țawngkam nêm	ADJ
tawngkam tha	ADJ
țawngkam țha um	ADJ
țawngkam țha ûm	ADJ
tawngkam thiam	ADJ
ṭawngkam thiam	ADJ
țawngkam thiam	ADJ
tawngkam thlum	ADJ
țawngkam tlêm	ADJ
ṭawngkama tiam	ADJ
țawngkama tiam	ADJ
tawngna maha	ADJ
ṭawngna maha	ADJ
tawng-thei lo	ADJ
ṭawng-thei lo	ADJ
tawp khawk	ADJ
tawp lo	ADJ
tawp thang	ADJ
tawpna chhinchhiahna	ADJ
tawrh hlelhawm	ADJ
tawt tawt	ADJ
te lin	ADJ
te ling	ADJ
te nau	ADJ
te sep	ADJ
te sêp	ADJ
te tak te	ADJ
te te-in	ADJ
té té-in	ADJ
ṭe tuar	ADJ
teh-chung a che!	ADJ
tehlul a che	ADJ
tei rawlái	ADJ
tel râng	ADJ
telh telh	ADJ
telpui pem ang	ADJ
telpui pêm ang	ADJ
temte liak	ADJ
tèn tên	ADJ
ṭen ṭen	ADJ
tep chek chek	ADJ
tere hual chhuak ang	ADJ
terena sum	ADJ
tet te	ADJ
têt tê	ADJ
têu chhin	ADJ
teu teu	ADJ
teuh teuh	ADJ
tha en	ADJ
ṭha en	ADJ
tha leh tui	ADJ
tha leh zung	ADJ
ṭha ṭhum lo	ADJ
tha tit ho	ADJ
tha zan	ADJ
tha zang	ADJ
thabâ leh saihlum a nget ngai lo	ADJ
thahrui nei tlêm	ADJ
thahrui ngah	ADJ
thailungi thirtiang	ADJ
thâilungi thirtiang	ADJ
thak thak	ADJ
thakthing suak	ADJ
thakthîng suak	ADJ
thal zen	ADJ
ṭhal zen	ADJ
ṭhâlbe a mi	ADJ
ṭhâlbê a mi	ADJ
ṭhâlbe-a mi	ADJ
ṭhâlbê-a mi	ADJ
thal-kap mi	ADJ
ṭham ṭham	ADJ
tham vel	ADJ
than thi nei	ADJ
ṭhan thi nei	ADJ
thang ṭung zai	ADJ
thangdâi theu	ADJ
thangkhat lian	ADJ
thangliana len lai	ADJ
thangthleng ngul	ADJ
thanmawh bawk	ADJ
thap thap	ADJ
ṭhap ṭhap	ADJ
thar pawt	ADJ
thar thawh	ADJ
thasuih hlo	ADJ
that chuh	ADJ
ṭhat chuh	ADJ
ṭhat famkim	ADJ
ţhat	 kaw ţha	ADJ
tha-thum lo	ADJ
ṭha-ṭhum lo	ADJ
thau khawh	ADJ
thaw thang	ADJ
thaw vang	ADJ
thawh rim	ADJ
thawh tho a	ADJ
thawi hawk	ADJ
thawi thawi	ADJ
thawih thawih	ADJ
thawk mawh	ADJ
thawk palai	ADJ
thawk thei	ADJ
thawl thawl	ADJ
ṭhawm ṭhawm	ADJ
thawm va	ADJ
thawn chhuah	ADJ
thawn chhuak	ADJ
thawnga leivir	ADJ
thawp loh	ADJ
thawp thawp	ADJ
thawt thawt	ADJ
ṭhawt ṭhawt	ADJ
theh theh	ADJ
ṭheh ṭheh	ADJ
ṭhe-hlan kân	ADJ
thei sinhlu	ADJ
thei zawl	ADJ
thei zâwl	ADJ
theih ṭheih	ADJ
ṭheih ṭheih	ADJ
theihnghilh nei	ADJ
theihnghilh neih	ADJ
thek thek	ADJ
ṭhek ṭhek	ADJ
thelh thelh	ADJ
ṭhelh ṭhelh	ADJ
ṭhelrêt sâwk	ADJ
ṭhêm ṭhûm	ADJ
them zial	ADJ
then uai	ADJ
thên uai	ADJ
thenawm khawveng	ADJ
ṭhenawm khawveng	ADJ
theng thaw	ADJ
thep bo	ADJ
therte lo	ADJ
thet thet	ADJ
ṭhet ṭhet	ADJ
theu theu	ADJ
ṭheu ṭheu	ADJ
theuh theuh	ADJ
ṭheuh ṭheuh	ADJ
thi tlin	ADJ
thi tling	ADJ
thiah fai	ADJ
ṭhiah fai	ADJ
thial chip	ADJ
ṭhial chip	ADJ
ṭhialret ṭhial	ADJ
thiam loh	ADJ
thiam zuar	ADJ
thiampuipa rulin chuk	ADJ
thian leh rual	ADJ
ṭhian leh rual	ADJ
thian vawk talh	ADJ
ṭhian vawk talh	ADJ
thiana zawng	ADJ
ṭhiana zawng	ADJ
thianbul thu	ADJ
thiang lo	ADJ
thianghlim lo	ADJ
thiau thiau	ADJ
thih hreh a hreh	ADJ
thih thloh	ADJ
thih thloh chauvin	ADJ
thihna tur	ADJ
thihna tûr	ADJ
thihrim puan	ADJ
thikthu chhiat	ADJ
thikthu chhuia	ADJ
thil tisual	ADJ
thil tithei	ADJ
thil tum	ADJ
thim zin	ADJ
thim zing	ADJ
thin awrh	ADJ
thin parh/pharh	ADJ
thin pharh	ADJ
thing saum bur	ADJ
thing tang kuai	ADJ
thing ṭang kuai	ADJ
thing zik bula zawng dan ang	ADJ
thing zik bula zâwng dan ang	ADJ
thing-lung kheng	ADJ
thingpawn chhia	ADJ
thingpui tluk	ADJ
thingṭang lem tum ang	ADJ
thingzai phaw	ADJ
thinlung hmunkhat	ADJ
thinlung na	ADJ
ṭhipawl zuar	ADJ
țhipawl zuar	ADJ
thisen chhuak	ADJ
thisen pal	ADJ
thisuk nei	ADJ
țhi-țha lo	ADJ
thla zar	ADJ
thla zâr	ADJ
thlah dul	ADJ
thlah fal	ADJ
thlai hnephnawl	ADJ
thlak thlak	ADJ
thlak thleng	ADJ
thlaki ruh	ADJ
thlan tui	ADJ
thlan tui leih	ADJ
thlang lam	ADJ
thlang tla	ADJ
thlang tlak	ADJ
thlangdara su	ADJ
thlangra tah	ADJ
thlansa phûl kaiin	ADJ
thlarau ang	ADJ
thlarau inlar	ADJ
thlarau lam	ADJ
thlarau mi	ADJ
thlasik mumang ang	ADJ
thlasik tui hnawtchhuaktu	ADJ
thlawh thlawk chhuak	ADJ
thlawhtheihna ţum-hmun	ADJ
thlawk kat	ADJ
thlawp thlawp	ADJ
thlawt lo	ADJ
thlâwt lo	ADJ
thlei thlak	ADJ
thleibik nei	ADJ
thlêk dan lak	ADJ
thlém thlûk	ADJ
thlem thlum	ADJ
thlemna tawk	ADJ
thlèmna tawk	ADJ
thlen in hnawng	ADJ
thlen peih	ADJ
thleng tlawr zuan	ADJ
thlèng tlawr zuan	ADJ
thlen-in hnawng	ADJ
thler thlawr	ADJ
thli dawng	ADJ
thli hrang	ADJ
thli hrâng	ADJ
thli thâwt	ADJ
thli tleh	ADJ
thli up	ADJ
thli ûp	ADJ
thliah thliah	ADJ
thliarkara awm ang	ADJ
thliarkâra awm ang	ADJ
thlichhe len luh	ADJ
thlir thler	ADJ
thlîr thler	ADJ
thlohpui rorelin	ADJ
thlohpui rorêlin	ADJ
thlu lêngi dàwn chen	ADJ
thlu lo	ADJ
thluak nem	ADJ
thluak nêm	ADJ
thluâk nêm	ADJ
thluak thluak	ADJ
thlu-lêngi dawn chen	ADJ
thlu-lêngi dàwn chen	ADJ
thlum zek	ADJ
thlung lu lawknu	ADJ
thlung-lu lawknu	ADJ
thlung-lu lawkpa	ADJ
thlup thlup	ADJ
tho tuai lam	ADJ
tho-tuai lam	ADJ
tho-tuai làm	ADJ
thu mu hnu chawk chhuah	ADJ
thu neia siam	ADJ
țhu ngil	ADJ
thu tluan	ADJ
thu tluk	ADJ
țhu tung	ADJ
thu vawn	ADJ
thu zeh	ADJ
thu zep	ADJ
thu zêp	ADJ
thu zêppuitu	ADJ
thu zuk	ADJ
ṭhuah ṭhuah	ADJ
thuahhma sawi	ADJ
ṭhuai ṭhuai	ADJ
thuam phur	ADJ
thubuai hla buai	ADJ
thufing tawi	ADJ
thuhnu veng	ADJ
thuhnu vêng	ADJ
thuhnuairawlh takin	ADJ
țhui awp bu	ADJ
thuk dûr	ADJ
thuk thuk	ADJ
thukhat vuain	ADJ
ṭhul ṭhul	ADJ
țhul țhul	ADJ
ṭhulh ṭhulh	ADJ
țhulh țhulh	ADJ
ṭhum vawrhin	ADJ
țhum vawrhin	ADJ
thumbawh zekhang	ADJ
thun ut	ADJ
thuneihna pek	ADJ
thuneihna pêk	ADJ
thup rûk	ADJ
thu-pai nuam	ADJ
thupawi nei	ADJ
thupha chawi	ADJ
thuphung sawi	ADJ
thupui hlapui	ADJ
thur thur	ADJ
thûr thûr	ADJ
thurochhiah lehkha	ADJ
thuruk hlaruk	ADJ
thurûk hlarûk	ADJ
thusawi ban chuar chuar	ADJ
thut tun	ADJ
țhut tun	ADJ
thutak sawi	ADJ
thuthang sual	ADJ
thuthlunna bawm	ADJ
thutiam neiin	ADJ
thutiam nel	ADJ
ṭhutphah herhsawp	ADJ
țhutphah herhsawp	ADJ
ti awm takin	ADJ
ti belkang	ADJ
ti chereu	ADJ
ti chhe	ADJ
ti chheih chawih	ADJ
ti chheih chhawih	ADJ
ti chihnih	ADJ
ti engtu	ADJ
ti thur thur	ADJ
ti zut	ADJ
ti zuva	ADJ
tia lek	ADJ
tia pui	ADJ
tia ve	ADJ
ṭial vawm	ADJ
țial vawm	ADJ
țiam țiam	ADJ
tiam tlat	ADJ
tiang hawl	ADJ
tiang khawm	ADJ
tiang tiang	ADJ
tiang zakdo	ADJ
tiang zakdo ringa kal	ADJ
tianga uai	ADJ
tiar tiar	ADJ
tiat lek	ADJ
tiat pui	ADJ
ṭiau vut	ADJ
țiau vut	ADJ
tidak nalh	ADJ
tih âwih	ADJ
tih tit	ADJ
tih tlai	ADJ
tihbawrh bawrh	ADJ
tihchawih chawih	ADJ
tihchawng chawn	ADJ
tihchep chep	ADJ
tihchet theih loh	ADJ
tih-dan la	ADJ
tihdan vel	ADJ
tih-fiap fiap	ADJ
tih-hul hual	ADJ
tihnu fum	ADJ
til ril	ADJ
til thênna lam	ADJ
timeuh lo	ADJ
ṭingṭang perh	ADJ
țingțang perh	ADJ
tir kir	ADJ
tir vi	ADJ
tira mei kai	ADJ
tirh nawm	ADJ
tirh nuam	ADJ
tisa chakna	ADJ
tisa lam	ADJ
titei tei	ADJ
titi pui	ADJ
titi sawi	ADJ
tla fâl	ADJ
tla tlum	ADJ
tla zawt	ADJ
tlai sial	ADJ
tlai tlan	ADJ
tlak awrh	ADJ
tlâk awrh	ADJ
tlak deng	ADJ
tlak dêng	ADJ
tlâk deng	ADJ
tlak thlak	ADJ
tlâk thlâk	ADJ
tlak tlum	ADJ
tlakna lei	ADJ
tlâkna lei	ADJ
tlaktlai lo	ADJ
tlâktlai lo	ADJ
tlan tau	ADJ
tlân tau	ADJ
tlang chhip	ADJ
tlâng chhip	ADJ
tlang hna	ADJ
tlâng hna	ADJ
tlang hriam	ADJ
tlâng hriam	ADJ
tlang hriat	ADJ
tlâng hriat	ADJ
tlang kam	ADJ
tlâng kam	ADJ
tlang zai	ADJ
tlang zilh	ADJ
tlâng zilh	ADJ
tlang zum	ADJ
tlâng zum	ADJ
tlângpui takin	ADJ
tlang-sam sap	ADJ
tlangval um	ADJ
tlangval ûm	ADJ
tlat fal	ADJ
tlat hran	ADJ
tlawk tlawk	ADJ
tlawma la	ADJ
tlawma lak	ADJ
tlawmngai takin	ADJ
tlawng awl	ADJ
tlawng âwl	ADJ
tleirawl chhuahpui	ADJ
tleirawl chhuak	ADJ
tlek tlek	ADJ
tlêm lai khan	ADJ
tlêm lai khân	ADJ
tlem tlemin	ADJ
tlêma zawng	ADJ
tlêma zâwng	ADJ
tlemah tlemah	ADJ
tlêmah tlêmah	ADJ
tleng (fail	ADJ
tleng fai	ADJ
tlin zawh	ADJ
tling thu	ADJ
tlingi leh ngama	ADJ
tlu zal	ADJ
tlu zâl	ADJ
tluan chhuah	ADJ
tluan chhuak	ADJ
tluang hrul	ADJ
tluk hlum	ADJ
tlûk hlum	ADJ
tluk leh dingawm	ADJ
tlûk zal	ADJ
tlûk zâl	ADJ
tlungkhum chehna	ADJ
ṭo zawng	ADJ
țo zawng	ADJ
toh lawt	ADJ
toh lâwt	ADJ
ṭokai hai	ADJ
tu zawk nge	ADJ
ṭuah ṭuah	ADJ
țuah țuah	ADJ
ṭuai ṭuai	ADJ
tuaka no	ADJ
tuaka no rorel	ADJ
tual phiat	ADJ
tual tlân za	ADJ
tual tual	ADJ
tualchhung buaina	ADJ
tualchhung mi	ADJ
tuallai leng	ADJ
tuallai thli	ADJ
tual-tlan za	ADJ
tualvungi lung	ADJ
tualvungi thlan	ADJ
ṭuam ṭuam	ADJ
țuan țuan	ADJ
tuana saruh khel	ADJ
tuar zângkhai	ADJ
tuar zuau	ADJ
tuha hem	ADJ
tuha zawn	ADJ
tui ril	ADJ
tui tai	ADJ
tui tâi	ADJ
tui zau pui	ADJ
tui zu	ADJ
tuikuk bepui	ADJ
tuin nge	ADJ
tuipui sava	ADJ
tuipui sut hlah	ADJ
tuitai put	ADJ
tuitang lo	ADJ
tûk zanin	ADJ
tûk zânin	ADJ
tukkhum pawng	ADJ
tukverh dawh	ADJ
tukverh lehkapui	ADJ
tulh tulh	ADJ
tum vuih	ADJ
tûm vuih	ADJ
tuma lum	ADJ
tuma ta	ADJ
tumah a lum	ADJ
tumtarah vulh	ADJ
țûn țûn	ADJ
tun turn	ADJ
tung zût zût	ADJ
tûnlai thangthar	ADJ
tûnlai ṭhangthar	ADJ
tute nge	ADJ
ual ual	ADJ
uan thu	ADJ
uang thei	ADJ
uang uang	ADJ
uar pui	ADJ
ui a	ADJ
ui ngul	ADJ
ûm zui	ADJ
ûmpawng par	ADJ
ûmpâwng pâr	ADJ
unau laitla khat	ADJ
unau thawnthu sawi mah a dang	ADJ
up hlum	ADJ
up up	ADJ
upa tawng	ADJ
urh sun	ADJ
ur-lâwk zan	ADJ
vai velh ang	ADJ
vai zin	ADJ
vai-pui lenlai	ADJ
vaivut khu	ADJ
vaivut khuk	ADJ
vâk vel	ADJ
vâk vêl	ADJ
vaki ria	ADJ
vakul chang	ADJ
val val	ADJ
van a pa hruipui	ADJ
van țial	ADJ
van vawm hrui	ADJ
van vawrh	ADJ
van zawl	ADJ
van zu	ADJ
vana pa	ADJ
vana rah ang	ADJ
vanduai asiamin	ADJ
vanduai chingchihlip	ADJ
vanduai chingchihlîp	ADJ
vanduai mangkhawng	ADJ
vang pui	ADJ
vang vât	ADJ
vang zawngin	ADJ
vankai hrui	ADJ
vanni sal	ADJ
vapual rawl ang	ADJ
vau thue	ADJ
vawih uih hrui	ADJ
vawih-uih hrui	ADJ
vawk sa	ADJ
vawk sahriak	ADJ
vawkvun kang	ADJ
vawm tlak	ADJ
vawn up	ADJ
vawn ûp	ADJ
vawng up	ADJ
ve ve	ADJ
vehbûr khawn	ADJ
vei ruk	ADJ
vei vir	ADJ
vek chuan	ADJ
vel thang	ADJ
vel vel	ADJ
ven tha na	ADJ
ven ven	ADJ
veng uluk	ADJ
verh pawp	ADJ
vet bur khat	ADJ
vet vet	ADJ
veu veu	ADJ
viah viah	ADJ
viak ṭha	ADJ
vial tup tup	ADJ
viang viang	ADJ
viat viat	ADJ
vir kik	ADJ
vu vu	ADJ
vuai vuai	ADJ
vuak tah	ADJ
vuak ṭah	ADJ
vuih hlawh	ADJ
vuih man	ADJ
vut tu i	ADJ
vut vut	ADJ
wawk thil	ADJ
za chat	ADJ
za hngai	ADJ
za la	ADJ
za lai	ADJ
za thum	ADJ
za vai	ADJ
zachham lak	ADJ
zah pah	ADJ
zah theih	ADJ
zah theih loh	ADJ
zah ve	ADJ
zah zel	ADJ
zah zum	ADJ
zai rem	ADJ
zai sin	ADJ
zai thiam	ADJ
zai zia	ADJ
zai zir	ADJ
zain thi	ADJ
zaizawh hrui	ADJ
zak thal	ADJ
zak zak	ADJ
zak zeh	ADJ
zak zum	ADJ
zakhnuaia phur	ADJ
zakhua rawih	ADJ
zakthei lo	ADJ
zâkzeh ip	ADJ
zakzeh tiang	ADJ
zâl tui	ADJ
zalam tum kawng	ADJ
zalam ṭum kawng	ADJ
zam zo	ADJ
zâm zo	ADJ
zaman hmawng	ADJ
zân lai lifen	ADJ
zan zan	ADJ
zân zân	ADJ
zang kaw ki	ADJ
zang kawl tuk	ADJ
zang vawh	ADJ
zâng vawh	ADJ
zangthal tulhleuh	ADJ
zangthal zawngin	ADJ
zankhaw tairek	ADJ
zankhaw tairêk	ADJ
zanlai ar khuan	ADJ
zanlai âr khuan	ADJ
zanlal ar khuan	ADJ
zanriah ei hun	ADJ
zâp hru	ADJ
zar thlek	ADJ
zar zar	ADJ
zar zo	ADJ
zat la	ADJ
zât la	ADJ
zat tēh zata	ADJ
zat tēh zâta	ADJ
zat zat	ADJ
zât zât	ADJ
zatve velah	ADJ
zatve zatve	ADJ
zauh zauh	ADJ
zawh chian	ADJ
zawh dawra suk tin ang	ADJ
zawh zêm	ADJ
zawhte upata upa	ADJ
zawi zawia	ADJ
zawi zawiin	ADJ
zawih zawih	ADJ
zawk ngial	ADJ
zawk zaw	ADJ
zâwl buk	ADJ
zawl chawng	ADJ
zawl thu	ADJ
zâwl thu	ADJ
zawlbuk thing nawi fawm	ADJ
zawlbuka e tang theuh theuh	ADJ
zawm thaw	ADJ
zawm zat	ADJ
zawng te nawhlung	ADJ
zâwng za	ADJ
zawng zui	ADJ
zâwng zui	ADJ
zawnga tuar ai ngauvin a tuar	ADJ
zâwnga tuar ai ngauvin a tuar	ADJ
zawnghri vei hmai ang	ADJ
zawr zawr	ADJ
zawt zawt	ADJ
ze he lo	ADJ
ze hê lo	ADJ
ze te	ADJ
ze tê	ADJ
zei zei	ADJ
zel te	ADJ
zêl tê	ADJ
zel thei	ADJ
zel zel	ADJ
zel zui	ADJ
zem khat zen	ADJ
zen zawn	ADJ
zêp ui mu hni	ADJ
zia zia in	ADJ
ziak mi	ADJ
ziak pui	ADJ
zial kung	ADJ
zial kûng	ADJ
ziar hru	ADJ
ziat kawng	ADJ
ziat ziah	ADJ
ziau ziau	ADJ
zin veivâk	ADJ
zing vartian	ADJ
zing zing	ADJ
zir loh	ADJ
zir ziar	ADJ
ziza tawn	ADJ
zo vuakdûp	ADJ
zo za	ADJ
zo-hniar kaih luh ang	ADJ
zo-thing hang	ADJ
zozai lo	ADJ
zu lei bâk gi	ADJ
zu pui si am	ADJ
zu ri	ADJ
zu ru	ADJ
zu rû	ADJ
zuah zuah	ADJ
zuai zawk	ADJ
zual ko	ADJ
zuan thawh	ADJ
zuang zuan	ADJ
zui ru	ADJ
zui tung	ADJ
zuk dawn	ADJ
zum bel	ADJ
zum bêl	ADJ
zun zun	ADJ
zûng zawn	ADJ
zûng zâwn	ADJ
zungbun buntir	ADJ
zungbun kual	ADJ
zungchal chen	ADJ
zungpui bawk	ADJ
zût thla	ADJ
a chhapah	ADP
a laiah	ADP
a leiah	ADP
hman lak chuan	ADP
hmân lak chuan	ADP
kawng thu ah	ADP
kawng thu-ah	ADP
kiang hnai	ADP
lâm lût	ADP
lam thu zawng	ADP
lo chu	ADP
lo háwng	ADP
lo hi	ADP
lo liam	ADP
lo nghâk	ADP
ma ma	ADP
mah se	ADP
mah sé	ADP
ráu hren	ADP
a awl zawngin	ADV
a awl zâwngin	ADV
a ba a thlain	ADV
a bâ a thlâin	ADV
a biling a balangin	ADV
a bingbi letin	ADV
a bingbi-letin	ADV
a binin	ADV
a bo a bãng awm lovin	ADV
a bubitin	ADV
a changin	ADV
a chângin	ADV
a chawp chilhin	ADV
a chhuan chhe zawngin	ADV
a chhuan chhe zâwngin	ADV
a chhuanchhe zawngin	ADV
a chhuan-chhe zawngin	ADV
a chhuanchhe zâwngin	ADV
a chhuan-chhe zâwngin	ADV
a chhuk a chho va	ADV
a chhuk a chhova	ADV
a chhuk a chho-va	ADV
a chhun a zanin	ADV
a chhun a zànin	ADV
a chhùn a zanin	ADV
a chhùn a zànin	ADV
a chhûn a zanin	ADV
a chhûn a zànin	ADV
a chhungin	ADV
a chhûngin	ADV
a chi chiin	ADV
a chinah	ADV
a chinchhuakin	ADV
a cho phur zawngin	ADV
a cho phur zâwngin	ADV
a cho phúr zawngin	ADV
a cho phúr zâwngin	ADV
a chuang a liamin	ADV
a chuangin	ADV
a dala dal rual lohvin	ADV
a dàla dàl rual lohvin	ADV
a dang dangah	ADV
a dawtah	ADV
a do khawh zawngin	ADV
a do khawh zâwngin	ADV
a dodal zawngin	ADV
a dodâl zâwngin	ADV
a dung zawngin	ADV
a dung zâwngin	ADV
a falin	ADV
a fâlin	ADV
a firin	ADV
a fung bun zawngin	ADV
a fung bun zâwngin	ADV
a fur a thalin	ADV
a fur a thálin	ADV
a fur a ṭhalin	ADV
a fur a ṭhálin	ADV
a fûr a thalin	ADV
a fûr a thálin	ADV
a fûr a ṭhalin	ADV
a fûr a ṭhálin	ADV
a hlangin	ADV
a hlawmin	ADV
a hlawpin	ADV
a hleihluakin	ADV
a hlel hlel	ADV
a hlim a chhawngin	ADV
a hlim a chhâwngin	ADV
a hlimchhawnga	ADV
a hlimchhâwnga	ADV
a hlimchhawngah	ADV
a hlimchhâwngah	ADV
a hlimhlawp zawngin	ADV
a hlimhlawp zâwngin	ADV
a hlirin	ADV
a hmain	ADV
a hmatiamin	ADV
a hmingin	ADV
a hovin	ADV
a hrang hrangin	ADV
a hrangin	ADV
a hranin	ADV
a hringhranin	ADV
a hringhrànin	ADV
a huau huau zawngin	ADV
a huau huau zâwngin	ADV
a huhovin	ADV
a hun hunah	ADV
a hun takah	ADV
a hungin	ADV
a lai laklawhah	ADV
a leh a lingin	ADV
a lehhnihi	ADV
a lehhnihin	ADV
a lehpekah	ADV
a lei la zawngin	ADV
a lei la zâwngin	ADV
a leiko zawngin	ADV
a leiko zâwngin	ADV
a leikuai zawngin	ADV
a leikuai zâwngin	ADV
a let hnihin	ADV
a lêt hnihin	ADV
a letlingin	ADV
a lingletin	ADV
a lo thlawnin	ADV
a lo thlàwnin	ADV
a lohvin	ADV
a lova luatin	ADV
a lu nungin	ADV
a luatin	ADV
a lungphur bu chawpin	ADV
a lungphúr bu chawpin	ADV
a maka makin	ADV
a mal malin	ADV
a malin	ADV
a meikhu chhuakin	ADV
a mik a mak	ADV
a naktipah	ADV
a naranin	ADV
a narànin	ADV
a nazawgin	ADV
a ngai ngaiin	ADV
a ngaiin	ADV
a ngial a nganin	ADV
a ngit a ngêta	ADV
a ngît a ngêta	ADV
a ni a telin	ADV
a ni a tèlin	ADV
a ni a tinin	ADV
a ni awm e	ADV
a ni âwm e	ADV
a ni lo zawng	ADV
a ni lo zâwng	ADV
a ni lo zawngin	ADV
a ni lo zâwngin	ADV
a ni thei e	ADV
a ni zawnin	ADV
a ni zâwnin	ADV
a pa chhuakin	ADV
a pawi a hmarin	ADV
a pawi a hmàrin	ADV
a pâwi a hmarin	ADV
a pâwi a hmàrin	ADV
a pawnga puiin	ADV
a pâwnga puiin	ADV
a pawnga takin	ADV
a pâwnga takin	ADV
a pui a nawiin	ADV
a pui a pangin	ADV
a pui nawiin	ADV
a pum pu hlumin	ADV
a pum pu hlúmin	ADV
a pum pu hlûmin	ADV
a pumin	ADV
a pum-pu-hlumin	ADV
a pum-pu-hlúmin	ADV
a pum-pu-hlûmin	ADV
a pung umin	ADV
a pung ûmin	ADV
a ral a khatin	ADV
a ral a khatín	ADV
a ram a ramin	ADV
a rapa rapthlakin	ADV
a râpa râpthlâkin	ADV
a rualin	ADV
a ruh langin	ADV
a ruk a ralin	ADV
a ruk a râlin	ADV
a rûk a ralin	ADV
a rûk a râlin	ADV
a rukin	ADV
a rûkin	ADV
a rumin	ADV
a sa kalin	ADV
a sa lakah	ADV
a sang a sangin	ADV
a sâng a sângin	ADV
a sen a bel ah	ADV
a sen a bêl ah	ADV
a sèn a bel ah	ADV
a sèn a bêl ah	ADV
a sen a bel-ah	ADV
a sen a bêl-ah	ADV
a sèn a bel-ah	ADV
a sèn a bêl-ah	ADV
a sen tetah	ADV
a sen têtah	ADV
a sèn tetah	ADV
a sèn têtah	ADV
a serh thian chauhvin	ADV
a siruk lain	ADV
a sisawpin	ADV
a sur a sa hnuaiah	ADV
a sûr a sa hnuaiah	ADV
a tahtawlin	ADV
a takin	ADV
a tama tamin	ADV
a tawi zawngin	ADV
a tawi zâwngin	ADV
a tawng tawngin	ADV
a tawp a tawpah	ADV
a tâwp a tâwpah	ADV
a tawpkhawk thlengin	ADV
a tawpkháwk thlengin	ADV
a tâwpkhawk thlengin	ADV
a tâwpkháwk thlengin	ADV
a tâwpkhâwk thlengin	ADV
a tepter te ah	ADV
a tepter tê ah	ADV
a teptèr te ah	ADV
a teptèr tê ah	ADV
a tepter te-ah	ADV
a tepter tê-ah	ADV
a teptèr te-ah	ADV
a teptèr tê-ah	ADV
a thara	ADV
a thawi in	ADV
a thâwi in	ADV
a thawia	ADV
a thâwia	ADV
a thawka phita	ADV
a thâwka phita	ADV
a themin	ADV
a thiangin	ADV
a ṭhiangin	ADV
a thim a thimin	ADV
a thla a tinin	ADV
a thla a tînin	ADV
a thla kipin	ADV
a thlaa thla tinin	ADV
a thlaa thla tînin	ADV
a thlawnin	ADV
a thlàwnin	ADV
a thlur zawngin	ADV
a thlur zâwngin	ADV
a thlûr zawngin	ADV
a thlûr zâwngin	ADV
a thlurin	ADV
a thlûrin	ADV
a tingtawm zawngin	ADV
a tingtawm zâwngin	ADV
a tingtawmin	ADV
a tipah	ADV
a tirah	ADV
a tirin	ADV
a tlachawpin	ADV
a tlai a tlaiin	ADV
a tlar tluanin	ADV
a tlarin	ADV
a tlawnin	ADV
a tlâwnin	ADV
a tluanin	ADV
a tuk a telin	ADV
a tûk a telin	ADV
a tuk a tinin	ADV
a tûk a tinin	ADV
a tuk zawnin	ADV
a tuk zâwnin	ADV
a tûk zawnin	ADV
a tûk zâwnin	ADV
a tukah	ADV
a tûkah	ADV
a tuklehah	ADV
a tûklehah	ADV
a tum a tlangin	ADV
a tung zawngin	ADV
a tung zâwngin	ADV
a tur a hrangin	ADV
a tur a hrângin	ADV
a tûr a hrangin	ADV
a tûr a hrângin	ADV
a ui liahin	ADV
a va	ADV
a va ek dawng zawngin	ADV
a va ek dawng zâwngin	ADV
a va êk dawng zawngin	ADV
a va êk dawng zâwngin	ADV
a vang zawngin	ADV
a vang zâwngin	ADV
a váng zawngin	ADV
a váng zâwngin	ADV
a vawk mutin	ADV
a velin	ADV
a vêlin	ADV
a vingvetin	ADV
a vingvêtin	ADV
a vingvialin	ADV
a zaizap zawngin	ADV
a zaizâp zâwngin	ADV
a zan a tinin	ADV
a zan a zanin	ADV
a zàn a zànin	ADV
a zan la lain	ADV
a zan la laîn	ADV
a zan zawnin	ADV
a zan zâwnin	ADV
a zanah	ADV
a zangkhai zawngin	ADV
a zangkhai zâwngin	ADV
a zángkhái zawngin	ADV
a zángkhái zâwngin	ADV
a zangthalin	ADV
a zawnin	ADV
a zâwnin	ADV
a zemin	ADV
a zêmin	ADV
ah ah	ADV
ahnu hmanah	ADV
aih aih	ADV
aikam ek hauh	ADV
al al	ADV
alh alh	ADV
am am	ADV
ang angin	ADV
ang lawi	ADV
ang zelin	ADV
ang ziazangin	ADV
ang ziazângin	ADV
ap ap	ADV
ar ar	ADV
âr âr	ADV
ar nghal venin	ADV
ar nghal vènin	ADV
âr nghal venin	ADV
âr nghal vènin	ADV
au au	ADV
auh auh	ADV
awh awh	ADV
awih awih	ADV
awm takin	ADV
àwm takin	ADV
awn awn	ADV
awr awr	ADV
awrh awrh	ADV
âwrh âwrh	ADV
awt awt	ADV
âwt âwt	ADV
awzawng lo	ADV
awzâwng lo	ADV
baiah mah	ADV
baih lo	ADV
baih sarakah mah	ADV
bak bak	ADV
bǎk bǎk	ADV
bak lengin	ADV
bak lèngin	ADV
bak takin	ADV
baksak lo	ADV
bam bam	ADV
bâm bâm	ADV
bar bar	ADV
bár bár	ADV
bar lo	ADV
bara khawn lo	ADV
barh barh	ADV
bawl bawl	ADV
bawp bawp	ADV
bawr bawr	ADV
bawrh bawrh	ADV
be bu	ADV
bem bem	ADV
beng sik meuhvin	ADV
beng tharin	ADV
buk buk	ADV
bul bul	ADV
bulh bulh	ADV
bum bum	ADV
bur bur	ADV
būr būr	ADV
cha kawk	ADV
chai lo	ADV
chak ai hawlh	ADV
chak chak	ADV
châk châk	ADV
chak takin	ADV
châk takin	ADV
chalchheh takin	ADV
chang chang	ADV
châng châng	ADV
chang lo	ADV
chatlak lovin	ADV
chauh chauh	ADV
chawih chawih	ADV
cháwih cháwih	ADV
chawk chawk	ADV
chawmal tla	ADV
chawn dotu	ADV
chawp chawp	ADV
chawp leh chilhin	ADV
chawr chawr	ADV
chawt chawt	ADV
châwt châwt	ADV
che che	ADV
che chê	ADV
chè che	ADV
chè chê	ADV
chê chê	ADV
che lo chang lovin	ADV
che lo châng lovin	ADV
chei chul	ADV
chek chek	ADV
chek chekah	ADV
chel chal	ADV
chel châl	ADV
chêl chal	ADV
chêl châl	ADV
chem chem	ADV
chem kalzawng	ADV
chen chen	ADV
cher cher	ADV
chet chet	ADV
chet chêt	ADV
chêt chêt	ADV
cheu cheu	ADV
cheuh cheuh	ADV
chhak chhak	ADV
chhak chhuak	ADV
chhakchhuak hmun phiah	ADV
chhakta zawk	ADV
chhal ha	ADV
chhawk chhawk	ADV
chhawng chhawng	ADV
chhawr chhawr	ADV
chhe har	ADV
chhe zawk	ADV
chhe zâwk	ADV
chhek chhek	ADV
chhek in	ADV
chhelh chhawlh	ADV
chheng chheng	ADV
chhep chhep	ADV
chhep darh	ADV
chher chher	ADV
chhet chhet	ADV
chhia va	ADV
chhing chheng	ADV
chhum chhum	ADV
chhum lo chat lovin	ADV
chhung lam	ADV
chhung pawng	ADV
chhungkaw bawngbawrin	ADV
chhûngkaw bawngbawrin	ADV
chhungkaw bel vawnin	ADV
chhungkaw bêl vawnin	ADV
chhûngkaw bel vawnin	ADV
chhûngkaw bêl vawnin	ADV
chhut chhut	ADV
chiah chhuah	ADV
chiah chiah	ADV
chiah hnip	ADV
chiah pil	ADV
chiai chiai	ADV
chiam chiam	ADV
chiang takin	ADV
chiangkuang lo	ADV
chiap chiap	ADV
chiar chiar	ADV
chiâr chiâr	ADV
chim buai	ADV
chim chem	ADV
chim chêm	ADV
chîm chem	ADV
chîm chêm	ADV
chin hriat	ADV
chip chep	ADV
chip pui	ADV
chipchiar takin	ADV
chipchiár takin	ADV
chir cher	ADV
cho cho	ADV
chu achhapah	ADV
chu leh chen	ADV
chu veleh	ADV
chu zozai	ADV
chu zozái	ADV
chuah chuah	ADV
chuai chuai	ADV
chual chual	ADV
chuang chhuak	ADV
chuap chuap	ADV
chuâp chuâp	ADV
chuar chuar	ADV
chuat chhuat	ADV
chuât chhuât	ADV
chuat chuai	ADV
chuat chuat	ADV
chuât chuât	ADV
chui chui	ADV
chuih chuih	ADV
chul chul	ADV
chum chiap	ADV
chum chiáp	ADV
chum chum	ADV
chungchang thu	ADV
chungnung ber	ADV
chungnung her	ADV
chungtlak takin	ADV
chungtlâk takin	ADV
chuti emin	ADV
chuti êmin	ADV
chuti khati	ADV
chuti lo chuan	ADV
chuti zat	ADV
chuti zât	ADV
chuti zat zat	ADV
chuti zât zât	ADV
chutih a hnekin	ADV
chutih hunah chuan	ADV
chutih laiah chuan	ADV
dah ang e	ADV
dah dah	ADV
dah lawng e	ADV
dah lâwng e	ADV
dam dam	ADV
dâm dâm	ADV
dam velvawl	ADV
dap dap	ADV
dar dar	ADV
dar dár	ADV
dawm dawm	ADV
dawm ding	ADV
dawm hlum	ADV
dawn dawn	ADV
dâwn dâwn	ADV
dawn lai	ADV
dâwn lai	ADV
dawn mek	ADV
dawn mêk	ADV
dâwn mek	ADV
dâwn mêk	ADV
dawn ta	ADV
dâwn ta	ADV
dawn tep	ADV
dawn țep	ADV
dawn țêp	ADV
dâwn țep	ADV
dâwn țêp	ADV
dawp dawp	ADV
dawr dawr	ADV
dàwr dàwr	ADV
dawrh dawrh	ADV
dâwrh dâwrh	ADV
dawt dawt	ADV
dâwt dâwt	ADV
de de	ADV
dè dè	ADV
de ser ser	ADV
de set set	ADV
dê sêt sêt	ADV
de sur	ADV
de ve ve	ADV
de vê vê	ADV
de vu vu	ADV
deh chet	ADV
deh deh	ADV
dek dek	ADV
dêk dêk	ADV
del del	ADV
dèl dèl	ADV
delh delh	ADV
dem dem	ADV
den den	ADV
dên dên	ADV
dep dep	ADV
dêp dêp	ADV
der der	ADV
der lo	ADV
dêr lo	ADV
derh derh	ADV
dêrh dêrh	ADV
deu chhuang	ADV
deu deu	ADV
deuh deuh	ADV
deuh fo	ADV
deuh hlek	ADV
deuh thin	ADV
diah diah	ADV
diai diai	ADV
diak diak	ADV
diam diam	ADV
diar diar	ADV
dim dim	ADV
dim lo	ADV
dir lo	ADV
dirh derh	ADV
do do	ADV
dum a	ADV
dum dum	ADV
dumde ruang chen	ADV
dun dun	ADV
dûn dûn	ADV
dup dup	ADV
dur dur	ADV
dur dûr	ADV
dùr dur	ADV
dùr dùr	ADV
dùr dûr	ADV
durh durh	ADV
dûrh dûrh	ADV
dut dut	ADV
dút dút	ADV
dût dût	ADV
e ti lovin	ADV
ei ngai	ADV
ek awk	ADV
ek âwk	ADV
ék awk	ADV
ék âwk	ADV
èk awk	ADV
èk âwk	ADV
êk awk	ADV
êk âwk	ADV
el el	ADV
êl êl	ADV
el eu	ADV
êl eu	ADV
elh elh	ADV
em em	ADV
êm êm	ADV
em uh	ADV
eng atan mah	ADV
eng atân mah	ADV
eng dang mah	ADV
eng emaw zat	ADV
eng emaw zât	ADV
eng emin	ADV
eng êmin	ADV
eng hnung puak	ADV
eng hunah emaw	ADV
eng hunah pawh	ADV
eng lai mahin	ADV
eng lai pawhin	ADV
eng te mah	ADV
eng ti nge	ADV
eng tik khaw tikah mah	ADV
eng tik niah emaw	ADV
eng tikah emaw	ADV
eng tikah mah	ADV
eng tikah nge	ADV
eng tikah pawh	ADV
eng vang nge	ADV
eng zah	ADV
eng zat em nge	ADV
eng zat êm nge	ADV
eng zât em nge	ADV
eng zât êm nge	ADV
eng zat emaw	ADV
eng zât emaw	ADV
eng zat pawh	ADV
eng zât pawh	ADV
eng zawngin nge	ADV
eng zâwngin nge	ADV
engti pawhin	ADV
engtikah emaw	ADV
engtin chuan	ADV
engtin mah	ADV
engtin nge	ADV
engtin tak	ADV
er er	ADV
êr êr	ADV
er ngawng	ADV
er ngàwng	ADV
er teh	ADV
erkawn zik	ADV
eu eu	ADV
euh euh	ADV
fahming koh	ADV
fai fai	ADV
fak ar ek	ADV
fak fak	ADV
fal fal	ADV
falh falh	ADV
fan fan	ADV
fanau hrawk chawm	ADV
fang fang	ADV
far far	ADV
fawi fawi	ADV
fawih fawih	ADV
fawng fawng	ADV
fawng tawng	ADV
fe fe	ADV
feh em	ADV
feh êm	ADV
fek fek	ADV
fel fel	ADV
feng lo	ADV
fep fep	ADV
fer fer	ADV
fer fur	ADV
ferh therh	ADV
fi hmawk mai	ADV
fik hmawk mai	ADV
fir fer	ADV
fir fir	ADV
fit hl a	ADV
fu fu	ADV
fuih fuih	ADV
fuk fuk	ADV
fûk fûk	ADV
fun fan	ADV
fun fun	ADV
fung fung	ADV
funpui er	ADV
fur chhe	ADV
fur chhia	ADV
fûr chhia	ADV
fur chhiat	ADV
fur fur	ADV
ha ha	ADV
hâ hâ	ADV
hah hah	ADV
hah hnepin	ADV
hah hnêpin	ADV
hah leh hah	ADV
hah thi kalin	ADV
hah thi kâlin	ADV
hah thi kulin	ADV
hah thi kulîn	ADV
hah thi kûlin	ADV
hah thi kûlîn	ADV
hahchawlh ni	ADV
hahdam takin	ADV
hai rual	ADV
haih haih	ADV
hak hak	ADV
hâk hâk	ADV
hal hal	ADV
halh halh	ADV
ham ham	ADV
han han	ADV
hap hap	ADV
har har	ADV
hau titak	ADV
hauh hauh	ADV
hauh lo	ADV
haw haw	ADV
hâw hâw	ADV
hawh hawh	ADV
hawi hawi	ADV
hawk hawk	ADV
hâwk hâwk	ADV
hawl hawl	ADV
hawlh hawlh	ADV
hawm hawm	ADV
hawr hawr	ADV
hawrh hawrh	ADV
hawrh hâwrh	ADV
hâwrh hâwrh	ADV
hei leh chen hi	ADV
hel hel	ADV
hem hem	ADV
hen hen	ADV
heti chen	ADV
heti zat	ADV
heti zât	ADV
hetiang hi	ADV
heuh hawuh	ADV
heuh háwuh	ADV
héuh hawuh	ADV
héuh háwuh	ADV
heuh heuh	ADV
hial hial	ADV
hiâl hiâl	ADV
hiar hiar	ADV
hiau hiau	ADV
hiâu hiâu	ADV
hil hel	ADV
hil hèl	ADV
hil hêl	ADV
hil hil	ADV
him takin	ADV
hlado chham	ADV
hlai hlai	ADV
hlâi hlâi	ADV
hlak hlak	ADV
hlau hlawpin	ADV
hláu hlawpin	ADV
hlauh pek	ADV
hlauhthawn thuah	ADV
hlauhthâwn thuah	ADV
hlawh chhuak	ADV
hlawi hlawi	ADV
hlâwi hlâwi	ADV
hlawi lo	ADV
hlawih hlawih	ADV
hlawk hlawk	ADV
hlawl lo	ADV
hlawp hlawp	ADV
hlawt hlawt	ADV
hle hle	ADV
hleh bleb	ADV
hleh hleh	ADV
hlei hlei	ADV
hlei iawng e	ADV
hlei lawng e	ADV
hlei lo	ADV
hlei nang	ADV
hlei nâng	ADV
hlei sarih zan	ADV
hleih hleih	ADV
hleiruk zan	ADV
hlek hlek	ADV
hlek lo	ADV
hlel lo	ADV
hlelh lo	ADV
hlep hlep	ADV
hlep ruk	ADV
hliah hliah	ADV
hlîah hlîah	ADV
hliam hliam	ADV
hlîam hlîam	ADV
hliau hliau	ADV
hlih kian	ADV
hliim hliam	ADV
hlim hlawl	ADV
hlim thei	ADV
hlip kiang	ADV
hlip thla	ADV
hlir hlak	ADV
hlír hlak	ADV
hlîr hlak	ADV
hlir hlir	ADV
hlír hlír	ADV
hlîr hlîr	ADV
hlu hlu	ADV
hluk hluk	ADV
hma ngaih	ADV
hma zawngin	ADV
hmai fai duh	ADV
hmai hriam	ADV
hmai hup	ADV
hman ata tawh	ADV
hman chakah	ADV
hman châkah	ADV
hman chauhva	ADV
hman hlawl	ADV
hman lawkah	ADV
hmang zai	ADV
hmanni lawkah	ADV
hmar kil	ADV
hmar lamah	ADV
hmasa ber	ADV
hmasak ber	ADV
hmawk hmawk	ADV
hmerh hmerh	ADV
hming pu chauhin	ADV
hmu tlang	ADV
hna hna	ADV
hnâ hnâ	ADV
hnai la	ADV
hnai lo	ADV
hnang hnang	ADV
hnawh tawngkhawng	ADV
hnawhsarum takin	ADV
hne hne	ADV
hne hnê	ADV
hnè hne	ADV
hnè hnê	ADV
hnek hmun	ADV
hnek hnek	ADV
hnelh hnelh	ADV
hnial dan	ADV
hnial rual lohvin	ADV
hniang hniang	ADV
hniáng hniáng	ADV
hnuk hnuk	ADV
hnung tawlh	ADV
hrakawng hawp	ADV
hram hram	ADV
hrâm hrâm	ADV
hrawng khawm	ADV
hrawt hrawt	ADV
hre hre	ADV
hrek hrek	ADV
hri dai	ADV
hriah hriah	ADV
hrilh chhawng	ADV
hrilhai dalah	ADV
hrilhfiahna bu	ADV
hrim hrim	ADV
hrim lo	ADV
hru hru	ADV
hruah hruah	ADV
hruam hruam	ADV
hu hu	ADV
hû hu	ADV
hû hû	ADV
huai huai	ADV
huâi huâi	ADV
huam huam	ADV
huâm huâm	ADV
huau huau	ADV
huâu huâu	ADV
huh huh	ADV
hulh hulh	ADV
hulhu suak	ADV
hum hum	ADV
hurh hurh	ADV
hûrh hûrh	ADV
hut hut	ADV
'i he lovin	ADV
i khaw lo	ADV
i khâw lo	ADV
iak iak	ADV
iâk iâk	ADV
iar iar	ADV
iár iár	ADV
'i-he lovin	ADV
inhawi tawnin	ADV
inhmu nep	ADV
inhmu nêp	ADV
inhmuh nep	ADV
inhmuh nêp	ADV
inhnawt chawpin	ADV
inrem khawm	ADV
inrin loh hlanin	ADV
inrin loh hlànin	ADV
inti takin	ADV
ir er	ADV
ir êr	ADV
îr er	ADV
îr êr	ADV
kak kak	ADV
kam tluanin	ADV
kap parh	ADV
kar kar	ADV
kar lova	ADV
kar zin	ADV
karh karh	ADV
karkalak zau	ADV
kat chhui	ADV
kat kat	ADV
kât kât	ADV
kawih vei vul	ADV
kawlh vel vul	ADV
kawlkil thlengin	ADV
kâwlkil thlengin	ADV
kawng fek	ADV
kawng kham zawngin	ADV
kawng kham zâwngin	ADV
kawng khat	ADV
kawng laka	ADV
kawng su pawp	ADV
kawng tluanin	ADV
kawr ruakin	ADV
keipui sa hauh	ADV
ker ker	ADV
keuh keuh	ADV
kha ta	ADV
kham kar	ADV
kham zawngin	ADV
kham zâwngin	ADV
khangho khapro	ADV
khat il	ADV
khaw te	ADV
khaw tin khawtang	ADV
khaw tina	ADV
khawi chuai	ADV
khawi dang	ADV
khawi emaw	ADV
khawi ilovah	ADV
khawi inting	ADV
khawi la	ADV
khawi lo	ADV
khawi thul chhin	ADV
khawi thûl chhin	ADV
khawi tu	ADV
khawi vanrial	ADV
khawia kimah	ADV
khawiah - va - suh	ADV
khawiah mah	ADV
khawiah nge	ADV
khawiah pawh	ADV
khawiah tai	ADV
khawiah tehlul	ADV
khawikhuai thingawn	ADV
khawikhuai thingâwn	ADV
khawn khawn	ADV
khawn kháwn	ADV
khawngaih hmel put	ADV
khawnvar khai mi	ADV
khawp hialin	ADV
khawp khawp	ADV
khawp laiin	ADV
khawram chhimbuk ang	ADV
khawtlang lunglen	ADV
khawtlâng lunglen	ADV
khawtlâng lunglèn	ADV
khawtlang lunglena	ADV
khawtlang lunglèna	ADV
khawtlang lunglenin	ADV
khawvar ţian	ADV
khawvâr ţian	ADV
khawvar tiana	ADV
khawvar ţiana	ADV
khawvâr ţiana	ADV
khawvar tianah	ADV
khawvâr tirh	ADV
khawvâr tîrh	ADV
khawvar tirh ata	ADV
khawvâr tirh ata	ADV
khawvar tirh atangin	ADV
khel fai	ADV
khēl lo	ADV
kher chhuak	ADV
kher hlum	ADV
kher kher	ADV
kher lo	ADV
kher loh	ADV
khet khet	ADV
khi khik chat	ADV
khing chhia	ADV
khing chhifit	ADV
khing hnih	ADV
khing hnihin	ADV
khir nei	ADV
khir neih	ADV
khita khi	ADV
khita mi	ADV
khita ta	ADV
khitiang khi	ADV
khul khul	ADV
khulh khulh	ADV
khumpui kai man	ADV
khun khan	ADV
khun khàn	ADV
khup hnih hmu	ADV
khûp khat hmu	ADV
khup khup	ADV
khur chhia	ADV
khur khur	ADV
khuta khu	ADV
khutah khuan	ADV
khuti khuan	ADV
kian thawl	ADV
kiang hnaiah	ADV
kil li	ADV
kil thum	ADV
kil tin	ADV
kil tin kil tang	ADV
kil tin kil tang ata	ADV
kil tin kil tang aţangin	ADV
kil tinah	ADV
kim biai	ADV
kim biaiiin	ADV
kim chang	ADV
kim chang takin	ADV
kim changin	ADV
kiu ruh	ADV
kiuhit chuk	ADV
koh ko khâwm	ADV
koki bal	ADV
kua thuah	ADV
kuhva ruih	ADV
kui ţiak	ADV
kum chhirin	ADV
kum sul vei	ADV
kum telin	ADV
kum thar	ADV
kum thum ţul	ADV
kum tlin	ADV
kut ben	ADV
kut beng	ADV
kut bêng	ADV
kut inman	ADV
kut phut	ADV
kut phût	ADV
la khuih	ADV
lai ah hming	ADV
lai khuar	ADV
lai lai	ADV
lai phut	ADV
lai ta	ADV
lai tak	ADV
lai tan	ADV
lai zâwl	ADV
laih khuar	ADV
laihrui nat	ADV
laiking fa neih	ADV
lam kawi	ADV
lâm lut	ADV
lau lui	ADV
law law	ADV
law lăw	ADV
làw làw	ADV
lâw lăw	ADV
lawi samkhuih	ADV
lawk lawk	ADV
lâwk lâwk	ADV
lawk loh	ADV
làwm hmelpu	ADV
làwm rilrûk	ADV
lawm rual hawn a hun ta	ADV
lawng kehna	ADV
lawnga mi	ADV
lawp lawp	ADV
lawr khawm	ADV
lâwr khâwm	ADV
lawr lawr	ADV
lawr lâwr	ADV
lawt kai	ADV
lâwt kai	ADV
lawt lak	ADV
lâwt lak	ADV
lazar ban	ADV
leh bawk	ADV
leh burh	ADV
leh chen	ADV
leh chhawn	ADV
leh chhàwn	ADV
leh chhuah	ADV
leh chingkim	ADV
leh chuan	ADV
leh chuang	ADV
leh hawi	ADV
leh hla	ADV
leh hnih	ADV
leh lo	ADV
leh ngat	ADV
leh phei chuan	ADV
leh phung	ADV
leh sauh	ADV
leh thlaksak	ADV
leh thllk	ADV
lehkha cheh behna	ADV
lek emin	ADV
lek fang	ADV
lek lek	ADV
lelte hmuam ang	ADV
lep lawp	ADV
lep lâwp	ADV
lêp lawp	ADV
lêp lâwp	ADV
lerh lerh	ADV
let chhuak	ADV
let leh	ADV
lêt leh	ADV
let thla	ADV
let tup tup	ADV
leu leu	ADV
li cheng	ADV
liam chang	ADV
liangsei vaihlo	ADV
lim ik	ADV
lo kîr	ADV
lo liam	ADV
lo lo nghah	ADV
lo lo nghâh	ADV
lo nghak	ADV
lo pawh	ADV
lo pawm	ADV
loh a luatah	ADV
loh chuan	ADV
loh lam	ADV
loh loh	ADV
lu khuh	ADV
lu khuh tlang	ADV
lu khup	ADV
lu khûp	ADV
lu len	ADV
lu zawrh	ADV
luai luai	ADV
luâi luâi	ADV
luang la	ADV
luh thluk	ADV
lui hnar kin	ADV
lui hnâr kin	ADV
lui hram	ADV
lui kai	ADV
lui kawr	ADV
lui lam	ADV
lui phai	ADV
lui ruam	ADV
lui-dung thizil	ADV
lui-dung thîzîl	ADV
luih hram	ADV
lul suh	ADV
lum lam	ADV
lum lám	ADV
lungchhiat pui	ADV
lut tir	ADV
ma lek	ADV
ma ngai	ADV
ma ta che	ADV
mahni thu hman	ADV
maimaw zai	ADV
mâk loh	ADV
mak mawh	ADV
mak ti	ADV
mal zawn	ADV
maltluan chawi	ADV
maltluan châwi	ADV
maltluan chawiin	ADV
man mi	ADV
man pek	ADV
mang lo	ADV
manzang bapui	ADV
mar dek	ADV
mar dek thiam	ADV
mar mar	ADV
mar zan	ADV
martara thi	ADV
mei hnung puak	ADV
met kawng	ADV
mi hliam	ADV
mi thi	ADV
mi thî	ADV
mi tin	ADV
mi tlahlang	ADV
mi zikbul	ADV
mi zin veivak	ADV
mial mial	ADV
mit khap	ADV
mit khap kar	ADV
mit khap kâr	ADV
mouh mouh	ADV
muai liam	ADV
na chuan	ADV
na hawng	ADV
na hâwng	ADV
na neih	ADV
nak na	ADV
naka laiin	ADV
nam dawrh	ADV
nang ching	ADV
nang chîng	ADV
nasa khawp	ADV
nasa takin	ADV
nawmsak bawl	ADV
nawr mamna	ADV
nawt fai	ADV
ne ne in	ADV
neih chhun	ADV
neihfaka rilbawm	ADV
nek chhuak	ADV
nêk chhuak	ADV
nel nel	ADV
nema chhinchhiah	ADV
ngai hua	ADV
ngâi kàwi	ADV
ngaih huat	ADV
ngak ngak	ADV
ngâk ngâk	ADV
ngang lo	ADV
ngar kheng	ADV
ngaw ngaw	ADV
ngâw ngâw	ADV
ngawi tlangpui	ADV
ngawr hrik	ADV
ngawt e	ADV
ngawt ngawt	ADV
ngawt suah	ADV
ngei chhap a	ADV
ngei ngei	ADV
ngei ngêi	ADV
ngéi ngei	ADV
ngéi ngêi	ADV
ngeih lo	ADV
ngek ngek	ADV
ngêk ngêk	ADV
ngelh ngelh	ADV
nget kaw	ADV
nget kua	ADV
nghâwng kawr	ADV
ngheng lum	ADV
nghèng lum	ADV
nghet lo	ADV
ngheuh ngheuh	ADV
nghial nghial	ADV
nghiat nghiat	ADV
nghiau nghiau	ADV
nghil nghial	ADV
nghilh ngheh	ADV
ngho kheng	ADV
ngi si	ADV
ngiah ngiah	ADV
ngialngan takin	ADV
ngiu ngiau	ADV
nguai nguai	ADV
ngum ruh	ADV
ngun takin	ADV
ngût lo	ADV
ngut ngut	ADV
ni chhuah	ADV
ni chhûn en	ADV
ni chin hriatna	ADV
ni chuah	ADV
ni chuan	ADV
ni chuàn	ADV
ni chuang	ADV
ni hualtu	ADV
ni kang	ADV
ni kin ni	ADV
ni kir	ADV
ni lakin	ADV
ni lo lo	ADV
ni lum	ADV
ni sei	ADV
ni suh e	ADV
ni takin	ADV
niah niah	ADV
niai nuai	ADV
niai pawl	ADV
niak nuak	ADV
niau khák	ADV
nichin lawkah	ADV
ou khat	ADV
ou ou	ADV
oû oû	ADV
ouh ouh	ADV
pa leh pa	ADV
pa tung	ADV
pa va	ADV
pachhiat kum	ADV
pahnih khat	ADV
pang maia	ADV
pang pang	ADV
pangang kangthai	ADV
pawih anthur	ADV
pawt chat	ADV
pen zing	ADV
pep pep	ADV
per pawr	ADV
per pàwr	ADV
pha hul	ADV
phal thu	ADV
pha-man ziahin	ADV
phan phan	ADV
phang bachhim	ADV
pharv that	ADV
phawk hru	ADV
phawrh chhuak	ADV
phawt phawt	ADV
phâwt phâwt	ADV
phe chhên	ADV
phe chung	ADV
phe en	ADV
phe èn	ADV
phe mer mer	ADV
phe mer phet	ADV
phê phe	ADV
pher phek	ADV
pherh hrep	ADV
phet en	ADV
phet èn	ADV
pheuh pheuh	ADV
phiar phek	ADV
phui hnawng	ADV
phun nun	ADV
phur chhia	ADV
phurh hlawh	ADV
phût neih	ADV
phut phelh	ADV
pi khâwi	ADV
pi sa um bur	ADV
pi tu	ADV
piai piai	ADV
piâi piâi	ADV
pial lung	ADV
piâl lung	ADV
pian leh murnah	ADV
piang hmun rial	ADV
pianna ram	ADV
piap piap	ADV
pil khawk	ADV
ping pei	ADV
ping pei khawtlai	ADV
ping pei khawtlái	ADV
pir per	ADV
pir pèr	ADV
pîr per	ADV
pîr pèr	ADV
pit dawr tia	ADV
pît dawr tia	ADV
pit pet	ADV
pit pêt	ADV
puâla lum	ADV
puipun ni	ADV
pûk chhe-hul	ADV
pusum tel	ADV
pusum têl	ADV
ra ra	ADV
ra rà	ADV
râ rà	ADV
rai teuh	ADV
rak puan	ADV
rakzu thlawr bel	ADV
ral aih	ADV
râl aih	ADV
ral atangin	ADV
ral aṭangin	ADV
ramhuai aien thiam	ADV
ran khel beng	ADV
ran khêl bêng	ADV
ran lu kim	ADV
ran ran	ADV
rân rân	ADV
rang buai	ADV
ranin luh	ADV
rap pial	ADV
rapza kua	ADV
rat rat	ADV
raw hung	ADV
raw kuai	ADV
raw kuái	ADV
raw lai	ADV
rawh khu	ADV
rawh puâk	ADV
rawh ut	ADV
rawk railo	ADV
rawk ral	ADV
rawl ral hman	ADV
rawl râl hman	ADV
rawl tet	ADV
rawn kir-leh	ADV
rawn thlen	ADV
rawng awk	ADV
rawng herh	ADV
rawng hnawih	ADV
rawng rek	ADV
rawng rualin	ADV
rawng sen	ADV
rawnghnawihna fung	ADV
rawsawt hmarcha	ADV
rawt sawm vek	ADV
ré raw	ADV
ré râw	ADV
re re	ADV
re rê	ADV
ré re	ADV
ré rê	ADV
reh pawp	ADV
rei lo	ADV
rei lo te	ADV
rei lo tê	ADV
rei lo te achinah	ADV
rei lo tê achinah	ADV
rei lo te ah	ADV
rei lo tê ah	ADV
rei lo te an	ADV
rei lo tê an	ADV
rei lo te-ah	ADV
rei lo tê-ah	ADV
rei lo tê-an	ADV
rei lovin	ADV
rei rial lo	ADV
rek pawp	ADV
rel kalna	ADV
rel tu	ADV
rem chhoh	ADV
rem hre	ADV
rem lo	ADV
ren ngai	ADV
ren ngaih	ADV
reng an	ADV
reng chal	ADV
réng réng	ADV
rêng rêng	ADV
réng réng a	ADV
reng si	ADV
renthlei fin leh ar tial fin	ADV
rêt rawt	ADV
rêt râwt	ADV
ri rak	ADV
ri rawk	ADV
rià ral	ADV
rial tlak	ADV
ril phawrh	ADV
rîl phawrh	ADV
rîla rah	ADV
rilru deh	ADV
rilru dum	ADV
rim nam	ADV
rim nam lam	ADV
rin khum	ADV
rin khûm	ADV
rin loh hianin	ADV
ring khum	ADV
ring ruh tliah	ADV
rit châwi	ADV
rit kam	ADV
rit nt	ADV
rit ret	ADV
rit rêt	ADV
romei zam	ADV
ru thei	ADV
rua khau	ADV
ruah mual liam	ADV
ruah phingphi siau	ADV
ruai fatu	ADV
ruak lo	ADV
ruâk lo	ADV
rual el nachhang hria	ADV
rual pui	ADV
ruang chaicheh thlak	ADV
ruang hlâwm	ADV
ruh nget	ADV
ruh râwp	ADV
ruk hmang	ADV
rûk ru	ADV
rûl pai hawl	ADV
rulah chuan	ADV
rulhut damdawi	ADV
rum nat	ADV
run phek	ADV
run pui	ADV
run ril	ADV
run thlak	ADV
ru-sum thlak	ADV
ru-sum thlâk	ADV
sa rak	ADV
sa ràk	ADV
sa ràkin	ADV
sa ruai	ADV
sa ruang	ADV
sa tawl	ADV
sa té	ADV
sam dawi	ADV
sam pui	ADV
sang san	ADV
sâr hu lai	ADV
sat rek	ADV
sât sâng	ADV
saw chu	ADV
sawi hawt	ADV
sawi zawi	ADV
sawr chhuak	ADV
sâwr fû	ADV
sawr zim	ADV
se la	ADV
se lâ	ADV
se pumpui	ADV
se riai	ADV
sei lenna	ADV
sek rek	ADV
sem chhinchhiahna	ADV
sen lâr	ADV
sen leh so	ADV
sen sa	ADV
sen tur	ADV
seng lo	ADV
sêng lo	ADV
séng ma tawk	ADV
séng ma tâwk	ADV
seng seng	ADV
seng sung	ADV
seng sûng	ADV
sentut vei	ADV
sep rawtui	ADV
sep sep	ADV
se-pui ruah do	ADV
ser pangang	ADV
seuh seuh	ADV
si biak	ADV
si kâwlhurui	ADV
si ril	ADV
si vawk bâwm	ADV
siai siai	ADV
siai siâi	ADV
siài siai	ADV
siài siài	ADV
sin sen	ADV
sin thuah	ADV
su thlu	ADV
suai pin	ADV
suai suai	ADV
suar khata tla	ADV
suár khata tla	ADV
suar tluan	ADV
suat suat	ADV
suih lungleng	ADV
suih pâr	ADV
sut pin	ADV
sut pui vuan	ADV
ta chei	ADV
ta chho	ADV
ṭah lem	ADV
ṭai rai nghawr	ADV
țai rainghawr	ADV
tai tai	ADV
taih kuang	ADV
tak a ni	ADV
tak kai	ADV
tâk kâi	ADV
tak meuh	ADV
tak na ngialin	ADV
tak tak	ADV
talh talh	ADV
tâlh tâlh	ADV
ṭalh ṭalh	ADV
ṭâlh ṭâlh	ADV
ṭan siam	ADV
țan siam	ADV
tan tan	ADV
ṭang rual	ADV
țang rual	ADV
tap ral	ADV
tar chhuak	ADV
tar kuttualleichham	ADV
tar lam fa	ADV
tar lang	ADV
tar vuai	ADV
tar zur	ADV
tat fai	ADV
ṭau senpa	ADV
tauh hman	ADV
tawh rawh	ADV
tawh rawh u	ADV
tawi bo	ADV
tawi eng	ADV
tawih ral	ADV
ṭawih ral	ADV
tawk tarh	ADV
tawk tawh	ADV
tawlh loh puan	ADV
ṭawng duhdah	ADV
tawng pai	ADV
tawng saisik	ADV
tawng sehchilh	ADV
ṭawng sehchilh	ADV
tawng ta	ADV
tawng tawng	ADV
te tak te	ADV
te te	ADV
te té	ADV
té té	ADV
tê te	ADV
tê té	ADV
ṭe ṭe	ADV
te te in	ADV
té té in	ADV
ṭê tuar	ADV
teh chawk	ADV
teh châwk	ADV
teh chhen	ADV
teh chhên	ADV
teh chiam	ADV
teh chifl	ADV
teh chul	ADV
teh chung	ADV
teh chung a che!	ADV
teh fo	ADV
teh hum ele	ADV
teh pa	ADV
teh ruai	ADV
teh sen	ADV
teh suh	ADV
teh suh e	ADV
teh suh ei	ADV
teh teuh va	ADV
teh tlo	ADV
teh u	ADV
teh uar	ADV
tehchai a che	ADV
tehchai che chuan	ADV
tei rawlai	ADV
tei tei	ADV
teivet a	ADV
tek sawk sawk	ADV
ṭek sawk sawk	ADV
tek tek	ADV
tel rang	ADV
telh awng	ADV
tèn tàwn a	ADV
tèn tâwn a	ADV
ten ten	ADV
ten tên	ADV
tèn ten	ADV
tèn tèn	ADV
teng khan	ADV
tet lai	ADV
teu chhin	ADV
tha na	ADV
tha seng	ADV
tha tha	ADV
tha thlah	ADV
tha tho	ADV
ṭhal puak	ADV
thal rah	ADV
tham lo	ADV
tham râl	ADV
thâm ral	ADV
thang ngul	ADV
thang per	ADV
thangthleng kam	ADV
thaw sat	ADV
thawi dam	ADV
thawm dim	ADV
thawm pawnga	ADV
thawm thawm	ADV
thawp lo	ADV
ṭhe hlan kân	ADV
the reng	ADV
theh nelh theh	ADV
theh thang	ADV
thei tat	ADV
theih tam	ADV
theih tawp	ADV
theih tawp chhuahin	ADV
theih theih	ADV
thel thel	ADV
ṭhel ṭhel	ADV
them te	ADV
them the hleh	ADV
them them	ADV
ṭhem ṭhem	ADV
them thum	ADV
them thûm	ADV
thêm thum	ADV
thêm thûm	ADV
ṭhem ṭhum	ADV
ṭhem ṭhûm	ADV
then leh rual	ADV
ṭhen leh rual	ADV
thênzawl hlo	ADV
theu leu	ADV
theu neu	ADV
theuh theuh	ADV
thi khawn	ADV
ṭhi ṭha lo	ADV
thia leh	ADV
thia thar	ADV
thing la	ADV
thing luang	ADV
thla phen	ADV
thla phèn	ADV
thla thlahlel	ADV
thlau thla	ADV
thlawk kat	ADV
thlawt io	ADV
thlém thluk	ADV
thlep fel	ADV
thlep thlep	ADV
thli thawt	ADV
thli tleh	ADV
thliah thliah	ADV
thliak thliak	ADV
thliâk thliâk	ADV
thliar thla	ADV
thlîr let	ADV
thlîr lêt	ADV
thlit fai	ADV
thlit fim	ADV
thluah thluah	ADV
thluai thluai	ADV
thluai thlum	ADV
thluâk nem	ADV
thluam thluam	ADV
thlum zek	ADV
thlung lu	ADV
thlup thlup	ADV
tho silai	ADV
tho tuai lam	ADV
ṭhu kim kual	ADV
țhu kim kual	ADV
thu kim kualin	ADV
thu thlun	ADV
thu thlung	ADV
thu thu	ADV
thu thua	ADV
thu zuk	ADV
thuah hlawh	ADV
thuah n a	ADV
thuah thuah	ADV
țhuai thluk	ADV
țhuai thlûk	ADV
thuai thuai	ADV
thuak thuak	ADV
thuhnu dawn lo	ADV
thuhnu dâwn lo	ADV
thuhnu ven	ADV
thui seh	ADV
thuk dur	ADV
thul tho	ADV
thûl tho	ADV
thul thul	ADV
thulh leh	ADV
ṭhulh leh	ADV
thulh thulh	ADV
thum thum	ADV
thûm thum	ADV
thûm thûm	ADV
ṭhum ṭhum	ADV
ṭhûm ṭhum	ADV
ṭhûm ṭhûm	ADV
țhum țhum	ADV
țhûm țhûm	ADV
thuneihna pek	ADV
thup ruk	ADV
thur chhuah	ADV
thur chhuak	ADV
thurochhiah siam	ADV
thuruk hlaruk	ADV
ṭhut sual	ADV
thuthlunna bawm	ADV
thutiam nei	ADV
ti at	ADV
ti awla	ADV
ti âwla	ADV
ti kheng	ADV
ti khi	ADV
ti ling	ADV
ti tawt	ADV
ti zit	ADV
tiah tiah	ADV
tiam bi chin	ADV
tiam chin	ADV
tiam lovin	ADV
tiam tiam	ADV
tiang sir	ADV
tiang tian	ADV
tiang tiang	ADV
tianga uai	ADV
tih khawchhuah	ADV
tih lutuk	ADV
tihchet rual lohvin	ADV
tlang sang	ADV
tlawh chhuak	ADV
tlawk tlawk	ADV
tlawmngaih chhuah	ADV
tlem te	ADV
tlêm tê	ADV
tlem tham tein	ADV
tlem tham têin	ADV
tleng fai	ADV
tlet tlet	ADV
tluah tluah	ADV
tluan chhuah	ADV
tlur tlur	ADV
tu ta mah	ADV
țuah țep	ADV
țuah țêp	ADV
tuah tuah	ADV
tuai pur	ADV
tuai rum	ADV
tuai tuai	ADV
țuaițit suak	ADV
tual tlan za	ADV
tuam hrui	ADV
tuam saruh khel	ADV
tuam tuam	ADV
țuan tha	ADV
tuan thu	ADV
tuan tuan	ADV
tuang tichhhah	ADV
tuang tuang	ADV
tui la	ADV
tui rul	ADV
tui taka mu	ADV
tui thiam	ADV
tui ti	ADV
tuk chik	ADV
tuk luh sal	ADV
tuk mawi	ADV
tuk thum tôkah	ADV
tûk thum tôkah	ADV
țuk țuk	ADV
tuk zan tha nei lo	ADV
tuk zanin	ADV
tuk zânin	ADV
ṭum thla	ADV
țum thla	ADV
tum tla	ADV
tumbu khawrh	ADV
tun achinah	ADV
tûn achinah	ADV
tun ang	ADV
tûn ang	ADV
tun apangin	ADV
tûn apangin	ADV
tun atang mai pawhin	ADV
tun aṭang mai pawhin	ADV
tun chauh	ADV
tun chhoh	ADV
tun chinah	ADV
tûn chinah	ADV
tun hma	ADV
tûn hma	ADV
tun hma lamah	ADV
tûn hma lamah	ADV
tun hma pawhin	ADV
tûn hma pawhin	ADV
tun hma zawng khan	ADV
tun hma zawng khân	ADV
tûn hma zawng khan	ADV
tûn hma zawng khân	ADV
tun hmaa	ADV
tûn hmaa	ADV
tun hnu lam	ADV
tûn hnu lam	ADV
tun hnu lamah	ADV
tûn hnu lamah	ADV
tun hul	ADV
tûn lâ laàh	ADV
tûn lâ lâah	ADV
tun lak chuan	ADV
tûn lak chuan	ADV
tun ro	ADV
tun thia	ADV
tun thlengin	ADV
tun tlai	ADV
tun tu tu-ah	ADV
tun tum	ADV
tun tun	ADV
tûn tûn	ADV
ṭun ṭun	ADV
ṭûn ṭûn	ADV
tunah pawh	ADV
tûnah pawh	ADV
tunah zawng	ADV
tûnah zawng	ADV
tung ro	ADV
tung tho	ADV
tung tung	ADV
tûr a ni	ADV
tur anga lang	ADV
tur sek	ADV
tur tur	ADV
tur ut ut	ADV
turh turh	ADV
turh turh mai	ADV
tuthlawh ha tluk	ADV
u phuk	ADV
u tum vuak ang	ADV
uai uai	ADV
uain peng	ADV
uak uak	ADV
uan theih	ADV
uan uan	ADV
uap lum	ADV
uap lumtu	ADV
ui ar	ADV
uifawma ringruh	ADV
ulawk takin	ADV
ulâwk takin	ADV
um pui	ADV
u-phuk lungmuan	ADV
upum pum	ADV
ur ro	ADV
ur thlu	ADV
ur ur	ADV
ûr ûr	ADV
vadung hri	ADV
vah dah	ADV
vah nu	ADV
vai tlaiberh	ADV
vai umkhal	ADV
vai vai	ADV
vak bo	ADV
vak dah	ADV
vâk dah	ADV
val te	ADV
van hnun chat	ADV
van kai	ADV
van kaiin	ADV
van kar hla	ADV
van karak zawngin	ADV
vang vat	ADV
vanvawm khua	ADV
vawi duai lo	ADV
vawi khâ	ADV
vawi li	ADV
vawi tam	ADV
vawl lai	ADV
vawng up	ADV
ve bawk	ADV
ve law maw	ADV
ve le	ADV
ve lem	ADV
ve lêm	ADV
ve lem lo	ADV
ve lo	ADV
ve te	ADV
ve tê	ADV
ve tho	ADV
ve ve	ADV
veh bur	ADV
vei nei	ADV
vei vei	ADV
vel lêr	ADV
velh ba	ADV
velh bur	ADV
velh velh	ADV
ven pui	ADV
ven ven	ADV
veng tu	ADV
verh tlang	ADV
vettei a che	ADV
viah viah	ADV
viak that	ADV
vim thing	ADV
ving vet	ADV
voh bik	ADV
vur tin	ADV
vut thlu	ADV
zah fai	ADV
zaji zan	ADV
zak dawt	ADV
zak thlak	ADV
zal tui	ADV
zân lai lifên	ADV
zân tir	ADV
zân tîr	ADV
zar thlêk	ADV
zaw le	ADV
zawh chhuah	ADV
zawh chian	ADV
zawh hum	ADV
zawh tui	ADV
zawh za	ADV
zawh zai	ADV
zawh zem	ADV
zawh zen	ADV
zawhna chhinchhiahna	ADV
zawi awi	ADV
zawi awi takin	ADV
zawi demin	ADV
zawi deuhvin	ADV
zawi muangin	ADV
zawi tea	ADV
zawi têa	ADV
zawi zawi	ADV
zawi zawi in	ADV
zâwi zâwi in	ADV
zawi zawia	ADV
zawk mah	ADV
zawt chhuak	ADV
zawt fiah	ADV
zawt zawt	ADV
ze em	ADV
ze he	ADV
ze hê	ADV
ze zawi	ADV
zeih zcih	ADV
zek zek	ADV
zel thel	ADV
zêl thel	ADV
zel zai	ADV
zel zawi	ADV
zem che	ADV
zên sa	ADV
zen thlawr bur	ADV
zen zan	ADV
zi khlûm	ADV
zia thiam	ADV
zing ti an	ADV
zir tîr tu	ADV
zir tiri bawl	ADV
zit zat	ADV
zît zat	ADV
zît zet	ADV
ziza ṭawn	ADV
zo uihniak	ADV
zo vuakdup	ADV
zo zam	ADV
zo zâm	ADV
zo zan	ADV
zo zem	ADV
zu ih	ADV
zu zu	ADV
zuai sauh	ADV
zuai zuai	ADV
zuang tho	ADV
zut thla	ADV
a hluanin	CCONJ
a hrim rengah	CCONJ
a hrim réngah	CCONJ
a nih leh	CCONJ
a reng thuah	CCONJ
a réng thuah	CCONJ
a rengin	CCONJ
a réngin	CCONJ
a theih chuan	CCONJ
a thuhrimah	CCONJ
a thurengah	CCONJ
a thuréngah	CCONJ
chu achhapah	CCONJ
chu lo pawh chu	CCONJ
chu lo rangah	CCONJ
chu lo rengah	CCONJ
chu lo réngah	CCONJ
chu lo rêngah	CCONJ
chuti a hnekin	CCONJ
chuti a hnêkin	CCONJ
chuti a nih a hnu	CCONJ
chuti chuan	CCONJ
chuti emin	CCONJ
chuti lo chuan	CCONJ
e le	CCONJ
hek lo	CCONJ
hma bulah	CCONJ
hma chu	CCONJ
hma lan	CCONJ
hma lang	CCONJ
hma loh chu	CCONJ
hma loh chuan	CCONJ
hma ngai	CCONJ
hma zawng	CCONJ
hma zâwng	CCONJ
leh ngawt	CCONJ
lek lo	CCONJ
lo bengvâr	CCONJ
lo chu	CCONJ
lo hawng	CCONJ
lo hi	CCONJ
loh a luatin	CCONJ
loh lohvin	CCONJ
loh pui	CCONJ
loh vek leh	CCONJ
mah mah	CCONJ
mah se	CCONJ
mah sé	CCONJ
mah se &	CCONJ
mai mai a	CCONJ
mai mai a che	CCONJ
mut thing awm	CCONJ
na a	CCONJ
na â	CCONJ
na anga	CCONJ
nâ chuan	CCONJ
na maw	CCONJ
nak chuan	CCONJ
nak do	CCONJ
nâk do	CCONJ
nak hman chuan	CCONJ
nak kalh	CCONJ
nak nem	CCONJ
nem thep thup	CCONJ
phawr phawr	CCONJ
phe neuh neuh	CCONJ
phek ban	CCONJ
raw thei	CCONJ
rûla rua	CCONJ
seki khawng	CCONJ
ti-chn chan	CCONJ
tur	 aux. v.	CCONJ
tûr	 aux. v.	CCONJ
turh turh mai	CCONJ
ul ul	CCONJ
a ha	INTJ
a le	INTJ
ah khaih	INTJ
ai ai ai	INTJ
ai aw	INTJ
aw aw aw!	INTJ
aw khaih	INTJ
awh aw aw!	INTJ
awh khaih	INTJ
che hei	INTJ
chek chekah	INTJ
chhe chhe chei!	INTJ
chhe chhe chhei	INTJ
chhe chhe chhei!	INTJ
chhei chhei chhei	INTJ
chhei khaw	INTJ
dimdem a !	INTJ
dimdêm a !	INTJ
dîmdem a !	INTJ
dîmdêm a !	INTJ
dut dut	INTJ
e e e !	INTJ
e hem	INTJ
e heu !	INTJ
e khah	INTJ
e khai	INTJ
e le	INTJ
e le!	INTJ
eh !	INTJ
ehei !	INTJ
fang emin!	INTJ
fang êmin!	INTJ
gawl pe	INTJ
ha ha	INTJ
haw awi!	INTJ
hawh teh	INTJ
hawh u	INTJ
heh sawih	INTJ
hnu hnawh a!	INTJ
hnu-hnawh a!	INTJ
hrep tak a!	INTJ
i e	INTJ
i hi	INTJ
iu seh	INTJ
ka phak	INTJ
ka rei	INTJ
ka ti!	INTJ
kau a!	INTJ
kha aw	INTJ
kha âw	INTJ
kha teh	INTJ
khâ teh	INTJ
khabe hmul	INTJ
khabe ruh	INTJ
khai aw	INTJ
khai aw le	INTJ
khai aw!	INTJ
khai âw!	INTJ
khai le	INTJ
khaih khaih khaih	INTJ
khawi nge	INTJ
khawi sanghar	INTJ
khu khuan	INTJ
lazàr ban	INTJ
mautuai lung	INTJ
ngawi talhtum	INTJ
ngâwi talhtum	INTJ
pak chheih khah	INTJ
pang chuam	INTJ
pang lam chhawn	INTJ
pang lawi	INTJ
pang pang	INTJ
phawng phaw dawt	INTJ
phâwng phaw dawt	INTJ
phawr phawr	INTJ
rawk râl	INTJ
reng reng	INTJ
réng réng	INTJ
reng reng a	INTJ
si sawp	INTJ
teh chiam	INTJ
teh chûl	INTJ
teh chung	INTJ
teh fakau chuan	INTJ
teh fo	INTJ
teh fo a che!	INTJ
teh ruai	INTJ
teh suh e	INTJ
teh teuh	INTJ
teh ṭeuh	INTJ
teh teuh a che	INTJ
teh ṭeuh a che	INTJ
teh uar	INTJ
tehchai che chuan	INTJ
tehkhin thu	INTJ
u tûm vuak ang	INTJ
u-tûm vuak ang	INTJ
ve kêng	INTJ
ze mawi	INTJ
ze ral	INTJ
a budelh	NOUN
a bul a bǎl	NOUN
a chhak a thlang	NOUN
a chhan leh avang	NOUN
a chhan leh avàng	NOUN
a chhia a tha	NOUN
a chhia a ṭha	NOUN
a chhim a hmar	NOUN
a chhim a hmàr	NOUN
a chhungthlak	NOUN
a chhungthlâk	NOUN
a chhûngthlak	NOUN
a chhûngthlâk	NOUN
a cho ak chuan	NOUN
a cho âk chuan	NOUN
a cho-ak chuan	NOUN
a cho-âk chuan	NOUN
a chuang a liam	NOUN
a dik a dawk	NOUN
a dung a vang	NOUN
a dung a váng	NOUN
a fawng lama vuan	NOUN
a fu	NOUN
a fû	NOUN
a fukthleng	NOUN
a fukthlèng	NOUN
a fûkthleng	NOUN
a fûkthlèng	NOUN
a hauhuk kai	NOUN
a hauhûk kai	NOUN
a hlim a thla	NOUN
a hmawr bawkna	NOUN
a hmawr bàwkna	NOUN
a hmei a pa	NOUN
a laia zangphar	NOUN
a lian a lal	NOUN
a lian a te	NOUN
a lian a tê	NOUN
a lo a ram	NOUN
a mawi a hawih	NOUN
a meichher chhi	NOUN
a nek a nawk	NOUN
a nek a nuk	NOUN
a ngai	NOUN
a ngial a ngan	NOUN
a pa chhuak	NOUN
a pakhatna	NOUN
a pang ber	NOUN
a paw rim	NOUN
a pawi a hmar	NOUN
a pawi a hmàr	NOUN
a pâwi a hmar	NOUN
a pâwi a hmàr	NOUN
a pawi a pang	NOUN
a paw-rim	NOUN
a pil	NOUN
a pui a pang	NOUN
a pung	NOUN
a rana a rana lo	NOUN
a rauvi thla	NOUN
a râuvi thla	NOUN
a rauvi-thla	NOUN
a râuvi-thla	NOUN
a ri a ruang	NOUN
a rim a rā	NOUN
a rim a rã	NOUN
a riruang	NOUN
a sahmul then	NOUN
a sahmul ṭhen	NOUN
a saseh	NOUN
a sawm a za	NOUN
a sàwm a za	NOUN
a sehsam	NOUN
a sehsàm	NOUN
a sik a sa	NOUN
a sik a sá	NOUN
a sing a sang	NOUN
a sing a sáng	NOUN
a síng a sang	NOUN
a síng a sáng	NOUN
a tak	NOUN
a taktak	NOUN
a tar a zur	NOUN
a tar a zûr	NOUN
a tawk a fang	NOUN
a tâwk a fang	NOUN
a tawp ret	NOUN
a tawp rét	NOUN
a tâwp ret	NOUN
a tâwp rét	NOUN
a them	NOUN
a then	NOUN
a ṭhen	NOUN
a then a zar	NOUN
a then a zâr	NOUN
a ṭhen a zar	NOUN
a ṭhen a zâr	NOUN
a then azawng	NOUN
a then azâwng	NOUN
a ṭhen azawng	NOUN
a ṭhen azâwng	NOUN
a thochuan	NOUN
a tlem azawng	NOUN
a tlem azâwng	NOUN
a tlêm azawng	NOUN
a tlêm azâwng	NOUN
a tobul	NOUN
a ṭobul	NOUN
a tuipal	NOUN
a tuma lum	NOUN
a vang	NOUN
a vâng	NOUN
à vàng	NOUN
a vate fuk	NOUN
a vate fûk	NOUN
à vate fuk	NOUN
à vate fûk	NOUN
a za	NOUN
a zâ	NOUN
a zawng a zain	NOUN
a zawng lawn	NOUN
a zawng làwn	NOUN
a zâwng lawn	NOUN
a zâwng làwn	NOUN
a zia	NOUN
a zo a vai	NOUN
adama sut	NOUN
adama thei	NOUN
ai eng	NOUN
ai eng dip	NOUN
ai hnah phahpui	NOUN
âi hnah phahpui	NOUN
ai hni	NOUN
ai ip	NOUN
aiawt ha	NOUN
aiâwt hâ	NOUN
aidu buk	NOUN
aidu hrui	NOUN
aidu ria	NOUN
ai-eng dip	NOUN
aikhata leng	NOUN
aikhata lêng	NOUN
âikhata leng	NOUN
âikhata lêng	NOUN
aikhiangi zai	NOUN
an hawp	NOUN
an hàwp	NOUN
an hla	NOUN
an hlá	NOUN
àn hla	NOUN
àn hlá	NOUN
an ka	NOUN
an kâ	NOUN
àn ka	NOUN
àn kâ	NOUN
an loh	NOUN
an ngha ril	NOUN
an ngha rîl	NOUN
anchhe dawng	NOUN
ànchhe dawng	NOUN
anchi ri	NOUN
ànpai reng zawl	NOUN
ànpai reng zâwl	NOUN
antam bul bawk	NOUN
antam bul bâwk	NOUN
anṭam bul bawk	NOUN
anṭam bul bâwk	NOUN
antam hel ei	NOUN
anṭam hel ei	NOUN
antam par	NOUN
anṭam par	NOUN
antam rep	NOUN
antam rêp	NOUN
anṭam rep	NOUN
anṭam rêp	NOUN
antam zikhlum	NOUN
antam zikhlûm	NOUN
anṭam zikhlum	NOUN
anṭam zikhlûm	NOUN
anthur hrui	NOUN
anthûr hrui	NOUN
anthur rep	NOUN
anthur rêp	NOUN
anthûr rep	NOUN
anthûr rêp	NOUN
anthur tui	NOUN
anthûr tui	NOUN
ar awn	NOUN
âr âwn	NOUN
ar awn rangkachak	NOUN
âr âwn rangkachak	NOUN
ar awng	NOUN
âr awng	NOUN
ar bai	NOUN
âr bai	NOUN
ar chang	NOUN
ar chang hang	NOUN
ar chaw zat	NOUN
ar chaw zât	NOUN
ar chhiah	NOUN
âr chhiah	NOUN
ar chil zat	NOUN
âr chil zât	NOUN
ar dan bang	NOUN
âr dan bang	NOUN
ar fep	NOUN
ar fêp	NOUN
âr fep	NOUN
âr fêp	NOUN
ar hang	NOUN
ar hàng	NOUN
âr hang	NOUN
âr hàng	NOUN
âr hâng	NOUN
ar hrik	NOUN
ar hrik reh	NOUN
ar huai hih	NOUN
âr huai hih	NOUN
ar in	NOUN
âr in	NOUN
ar indi chen	NOUN
âr indi chen	NOUN
ar kal	NOUN
âr kal	NOUN
ar kawk	NOUN
âr kawk	NOUN
ar ke	NOUN
âr ke	NOUN
ar ke bawk	NOUN
âr ke bâwk	NOUN
ar kedawm	NOUN
ar khual	NOUN
âr khual	NOUN
ar khuan hun	NOUN
âr khuan hun	NOUN
ar lawi hun	NOUN
ar làwi hun	NOUN
âr lawi hun	NOUN
âr làwi hun	NOUN
âr lâwi hun	NOUN
ar leilawn	NOUN
ar leilàwn	NOUN
âr leilawn	NOUN
âr leilàwn	NOUN
ar ngal hmul	NOUN
âr ngal hmul	NOUN
ar ngultung	NOUN
âr ngultung	NOUN
ar nu	NOUN
ar rilsakna	NOUN
âr rilsakna	NOUN
ar tai	NOUN
ar ṭai	NOUN
âr tai	NOUN
âr ṭai	NOUN
ar thla hual	NOUN
âr thla hual	NOUN
ar thla thingthiah	NOUN
ar thla thîngthiah	NOUN
âr thla thingthiah	NOUN
âr thla thîngthiah	NOUN
ar thladawn	NOUN
ar thladàwn	NOUN
âr thladawn	NOUN
âr thladàwn	NOUN
ar va	NOUN
ar và	NOUN
âr va	NOUN
âr và	NOUN
ar va hmui zum	NOUN
âr va hmui zum	NOUN
ar vavu	NOUN
âr vavu	NOUN
ar vutbuak	NOUN
âr vutbuak	NOUN
ar zangtuak	NOUN
âr zângtuak	NOUN
ara fanghma	NOUN
âra fanghma	NOUN
ara mawnghawlh	NOUN
âra mawnghawlh	NOUN
ara tukkhuan	NOUN
ara tûkkhuan	NOUN
âra tukkhuan	NOUN
âra tûkkhuan	NOUN
ara virmep	NOUN
âra virmep	NOUN
aramawng hawlh	NOUN
âramawng hawlh	NOUN
a-rana a rana lo	NOUN
ar-awn rangkachak	NOUN
âr-âwn rangkachak	NOUN
ar-chang hang	NOUN
archang kawih	NOUN
archang kuai	NOUN
archang lei	NOUN
archang thiang	NOUN
archang ṭhiang	NOUN
archang țhiang	NOUN
ar-chaw zat	NOUN
ar-chaw zât	NOUN
ar-huai hih	NOUN
âr-huai hih	NOUN
arla no	NOUN
arla tui	NOUN
arlhui ngo	NOUN
ârlhui ngo	NOUN
arlhui sen	NOUN
ârlhui sen	NOUN
armit rawh	NOUN
ârmit rawh	NOUN
arngeng hawlphum	NOUN
arngeng hawlphùm	NOUN
arngeng hawlphûm	NOUN
arpa chan lai	NOUN
arpa kal	NOUN
arpa til	NOUN
arpa tir	NOUN
arpui chawmthai	NOUN
arpui hang khal	NOUN
arpui hang khâl	NOUN
arpui hang khãl	NOUN
arsa rim nam	NOUN
arsi ek	NOUN
arsi êk	NOUN
arsi hni	NOUN
arsi kemkawm tlang	NOUN
arsi puan	NOUN
arsi thlawk	NOUN
arsi thlâwk	NOUN
arsi zat	NOUN
arsi zât	NOUN
arsí zat	NOUN
arsí zât	NOUN
arte hring ban	NOUN
arte hring bàn	NOUN
arte lubawk	NOUN
arte lubâwk	NOUN
arte mawngkhak	NOUN
arte mawngkhák	NOUN
arte pumphel	NOUN
arte veikual	NOUN
arte-hring ban	NOUN
arte-hring bàn	NOUN
arthla zah	NOUN
arthla záh	NOUN
ârthla zah	NOUN
ârthla záh	NOUN
ârthla zâh	NOUN
artial fin	NOUN
arṭial fin	NOUN
artui bawm	NOUN
artui bâwm	NOUN
artui bawm nghak	NOUN
artui bâwm nghâk	NOUN
artui chhungmu	NOUN
artui dah	NOUN
artui heng	NOUN
artui hêng	NOUN
artui pawn var	NOUN
artui pawn vâr	NOUN
artui pil	NOUN
artui tan	NOUN
ar-va hmui zum	NOUN
âr-va hmui zum	NOUN
atkina vaihlo	NOUN
aw ka	NOUN
âw ka	NOUN
aw lakna	NOUN
aw lâkna	NOUN
aw lam	NOUN
aw lan	NOUN
aw ngek	NOUN
aw ngêk	NOUN
aw thangkhawk	NOUN
aw thangkhâwk	NOUN
awi ngek	NOUN
awi ngék	NOUN
âwi ngek	NOUN
âwi ngék	NOUN
awk lem	NOUN
âwk lem	NOUN
awkpa ka	NOUN
âwkpa kâ	NOUN
awm a nei	NOUN
awm dan	NOUN
awm dân	NOUN
awm do	NOUN
awm dung	NOUN
awm dûng	NOUN
awm ei	NOUN
âwm ei	NOUN
awm eng	NOUN
awm êng	NOUN
awm fual	NOUN
awm hmun	NOUN
awm hnun	NOUN
awm hpa	NOUN
awm hryau	NOUN
awm hunchhung	NOUN
awm hunchhûng	NOUN
awm krawh	NOUN
âwm krawh	NOUN
awm lai leng	NOUN
awm lai lêng	NOUN
awm lài leng	NOUN
awm lài lêng	NOUN
awm lei	NOUN
awm lum	NOUN
awm mei	NOUN
awm mun	NOUN
awm na	NOUN
awm ngil	NOUN
awm ni	NOUN
awm pa	NOUN
awm pawng	NOUN
awm pâwng	NOUN
awm phaw	NOUN
awm ruh	NOUN
âwm ruh	NOUN
awm se	NOUN
awm te	NOUN
awm tê	NOUN
awm thim	NOUN
awm ze	NOUN
awm zê	NOUN
awm zen	NOUN
awm zia	NOUN
awmfi ruh	NOUN
âwmfi ruh	NOUN
awmtual mei	NOUN
awn dawh	NOUN
awn pui	NOUN
awr zawl	NOUN
awr zâwl	NOUN
awze mi	NOUN
ba antui	NOUN
ba bai	NOUN
ba bun fawng	NOUN
ba bun kho	NOUN
ba khik	NOUN
ba lai	NOUN
ba lài	NOUN
ba mun hun	NOUN
bahngal chem	NOUN
bahra luhrum	NOUN
bahra luhrúm	NOUN
balhla bu	NOUN
balhla buh	NOUN
balhla zu	NOUN
balhla zû	NOUN
ban bul	NOUN
ban bùl	NOUN
bân bul	NOUN
bân bùl	NOUN
ban chen	NOUN
bân chen	NOUN
ban hna	NOUN
ban hná	NOUN
ban ke	NOUN
ban phawi	NOUN
ban phàwi	NOUN
bang chhak	NOUN
bang hmai	NOUN
bang thlang	NOUN
banglai chhung	NOUN
banglai chhûng	NOUN
bawkbawn khawdur	NOUN
bawkbàwn khawdur	NOUN
bawkbawn rul	NOUN
bawkbawn rûl	NOUN
bawkbàwn rul	NOUN
bawkbàwn rûl	NOUN
bawkbawn selung	NOUN
bawkbàwn selung	NOUN
bawkbawn sezang	NOUN
bawkbawn sezâng	NOUN
bawkbàwn sezang	NOUN
bawkbàwn sezâng	NOUN
bawkhuaia hrui	NOUN
bawl hmun	NOUN
bàwl hmun	NOUN
bawl pu	NOUN
bâwl pu	NOUN
bawl te	NOUN
bawl tê	NOUN
bâwl te	NOUN
bâwl tê	NOUN
bawl tiang	NOUN
bawlte chhehhnawk	NOUN
bâwlte chhehhnawk	NOUN
bawmdo ban	NOUN
bawmdo chhuar	NOUN
bâwmdo chhuar	NOUN
bawmzo sahnawh	NOUN
bawng an	NOUN
bâwng an	NOUN
bawng ek an	NOUN
bawng êk an	NOUN
bâwng ek an	NOUN
bâwng êk an	NOUN
bawng ek lir	NOUN
bawng ek lîr	NOUN
bawng êk lir	NOUN
bawng êk lîr	NOUN
bâwng ek lir	NOUN
bâwng ek lîr	NOUN
bâwng êk lir	NOUN
bâwng êk lîr	NOUN
bawng sawr lai	NOUN
bawng sàwr lai	NOUN
bâwng sawr lai	NOUN
bâwng sàwr lai	NOUN
bawng sawr-lai	NOUN
bawng sàwr-lai	NOUN
bâwng sawr-lai	NOUN
bâwng sàwr-lai	NOUN
bawng tilreh	NOUN
bâwng tilreh	NOUN
bawngchhawr mi	NOUN
bâwngchhawr mi	NOUN
bawnghnute dak	NOUN
bâwnghnute dak	NOUN
bawnghnute hring	NOUN
bâwnghnute hring	NOUN
bawnghnute khal	NOUN
bâwnghnute khal	NOUN
bawngpa thlukvum	NOUN
bâwngpa thlukvum	NOUN
bawp lawk	NOUN
bâwp lâwk	NOUN
bawp pui	NOUN
bâwp pui	NOUN
bawrhsap (bora saheb)	NOUN
be dum	NOUN
be iseina	NOUN
be ka	NOUN
be ngo	NOUN
be ngo fang te	NOUN
beai thang	NOUN
bed sheet	NOUN
behliang mun hun	NOUN
bek ang	NOUN
bek bor	NOUN
bel bul	NOUN
bel kang	NOUN
bel kàng	NOUN
bel lam	NOUN
bel lei	NOUN
bel lubawk	NOUN
bel lubâwk	NOUN
bel mang	NOUN
bel na	NOUN
bel phuar	NOUN
bel pui	NOUN
bel rawh	NOUN
bel ri	NOUN
bel te	NOUN
bel tla lawk	NOUN
bel val	NOUN
bēl vua	NOUN
bēl vuakfung	NOUN
belrawh mual	NOUN
belrawh mual kil	NOUN
bem hmun	NOUN
bèm hmun	NOUN
ben (band)	NOUN
ben chawrh na	NOUN
ben hawn	NOUN
ben ri	NOUN
beng beh	NOUN
beng ber	NOUN
beng bêr	NOUN
beng chhak	NOUN
beng chheng	NOUN
beng na	NOUN
beng nâ	NOUN
beng parh	NOUN
beng thek thek	NOUN
bêng thek thek	NOUN
beng thleng	NOUN
beng thlèng	NOUN
be-ngo fang te	NOUN
benner lukhum	NOUN
bènpu (band master)	NOUN
bepui ngul	NOUN
beram chal	NOUN
beràm chal	NOUN
beram hmul	NOUN
beràm hmul	NOUN
beram huang	NOUN
beràm huang	NOUN
beram no	NOUN
beràm no	NOUN
berampa ki	NOUN
beràmpa ki	NOUN
biak buk	NOUN
biak bûk	NOUN
biak in	NOUN
bial khawmpui	NOUN
bial rahsi	NOUN
bilat ar	NOUN
bilât âr	NOUN
bilat lei	NOUN
bilât lei	NOUN
bilat no	NOUN
bilât no	NOUN
bu thlangdar	NOUN
bu thlangdâr	NOUN
bu tuairam	NOUN
bual at	NOUN
bual ât	NOUN
bual in	NOUN
bual te	NOUN
buang tawng	NOUN
buar pui	NOUN
buar te	NOUN
buar thak	NOUN
buar thâk	NOUN
buat saih tu	NOUN
buh a	NOUN
buh â	NOUN
buh bal	NOUN
buh ban	NOUN
buh bàn	NOUN
buh bel	NOUN
buh bêl	NOUN
buh bial	NOUN
buh bul	NOUN
buh bûl	NOUN
buh chang kuang	NOUN
buh chhum	NOUN
buh chiar	NOUN
buh da	NOUN
buh dawh	NOUN
buh den na	NOUN
buh du	NOUN
buh du hlei	NOUN
buh ek	NOUN
buh êk	NOUN
buh fai	NOUN
buh fai tham	NOUN
buh fang	NOUN
buh fâng	NOUN
buh fun	NOUN
buh hawp	NOUN
buh hâwp	NOUN
buh hawp khawp	NOUN
buh hâwp khâwp	NOUN
buh hi	NOUN
buh hî	NOUN
buh hlim	NOUN
buh hum	NOUN
buh hûm	NOUN
buh hun	NOUN
buh hûn	NOUN
buh kawm	NOUN
buh kâwm	NOUN
buh kawm nei	NOUN
buh kem	NOUN
buh kheng	NOUN
buh khu	NOUN
buh kung	NOUN
buh la khawh	NOUN
buh lem	NOUN
buh liang	NOUN
buh lu	NOUN
buh lung sit	NOUN
buh mam	NOUN
buh mâm	NOUN
buh mang	NOUN
buh mâng	NOUN
buh rai nghawr	NOUN
buh sisawp	NOUN
buh tal	NOUN
buh thar	NOUN
buh tuh thla	NOUN
buh vawng	NOUN
buh vàwng	NOUN
buhseng thla	NOUN
buhtun hmui phir	NOUN
buhtun hmui phîr	NOUN
buhtun rul	NOUN
buhtun rûl	NOUN
buikelek puan	NOUN
buk lung	NOUN
bùk lung	NOUN
buk nghaktu	NOUN
buk ngháktu	NOUN
búk nghaktu	NOUN
búk ngháktu	NOUN
bûk nghaktu	NOUN
bûk ngháktu	NOUN
bul leh bǎl	NOUN
butupuan (flannel)	NOUN
cha kawk	NOUN
cha lang	NOUN
cha lâng	NOUN
chai chim	NOUN
chai chîm	NOUN
châi chim	NOUN
châi chîm	NOUN
chai hnu thai	NOUN
chai hnu thài	NOUN
chai hnû thai	NOUN
chai hnû thài	NOUN
châi hnu thai	NOUN
châi hnu thài	NOUN
châi hnû thai	NOUN
châi hnû thài	NOUN
chai thlang	NOUN
chai thlâng	NOUN
chak ai	NOUN
chak awk	NOUN
chak khai	NOUN
chak na	NOUN
chakai hni	NOUN
chakai man	NOUN
chakai tang	NOUN
chakai tâng	NOUN
chakai ṭang	NOUN
chakai ṭâng	NOUN
chal chik	NOUN
chal chîk	NOUN
chal dar	NOUN
chal dâr	NOUN
chal ki	NOUN
chal mik	NOUN
chal rem	NOUN
chal sam	NOUN
chal sâm	NOUN
cham bang	NOUN
cham bâng	NOUN
champhai damdawi	NOUN
champhai thei	NOUN
chang dang	NOUN
cháng dang	NOUN
chang lo tlawh	NOUN
changkuai ngawi	NOUN
changlak chen	NOUN
changlák chen	NOUN
changmala bawkbawn	NOUN
changmala bawkbàwn	NOUN
changpat ek	NOUN
changpat êk	NOUN
changpât ek	NOUN
changpât êk	NOUN
changtual lei	NOUN
changvan dawt	NOUN
changvan dâwt	NOUN
char chak	NOUN
char chàk	NOUN
char chang	NOUN
char châng	NOUN
char da re	NOUN
char da rê	NOUN
char ei	NOUN
char hrui	NOUN
char khaw na	NOUN
char khaw nâ	NOUN
char na	NOUN
char phai	NOUN
char pui no khai	NOUN
char sut	NOUN
chat la	NOUN
chat tuan	NOUN
chau bang	NOUN
chau bâng	NOUN
chaw bel	NOUN
chaw bêl	NOUN
chaw chhun	NOUN
chaw ei khawm	NOUN
chaw ei khâwm	NOUN
chaw fun	NOUN
chaw fûn	NOUN
chaw hiawm	NOUN
chaw hlawm	NOUN
chaw hlâwm	NOUN
chaw hlui	NOUN
chaw hmeh	NOUN
chaw hming	NOUN
chaw hnu	NOUN
chaw ka	NOUN
chaw kawm	NOUN
chaw kâwm	NOUN
chaw ke	NOUN
chaw kê	NOUN
chaw keng	NOUN
chaw kêng	NOUN
chaw khe	NOUN
chaw khing	NOUN
chaw khir	NOUN
chaw ki	NOUN
chaw kil	NOUN
chaw la	NOUN
chaw lâ	NOUN
chaw lai	NOUN
chaw lâi	NOUN
chaw lai rel	NOUN
chaw lai rêl	NOUN
chaw lâi rel	NOUN
chaw lâi rêl	NOUN
chaw lak na	NOUN
chaw lâk na	NOUN
chaw leh an	NOUN
chaw lèh an	NOUN
chaw lh ni	NOUN
chaw mam	NOUN
chaw mâm	NOUN
chaw ngaw	NOUN
chaw nu	NOUN
chaw phing	NOUN
chaw phîng	NOUN
chaw phul	NOUN
chaw phûl	NOUN
chaw phūl	NOUN
chaw puan	NOUN
chaw pui	NOUN
chaw sa meh	NOUN
chaw sawm	NOUN
chaw sâwm	NOUN
chaw thing	NOUN
chaw thlawh	NOUN
chaw thleng	NOUN
chaw thling	NOUN
chaw thlîng	NOUN
chaw tiang	NOUN
chaw tlang	NOUN
chaw tui ber	NOUN
chaw tui hang	NOUN
chaw tui hâng	NOUN
chawhma ban	NOUN
chawhte purun	NOUN
chawhte purûn	NOUN
chawi thal fang	NOUN
chàwi thal fang	NOUN
chawite hring	NOUN
chàwite hring	NOUN
chawk khir	NOUN
chawm al tla	NOUN
chawm hlawm	NOUN
chawm tlei	NOUN
chawmal tla	NOUN
chawm-al tla	NOUN
chawn do	NOUN
châwn do	NOUN
chawn dolu	NOUN
chawn dotu	NOUN
chawn leh lam	NOUN
chawn pui	NOUN
chawn tawi	NOUN
chawn tâwi	NOUN
chawnfang thia	NOUN
chawnfang thla	NOUN
chawnfáng thla	NOUN
chawnfâng thla	NOUN
chawngbaw la ser	NOUN
chawngduma saingho	NOUN
chawngnawk ipte	NOUN
chawngte thing	NOUN
chawp leh chilhin	NOUN
chawt chawt	NOUN
chawthing zenna in	NOUN
chawţhing zenna in	NOUN
che de de	NOUN
che dè dè	NOUN
chê de de	NOUN
chê dè dè	NOUN
chê dê dê	NOUN
che thap	NOUN
che vel	NOUN
cheh ral	NOUN
chehpuah silai	NOUN
chehpual silai	NOUN
chei mawi	NOUN
chem chem	NOUN
chem sei	NOUN
chem sen	NOUN
chem sen bawih	NOUN
chem tang	NOUN
chem ṭang	NOUN
chem teuh	NOUN
chem theihnghilh ang	NOUN
chem tum	NOUN
chem zam	NOUN
chem zang	NOUN
chemsen bawih	NOUN
chemsen bâwih	NOUN
cheng dek	NOUN
chengker kar	NOUN
chenkual vaihlo	NOUN
chènkual vaihlo	NOUN
chep ral	NOUN
chepa hrui	NOUN
chepa nungkhai ang	NOUN
cher chawk	NOUN
cher chingkim	NOUN
cher chìngkim	NOUN
cher chîngkim	NOUN
cheraw kan	NOUN
chet dan	NOUN
chet dân	NOUN
chêt dan	NOUN
chêt dân	NOUN
chet vel	NOUN
chêt vel	NOUN
chhaih buai	NOUN
chhailai di	NOUN
chhak chhuah	NOUN
chhak lam	NOUN
chhakta zawk	NOUN
chhakta zâwk	NOUN
chhal dang	NOUN
chham ek	NOUN
chham êk	NOUN
chhâm ek	NOUN
chhâm êk	NOUN
chhan him	NOUN
chhang awm	NOUN
chhang bung	NOUN
chhang hem hmin	NOUN
chhang hlawm	NOUN
chhang hláwm	NOUN
chhang hlâwm	NOUN
chhang hliwm	NOUN
chhang mawng khak	NOUN
chhang mawng khâk	NOUN
chhang mawngah	NOUN
chhang mawngmu	NOUN
chhang mawngmû	NOUN
chhangte fanghma vel	NOUN
chhawhchhi buhpawlh	NOUN
chhawhchhi chip	NOUN
chhawk awlh	NOUN
chhawl ban	NOUN
chhawl bang	NOUN
chhāwl bang	NOUN
chhawl phah dun	NOUN
chhawng hnawh	NOUN
chhe chhiat	NOUN
chhe hlam	NOUN
chhe hlo	NOUN
chhe lam	NOUN
chheh khalh	NOUN
chheh vel	NOUN
chheh vêl	NOUN
chheh vfcl	NOUN
chheh vfil	NOUN
chhei chhei chhei	NOUN
chhek arbawm	NOUN
chhek arbwm	NOUN
chhek in	NOUN
chhêk in	NOUN
chhem bur	NOUN
chhem bûr	NOUN
chhêm bur	NOUN
chhêm bûr	NOUN
chhem nghin	NOUN
chhem nghing	NOUN
chhem thei	NOUN
chhet chhet	NOUN
chhfira vawkpa	NOUN
chhfira vawkpa zawnna	NOUN
chhi hri	NOUN
chhi pui	NOUN
chhia leh tha hriatna	NOUN
chhia leh ţha hriatna	NOUN
chhia tha	NOUN
chhiah khua	NOUN
chhiar chhuah	NOUN
chhiar chhuak	NOUN
chhiar sen loh	NOUN
chhiar sén loh	NOUN
chhiar sèn loh	NOUN
chhiar sin loh	NOUN
chhiarthlang bang	NOUN
chhiat na	NOUN
chhiat ni	NOUN
chhim bal	NOUN
chhim buk	NOUN
chhim chak	NOUN
chhim châk	NOUN
chhim chhak	NOUN
chhim hml	NOUN
chhim kil	NOUN
chhim tawp	NOUN
chhim thiang	NOUN
chhim thlang	NOUN
chhim tir	NOUN
chhimbal nupa	NOUN
chhimbăl nupa	NOUN
chhimbuk sialki	NOUN
chhin chhiah na	NOUN
chhinchhiahna zungbun	NOUN
chhing khual	NOUN
chhing mit	NOUN
chhip zawng	NOUN
chhip zâwng	NOUN
chho hah vei	NOUN
chho he	NOUN
chho hê	NOUN
chhu biang	NOUN
chhu dip	NOUN
chhu hmul	NOUN
chhu hrut	NOUN
chhu hrût	NOUN
chhu hur	NOUN
chhu muk	NOUN
chhu ngawng	NOUN
chhuan mang	NOUN
chhuat dung	NOUN
chhuât dung	NOUN
chhuat laizawl	NOUN
chhuât laizâwl	NOUN
chhuat phah	NOUN
chhui thutphah	NOUN
chhuk zal	NOUN
chhuk zâl	NOUN
chhul bu	NOUN
chhûl bu	NOUN
chhul innghak	NOUN
chhul innghâk	NOUN
chhûl innghak	NOUN
chhûl innghâk	NOUN
chhul keu	NOUN
chhûl keu	NOUN
chhul khat kual	NOUN
chhûl khat kual	NOUN
chhul thutphah	NOUN
chhûl thutphah	NOUN
chhum chhum	NOUN
chhum ding	NOUN
chhum leivak	NOUN
chhum leivâk	NOUN
chhum zun	NOUN
chhúm zun	NOUN
chhun khah	NOUN
chhun lai	NOUN
chhùn lai	NOUN
chhun leh zan	NOUN
chhun leh zàn	NOUN
chhun leh zân	NOUN
chhùn leh zan	NOUN
chhùn leh zàn	NOUN
chhung hung	NOUN
chhûng hung	NOUN
chhung lam	NOUN
chhûng lam	NOUN
chhungkaw bawngbawrin	NOUN
chhungkaw bel vawnin	NOUN
chhungkaw lumtu	NOUN
chhûngkaw lûmtu	NOUN
chhungkaw puipa	NOUN
chhûngkaw puipa	NOUN
chhungkaw pumpuarna	NOUN
chhûngkaw pumpuarna	NOUN
chhungkhat bawl	NOUN
chhungpui fa	NOUN
chhûngpui fa	NOUN
chhungrual hak	NOUN
chhungrual hâk	NOUN
chhûngrual hak	NOUN
chhûngrual hâk	NOUN
chhura pawvawng	NOUN
chhûra pawvawng	NOUN
chhura umpui	NOUN
chhûra ûmpui	NOUN
chhura umpui mu	NOUN
chhûra ûmpui mu	NOUN
chhura vawkpa	NOUN
chhûra vawkpa	NOUN
chhura vawkpa zawnna	NOUN
chhûra vawkpa zawnna	NOUN
chhut han	NOUN
chhut keh	NOUN
chhut ngawn	NOUN
chi al	NOUN
chi bai	NOUN
chi bur	NOUN
chi bûr	NOUN
chi chhiah	NOUN
chi hni	NOUN
chi khat	NOUN
chi khawn	NOUN
chi khâwn	NOUN
chi le	NOUN
chi lê	NOUN
chi leh kuang	NOUN
chi ngu	NOUN
chi per	NOUN
chi pui	NOUN
chi rawt lung	NOUN
chi ràwt lung	NOUN
chi râwt lung	NOUN
chi rawt thleng	NOUN
chi rawt thlèng	NOUN
chi ràwt thleng	NOUN
chi ràwt thlèng	NOUN
chi râwt thleng	NOUN
chi râwt thlèng	NOUN
chi teng	NOUN
chi thlah	NOUN
chi thlan	NOUN
chi thlân	NOUN
chiap chiap	NOUN
chibai bukna	NOUN
chibai bûkna	NOUN
chik hnam	NOUN
chîk hnam	NOUN
chil chhak	NOUN
chil chhakkhum	NOUN
chil phuan	NOUN
chil thi	NOUN
chil wai	NOUN
chilhna kua	NOUN
chilphuan chhuak	NOUN
chilthli dawmna	NOUN
chilthli dâwmna	NOUN
chim bal	NOUN
chim chawm	NOUN
chim chem	NOUN
chim hak	NOUN
chim hàk	NOUN
chim pil	NOUN
chim thaw	NOUN
chin chiah	NOUN
chin hnih	NOUN
chin hria	NOUN
chin rang	NOUN
chinai lung	NOUN
chinch awi	NOUN
ching al	NOUN
chîng al	NOUN
ching chip	NOUN
ching hni	NOUN
ching it	NOUN
ching ne	NOUN
ching pi ri nu	NOUN
ching pir	NOUN
ching zu	NOUN
chîng zu	NOUN
chingal bel	NOUN
chingal bêl	NOUN
chingal thlawr	NOUN
chingal thlawrbur	NOUN
chingal thlawrbûr	NOUN
chingchip ral	NOUN
chingchip râl	NOUN
chingit suak	NOUN
chingît suak	NOUN
chingit te	NOUN
chingit tê	NOUN
chingît te	NOUN
chingît tê	NOUN
chingpirinu thei	NOUN
chip chial	NOUN
chip pui	NOUN
chíp pui	NOUN
chîp pui	NOUN
chir cher	NOUN
chir i	NOUN
chiseh lamna	NOUN
cho ak	NOUN
cho zawh	NOUN
cho zo	NOUN
choak chuan	NOUN
choâk chuan	NOUN
choaka samlukhai	NOUN
choâka samlukhâi	NOUN
choaka samlukhdi	NOUN
choaka thi	NOUN
choâka thi	NOUN
choaka um	NOUN
choaka ûm	NOUN
choâka um	NOUN
choâka ûm	NOUN
choaka van um	NOUN
choaka van ûm	NOUN
choâka van um	NOUN
choâka van ûm	NOUN
chodka thi	NOUN
chodka um	NOUN
chu zozai	NOUN
chua ngo	NOUN
chuai lo	NOUN
chuan chhan	NOUN
chuan chhuah	NOUN
chuang thiam	NOUN
chuap hnun	NOUN
chuâp hnun	NOUN
chukchu kurh	NOUN
chukchu kûrh	NOUN
chukchuru kurh	NOUN
chukchuru kûrh	NOUN
chul beraw	NOUN
chul ram	NOUN
chul thum kum	NOUN
chul thurn kum	NOUN
chum chum	NOUN
chum dawng	NOUN
chung lam	NOUN
chungchang thu	NOUN
chungchâng thu	NOUN
chunghri bawm	NOUN
chunghri bâwm	NOUN
chunglam bawm	NOUN
chunglam bâwm	NOUN
chuti khati	NOUN
chutiang chu	NOUN
dai vel	NOUN
dai vêl	NOUN
daia sulepah	NOUN
daia sulêpah	NOUN
dâia sulepah	NOUN
dâia sulêpah	NOUN
daikil kar	NOUN
daikil kâr	NOUN
daikil kara mi	NOUN
daikil kâra mi	NOUN
daikil lòa	NOUN
dailen in	NOUN
daitam sazu	NOUN
daitâm sazu	NOUN
dak chhuah	NOUN
dak chhuak	NOUN
dak in	NOUN
daktawr (doctor)	NOUN
dâktawr (doctor)	NOUN
dam chhan	NOUN
dam lai	NOUN
dam lái	NOUN
dam lâi	NOUN
dam rualpui	NOUN
dam ruatpui	NOUN
damdawi in	NOUN
damdawi thiam	NOUN
dan hrai	NOUN
dan hraí	NOUN
dân hrai	NOUN
dân hraí	NOUN
dan leh dun	NOUN
dan leh dûn	NOUN
dàn leh dun	NOUN
dàn leh dûn	NOUN
dân leh dun	NOUN
dân leh dûn	NOUN
dan um	NOUN
dan ûm	NOUN
dàn um	NOUN
dàn ûm	NOUN
dân um	NOUN
dan zawhkim	NOUN
dàn zawhkim	NOUN
dân zawhkim	NOUN
dan zawhklm	NOUN
dang chung	NOUN
dap chi	NOUN
dap chí	NOUN
dáp chi	NOUN
dáp chí	NOUN
dâp chi	NOUN
dar bengbeh	NOUN
dàr bengbeh	NOUN
dâr bengbeh	NOUN
dar lukhum	NOUN
dâr lukhum	NOUN
dar samkhuih	NOUN
dàr samkhuih	NOUN
darngawn fal	NOUN
dârngâwn fal	NOUN
darpa zangnei	NOUN
dârpa zangnei	NOUN
daw heh mi	NOUN
daw-heh mi	NOUN
dawhkan khawnvar	NOUN
dawhkan khâwnvâr	NOUN
dawhkàn khawnvar	NOUN
dawhkàn khâwnvâr	NOUN
dawi hmang	NOUN
dâwi hmang	NOUN
dawithiama arnu	NOUN
dâwithiama arnu	NOUN
dawithiama arpa	NOUN
dâwithiama arpa	NOUN
dawl par tur	NOUN
dawl par tûr	NOUN
dâwl par tur	NOUN
dâwl par tûr	NOUN
dawl zo	NOUN
dawlrem kawr	NOUN
dawlrêm kawr	NOUN
dawlrep tum	NOUN
dawlrêp tum	NOUN
dawlrep turn	NOUN
dawn mek	NOUN
dawn thir	NOUN
dawn thîr	NOUN
dâwn thir	NOUN
dâwn thîr	NOUN
dawng chhawng	NOUN
dawp lawk	NOUN
dawrh dawrh	NOUN
dawrpui ni	NOUN
dâwrpui ni	NOUN
dawt sawi	NOUN
de set set	NOUN
dê sêt sêt	NOUN
deh mi	NOUN
dei dei	NOUN
deng chhuah	NOUN
dep vela mi	NOUN
dep vêla mi	NOUN
dep vila mi	NOUN
der der	NOUN
di in	NOUN
ding chhuak	NOUN
ding lam	NOUN
dingchung na	NOUN
dingchung nat	NOUN
dingdi parbawm	NOUN
dingdi pârbâwm	NOUN
dingdi puantah	NOUN
dir bengbeh	NOUN
do do	NOUN
dumda zukna	NOUN
dumda zûkna	NOUN
dumei zial	NOUN
e khah	NOUN
ei a	NOUN
ei lai	NOUN
ei lawk pa	NOUN
ei lâwk pâ	NOUN
ei leh bar	NOUN
ei na meka riltam	NOUN
ei ngai	NOUN
ei ngái	NOUN
ei rawng bawltu	NOUN
ei rii	NOUN
ei ru	NOUN
ei rù	NOUN
ei ruk hmang	NOUN
ei rûk hmang	NOUN
ei tur bar tur	NOUN
ei tûr bar tûr	NOUN
ek awng	NOUN
ek âwng	NOUN
ék awng	NOUN
ék âwng	NOUN
êk awng	NOUN
êk âwng	NOUN
ek in	NOUN
êk in	NOUN
ek lung	NOUN
êk lung	NOUN
ekcheh thut	NOUN
em lem	NOUN
èm lem	NOUN
eng barah	NOUN
eng dang mah	NOUN
eng em nge	NOUN
eng êm nge	NOUN
eng emaw	NOUN
eng eng emaw	NOUN
eng hunah pawh	NOUN
eng mah	NOUN
eng te khaw te mah	NOUN
eng tê khaw tê mah	NOUN
eng te mah	NOUN
eng tê mah	NOUN
eng zawk nge	NOUN
enpui ni	NOUN
euh euh	NOUN
fa chhawng	NOUN
fa chuam	NOUN
fa dam	NOUN
fa fir	NOUN
fa hlawk kum	NOUN
fa hlâwk kum	NOUN
fa lung	NOUN
fa mal	NOUN
fa tir	NOUN
fa tîr	NOUN
fa tlum	NOUN
fa tlum ben	NOUN
fa u	NOUN
fafu fawn	NOUN
fafu tawn	NOUN
fa-hlawk kum	NOUN
fa-hlâwk kum	NOUN
fahming koh	NOUN
fahrah ben	NOUN
fai ip	NOUN
fái ip	NOUN
fai thar kun	NOUN
fai vek	NOUN
faisa zu	NOUN
faisa zû	NOUN
fáisa zu	NOUN
fáisa zû	NOUN
fak chak	NOUN
fâk châk	NOUN
fak hlawh	NOUN
famri chhinchhiahna	NOUN
fan chhuah	NOUN
fanai bawkbawn	NOUN
fang chip	NOUN
fang fang	NOUN
fang tlang	NOUN
fang za	NOUN
fanghma thar ko	NOUN
fano dawi	NOUN
far far	NOUN
far man	NOUN
fathang em	NOUN
fathang èm	NOUN
fathang êm	NOUN
fathang fem	NOUN
fathang hmun	NOUN
favai dur	NOUN
favai dûr	NOUN
favâi dur	NOUN
favâi dûr	NOUN
favai hrikna	NOUN
favâi hrikna	NOUN
fawh bur	NOUN
fawh bûr	NOUN
fawn chho	NOUN
fawng hmun	NOUN
fawng thuchhia	NOUN
fawngf aina	NOUN
fawngkam chhuak	NOUN
fawngte laivel	NOUN
fawngte laivêl	NOUN
fawngte lâivel	NOUN
fawngte lâivêl	NOUN
fawngte lukhum	NOUN
fawp da	NOUN
feh kawng	NOUN
fel kalkawng	NOUN
fen arh	NOUN
fên arh	NOUN
fen chhing	NOUN
fen chhîng	NOUN
fên chhing	NOUN
fên chhîng	NOUN
feren antam	NOUN
feren anṭam	NOUN
feren anțam	NOUN
fiamthu thawh	NOUN
fiamthu titak	NOUN
fiâmthu titak	NOUN
fian bawm	NOUN
fian bâwm	NOUN
fiara tui	NOUN
fiimthu titak	NOUN
fin hneh	NOUN
fin leh varna	NOUN
fin rawl	NOUN
fin vervek	NOUN
fit (feet)	NOUN
fit feet	NOUN
fu chi	NOUN
fu her	NOUN
fumfe lo	NOUN
fur chawn thla	NOUN
fur chhia	NOUN
fur khawthiang	NOUN
futbawl (football)	NOUN
futbâwl (football)	NOUN
galili galilee	NOUN
gilat no	NOUN
gnat no	NOUN
grep grape	NOUN
grep hrui	NOUN
grep huan	NOUN
grep sawr khur	NOUN
ha fim damdawi	NOUN
ha hawlh zawng	NOUN
ha hlam	NOUN
ha hmai	NOUN
ha hmái	NOUN
ha hmâi	NOUN
ha hni	NOUN
ha hum	NOUN
há hum	NOUN
ha kuh	NOUN
ha lam	NOUN
ha lan	NOUN
ha lang	NOUN
ha lem	NOUN
ha nawhna	NOUN
ha nawhna hlo	NOUN
ha seh	NOUN
ha tang	NOUN
ha tha	NOUN
ha ṭha	NOUN
ha țha	NOUN
ha thar	NOUN
ha tim damdawi	NOUN
ha ṭim damdawi	NOUN
ha țim damdawi	NOUN
ha ui ngho	NOUN
ha za	NOUN
ha zâ	NOUN
ha zia	NOUN
ha zîa	NOUN
ha ziau	NOUN
hah hrep	NOUN
hah man	NOUN
hah thi kulin	NOUN
hah zu	NOUN
hah zû	NOUN
hahchawlh ni	NOUN
hai chhuak	NOUN
hai favang	NOUN
hai favàng	NOUN
hâi favang	NOUN
hâi favàng	NOUN
hâi favâng	NOUN
hai ha	NOUN
hai lungmawl	NOUN
hâi lungmâwl	NOUN
hai rala pumpekna	NOUN
haih haih	NOUN
hailawn no	NOUN
hak fawng	NOUN
hâk fawng	NOUN
hak tan	NOUN
hal rala pumpekna	NOUN
hal rala pumpêkna	NOUN
hàl rala pumpekna	NOUN
hàl rala pumpêkna	NOUN
hâl rala pumpekna	NOUN
hâl rala pumpêkna	NOUN
ham ri	NOUN
hang lam	NOUN
hâng lam	NOUN
hapui tawp ber	NOUN
hapui tawp her	NOUN
hau bur	NOUN
hau bûr	NOUN
hâu bur	NOUN
hâu bûr	NOUN
hauh hauh	NOUN
hauh lo	NOUN
hauhai nu	NOUN
hauhaii nu	NOUN
hauhaii nu zawnna	NOUN
hauhaii nu zâwnna	NOUN
hauhtik kai	NOUN
hauhuk kai	NOUN
hauhúk kai	NOUN
hauhûk kai	NOUN
hàuhuk kai	NOUN
hàuhúk kai	NOUN
hàuhûk kai	NOUN
hâuhuk kai	NOUN
hâuhûk kai	NOUN
hauhuk par tlan	NOUN
hauhuk par tlàn	NOUN
hauhuk pâr tlan	NOUN
hauhuk pâr tlân	NOUN
hauhúk par tlan	NOUN
hauhúk pâr tlân	NOUN
hauhûk par tlan	NOUN
hauhûk par tlàn	NOUN
hauhûk pâr tlan	NOUN
hàuhuk par tlan	NOUN
hàuhuk par tlàn	NOUN
hàuhuk pâr tlàn	NOUN
hàuhuk pâr tlân	NOUN
hàuhúk par tlan	NOUN
hàuhúk pâr tlân	NOUN
hàuhûk par tlàn	NOUN
hàuhûk pâr tlàn	NOUN
hâuhuk pâr tlan	NOUN
hâuhuk pâr tlàn	NOUN
hâuhûk pâr tlan	NOUN
hâuhûk pâr tlàn	NOUN
hausa kawnkaw	NOUN
hausa kawnkâw	NOUN
hausa tawntaw	NOUN
hausa tawntâw	NOUN
hausak kum	NOUN
hausak kûm	NOUN
hausak tawntaw kum	NOUN
hauvawng dar	NOUN
hawi lo	NOUN
hawi vel nuam	NOUN
hawi vêl nuam	NOUN
hawlh bun	NOUN
hawlh fung	NOUN
hawlh hawlh	NOUN
hawlrivap lung	NOUN
hawng tial	NOUN
hawng ṭial	NOUN
hâwng tial	NOUN
hâwng ṭial	NOUN
hawp khawp	NOUN
hâwp khâwp	NOUN
hawrh zawk	NOUN
heh awrha tan	NOUN
heh chhah	NOUN
hei ha	NOUN
hèi ha	NOUN
hen hen	NOUN
her muai	NOUN
her mual	NOUN
herawt ban	NOUN
herâwt bân	NOUN
herawt kelki	NOUN
herâwt kelki	NOUN
herh sawn	NOUN
herh tlum	NOUN
hi hum	NOUN
hi i	NOUN
hla bu	NOUN
hla chham	NOUN
hla lenglawng	NOUN
hla lenglàwng	NOUN
hla lènglawng	NOUN
hla lènglàwng	NOUN
hlai hlai	NOUN
hlak hlak	NOUN
hlam ek	NOUN
hlam êk	NOUN
hlam puan	NOUN
hlam sam	NOUN
hlam tla	NOUN
hlan chhawng	NOUN
hlang chhawngtu	NOUN
hlâng chhâwngtu	NOUN
hlang chhuk	NOUN
hlawh rawih ni	NOUN
hlawm khat	NOUN
hláwm khat	NOUN
hlei hlei	NOUN
hlei lam	NOUN
hlei nang	NOUN
hlei sarih zan	NOUN
hlei zawng	NOUN
hlei zâwng	NOUN
hleih nei lo	NOUN
hleih neih	NOUN
hleipui meipar	NOUN
hleiruk zan	NOUN
hlim hmel	NOUN
hlim hmêl	NOUN
hlim lak	NOUN
hlim lakna	NOUN
hlim lâkna	NOUN
hlim ral lam tung	NOUN
hling nei	NOUN
hling neih	NOUN
hling pangpar	NOUN
hlîng pangpar	NOUN
hlir hlir	NOUN
hlir hrang	NOUN
hlo ar fang	NOUN
hlo âr fâng	NOUN
hlo arlei	NOUN
hlo fanghmate	NOUN
hlo fanghmaté	NOUN
hlo hnawih	NOUN
hlo ke nei	NOUN
hlo kei bi	NOUN
hlo kei bî	NOUN
hlo kei lei	NOUN
hlo ni en	NOUN
hlo nuar	NOUN
hlo zak thei	NOUN
hlo zak thel	NOUN
hlum bengbeh	NOUN
hlum damdawi	NOUN
hlum khur	NOUN
hlum so	NOUN
hma bulah	NOUN
hma chhung eng	NOUN
hma chhûng eng	NOUN
hma hur tak	NOUN
hma hur tâk	NOUN
hma zawng	NOUN
hma zâwng	NOUN
hmabak ko	NOUN
hmachirawt lung	NOUN
hmachirâwt lung	NOUN
hmai ang	NOUN
hmai dak	NOUN
hmai eng	NOUN
hmai éng	NOUN
hmai faina	NOUN
hmái faina	NOUN
hmai fainaa	NOUN
hmái fainaa	NOUN
hmai phih hlo	NOUN
hmái phih hlo	NOUN
hmai sa	NOUN
hmái sa	NOUN
hmai tuamna	NOUN
hmái tuamna	NOUN
hmaichik hri	NOUN
hmáichik hri	NOUN
hmakhua sial	NOUN
hmalam chhawn	NOUN
hman lawk	NOUN
hmanni lawkah	NOUN
hmar am	NOUN
hmâr âm	NOUN
hmar buh	NOUN
hmâr buh	NOUN
hmar buk	NOUN
hmar bûk	NOUN
hmâr buk	NOUN
hmâr bûk	NOUN
hmar hleng	NOUN
hmar huh	NOUN
hmar khal	NOUN
hmar lam	NOUN
hmar lamah	NOUN
hmar samphiar	NOUN
hmarcha hmanhruai	NOUN
hmarcha samtawk	NOUN
hmarcha samṭawk	NOUN
hmarcha samțawk	NOUN
hmarcha thak	NOUN
hmarcha tumpang	NOUN
hmarcha van kawk	NOUN
hmarcha zawngtah	NOUN
hmarcha zawngṭah	NOUN
hmasak khalh	NOUN
hmasak tum	NOUN
hmasak ṭum	NOUN
hmasut lung	NOUN
hmate sei	NOUN
hmate var	NOUN
hmawk hmawk	NOUN
hmawlh fiak	NOUN
hmawm khat	NOUN
hmawng hnah sin	NOUN
hmawng hnah sîn	NOUN
hmâwng hnah sin	NOUN
hmâwng hnah sîn	NOUN
hmawng hnai	NOUN
hmâwng hnai	NOUN
hmawng ke za	NOUN
hmawng tak	NOUN
hmâwng tak	NOUN
hmawng thir	NOUN
hmawng thîr	NOUN
hmâwng thir	NOUN
hmâwng thîr	NOUN
hmawng zai	NOUN
hmâwng zai	NOUN
hmeh khang	NOUN
hmeh perna	NOUN
hmeh ro	NOUN
hmeh thleh	NOUN
hmeh zial	NOUN
hmei fa	NOUN
hmeichhe chhip zawn	NOUN
hmeichhe chhip zâwn	NOUN
hmeichhe chhîp zawn	NOUN
hmeichhe chhîp zâwn	NOUN
hmeichhe kak zawn	NOUN
hmeichhe kâk zawn	NOUN
hmeichhe kak-zawn	NOUN
hmeichhe kâk-zawn	NOUN
hmeichhe ta	NOUN
hmeithai thei	NOUN
hmeithai thu	 idm.	NOUN
hmeithal thei	NOUN
hmel awm dan	NOUN
hmel awm dân	NOUN
hmêl awm dan	NOUN
hmêl awm dân	NOUN
hmel awmzia	NOUN
hmêl awmzia	NOUN
hmel hlim pu	NOUN
hmêl hlim pu	NOUN
hmel hriat mi	NOUN
hmêl hriat mi	NOUN
hmelhriat loh mi	NOUN
hmêlhriat loh mi	NOUN
hmin sa	NOUN
hming dai	NOUN
hming daih	NOUN
hming der	NOUN
hming lem	NOUN
hming nemna	NOUN
hming put	NOUN
hmu belbing	NOUN
hmu mawh	NOUN
hmu pawl	NOUN
hmu páwl	NOUN
hmu zuam lo	NOUN
hmuam da	NOUN
hmuàm da	NOUN
hmuh tlang theih	NOUN
hmui bang	NOUN
hmui beng	NOUN
hmùi beng	NOUN
hmui chung lam	NOUN
hmùi chung lam	NOUN
hmui kaih	NOUN
hmui kiai	NOUN
hmui lung	NOUN
hmui mim chip	NOUN
hmui mîm chip	NOUN
hmui pawhna	NOUN
hmui ruh	NOUN
hmûi ruh	NOUN
hmui sawi	NOUN
hmui sâwi	NOUN
hmûi sawi	NOUN
hmûi sâwi	NOUN
hmui sawih	NOUN
hmûi sawih	NOUN
hmui toh	NOUN
hmuihmul pawhna	NOUN
hmûihmul pawhna	NOUN
hmuipui pu	NOUN
hmuithal bawm	NOUN
hmuithal bâwm	NOUN
hmul khum	NOUN
hmul lung	NOUN
hmul pawhna	NOUN
hmun awl	NOUN
hmun âwl	NOUN
hmun ralmuang	NOUN
hmun ralti	NOUN
hmun ralṭi	NOUN
hmun râlti	NOUN
hmun râlṭi	NOUN
hmunchhe arpui	NOUN
hmunphiah hung	NOUN
hmunphiah keh	NOUN
hna duh	NOUN
hna heh	NOUN
hna peng	NOUN
hna pêng	NOUN
hna pin	NOUN
hna sekrek	NOUN
hna sepnep	NOUN
hna tlawm	NOUN
hna tlâwm	NOUN
hna u	NOUN
hnah bawl	NOUN
hnah bial	NOUN
hnah tum	NOUN
hnah zai	NOUN
hnah zai thiam	NOUN
hnahchang zik	NOUN
hnahchang zîk	NOUN
hnahthial khawidang	NOUN
hnahthial uifawm	NOUN
hnahthial uifâwm	NOUN
hnai lo	NOUN
hnaisai lo	NOUN
hnam dang	NOUN
hnam dang mi	NOUN
hnam dang tawng	NOUN
hnam dang ṭawng	NOUN
hnam hrual	NOUN
hnam len	NOUN
hnam leng	NOUN
hnam peng	NOUN
hnam pêng	NOUN
hnam tawng	NOUN
hnam ṭawng	NOUN
hnam ze tinreng	NOUN
hnam ze tinrêng	NOUN
hnang hnang	NOUN
hnap hrukna	NOUN
hnap hrûkna	NOUN
hnap tla	NOUN
hnapkhawn ral	NOUN
hnapkháwn ral	NOUN
hnapkhâwn ral	NOUN
hnar bang	NOUN
hnâr bang	NOUN
hnar kulh	NOUN
hnar ngul hniam	NOUN
hnâr ngul hniam	NOUN
hnar ruh	NOUN
hnâr ruh	NOUN
hnar thla	NOUN
hnar thlak	NOUN
hnar vuah	NOUN
hnâr vuah	NOUN
hnarte ngeng	NOUN
hnârte ngeng	NOUN
hnawhsarum takin	NOUN
hnawmtam vaihlo	NOUN
hnawmtàm vaihlo	NOUN
hnelh hnelh	NOUN
hnemhnang lo	NOUN
hneminu chhu uih	NOUN
hniak tla	NOUN
hniâk tla	NOUN
hnial thlakna	NOUN
hnial thlàkna	NOUN
hniál thlakna	NOUN
hniál thlàkna	NOUN
hniâl thlâkna	NOUN
hnim keilei	NOUN
hnim luh	NOUN
hnim lut	NOUN
hnim pal	NOUN
hnim pet	NOUN
hnim tur	NOUN
hnu khar	NOUN
hnu khár	NOUN
hnu lam	NOUN
hnu leh	NOUN
hnuai lam	NOUN
hnuai thawlh	NOUN
hnuaipui hman	NOUN
hnuh dinna hrui	NOUN
hnuh kawih thla	NOUN
hnuh lang	NOUN
hnuh rik	NOUN
hnuh rík	NOUN
hnuh rîk	NOUN
hnuhhram kuai	NOUN
hnuhhrâm kuai	NOUN
hnuhhram thlawh	NOUN
hnuhhrâm thlawh	NOUN
hnukhawia tang	NOUN
hnukhawia ṭang	NOUN
hnukhawia țang	NOUN
hnukhâwia tang	NOUN
hnukhâwia ṭang	NOUN
hnukhâwia țang	NOUN
hnung lam	NOUN
hnunglam chhawn	NOUN
hnungzang ruh	NOUN
hnungzâng ruh	NOUN
hnute dawina	NOUN
hnute dâwina	NOUN
hnute hmur	NOUN
hnute hmûr	NOUN
hnute hmŭr	NOUN
hnute hring	NOUN
hnute khal	NOUN
hnuté khal	NOUN
hnute tan	NOUN
hnute ṭan	NOUN
hnute țan	NOUN
hnute tang	NOUN
hnute ṭang	NOUN
hnute țang	NOUN
hnute thieng	NOUN
hnutetui khal	NOUN
hra arsi	NOUN
hrai hmun	NOUN
hrái hmun	NOUN
hrai puar	NOUN
hrakawng buh	NOUN
hrakâwng buh	NOUN
hrakawng hawp	NOUN
hrakâwng hâwp	NOUN
hrakawng rum	NOUN
hrakâwng rum	NOUN
hran hran	NOUN
hrang hrang	NOUN
hrang khat	NOUN
hrang lungphun	NOUN
hrangkhupa se dar parh	NOUN
hrângkhupa se dâr parh	NOUN
hrangkhupa se dar pharh	NOUN
hrângkhupa se dâr pharh	NOUN
hrat lak	NOUN
hrawk bawk	NOUN
hrawk bâwk	NOUN
hre sual	NOUN
hre thawi	NOUN
hreh zawng	NOUN
hreh zâwng	NOUN
hrei ha	NOUN
hrei hâ	NOUN
hrei ha tlak	NOUN
hrei ha tluk	NOUN
hrei ha tlûk	NOUN
hrei ha zawn	NOUN
hrei ha záwn	NOUN
hreipui ha	NOUN
hreipui ha zawng	NOUN
hren ngoho	NOUN
hrèn ngoho	NOUN
hren pumho	NOUN
hrenna in	NOUN
hrènna in	NOUN
hri dai	NOUN
hri dâi	NOUN
hriam lam	NOUN
hriam lek	NOUN
hriang fang	NOUN
hriâng fâng	NOUN
hriat chhuah	NOUN
hriat dan	NOUN
hriat lawk	NOUN
hriat lohna	NOUN
hriau hmawrbawk	NOUN
hrichhe ei	NOUN
hrik en	NOUN
hrilhai dalah	NOUN
hrilhfiahna bu	NOUN
hring chhuak	NOUN
hring hlum	NOUN
hring hrin	NOUN
hringlang tlang	NOUN
hringlang tlâng	NOUN
hripui leng	NOUN
hritlang hnaptui	NOUN
hritlang hnapṭui	NOUN
hrui khat vuan	NOUN
hrui ngah	NOUN
hrui panruang	NOUN
hrui pânruang	NOUN
hrui pawl	NOUN
hrui zaizawh	NOUN
hruia buh ding	NOUN
hruia hling	NOUN
hruia intum kan	NOUN
hruikhau ek chhia	NOUN
hruikhau êk chhia	NOUN
hruikhâu ek chhia	NOUN
hruikhâu êk chhia	NOUN
hruitung bawn	NOUN
hruk fai	NOUN
hrum kawi	NOUN
hrum kâwi	NOUN
hrum kun	NOUN
hrum kùn	NOUN
hrut hrep	NOUN
hrut rualna	NOUN
hrût rualna	NOUN
hu hup	NOUN
hû hup	NOUN
hu na	NOUN
huan vengtu	NOUN
huan vêngtu	NOUN
huân vengtu	NOUN
huân vêngtu	NOUN
huat zawng	NOUN
huât zâwng	NOUN
huau huau	NOUN
huâu huâu	NOUN
huhang na	NOUN
huhang nat	NOUN
hui ha	NOUN
hui hah	NOUN
hui hui	NOUN
hùi hùi	NOUN
hui thla	NOUN
huiek zial	NOUN
huiêk zial	NOUN
huih chhukthla	NOUN
huih thla	NOUN
hul hu	NOUN
hul hù	NOUN
hul hu pa	NOUN
hulhu suak	NOUN
humsual rap	NOUN
hun tikhawtlai	NOUN
hun tikhawtlaina	NOUN
hun tikhawtlâina	NOUN
hunbi kim	NOUN
'i he na	NOUN
i hi hi hi	NOUN
i hi-hi-hi	NOUN
in ai pawl	NOUN
in anna	NOUN
in awm	NOUN
in awmlem	NOUN
in chhung	NOUN
in chhûng	NOUN
in chung	NOUN
in chung chehna	NOUN
in chung chheng	NOUN
in chung chhéng	NOUN
in chung chhip zum	NOUN
in chung chhîp zum	NOUN
in fa fu tawh	NOUN
in hrang fa	NOUN
in kang theihtu	NOUN
in kang thelhtu	NOUN
in kang ṭhelhtu	NOUN
in kangthelhna khawl	NOUN
in kangṭhelhna khawl	NOUN
in leh lo	NOUN
in lei	NOUN
in lem	NOUN
in neitu	NOUN
in nghaktu	NOUN
in tawpen	NOUN
in tawpèn	NOUN
in tawpên	NOUN
in tawpeng	NOUN
in tawpêng	NOUN
in u len	NOUN
inchei dan	NOUN
inchei dân	NOUN
inchin hmuh	NOUN
inchirh theh	NOUN
indaw serh	NOUN
indáw serh	NOUN
indawk chhuah	NOUN
indeh serh	NOUN
indek serh	NOUN
indék serh	NOUN
inhnawt tawng	NOUN
inhnial fiamna	NOUN
inkhawmna ni	NOUN
inkhâwmna ni	NOUN
inmei dahsiak	NOUN
inmei dahsiâk	NOUN
inphu deh	NOUN
inphû deh	NOUN
insiim theihna	NOUN
insuih khawm	NOUN
insuk herh	NOUN
insuk hlo	NOUN
insûk hlo	NOUN
insum theihna	NOUN
insùm theihna	NOUN
insûm theihna	NOUN
intar chhuak	NOUN
intawh khawmna	NOUN
intawh khâwmna	NOUN
inthel te	NOUN
inthen ni	NOUN
inzen kawh	NOUN
inziniar (engineer)	NOUN
ipte bang	NOUN
ipte báng	NOUN
ipte bâng	NOUN
ipte banna	NOUN
ipte chei	NOUN
ipte hrui	NOUN
ipte pai vun	NOUN
ipte pâi vun	NOUN
ipte pui vun	NOUN
ir awm	NOUN
ir âwm	NOUN
ir awm ruh	NOUN
ir âwm ruh	NOUN
ir ruh	NOUN
ir-awm ruh	NOUN
ir-âwm ruh	NOUN
irh chhuak	NOUN
iskut (squash)	NOUN
jaket (jacket)	NOUN
jam (jam)	NOUN
jampui tlangdung	NOUN
januari (january)	NOUN
japan ben	NOUN
japan hlo	NOUN
japan hlo ral	NOUN
japan pangla	NOUN
japan pângla	NOUN
japan zawngtah	NOUN
japanis (japanese)	NOUN
jawng kal zia	NOUN
jawngka chhuak	NOUN
je lu tun	NOUN
jehova (jehovah)	NOUN
jehova jire	NOUN
jin (jeans)	NOUN
johana (john)	NOUN
jubili (jubilee)	NOUN
juda (jew)	NOUN
julai (july)	NOUN
jun (june)	NOUN
junior (junior)	NOUN
ka hlei	NOUN
ka huih	NOUN
ka khu	NOUN
ka pi	NOUN
ka pî	NOUN
ka pi tuibur kei ve	NOUN
ka pu	NOUN
ka sar	NOUN
ka sâr	NOUN
kah hlum	NOUN
kah mar	NOUN
kah rawn	NOUN
kahpuk chaw	NOUN
kahpuk hawlhfung	NOUN
kahpup chaw	NOUN
kahpup hawlhfung	NOUN
kai dum	NOUN
kâi dum	NOUN
kai ha	NOUN
kài ha	NOUN
kaih then	NOUN
kaih tlei	NOUN
kaihbu dar	NOUN
kaihbu dâr	NOUN
kaihbu hrui	NOUN
kaihbu tung	NOUN
kaihdep silai	NOUN
kaihkuah den den	NOUN
kaikuang ru	NOUN
kaikuang thu	NOUN
kaikuang thû	NOUN
kaiseki ban	NOUN
kaiseki bang	NOUN
kak pawl	NOUN
kak páwl	NOUN
kâk pawl	NOUN
kâk páwl	NOUN
kâk pâwl	NOUN
kal kak	NOUN
kal khan	NOUN
kal tir	NOUN
kalh hnan	NOUN
kalh na	NOUN
kalhlen kut	NOUN
kalhlen kût	NOUN
kalhlên kut	NOUN
kalhlên kût	NOUN
kam chang ngai	NOUN
kam hnih khat	NOUN
kam khat	NOUN
kan uh	NOUN
kang an hrui	NOUN
kàng an hrui	NOUN
kang chhia	NOUN
kang dar lukhum	NOUN
kâng dâr lukhum	NOUN
kang fang	NOUN
kang fâng	NOUN
kang ral	NOUN
kang thing	NOUN
kangmang an	NOUN
kap ka lak	NOUN
kar herna	NOUN
kar hlat	NOUN
kar lum	NOUN
kara tla	NOUN
karna fung	NOUN
kartut (cartridge)	NOUN
kartût (cartridge)	NOUN
kat (sulphur)	NOUN
kât (sulphur)	NOUN
kat kat	NOUN
kat sulphur	NOUN
kau khat	NOUN
kaw na	NOUN
kaw ruah	NOUN
kaw thuah	NOUN
kaw thuahna	NOUN
kaw ţhuahna	NOUN
kaw ṭhuahna	NOUN
kawfi (coffee)	NOUN
kawh berh	NOUN
kawi am	NOUN
kawi bawm	NOUN
kawi bâwm	NOUN
kàwi bawm	NOUN
kàwi bâwm	NOUN
kawi bi nei	NOUN
kàwi bi nei	NOUN
kawi rit	NOUN
kawih vir	NOUN
kawihrui pawh	NOUN
kawihthuang suak	NOUN
kawihţhuang suak	NOUN
kawihṭhuang suak	NOUN
kawilam tlo	NOUN
kawk ru	NOUN
kawk vawm	NOUN
kawkvah ai	NOUN
kawl ek phung	NOUN
kawl ek phûng	NOUN
kawl êk phung	NOUN
kawl êk phûng	NOUN
kàwl ek phung	NOUN
kàwl ek phûng	NOUN
kàwl êk phung	NOUN
kàwl êk phûng	NOUN
kâwl ek phung	NOUN
kâwl ek phûng	NOUN
kâwl êk phung	NOUN
kâwl êk phûng	NOUN
kawl la	NOUN
kâwl la	NOUN
kawl la ip	NOUN
kâwl la ip	NOUN
kawl la puan	NOUN
kâwl la puan	NOUN
kawl ui	NOUN
kawla bel	NOUN
kawla bêl	NOUN
kawlhnam vai	NOUN
kâwlhnâm vai	NOUN
kawlkar nu	NOUN
kâwlkar nu	NOUN
kawlkawlha phung	NOUN
kawlkawlha phûng	NOUN
kâwlkawlha phung	NOUN
kâwlkawlha phûng	NOUN
kawlkerang thi	NOUN
kawlkerang ṭhi	NOUN
kâwlkerâng thi	NOUN
kâwlkerâng ṭhi	NOUN
kawlkil tawp	NOUN
kawlkil tàwp	NOUN
kâwlkil tawp	NOUN
kâwlkil tàwp	NOUN
kawlngo len	NOUN
kawlngo lèn	NOUN
kawlngo lên	NOUN
kawlphe hmaizah	NOUN
kâwlphe hmaizah	NOUN
kawlphe khawnvar	NOUN
kâwlphe khâwnvâr	NOUN
kawlphe thiltihtheihna	NOUN
kâwlphe thiltihtheihna	NOUN
kawlva lenchham	NOUN
kawm lum	NOUN
kâwm lum	NOUN
kawm tui	NOUN
kàwm tui	NOUN
kawng awhna	NOUN
kawng awp	NOUN
kawng bumboh	NOUN
kawng chep	NOUN
kawng chêp	NOUN
kawng diak	NOUN
kawng dung	NOUN
kawng kham	NOUN
kawng khat	NOUN
kawng laka	NOUN
kawng nakpek	NOUN
kawng nakpêk	NOUN
kawng nâkpek	NOUN
kawng nâkpêk	NOUN
kawng pawh	NOUN
kawng pawp	NOUN
kawng peng	NOUN
kawng pêng	NOUN
kawng pheng	NOUN
kawng phêng	NOUN
kâwng pheng	NOUN
kâwng phêng	NOUN
kawng pong	NOUN
kawng ram	NOUN
kawng rau	NOUN
kawng râu	NOUN
kawng rfiu	NOUN
kawng ro	NOUN
kawng ro su	NOUN
kawng ruh	NOUN
kâwng ruh	NOUN
kawng sial	NOUN
kawng thuam	NOUN
kawng ţhuam	NOUN
kawng tinreng	NOUN
kawng tinrêng	NOUN
kawng zawng nei	NOUN
kawng zawng neih	NOUN
kawngka bang	NOUN
kawngka biang	NOUN
kawngka lu chung	NOUN
kawngkal neih	NOUN
kawngkhar biang	NOUN
kawngkhàr biang	NOUN
kawngkhar veng	NOUN
kawngpeng ţhuam	NOUN
kawngpêng ţhuam	NOUN
kawngpui siam	NOUN
kawr ban bul	NOUN
kawr ban bûl	NOUN
kawr bân bul	NOUN
kawr bân bûl	NOUN
kawr bul	NOUN
kawr dung	NOUN
kawr kam	NOUN
kawr ruak	NOUN
kawr ruam	NOUN
kawrkilh kaw	NOUN
kawrkilh kua	NOUN
kawrtai fu	NOUN
kawrte ruam	NOUN
kawt an	NOUN
kawt hmun	NOUN
kawt hungna	NOUN
kawt lai	NOUN
kawt lâi	NOUN
kawt lam	NOUN
kawt zawl	NOUN
kawt zâwl	NOUN
ke chip	NOUN
ke hmawr	NOUN
ke hmâwr	NOUN
ke kar	NOUN
ke kâr	NOUN
ke khingbai	NOUN
ke lei ei	NOUN
ke ler	NOUN
ke lêr	NOUN
ke pen	NOUN
ke per	NOUN
ke rahchhan	NOUN
ke ring	NOUN
ke tah faina	NOUN
ke um	NOUN
ke zungtang	NOUN
ke zungţang	NOUN
keh me	NOUN
keh mê	NOUN
kei rim nam	NOUN
keipui zia	NOUN
kei-rim nam	NOUN
keisawnga ra	NOUN
keisâwnga ra	NOUN
kel chabet	NOUN
kêl chabet	NOUN
kel dai	NOUN
kel dâi	NOUN
kêl dai	NOUN
kêl dâi	NOUN
kel dawi	NOUN
kel dâwi	NOUN
kêl dawi	NOUN
kêl dâwi	NOUN
kel dawi rual	NOUN
kel dâwi rual	NOUN
kêl dawi rual	NOUN
kêl dâwi rual	NOUN
kel hnamtur	NOUN
kel hnamtûr	NOUN
kel hnâmtur	NOUN
kel hnâmtûr	NOUN
kêl hnamtur	NOUN
kêl hnamtûr	NOUN
kêl hnâmtur	NOUN
kêl hnâmtûr	NOUN
kel ir	NOUN
kêl ir	NOUN
kel khal	NOUN
kel khâl	NOUN
kêl khal	NOUN
kêl khâl	NOUN
kel khawthang	NOUN
kêl khawthang	NOUN
kel la	NOUN
kêl la	NOUN
kel mei	NOUN
kêl mei	NOUN
kel sam ţo	NOUN
kêl sam ţo	NOUN
kel talh hmawng	NOUN
kel talh hmâwng	NOUN
kêl talh hmawng	NOUN
kêl talh hmâwng	NOUN
kel ţhi nei	NOUN
kêl ţhi nei	NOUN
kelte bengbeh	NOUN
kêlte bengbeh	NOUN
kem (camp)	NOUN
kephah bawr	NOUN
kephah bâwr	NOUN
kephah hnuai	NOUN
ker kaw	NOUN
ker ker	NOUN
ket lawk	NOUN
keuh keuh	NOUN
kha um	NOUN
kha ûm	NOUN
khabe chang ngai	NOUN
khabe dawh	NOUN
khabe hmul	NOUN
khabe ruh	NOUN
khai tawh le	NOUN
khaichhawn bel	NOUN
khaichhawn bêl	NOUN
khaichhâwn bel	NOUN
khaichhâwn bêl	NOUN
khàichhawn bel	NOUN
khàichhawn bêl	NOUN
khàichhâwn bel	NOUN
khàichhâwn bêl	NOUN
khak buai	NOUN
khal tluang	NOUN
khâl tluang	NOUN
khal zu	NOUN
khâl zu	NOUN
kham aidu	NOUN
khâm aidu	NOUN
kham bakbahai	NOUN
kham bakbahâi	NOUN
khàm bakbahai	NOUN
khàm bakbahâi	NOUN
kham chhawrdawh	NOUN
khàm chhawrdawh	NOUN
kham damdawi	NOUN
khàm damdawi	NOUN
kham kai	NOUN
kham kar	NOUN
kham kâr	NOUN
khàm kar	NOUN
khàm kâr	NOUN
kham khawp	NOUN
kham thur	NOUN
kham thûr	NOUN
kham zawngin	NOUN
khang kha	NOUN
khang khan	NOUN
khangho kha	NOUN
khângho kha	NOUN
khanglanga che	NOUN
khanglânga che	NOUN
khar khung	NOUN
khar phui	NOUN
khat chuan	NOUN
khau pum deng	NOUN
khau pum dêng	NOUN
khau púm deng	NOUN
khau púm dêng	NOUN
khau pûm deng	NOUN
khau pûm dêng	NOUN
khâu pum deng	NOUN
khâu pum dêng	NOUN
khâu púm deng	NOUN
khâu púm dêng	NOUN
khâu pûm deng	NOUN
khâu pûm dêng	NOUN
khau puni deng	NOUN
khau sakhi	NOUN
khâu sakhi	NOUN
khau sanghar	NOUN
khâu sanghar	NOUN
khau saum	NOUN
khâu saum	NOUN
khau ut	NOUN
khau ût	NOUN
khauphar thawven	NOUN
khauphâr thawven	NOUN
khaupui chah	NOUN
khâupui chah	NOUN
khaw a duai	NOUN
khaw a dusi	NOUN
khaw awm	NOUN
khaw changkan	NOUN
khaw changkàn	NOUN
khaw changkang	NOUN
khaw changkáng	NOUN
khaw chen	NOUN
khaw chèn	NOUN
khaw cheng	NOUN
khaw chéng	NOUN
khaw chhiarpui	NOUN
khaw chhiartu	NOUN
khaw chhin	NOUN
khaw chhìn	NOUN
khaw chung	NOUN
khaw dintu	NOUN
khaw duai	NOUN
khaw hawi	NOUN
khaw hmm	NOUN
khaw hmu lo	NOUN
khaw hnawm	NOUN
khaw hnàwm	NOUN
khaw hnâwng	NOUN
khaw hniam	NOUN
khaw hnim	NOUN
khaw hnîm	NOUN
khaw in unau	NOUN
khaw inthenawm	NOUN
khaw inţhenawm	NOUN
khaw kara	NOUN
khaw kàra	NOUN
khaw khat	NOUN
khaw khen	NOUN
khaw kheng	NOUN
khaw kil khawr	NOUN
khaw kil kháwr	NOUN
khaw lehkha ziaktu	NOUN
khaw leilung	NOUN
khaw mitmei hmu	NOUN
khaw mu	NOUN
khaw per	NOUN
khaw ro	NOUN
khaw sa	NOUN
khaw sân	NOUN
khaw sang	NOUN
khaw sat	NOUN
khaw sât	NOUN
khaw serh ni	NOUN
khaw ţhal	NOUN
khaw that	NOUN
khaw thiang	NOUN
khaw thim	NOUN
khaw tlai	NOUN
khaw tláipui	NOUN
khaw tuihul	NOUN
khaw uap	NOUN
khaw var	NOUN
khaw vâr	NOUN
khaw vawh	NOUN
khaw vawt	NOUN
khaw zai ngaih	NOUN
khaw zâi ngaih	NOUN
khaw zawl	NOUN
khawchhak tuipui	NOUN
khawh hlum	NOUN
khawhar chang	NOUN
khawhar châng	NOUN
khawhar chhung	NOUN
khawhar chhûng	NOUN
khawhar hla	NOUN
khawhar hnem	NOUN
khawhar hnèm	NOUN
khawhar ina leng	NOUN
khawhar ina lêng	NOUN
khawhar lenhpuina	NOUN
khawhar lènhpuina	NOUN
khawhar lenpui	NOUN
khawhar zai sa	NOUN
khawhar zai sak	NOUN
khawhring neitu	NOUN
khawhring thiar	NOUN
khawi ata nge	NOUN
khawi aţangin nge	NOUN
khawi chawl	NOUN
khawi châwl	NOUN
khawi chhinkhup	NOUN
khawi chhuah	NOUN
khawi chhur	NOUN
khawi chhûr	NOUN
khawi dang	NOUN
khawi dangah mah	NOUN
khawi ilo	NOUN
khawi maw	NOUN
khawi pawh	NOUN
khawi rawh	NOUN
khawi tairek	NOUN
khawi teh	NOUN
khawi thingawn	NOUN
khawi thlar	NOUN
khawi thlâr	NOUN
khawi tu	NOUN
khawiah tehlul	NOUN
khawian pawh	NOUN
khawibel bawm	NOUN
khawibel bâwm	NOUN
khawibêl bawm	NOUN
khawibêl bâwm	NOUN
khawih tap	NOUN
khawihli fahrah	NOUN
khawihli zang	NOUN
khawii ţairek	NOUN
khawikham zu	NOUN
khawimaw kar	NOUN
khawimaw kâr	NOUN
khawimaw lai	NOUN
khawimaw lai lai	NOUN
khawimu chawi	NOUN
khawimu chàwi	NOUN
khawipui hnun	NOUN
khawipui hnûn	NOUN
khawipui zu	NOUN
khawite hna	NOUN
khawite hnà	NOUN
khawite hnun	NOUN
khawite hnûn	NOUN
khawivah lawi	NOUN
khawivah 'lawi	NOUN
khawivah 'lâwi	NOUN
khawkherh rah	NOUN
khawl chhu	NOUN
khâwl chhu	NOUN
khawl chhut	NOUN
khâwl chhut	NOUN
khawl chhutna	NOUN
khawla chhu	NOUN
khawla chhut	NOUN
khawlai leng	NOUN
khawlai lêng	NOUN
khawlai sa	NOUN
khawlâi sa	NOUN
khawlai thli	NOUN
khawlchhut hawraxp	NOUN
khâwlchhut hawraxp	NOUN
khawlchhut in	NOUN
khawlian thlawhhma chen	NOUN
khawmei zam	NOUN
khawmual aite	NOUN
khawmual aitê	NOUN
khawmual chhuah	NOUN
khawmual chhuak	NOUN
khawmual chinrang	NOUN
khawmual chinráng	NOUN
khawmual kaikuang	NOUN
khawmual kàikuang	NOUN
khawmual kaikuang ral	NOUN
khawmual kaikuang suak	NOUN
khawmual kàikuang suak	NOUN
khawmual khikuang suak	NOUN
khawmual lawng	NOUN
khawn ai	NOUN
khawn khawn	NOUN
khàwn tlâk	NOUN
khawng thlu	NOUN
khawngaihna lak	NOUN
khawnvar bur	NOUN
khawnvar bûr	NOUN
khawnvár bur	NOUN
khawnvár bûr	NOUN
khàwnvar bur	NOUN
khàwnvar bûr	NOUN
khàwnvár bur	NOUN
khàwnvár bûr	NOUN
khawnvar eng	NOUN
khawnvar éng	NOUN
khawnvár eng	NOUN
khawnvár éng	NOUN
khàwnvar eng	NOUN
khàwnvar éng	NOUN
khàwnvár eng	NOUN
khàwnvár éng	NOUN
khawnvar hun	NOUN
khawnvár hun	NOUN
khàwnvar hun	NOUN
khàwnvár hun	NOUN
khawnvar khai mi	NOUN
khawnvár khai mi	NOUN
khàwnvar khai mi	NOUN
khàwnvár khai mi	NOUN
khawnvar puan	NOUN
khawnvár puan	NOUN
khawp khawp	NOUN
khawpui ri	NOUN
khawrh fai	NOUN
khawsa mawh	NOUN
khawsak dan	NOUN
khawsak mawh	NOUN
khawsak rêl	NOUN
khawte lungrual	NOUN
khawte meibu	NOUN
khawthiang bai dul	NOUN
khawthiang lam	NOUN
khawthiang mangkhawh	NOUN
khawthlang dul kiar	NOUN
khawthlang mangkhawh	NOUN
khawthlang mangkhawha	NOUN
khawthlang tuipui	NOUN
khawvar arkhuan	NOUN
khawvar árkhuan	NOUN
khawvar lam arsi ang	NOUN
khawvâr lam arsi ang	NOUN
khawvar ţianah	NOUN
khawvâr ţianah	NOUN
khawvar tirh	NOUN
khawvar tîrh	NOUN
khawvar tirh ata	NOUN
khawvdr tiau	NOUN
khawzing pathian	NOUN
khei ben	NOUN
khei bengbeh	NOUN
khei fai	NOUN
kheimit ruh	NOUN
khelh khelh	NOUN
khem khum	NOUN
khiah khiah	NOUN
khiang rep ni	NOUN
khiang rép ni	NOUN
khiangte zawng zim	NOUN
khing bo	NOUN
khing chhia	NOUN
khing hnihin	NOUN
khita khi	NOUN
khita mi	NOUN
khitiang bawkin	NOUN
khitiang khi	NOUN
khiwnvir puan	NOUN
khu teh	NOUN
khua bâwl	NOUN
khua hawi	NOUN
khua hmm	NOUN
khua hmu	NOUN
khua hnawm	NOUN
khua hnàwm	NOUN
khua hniam	NOUN
khua khen	NOUN
khua kheng	NOUN
khua ro	NOUN
khua sân	NOUN
khua sang	NOUN
khua sáng	NOUN
khua ţhal	NOUN
khua that	NOUN
khua thiang	NOUN
khua thim	NOUN
khua tlai	NOUN
khua var	NOUN
khua vâr	NOUN
khua vawh	NOUN
khua vawt	NOUN
khua vâwt	NOUN
khua veng	NOUN
khuai châwl	NOUN
khuai chhawn thiam	NOUN
khuai chhinkhup	NOUN
khuai chhuah	NOUN
khuai chhur	NOUN
khuai chhûr	NOUN
khuai la	NOUN
khuai lak	NOUN
khuai lâk	NOUN
khuai sanghar	NOUN
khuai tairek	NOUN
khuai ţairek	NOUN
khuai thingawn	NOUN
khuai thlar	NOUN
khuai thlâr	NOUN
khuai thul chhin	NOUN
khuai thûl chhin	NOUN
khuai tu	NOUN
khuai vanrial	NOUN
khuaichhun mu	NOUN
khuaichhùn mu	NOUN
khual chhawn thiam	NOUN
khual chhawntu	NOUN
khual kai	NOUN
khuàl kai	NOUN
khuàl kâi	NOUN
khual khua	NOUN
khual thuthang	NOUN
khual thuthang leh ar pan chuk	NOUN
khual thuthang leh ar pân chuk	NOUN
khualbuk vengtu	NOUN
khualbuk vêngtu	NOUN
khualbûk vengtu	NOUN
khualbûk vêngtu	NOUN
khuàlbuk vengtu	NOUN
khuàlbuk vêngtu	NOUN
khuan hmasa	NOUN
khuàn hmasa	NOUN
khuan hnihna	NOUN
khuan hnuhnung	NOUN
khuangchawi pa	NOUN
khuangchâwi pa	NOUN
khuangchawi thia	NOUN
khuangchawi thla	NOUN
khuangchàwi thla	NOUN
khuangkhau hrui	NOUN
khuangkhâu hrui	NOUN
khuangruàl lo	NOUN
khuângruâng sar ang	NOUN
khuângruâng sàr ang	NOUN
khuavang chhinchhiah	NOUN
khuavàng chhinchhiah	NOUN
khuavang dar	NOUN
khuavang dâr	NOUN
khuavàng dar	NOUN
khuavàng dâr	NOUN
khuavang kal lai	NOUN
khuavàng ri kham sa	NOUN
khuavang samsuih	NOUN
khuavang zia	NOUN
khuavàng zia	NOUN
khufing khawbai	NOUN
khufing turn	NOUN
khuh kulrût	NOUN
khuih khuih	NOUN
khuk ruai	NOUN
khum ai	NOUN
khum âi	NOUN
khum lu	NOUN
khumpui kâi	NOUN
khup hnih hmu	NOUN
khûp hnih hmu	NOUN
khup khup	NOUN
khutiang khu	NOUN
ki awt	NOUN
ki âwt	NOUN
ki len	NOUN
kiang vel	NOUN
kiang vêl	NOUN
kil hlel	NOUN
kil khawthang	NOUN
kil li	NOUN
kil thum	NOUN
kila tleihrawk	NOUN
kilat no	NOUN
kiu chen	NOUN
kiu tlum	NOUN
kiu tlumin	NOUN
kiuhit chu	NOUN
ko hawng	NOUN
ko háwng	NOUN
ko zan	NOUN
ko zing	NOUN
koh hawn	NOUN
koh hran	NOUN
koh kat	NOUN
koh koh	NOUN
kua hreuh	NOUN
kua na	NOUN
kua puàr	NOUN
kua pufir	NOUN
kua ruak	NOUN
kuain zût	NOUN
kuang tuk	NOUN
kuar kuar	NOUN
kuhva rui	NOUN
kum chhiar	NOUN
kum súl vei	NOUN
kum thar	NOUN
kum thar lamah	NOUN
kum thar latnah	NOUN
kum thum ţûl	NOUN
kum tin	NOUN
kum tluanin	NOUN
kumkhaw tlaitluanin	NOUN
kung khal	NOUN
kurh kurh	NOUN
kurtai fu	NOUN
kurung bel	NOUN
kurung bêl	NOUN
kut aihni	NOUN
kut aikhirh	NOUN
kut bengin	NOUN
kut bûl	NOUN
kut bulh	NOUN
kut chi lo hawi	NOUN
kut chuk	NOUN
kut elh rîk	NOUN
kut hlei	NOUN
kut hmawr	NOUN
kut hmet ri	NOUN
kut hmui	NOUN
kut hnathawh	NOUN
kut hnathawk	NOUN
kut hûm nei	NOUN
kut insuihin	NOUN
kut iulh	NOUN
kut kal	NOUN
kut kar	NOUN
kut kâr	NOUN
kut kawl	NOUN
kut kawr	NOUN
kut ke	NOUN
kut kem	NOUN
kut kham	NOUN
kut khawng	NOUN
kut khik	NOUN
kut lek	NOUN
kut nghâk	NOUN
kut nghat	NOUN
kut ni	NOUN
kut ruak	NOUN
kut ruakin	NOUN
kut rual	NOUN
kut ruhseh	NOUN
kut zap	NOUN
kut ziak	NOUN
kut zum	NOUN
kut zunglang	NOUN
kut zungtang	NOUN
kuta zaizir	NOUN
kut-ke hmâwr	NOUN
kutphah bawk	NOUN
kutphah beng	NOUN
kutze en thiam	NOUN
la de	NOUN
la en	NOUN
la her	NOUN
la her khawl	NOUN
la her khâwl	NOUN
la hlum	NOUN
la hlumna	NOUN
la khawm	NOUN
la khâwm	NOUN
la lain	NOUN
la lâwn	NOUN
la lung	NOUN
la lut	NOUN
la lût	NOUN
la ngai	NOUN
la ngái	NOUN
la ngo	NOUN
la nu	NOUN
lâ nu	NOUN
la pa	NOUN
la pá	NOUN
la pâ	NOUN
la purchawk	NOUN
la sang	NOUN
la tla	NOUN
la tlak	NOUN
la zar	NOUN
la zâr	NOUN
la zeh	NOUN
la zep	NOUN
la zir	NOUN
lachawn zial	NOUN
lachàwn zial	NOUN
lai ah	NOUN
lai bat	NOUN
lâi hreng	NOUN
lâi hrêng	NOUN
lai hrenna	NOUN
lai hrènna	NOUN
lai lang	NOUN
lai lawk	NOUN
lâi lâwk	NOUN
lai leng	NOUN
lai lêng	NOUN
lai mu	NOUN
lai mual	NOUN
lai phir	NOUN
lai phîr	NOUN
lai sutpui vuan	NOUN
lai vel	NOUN
laichin bal	NOUN
laichin bul	NOUN
laichin bûl	NOUN
laichin hnai	NOUN
laih laih	NOUN
laih phut	NOUN
laihrui na	NOUN
laiking bel rawh	NOUN
laiking pawnpui tah tur ang	NOUN
lailen huai man ang	NOUN
lailèn huai man ang	NOUN
lailèn tui pal	NOUN
lainat hlawh	NOUN
lainat thei	NOUN
lak vun	NOUN
lak zam	NOUN
lakher anthur	NOUN
lakher anthúr	NOUN
lakher bal	NOUN
lakher bâl	NOUN
lakhuih thangnang	NOUN
lal chaw	NOUN
lal hla ang	NOUN
lal in awm	NOUN
lal kha	NOUN
lalah ţhu	NOUN
lalhcheuva bepui	NOUN
lalmanga nu lawm	NOUN
lalruanga beh thi	NOUN
lalruanga beh ţhi	NOUN
lalruanga dar nawhna	NOUN
lalruanga dâr nawhna	NOUN
lalruanga penţawng	NOUN
lalruanga penţâwng	NOUN
lalruanga se hnawt	NOUN
lalruanga se pal ram	NOUN
lam chhuah	NOUN
lam chhuak	NOUN
lam dan	NOUN
lam hnaih	NOUN
lam lam	NOUN
lam pawh	NOUN
lam thu ah	NOUN
lam thua m	NOUN
lam thu-ah	NOUN
lam thuam	NOUN
lampui changkhatah	NOUN
lamtual chil lo	NOUN
lamtual chîl lo	NOUN
lân chhuah	NOUN
lang fiah	NOUN
lang mawi	NOUN
langkun chem	NOUN
lasai hrui	NOUN
lasai ngul	NOUN
lasi zawl	NOUN
lawh lawh	NOUN
lawh thlak	NOUN
lawh thlâk	NOUN
lawi lo	NOUN
lawi loh	NOUN
lawi lu phan	NOUN
lawi samkhuih	NOUN
lawi-lu phan	NOUN
lawk thla	NOUN
lawm lawm	NOUN
láwm thei	NOUN
làwm thei	NOUN
lawm thu sawi	NOUN
làwm thu sawi	NOUN
lawm zawng	NOUN
lawm zâwng	NOUN
lawng chhiat tawh	NOUN
lawng chhiat tawk	NOUN
lawng hotu	NOUN
lawng kar	NOUN
lawng karfung	NOUN
lawng karna	NOUN
lawng karna fung	NOUN
lawng lawng	NOUN
lawng lian	NOUN
lawng mi	NOUN
lawng rui	NOUN
lawng ruih	NOUN
lawng thlen hmun	NOUN
lawng thlenna	NOUN
lawng thlenna hmun	NOUN
lawng vaifung	NOUN
lawng vaina	NOUN
lawng vainafung	NOUN
lawng veng	NOUN
lawngah lei	NOUN
lawngbarh mica	NOUN
le u	NOUN
le ù	NOUN
lea puan	NOUN
lèa puan	NOUN
leh chhawng	NOUN
leh chhâwng	NOUN
leh ngat	NOUN
leh ngawt	NOUN
lehkha cheh behna	NOUN
lehkha chhiar	NOUN
lehkha chhutna	NOUN
lehkha den	NOUN
lehkha deng	NOUN
lehkha pawh	NOUN
lehkha pha	NOUN
lehkha pin	NOUN
lehkha puan	NOUN
lehkha thawn	NOUN
lehkha thlak	NOUN
lehkha thlakna	NOUN
lehkha tlanpuitu	NOUN
lehkha ziakna	NOUN
lehkha zial	NOUN
lehkha zirna in	NOUN
lehlam hawi	NOUN
lei deh	NOUN
lei dep	NOUN
lei dur	NOUN
lei dûr	NOUN
lei ei	NOUN
lei hmawra hria	NOUN
lei hmin	NOUN
lei hnuai	NOUN
lei hrik	NOUN
lei hrut	NOUN
lei hrût	NOUN
lei hrutna	NOUN
lei hrûtna	NOUN
lei in	NOUN
lei kak	NOUN
lei khak	NOUN
lei khák	NOUN
lei khek	NOUN
lei khêk	NOUN
lei khi	NOUN
lei khik	NOUN
lei ko	NOUN
lei lai	NOUN
lei laih chah	NOUN
lei leh	NOUN
lei leh vàn tiat	NOUN
lei leh vàn tiât	NOUN
lei leh yan	NOUN
lei leh yàn	NOUN
lei lem	NOUN
lei let	NOUN
lei lettu	NOUN
lei me	NOUN
lei rap	NOUN
lei seh	NOUN
lei seh chin	NOUN
lei si	NOUN
lei tawt	NOUN
leiba ṭhing	NOUN
leilet bial	NOUN
leipui fing	NOUN
len awng	NOUN
len âwng	NOUN
lèn âwng	NOUN
len bo	NOUN
len chhawn	NOUN
len chháwn	NOUN
len chhuah	NOUN
lèn éng	NOUN
len heh	NOUN
lèn làwm	NOUN
len loh	NOUN
len lung	NOUN
lèn lung	NOUN
len pat	NOUN
len pât	NOUN
len tliak	NOUN
lên tliak	NOUN
leng bo	NOUN
lêng bo	NOUN
leng chhuak	NOUN
leng haw hun ar khuang	NOUN
lêng haw hun ar khuang	NOUN
leng heh	NOUN
lêng heh	NOUN
leng kel	NOUN
leng kèl	NOUN
lêng kel	NOUN
lêng kèl	NOUN
leng kel mai	NOUN
leng kèl mai	NOUN
leng khawthawng	NOUN
lêng khawthawng	NOUN
leng kil	NOUN
leng kir	NOUN
lêng kir	NOUN
leng lai	NOUN
leng lâi	NOUN
lêng lai thih	NOUN
lêng lâi thih	NOUN
leng-kel mai	NOUN
leng-kèl mai	NOUN
lêng-kèl mai	NOUN
lenglen hun	NOUN
lênglên hun	NOUN
lenhling hrui	NOUN
lenhling hruí	NOUN
lenhlîng hrui	NOUN
lenhlîng hruí	NOUN
lênhling hrui	NOUN
lênhling hruí	NOUN
lenkhawmna pindan	NOUN
lenkhâwmna pindan	NOUN
lènkhawmna pindan	NOUN
lènkhâwmna pindan	NOUN
lènlai chan	NOUN
lènlai chân	NOUN
lenlai zai	NOUN
lènlai zai	NOUN
leuh leuh	NOUN
li cheng	NOUN
li chéng	NOUN
li fawk	NOUN
li mawng	NOUN
liah liah	NOUN
lian sa	NOUN
liandang khuang	NOUN
liandâng khuang	NOUN
liando dar	NOUN
liando dar nawhna	NOUN
liandova sepui chi ṭha ang	NOUN
liang tu	NOUN
liang tuk	NOUN
lianpui pui	NOUN
lik fawk	NOUN
lik vun	NOUN
lîk vun	NOUN
lim îk	NOUN
lim limtu	NOUN
lo bengvar	NOUN
lo lam	NOUN
lo loh púi	NOUN
lo pui	NOUN
lo púi	NOUN
lo sul haw	NOUN
lo sûl haw	NOUN
lo sul haw hun	NOUN
lo sûl haw hun	NOUN
lo sul thereng	NOUN
lo sûl thereng	NOUN
lo thlen	NOUN
lo thleng	NOUN
lo ṭo chhar	NOUN
lo vah	NOUN
lu a kelsam to	NOUN
lu a kelsam ṭo	NOUN
lu bu ruh	NOUN
lu bulh	NOUN
lu chhum	NOUN
lu chhum ban chhum	NOUN
lu chhum bân chhum	NOUN
lu dflp	NOUN
lu dip	NOUN
lu dîp	NOUN
lu dup	NOUN
lu dûp	NOUN
lu hai	NOUN
lu hek	NOUN
lu hêk	NOUN
lu hem	NOUN
lu hêm	NOUN
lu hem nei	NOUN
lu hem neih	NOUN
lu hik	NOUN
lu hloh	NOUN
lu hram	NOUN
lu hui	NOUN
lu huih	NOUN
lu kawng	NOUN
lu kâwng	NOUN
lu khêng	NOUN
lu lai lutuk	NOUN
lu lam	NOUN
lu lin	NOUN
lu met	NOUN
lu mêt	NOUN
lu pan huathawh	NOUN
lu rit	NOUN
lu ro	NOUN
lu ruh	NOUN
lu ruh hêng	NOUN
lu ruh ring	NOUN
lu su	NOUN
lu suk	NOUN
lu thing	NOUN
lu tun	NOUN
lu tung	NOUN
lu um	NOUN
lu ûm	NOUN
lu-a kelsam to	NOUN
lu-a kelsam ṭo	NOUN
luâng chhuak	NOUN
luâng chhuâk	NOUN
luang ral	NOUN
luâng ral	NOUN
luh chhuah	NOUN
luh tirh	NOUN
lu-hem nei	NOUN
lu-hem neih	NOUN
luhlul takin	NOUN
lui chhe	NOUN
lui chhia	NOUN
lui dam	NOUN
lui dung	NOUN
lui dung chinrang	NOUN
lui dung chinrâng	NOUN
lui dung thizil	NOUN
lui dung thîzîl	NOUN
lui hnar kin	NOUN
lui hram hram	NOUN
lui hrâm hrâm	NOUN
lui kai	NOUN
lui kawr	NOUN
lui kâwr	NOUN
lui kawr ruam	NOUN
lui kawr ruám	NOUN
lui kâwr ruam	NOUN
lui kâwr ruám	NOUN
lui kuáng	NOUN
lui liam	NOUN
lui lui	NOUN
lui talh	NOUN
lui tàlh	NOUN
lui-dung chinrang	NOUN
lui-dung chinrâng	NOUN
luih hrâm hrâm	NOUN
lukhawng neih	NOUN
lu-khuh tlang	NOUN
lu-lai lutuk	NOUN
lum luh	NOUN
lum lut	NOUN
lung ai tlak	NOUN
lung âi tlâk	NOUN
lung bal	NOUN
lung bâl	NOUN
lung ban	NOUN
lung bang	NOUN
lung bawr	NOUN
lung bâwr	NOUN
lûng bawr	NOUN
lûng bâwr	NOUN
lung chhe	NOUN
lung deng	NOUN
lung hal	NOUN
lung hál	NOUN
lung halna hlo	NOUN
lung hàlna hlo	NOUN
lung hriam hmangtute	NOUN
lung in vengtu	NOUN
lung inah khung	NOUN
lung ko	NOUN
lung laisuih	NOUN
lung lova lak	NOUN
lung lova lâk	NOUN
lung muan	NOUN
lung muang	NOUN
lung nih loh	NOUN
lung no	NOUN
lung pang sa	NOUN
lung rahka	NOUN
lung sual	NOUN
lung tum	NOUN
lunga deng	NOUN
lung-ai tlak	NOUN
lung-âi tlâk	NOUN
lungchhiat pui	NOUN
lungchim takin	NOUN
lungchim zawh loh	NOUN
lungchim zo lo	NOUN
lungdawh khat	NOUN
lung-halna hlo	NOUN
lung-hàlna hlo	NOUN
lungkhama neih	NOUN
lungkuna zawng zat	NOUN
lungkùna zâwng zât	NOUN
lunglehkha ziakna	NOUN
lunglen hla	NOUN
lunglèn hla	NOUN
lungleng thei	NOUN
lungni thei	NOUN
lungphur buhtun	NOUN
lungphur hmanhmawh ang	NOUN
lungphúr hmanhmawh ang	NOUN
lungphur thlahtu	NOUN
lungphúr thlèng tlâng hel	NOUN
lungphúr thlèng tlâng hêl	NOUN
lungpui doruk	NOUN
lungpui sa	NOUN
lungtat par hun	NOUN
lungtât par hun	NOUN
lungtat vir	NOUN
lungtât vir	NOUN
lungten hla	NOUN
lungten zai	NOUN
lungthu kim	NOUN
lungthu veivak	NOUN
lungti ni lo	NOUN
lungtih nih	NOUN
lungtih nih loh	NOUN
lungvawm phak	NOUN
lu-ruh hêng	NOUN
lu-ruh ring	NOUN
lu-rum nat neih	NOUN
lusei vawk talh hun	NOUN
lut tir	NOUN
lu-vun hik	NOUN
ma lêk	NOUN
mai mai em in	NOUN
mai mai êm in	NOUN
mai mit chhing	NOUN
mâi parthlawn	NOUN
mai rin	NOUN
mai se lung	NOUN
mâi se lung	NOUN
mai zà aih	NOUN
mai zà àih	NOUN
maian hawp	NOUN
maian hàwp	NOUN
maih kung	NOUN
maih kùng	NOUN
maihawp bawl	NOUN
maihawp bâwl	NOUN
màihàwp bawl	NOUN
màihàwp bâwl	NOUN
maimaw puan	NOUN
màimaw puan	NOUN
maimaw zai	NOUN
maimaw zâi	NOUN
màimaw zai	NOUN
màimaw zâi	NOUN
maimawm in	NOUN
màimawm in	NOUN
maimawm ril	NOUN
maimawm rîl	NOUN
màimawm rîl	NOUN
mak ti	NOUN
mak tih	NOUN
makpa chhungkhung	NOUN
makpa chhûngkhung	NOUN
makpà chhungkhung	NOUN
makpà chhûngkhung	NOUN
mâkpa chhungkhung	NOUN
mâkpa chhûngkhung	NOUN
makpa hnam hrual chat	NOUN
mâkpa hnam hrual chat	NOUN
makpa zangkang	NOUN
makpa zangkàng	NOUN
mâkpa zangkang	NOUN
makpa zangkhng	NOUN
mal lèn	NOUN
mal zawng	NOUN
malin zawng	NOUN
malpui ruh	NOUN
maltluan chawiin	NOUN
mam mam	NOUN
man bi chhut	NOUN
man bi chhût	NOUN
man leh mual	NOUN
man tam	NOUN
man tel	NOUN
man têl	NOUN
mangkhaia ralveng	NOUN
mangkhawng chhuang chhuan	NOUN
manhla na	NOUN
manhlâ na	NOUN
manzâng bapui	NOUN
map map	NOUN
mar zân	NOUN
martara thi	NOUN
màrtara thi	NOUN
mathlawn lovin	NOUN
mathlàwn lovin	NOUN
matu ram	NOUN
mau bawrchhawr	NOUN
mau chang	NOUN
mau do	NOUN
mau fian	NOUN
mau hak	NOUN
mau hlang	NOUN
mau hnuh	NOUN
mau khau	NOUN
mau mit	NOUN
mau mit put	NOUN
mau rap in	NOUN
mau tang	NOUN
mau thing	NOUN
mawih mawih	NOUN
mawih nai	NOUN
mawng hun	NOUN
mawng nghet	NOUN
mawngkaw hur	NOUN
me me	NOUN
mê mê	NOUN
mei alh en	NOUN
mei kawh	NOUN
mei kawhin	NOUN
meichher chhi	NOUN
meilum ai	NOUN
meitalh chingkim	NOUN
meizang hlaptu	NOUN
mem mem	NOUN
men dan	NOUN
mêt kawng	NOUN
met met	NOUN
meuh meuh	NOUN
mi a	NOUN
mi á	NOUN
mi buluk	NOUN
mi chawhnu lam	NOUN
mi chhaw	NOUN
mi chhawih	NOUN
mi chhe bawrlawk	NOUN
mi chhia	NOUN
mi chhuah	NOUN
mi chhung hung	NOUN
mi chhûng hung	NOUN
mi chilhhkak ruk	NOUN
mi chilhhkak rûk	NOUN
mi chilhhkâk rûk	NOUN
mi chuan hnuai	NOUN
mi chuang	NOUN
mi chut	NOUN
mi dah bel	NOUN
mi dah bêl	NOUN
mi dangdai	NOUN
mi dangdái	NOUN
mi daw heh	NOUN
mi daw thei	NOUN
mi daw-heh	NOUN
mi dawih zep	NOUN
mi dâwih zep	NOUN
mi dawih-zep	NOUN
mi dâwih-zep	NOUN
mi dawngdah	NOUN
mi dáwngdah	NOUN
mi daw-thei	NOUN
mi en khalh thei	NOUN
mi ên khalh thei	NOUN
mi eng	NOUN
mi fere	NOUN
mi fing	NOUN
mi fir	NOUN
mi hel	NOUN
mi hlim	NOUN
mi hlun	NOUN
mi hran	NOUN
mi hrang	NOUN
mi hrâng	NOUN
mi hrang hrang	NOUN
mi hung	NOUN
mi khai	NOUN
mi khâi	NOUN
mi khua	NOUN
mi lâi	NOUN
mi lam thiam	NOUN
mi lâr	NOUN
mi lem	NOUN
mi lem biak in	NOUN
mi lem chhung	NOUN
mi lem chhûng	NOUN
mi lem siamchawp	NOUN
mi lenglam	NOUN
mi lenglâm	NOUN
mi lênglam	NOUN
mi lênglâm	NOUN
mi lepchiah	NOUN
mi lepchlah	NOUN
mi ler	NOUN
mi lêr	NOUN
mi lim	NOUN
mi lu làm	NOUN
mi lu men	NOUN
mi mal	NOUN
mi man	NOUN
mi man mi	NOUN
mi mang	NOUN
mi mâng	NOUN
mi mir	NOUN
mi naran	NOUN
mi nawlpui	NOUN
mi nâwlpui	NOUN
mi nazawng	NOUN
mi neinung	NOUN
mi nelawm	NOUN
mi nêlawm	NOUN
mi nep	NOUN
mi nêp	NOUN
mi neu	NOUN
mi ngai chak	NOUN
mi ngal chak	NOUN
mi ngawichawi	NOUN
mi ngawichâwi	NOUN
mi ngáwichawi	NOUN
mi ngáwichâwi	NOUN
mi ngawltawt	NOUN
mi ngawltâwt	NOUN
mi ngei awm	NOUN
mi ngei-awm	NOUN
mi ngeng	NOUN
mi ngêng	NOUN
mi ngiau nger	NOUN
mi ngiaunger	NOUN
mi ngil	NOUN
mi ngîl	NOUN
mi ngilnei	NOUN
mi ngo	NOUN
mi ngurchuai	NOUN
mi ngurchuâi	NOUN
mi ngûrchuai	NOUN
mi ngûrchuâi	NOUN
mi nilawm	NOUN
mi nip	NOUN
mi pangngai	NOUN
mi phili	NOUN
mi pirpak	NOUN
mi pirpâk	NOUN
mi ram	NOUN
mi rawng	NOUN
mi râwng	NOUN
mi rethei	NOUN
mi ria	NOUN
mi sual	NOUN
mi ta	NOUN
mi tamna	NOUN
mi tang	NOUN
mi tâng	NOUN
mi tang vengtu	NOUN
mi tâng vengtu	NOUN
mi tawrawt	NOUN
mi thuahkhat	NOUN
mi thuakhat	NOUN
mi tilreh	NOUN
mi tin thang	NOUN
mi tlemna	NOUN
mi tlêmna	NOUN
mi uang	NOUN
mi verther	NOUN
mi zawmthaw	NOUN
miah lo	NOUN
michhe al ei ngai lo	NOUN
michhe daikilkar	NOUN
michhe er leh	NOUN
michhe er-leh	NOUN
mihrin pui	NOUN
mihring pui	NOUN
milah loh	NOUN
mi-lem chhung	NOUN
mi-lem chhûng	NOUN
mi-lu lam	NOUN
mi-lu làm	NOUN
mim ban	NOUN
mîm ban	NOUN
mim khau	NOUN
mim khâu	NOUN
mîm khau	NOUN
mîm khâu	NOUN
mim kut	NOUN
mim kût	NOUN
mîm kut	NOUN
mîm kût	NOUN
mim kut thla	NOUN
mim kût thla	NOUN
mîm kut thla	NOUN
mîm kût thla	NOUN
mim kut thla nau pang	NOUN
mim kût thla nau pang	NOUN
mîm tui pawl	NOUN
mim-kut thla	NOUN
mim-kût thla	NOUN
mîm-kut thla	NOUN
mîm-kût thla	NOUN
mim-kut thla nau pang	NOUN
mim-kût thla nau pang	NOUN
mipa chi	NOUN
mipa hmeichhiatna	NOUN
mipat hmeichhiatna	NOUN
mipat hria	NOUN
mit bawm	NOUN
mit bâwm	NOUN
mît bawm	NOUN
mît bâwm	NOUN
mit chhin tawk	NOUN
mit chhing	NOUN
mit chhîng	NOUN
mit chhu	NOUN
mit da	NOUN
mit dawi vaih thiam	NOUN
mit eu	NOUN
mit hlei	NOUN
mit hnawih dur	NOUN
mit hnawih dûr	NOUN
mit hnawih durna	NOUN
mit hnawih dûrna	NOUN
mit hui hruau	NOUN
mit khap kar	NOUN
mit khap kâr	NOUN
mit khap kâr lovin	NOUN
mit khaw hmu lo	NOUN
mit khing siai	NOUN
mit khingkhat	NOUN
mit khur	NOUN
mit ko	NOUN
mit ko ruh	NOUN
mit kotlang	NOUN
mit lâ	NOUN
mit lak dawi	NOUN
mit lak dawithiam	NOUN
mit lawng	NOUN
mit lên	NOUN
mit men dan	NOUN
mit meng	NOUN
mit menzia	NOUN
mit mim	NOUN
mit mîm	NOUN
mit mu	NOUN
mit na	NOUN
mit na dam dawi	NOUN
mit naute	NOUN
mit nautê	NOUN
mit naute var	NOUN
mit naute vâr	NOUN
mit nghal	NOUN
mit ngo	NOUN
mit per	NOUN
mit pêr	NOUN
mit phê	NOUN
mit phe ruai	NOUN
mit phèi	NOUN
mit phen	NOUN
mit suih	NOUN
mit tivai	NOUN
mit tivai thei	NOUN
mit tlung	NOUN
mit tuam	NOUN
mit uihlit	NOUN
mit vak	NOUN
mit var	NOUN
mit vâr	NOUN
mithi chaw ei	NOUN
mithî chaw ei	NOUN
mithi chhiah	NOUN
mithî chhiah	NOUN
mithi dar	NOUN
mithi dâr	NOUN
mithî dar	NOUN
mithî dâr	NOUN
mithî ral	NOUN
mithî ràl	NOUN
mithi ralna	NOUN
mithi râlna	NOUN
mithî sawngbawl	NOUN
mithî sawngbâwl	NOUN
mithi thla	NOUN
mithî thla	NOUN
mithi thla hual	NOUN
mithî thla hual	NOUN
mit-khaw hmu lo	NOUN
mitmei vêng	NOUN
mitmeng fiah	NOUN
mitmim lak ang huai	NOUN
mitmim lâk ang huai	NOUN
mitmu nautê paw	NOUN
mitmu nautê pâw	NOUN
mitthi an	NOUN
mitthi ar	NOUN
mitthi kawng	NOUN
mitthi ngai	NOUN
mitthi ngaih	NOUN
mitthi zai sak	NOUN
mitthi zalh	NOUN
mittui hruai	NOUN
mizo anthur	NOUN
mizo hrei	NOUN
mizo vaihlo	NOUN
mo hruai	NOUN
mo ki phawi	NOUN
mo lawm	NOUN
mu mang lo	NOUN
mu mut zam	NOUN
mu tha thei	NOUN
mu ṭha thei	NOUN
mu thi	NOUN
mu tlâng	NOUN
mu zangthal	NOUN
mu zuk fei	NOUN
muai kel ir	NOUN
muai lungthu	NOUN
muai muai	NOUN
muai pawng	NOUN
mual buh	NOUN
mual hawih	NOUN
mual khang	NOUN
mung kawi	NOUN
mut duh	NOUN
mut heh	NOUN
mut-mu pawh tuah lo	NOUN
mut-mû pawh tuah lo	NOUN
mutthluk heh	NOUN
mutthlûk heh	NOUN
muttui u	NOUN
mu-zuk fei	NOUN
nachang hria	NOUN
nachang hriat	NOUN
nachang hriatna	NOUN
nâk nâ	NOUN
nak nat	NOUN
nam liam	NOUN
nang e	NOUN
nau a awi mu	NOUN
nau a awi mû	NOUN
nau a àwi mu	NOUN
nau a àwi mû	NOUN
nâu a awi mu	NOUN
nâu a awi mû	NOUN
nâu a àwi mu	NOUN
nâu a àwi mû	NOUN
nau awi	NOUN
nau chawthing bawm	NOUN
nau chhiat	NOUN
nau en	NOUN
nau enkawlna	NOUN
nâu enkawlna	NOUN
nau hlam tla	NOUN
nâu hlam tla	NOUN
nau pawm	NOUN
nâu pawm	NOUN
nau phir	NOUN
nâu phir	NOUN
nau puakpuan	NOUN
nâu puakpuan	NOUN
nau puakpuan man	NOUN
nâu puakpuan man	NOUN
nau riltam	NOUN
nau rilṭam	NOUN
nau sang	NOUN
nâu sang	NOUN
nau thak	NOUN
nau thlahlei pai	NOUN
nâu thlahlei pai	NOUN
nau thutphah	NOUN
nau ṭhutphah	NOUN
nau vei	NOUN
nâu vei	NOUN
nau vei na	NOUN
nauno pawm	NOUN
nâuno pawm	NOUN
naupan lai	NOUN
naupan tet lai	NOUN
naupan têt lai	NOUN
naupang ber	NOUN
naupang chal-â	NOUN
naupang chhe	NOUN
naupang chhia	NOUN
naupang chhiat	NOUN
naupang lawm	NOUN
naupang làwm	NOUN
naupang lâwm	NOUN
naupang sual	NOUN
naurual chhung	NOUN
naurual chhûng	NOUN
nâuruâl chhung	NOUN
nâuruâl chhûng	NOUN
naurual fing	NOUN
naurual fíng	NOUN
naurual fîng	NOUN
nâuruâl fing	NOUN
nâuruâl fíng	NOUN
nâuruâl fîng	NOUN
naurual hak	NOUN
nâuruâl hâk	NOUN
nausen bang hlang tung it et	NOUN
nausen bang hlang tung ît et	NOUN
nausên bang hlang tung it êt	NOUN
nausên bang hlang tung ît êt	NOUN
nausen bang-hlang tung it-et	NOUN
nausen bang-hlang tung ît-et	NOUN
nausên bang-hlang tung it-êt	NOUN
nausên bang-hlang tung ît-êt	NOUN
nausen piang hlim	NOUN
nausên piang hlim	NOUN
nau-thlahlei pai	NOUN
nâu-thlahlei pai	NOUN
nave ang	NOUN
naw alh	NOUN
naw alh fung	NOUN
naw ti zuar	NOUN
nawalh fung	NOUN
naw-alh fung	NOUN
nawalh lu bawk	NOUN
nawalh lu bâwk	NOUN
nawalh zen bawk	NOUN
nawh reh	NOUN
nawh tlet	NOUN
nawk nawk	NOUN
nawl bang	NOUN
nawl báng	NOUN
nawm leh maka	NOUN
nawmsak chen	NOUN
nawmsak chèn	NOUN
nawmsip bâwl	NOUN
nawr dip	NOUN
nawrh hmang	NOUN
nawrh tauh	NOUN
nâwt tle	NOUN
nē ek lo	NOUN
ne ne	NOUN
ne né	NOUN
nè ne	NOUN
neih loh	NOUN
neih neih	NOUN
neih thinglung khawng	NOUN
nek nek	NOUN
nel theih	NOUN
nêl theih	NOUN
nelh nelh	NOUN
neuh neuh	NOUN
nga nga	NOUN
nga sa	NOUN
ngâi rû	NOUN
ngaih hnuai	NOUN
ngaih kawih	NOUN
ngaih la	NOUN
ngaih ruat	NOUN
ngaih tleu	NOUN
ngaih tlêu	NOUN
ngaih zawn	NOUN
ngaihnep zawng	NOUN
ngaihnep zâwng	NOUN
ngaihnêp zâwng	NOUN
ngak ngak	NOUN
ngal chang	NOUN
ngal châng	NOUN
ngal char	NOUN
ngal fim	NOUN
ngal fîm	NOUN
ngal khî	NOUN
ngal lang	NOUN
ngal nget	NOUN
ngán awm	NOUN
ngán âwm	NOUN
ngan bel	NOUN
ngan bêl	NOUN
ngân bel	NOUN
ngân bêl	NOUN
ngan do bel	NOUN
ngan do bêl	NOUN
ngân do bel	NOUN
ngang ngang	NOUN
ngat ngat	NOUN
ngau buang	NOUN
ngâu buâng	NOUN
ngaw bawm	NOUN
ngaw tu	NOUN
ngaw tuk	NOUN
ngawi chipcham	NOUN
ngâwi chipcham	NOUN
ngâwi chîpcham	NOUN
ngawi ha	NOUN
ngâwi hâ	NOUN
ngawi mei	NOUN
ngâwi mei	NOUN
ngawi pui	NOUN
ngawi ruk	NOUN
ngawi rûk	NOUN
ngâwi ruk	NOUN
ngâwi rûk	NOUN
ngawi talhtum	NOUN
ngâwi thap	NOUN
ngâwi ṭhap	NOUN
ngawi thlam	NOUN
ngâwi thlâm	NOUN
ngawi tlangpui	NOUN
ngâwi tlângpui	NOUN
ngawi varpui	NOUN
ngâwi vârpui	NOUN
ngawi virpui	NOUN
ngawih tauh	NOUN
ngâwng ngâwng	NOUN
ngeih ngeih	NOUN
ngêng ngêng	NOUN
nget kua	NOUN
ngêt ngêt	NOUN
ngha ngiai	NOUN
nghafuan ruh	NOUN
nghafuan rut	NOUN
nghafuan rût	NOUN
nghafuan ven buk	NOUN
nghafuan ven bûk	NOUN
nghafuan veng	NOUN
nghahfaka neih	NOUN
nghâk hlel	NOUN
nghak hlelh	NOUN
nghakawi chaw	NOUN
nghakàwi chiah	NOUN
nghakâwi chiah	NOUN
nghakawi ngul	NOUN
nghakàwi ngul	NOUN
nghakhing nau awm ang	NOUN
nghakuai chaw	NOUN
nghakuai chiah	NOUN
nghal chang	NOUN
nghal tam chhuah	NOUN
nghal tàm chhuah	NOUN
nghal thiang	NOUN
nghaleng lu tar	NOUN
nghalêng lu tar	NOUN
nghalpa chet	NOUN
nghalpa chêt	NOUN
nghapui suar ân	NOUN
nghapui suar in	NOUN
nghapui thau	NOUN
nghar thingawn	NOUN
nghar thingâwn	NOUN
nghar ṭhingawn	NOUN
nghar ṭhingâwn	NOUN
nghat nghat	NOUN
nghatun bekbawr thlenga hleuh	NOUN
nghavang chhek hmain ulawngin an chhek ngai lo	NOUN
nghavâng chhek hmain ulâwngin an chhek ngai lo	NOUN
nghavang lung lam	NOUN
nghavâng lung lam	NOUN
nghavang lunglen	NOUN
nghavang lunglèn	NOUN
nghavang lunglên	NOUN
nghavâng lunglen	NOUN
nghavâng lunglèn	NOUN
nghavâng lunglên	NOUN
nghavâng lunglian	NOUN
nghawng awrh	NOUN
nghâwng awrh	NOUN
nghawng chaw	NOUN
nghâwng chaw	NOUN
nghawng nghawng	NOUN
nghawng ruh	NOUN
nghâwng ruh	NOUN
nghawng thlep	NOUN
nghâwng thlep	NOUN
nghawng thlun	NOUN
nghâwng thlun	NOUN
nghawng thlung	NOUN
nghawngkawl hnam	NOUN
nghe nghe	NOUN
nghet lo	NOUN
ngho kheng	NOUN
ngho khêng	NOUN
ngiah ngiah	NOUN
ngir nger	NOUN
ngit nget	NOUN
nguah nguah	NOUN
nguai nguai	NOUN
ngum bur	NOUN
ngum bùr	NOUN
ngum khak	NOUN
ngum khák	NOUN
ngùm khak	NOUN
ngùm khák	NOUN
ngum ruh	NOUN
ngunte thi	NOUN
ngunte ṭhi	NOUN
ngûnte thi ang	NOUN
ngûnte ṭhi ang	NOUN
ngut ngut	NOUN
ngût suh	NOUN
ni ah	NOUN
ní ah	NOUN
ni chhuak	NOUN
ni chhûn ên	NOUN
ni chuah	NOUN
ni chuâng	NOUN
ni e	NOUN
ni eng	NOUN
ni êng	NOUN
ni hlui	NOUN
ni hualtu	NOUN
ni khat ban	NOUN
ni khua lo	NOUN
ni lakin	NOUN
ni lo	NOUN
ni nèm	NOUN
ni no	NOUN
ni rei lai	NOUN
ni ruih	NOUN
ni suk chen	NOUN
ni tla piap	NOUN
ni tumtawi	NOUN
ni vawm	NOUN
nial nual	NOUN
niap niap	NOUN
nih ni	NOUN
nihliap fang	NOUN
nihliap khum	NOUN
nihliap tang	NOUN
nikir ruah	NOUN
nil nil	NOUN
nileng piap	NOUN
nimin piah	NOUN
nipui chen dam	NOUN
nir sawk	NOUN
no nghulh	NOUN
noh noh	NOUN
nu chan chang	NOUN
nu chenbeh	NOUN
nu valai	NOUN
nuar tau	NOUN
nufa them bu inchuh	NOUN
nula ena en	NOUN
nula fan	NOUN
nun kha	NOUN
nupa ṭangṭhen	NOUN
nupui huai	NOUN
nuthlawi zawt	NOUN
ou khat	NOUN
pa ardang	NOUN
pa berh	NOUN
pa bûng	NOUN
pa chuanhnuai	NOUN
pa dawp	NOUN
pa dâwp	NOUN
pa fa	NOUN
pa fe	NOUN
pâ fe	NOUN
pâ fê	NOUN
pa fing	NOUN
pa hnahkhar	NOUN
pa hrawn	NOUN
pa khang bun	NOUN
pa khâng bun	NOUN
pa nei lo	NOUN
pa pa	NOUN
pa pal	NOUN
pa pui	NOUN
pa rawl	NOUN
pa rawng khawr	NOUN
pa reng	NOUN
pa saibeng	NOUN
pa se ek	NOUN
pa te	NOUN
pa té	NOUN
pa tha	NOUN
pa thlang	NOUN
pa thuah	NOUN
pa thur	NOUN
pa thûr	NOUN
pa tumlûm	NOUN
pa tung	NOUN
pa tûr	NOUN
pa un	NOUN
pâ vâ	NOUN
pa vawh	NOUN
pahmei fing	NOUN
pahmei fîng	NOUN
pahmei hak	NOUN
pahmei hâk	NOUN
pahmei hak fawng	NOUN
pahmei hâk fawng	NOUN
pahmei pa	NOUN
pahmei zanriah chhum hun	NOUN
pai - tereng	NOUN
pâi - tereng	NOUN
pai dai	NOUN
pâi dâi	NOUN
pai em	NOUN
pai êm	NOUN
pai em hmun	NOUN
pai êm hmun	NOUN
pai hawl	NOUN
pai hrui	NOUN
pâi hrui	NOUN
pai paw lawn	NOUN
pai paw làwn	NOUN
pai per	NOUN
pai pèr	NOUN
pai ral	NOUN
pai tawih	NOUN
pái tawih	NOUN
pai tereng	NOUN
pâi tereng	NOUN
pai tung	NOUN
pai-em hmun	NOUN
paih thla	NOUN
paih thlak	NOUN
pam ham	NOUN
pan damdawi	NOUN
pan dawng suak	NOUN
pan ding	NOUN
pan hnai	NOUN
pan khir	NOUN
pan tet	NOUN
pang chuam	NOUN
pâng chuâm	NOUN
pang emin	NOUN
pang kar	NOUN
pang kâr	NOUN
pang khing	NOUN
pang lawi	NOUN
pâng pâng	NOUN
pang panga	NOUN
pang sâ	NOUN
pangang chaw ei	NOUN
pangang kangthai	NOUN
pangang kangthâi	NOUN
pangchang takin	NOUN
pangpar lem	NOUN
pangpâr lem	NOUN
pangpar me	NOUN
pangpar mê	NOUN
pangpâr me	NOUN
pangpâr mê	NOUN
pangpar thi hrui	NOUN
pangpâr thi hrui	NOUN
pangpar zu	NOUN
pangpui zar	NOUN
pângpui zâr	NOUN
pangpui zial	NOUN
pangpui zîal	NOUN
pângpui zial	NOUN
pàr fung chawi	NOUN
pàr fung châwi	NOUN
pàr lawr	NOUN
pàr lâwr	NOUN
par ro	NOUN
pàr ro	NOUN
par saingho	NOUN
par tlan	NOUN
pâr tlan	NOUN
parem hre lo pa tal hah	NOUN
pàr-fung chawi	NOUN
pàr-fung châwi	NOUN
pasal nei	NOUN
pat ek	NOUN
pat êk	NOUN
pát ek	NOUN
pát êk	NOUN
pathian bia	NOUN
pathian biak	NOUN
pathian biakna in	NOUN
pathian hla	NOUN
pathian lehkhabu thianghlim	NOUN
pathian samsuih	NOUN
pathian tirhkoh	NOUN
pau dar	NOUN
pau rau	NOUN
paw pua	NOUN
pawh chat	NOUN
pawh rik	NOUN
pawi tawk	NOUN
pawl bak	NOUN
pawl li	NOUN
pawl nga	NOUN
pawl ngai	NOUN
pawl riat	NOUN
pawl ruk	NOUN
pawl sarih	NOUN
pawng hram	NOUN
pawng lak	NOUN
pawr pawr	NOUN
pawt pawt	NOUN
peh zut	NOUN
pek hnawng	NOUN
pem chhuak	NOUN
pem peril	NOUN
pên zing	NOUN
pên zîng	NOUN
pep pep	NOUN
perh zeh	NOUN
perh zep	NOUN
perhpàwng nu ang zam	NOUN
perhpàwng nu ang zâm	NOUN
pern buh bel	NOUN
pern thei lawh	NOUN
pha man ziahin	NOUN
phah thuah	NOUN
phai an	NOUN
phâi an	NOUN
phâi hnawng	NOUN
phâi hnàwng	NOUN
phai khang	NOUN
phâi khang	NOUN
phai khang eng	NOUN
phâi khang eng	NOUN
phai nul	NOUN
phai nûl	NOUN
phâi nul	NOUN
phâi nûl	NOUN
phai phak	NOUN
phâi phâk	NOUN
phai phek	NOUN
phai phêk	NOUN
phâi phek	NOUN
phâi phêk	NOUN
phai phuk	NOUN
phâi phuk	NOUN
phai ruang	NOUN
phâi ruâng	NOUN
phai sa	NOUN
phâi sa	NOUN
phai sapui	NOUN
phâi sapui	NOUN
phai vun	NOUN
phâi vun	NOUN
phai zawl	NOUN
phâi zâwl	NOUN
phâiphu lêng tum	NOUN
phaiphu leng turn	NOUN
phâiphu-leng tum	NOUN
phâiphu-lêng tum	NOUN
phaitual hlo	NOUN
phâitual hlo	NOUN
phâitual sava	NOUN
phak phak	NOUN
phaktel hrui	NOUN
phal loh	NOUN
phal rai	NOUN
phawng pha dawt	NOUN
phawng phawng a	NOUN
phawng phawng a!	NOUN
phe phu	NOUN
phei chuan	NOUN
phei tum lian	NOUN
pheichham man	NOUN
pheikhai záng zàn	NOUN
pheikhai zing zin	NOUN
pheikhawk bun	NOUN
pheikhawk hlo	NOUN
pheikhawk hrui	NOUN
pheikhawk ke artui sang	NOUN
pheikhawk ke-artui sang	NOUN
pheikhawk pum	NOUN
pheikhawk rawng nei	NOUN
pheikhawk rawng sei	NOUN
pheikhawk siai	NOUN
phêk hlang	NOUN
phek lang	NOUN
phek phe	NOUN
pheng avangin	NOUN
pheng avàngin	NOUN
pheng lawng	NOUN
pheng làwng	NOUN
phêng lawng	NOUN
phêng làwng	NOUN
pheng lawng tum	NOUN
pheng làwng tum	NOUN
phêng lawng tum	NOUN
phêng làwng tum	NOUN
pheng-lawng tum	NOUN
pheng-làwng tum	NOUN
phêt ruai	NOUN
phi chûk chûk	NOUN
phiar phek	NOUN
phiar phêk	NOUN
phih hlip	NOUN
phih thlâk	NOUN
phil hman	NOUN
phing phi siau	NOUN
phingphi siau	NOUN
phingphi siau tlawh	NOUN
phingphi-hlip vai lian el ang	NOUN
phingphi-siau tlawh	NOUN
phiri vau	NOUN
phiri vâu	NOUN
phit tlawh	NOUN
phît tlawh	NOUN
pho arh	NOUN
pho arh bial	NOUN
pho arh tung	NOUN
pho lan	NOUN
pho lang	NOUN
pho leng	NOUN
pho lèng	NOUN
pho lêng	NOUN
pho leng tar	NOUN
pho leng târ	NOUN
pho lèng tar	NOUN
pho lèng târ	NOUN
pho lêng tar	NOUN
pho lêng târ	NOUN
pho loh	NOUN
pho ro	NOUN
pho-arh tung	NOUN
pholeng bawn	NOUN
pholèng bawn	NOUN
pholêng bawn	NOUN
pho-leng tar	NOUN
pho-leng târ	NOUN
pho-lèng tar	NOUN
pho-lèng târ	NOUN
pho-lêng tar	NOUN
phu dur dur	NOUN
phu hlip	NOUN
phuah chawp	NOUN
phuah khawm	NOUN
phuah khâwm	NOUN
phuai met	NOUN
phuai mêt	NOUN
phuan berh	NOUN
phuan puar	NOUN
phuba lak	NOUN
phuba lâk	NOUN
phuba lakna	NOUN
phuba lâkna	NOUN
phuba lam	NOUN
phuba latu	NOUN
phuba la-tu	NOUN
phuba lu tu	NOUN
phuba lu-tu	NOUN
phui bawm	NOUN
phui hnam	NOUN
phui huai mi	NOUN
phui takin	NOUN
phuihnam suak	NOUN
phukna zawk	NOUN
phûkna zawk	NOUN
phul hlut	NOUN
phûl hlut	NOUN
phul leng	NOUN
phul lêng	NOUN
phul liam	NOUN
phûl liam	NOUN
phul pa	NOUN
phul pâ	NOUN
phûl pa	NOUN
phûl pâ	NOUN
phun bul bul	NOUN
phun hring	NOUN
phun phun	NOUN
phun rûk	NOUN
phun sawn	NOUN
phun thli	NOUN
phung bachhim	NOUN
phung bachhîm	NOUN
phûng bachhim	NOUN
phûng bachhîm	NOUN
phung bawm	NOUN
phung bawmtu	NOUN
phung chang	NOUN
phung châng	NOUN
phung chang hla deuh	NOUN
phung chang hnai	NOUN
phung chil	NOUN
phung hmuh	NOUN
phûng hmuh	NOUN
phung hmuh chauh	NOUN
phung hriat	NOUN
phûng hriat	NOUN
phung kawi kawm	NOUN
phung kawi kâwm	NOUN
phung kàwi kawm	NOUN
phung kàwi kâwm	NOUN
phûng kawi kawm	NOUN
phûng kawi kâwm	NOUN
phûng kàwi kawm	NOUN
phûng kàwi kâwm	NOUN
phung kawi kawm zai	NOUN
phung kawi kawm zâi	NOUN
phûng kawi kawm zai	NOUN
phûng kawi kawm zâi	NOUN
phung kawr	NOUN
phûng kawr	NOUN
phung kuaite	NOUN
phûng kuaite	NOUN
phung la zai	NOUN
phung la zâi	NOUN
phûng la zai	NOUN
phûng la zâi	NOUN
phung ladin	NOUN
phûng ladin	NOUN
phung ladin lek	NOUN
phûng ladin lek	NOUN
phûng lâm	NOUN
phûng lăm	NOUN
phung la-zai	NOUN
phung la-zâi	NOUN
phûng la-zai	NOUN
phûng la-zâi	NOUN
phung lem	NOUN
phûng lem	NOUN
phung len	NOUN
phung lèn	NOUN
phung lên	NOUN
phung leng	NOUN
phung lêng	NOUN
phung sa serh sem ang	NOUN
phûng sa serh sem ang	NOUN
phung sahmim	NOUN
phung sahmîm	NOUN
phung sual ang mai	NOUN
phûng sual ang mai	NOUN
phung tangtial	NOUN
phung tângtial	NOUN
phung ṭangṭial	NOUN
phung ṭângṭial	NOUN
phûng tangtial	NOUN
phûng tângtial	NOUN
phung tlawk sawh	NOUN
phûng tlawk sawh	NOUN
phung ulawng	NOUN
phung ulâwng	NOUN
phung velh ang	NOUN
phungin bawh	NOUN
phûngin bawh	NOUN
phungzawl tuibur duh	NOUN
phûngzâwl tuibur duh	NOUN
phunthanga nu	NOUN
phur chhia	NOUN
phur liam	NOUN
phur rit	NOUN
phur rit phurh	NOUN
phúr thak	NOUN
phûr thak	NOUN
phurh chhiat	NOUN
phurh hlan	NOUN
phurh hlân	NOUN
phurh hri	NOUN
phurh phurh	NOUN
phur-thak bu	NOUN
phûr-thak bu	NOUN
phurthak hlo	NOUN
phut luih	NOUN
phût luih	NOUN
phut neih	NOUN
phut phut	NOUN
phut zawk	NOUN
phût zawk	NOUN
pi chuan	NOUN
pi chuang	NOUN
pi ha beuh	NOUN
pi hrawkhrui	NOUN
pi khawi	NOUN
pi piai	NOUN
pi pu suih	NOUN
pi sa um bur	NOUN
pi sa um bûr	NOUN
pi tereng	NOUN
piah lamah	NOUN
pial pial	NOUN
piál thlâk	NOUN
piâl thlâk	NOUN
pial tlep hmun	NOUN
piala no	NOUN
pialtlep hmun	NOUN
pialtlêp hmun	NOUN
piâltlêp hmun	NOUN
pian champhaphak ni	NOUN
pian dan	NOUN
pian dan thiam	NOUN
pian hlawhchham	NOUN
pian leh murna	NOUN
pian leh mûrnaah	NOUN
pian lung	NOUN
pian sual	NOUN
pian thiam	NOUN
piang dun	NOUN
piang dûn	NOUN
piang dun rial	NOUN
piang dun riâl	NOUN
piang hlawhchham	NOUN
piang hmun	NOUN
piang hmun rial	NOUN
pianhmang tha	NOUN
pianto that	NOUN
pianṭo ṭhat	NOUN
pil bo	NOUN
pil khawh	NOUN
pil lohna	NOUN
pil pil	NOUN
pil tha	NOUN
pin dan	NOUN
pin hmawr bawk	NOUN
pin hmâwr bâwk	NOUN
pindan chhung	NOUN
pindan chhûng	NOUN
pindan chimgnung	NOUN
pindan chuang	NOUN
pindan chungnung	NOUN
ping pei khawtlai	NOUN
ping peng	NOUN
ping sing	NOUN
ping-pei khawtlai	NOUN
ping-pei khawtlái	NOUN
pingpui zir	NOUN
pip e pup e	NOUN
pipu uai	NOUN
pipu uái	NOUN
pirh perh	NOUN
pisa kai	NOUN
pi-sa-um bur	NOUN
pi-sa-um bûr	NOUN
pit dawr tia	NOUN
pît ven	NOUN
pît vèn	NOUN
pit ven buk	NOUN
pit ven bûk	NOUN
pit vên buk	NOUN
pit vên bûk	NOUN
pît ven buk	NOUN
pît ven bûk	NOUN
pît veng	NOUN
pît vêng	NOUN
poh leh	NOUN
pu al	NOUN
pu ban man	NOUN
pu bin	NOUN
pu bin man	NOUN
pu hmuna	NOUN
pu lut	NOUN
pu lût	NOUN
pu pang liah	NOUN
pu pâwla	NOUN
pu put	NOUN
pu sa chawn	NOUN
pu sa châwn	NOUN
pu thing thiah	NOUN
pu thîng thiah	NOUN
pu thing-thiah	NOUN
pu thîng-thiah	NOUN
pu tu	NOUN
pû tû	NOUN
pu vana	NOUN
pu vana beng	NOUN
pu vana saihlum	NOUN
pu vana sial	NOUN
pu vana thlengpui hnuh rik	NOUN
puak chhawng	NOUN
puak chhhâwn	NOUN
puak hlawh	NOUN
puak keh	NOUN
puak làwn zat	NOUN
puak lâwn zat	NOUN
puak man	NOUN
puak per phur	NOUN
puak phur	NOUN
puak tam silai	NOUN
puak thek	NOUN
puak-per phur	NOUN
pual chang khawk	NOUN
puàl chang khawk	NOUN
puâl chang khawk	NOUN
pual eng	NOUN
puàl eng	NOUN
puâl eng	NOUN
pual pa ang vàng a ni	NOUN
pual pa ang vâng a ni	NOUN
pual phu	NOUN
pual thu	NOUN
pual thû	NOUN
puàl thu	NOUN
puàl thû	NOUN
pualah lum	NOUN
puâlah lum	NOUN
puan bàng	NOUN
puan bih	NOUN
puan chang nei	NOUN
puan chang neih	NOUN
puan châng neih	NOUN
puan chehna	NOUN
puan chelhna	NOUN
puan chhia	NOUN
puan her mamna	NOUN
puan hmawr dek	NOUN
puan in zar	NOUN
puan inkeu zawn	NOUN
puan inkeu-zawn	NOUN
puan kang thui	NOUN
puan kang ţhui	NOUN
puan kang ṭhui	NOUN
puan kàng thui	NOUN
puan kang ṭhuia ṭhui	NOUN
puan kawp sawr ang	NOUN
puan lai ban	NOUN
puan lai chawih	NOUN
puan lai chei	NOUN
puan lai sen	NOUN
puan lai tial	NOUN
puan lai ţial	NOUN
puan lai ṭial	NOUN
puan lai-sen	NOUN
puan mawi	NOUN
puan mawl	NOUN
puan milem	NOUN
puan nawhna thir	NOUN
puan ruaka awm	NOUN
puan silh	NOUN
puan suk	NOUN
puan sûk	NOUN
puan suk ni	NOUN
puan sutu	NOUN
puan thlang	NOUN
puan thui	NOUN
puan ţhui	NOUN
puan ṭhui	NOUN
puan thui tu	NOUN
puan ţhui tu	NOUN
puan ṭhui tu	NOUN
puan thuina	NOUN
puan ţhuina	NOUN
puan ṭhuina	NOUN
puan thuina ke khawl	NOUN
puan ţhuina ke khawl	NOUN
puan ṭhuina ke khawl	NOUN
puan thuina ke-khawl	NOUN
puan ţhuina ke-khawl	NOUN
puan ṭhuina ke-khawl	NOUN
puan thulkhung	NOUN
puan thûlkhung	NOUN
puan ţhulkhung	NOUN
puan ţhûlkhung	NOUN
puan tlahlang	NOUN
puan tlang zial	NOUN
puan tum tel	NOUN
puan tung	NOUN
puan ven sâwi chhing	NOUN
puan vual	NOUN
puan zar	NOUN
puan zâr	NOUN
puan zar lawng	NOUN
puanfen fual nei	NOUN
puang zar	NOUN
puanngo zawh	NOUN
puansik hlo	NOUN
puansuk hlo	NOUN
puanthuina kutkhawl	NOUN
puanţhuina kutkhawl	NOUN
puar ak	NOUN
puàr fan	NOUN
puàr fân	NOUN
puar kek	NOUN
puàr kek	NOUN
puar leh fanna	NOUN
puàr leh fànna	NOUN
puâr leh fanna	NOUN
puar paw len	NOUN
puar paw lên	NOUN
puar paw leng	NOUN
puar paw lêng	NOUN
puar per	NOUN
puh chhia	NOUN
puh khêl	NOUN
puh khelh	NOUN
puh thlûk	NOUN
pui chhur	NOUN
pui chhùr	NOUN
pui chhûr	NOUN
pui leng	NOUN
puipun ni	NOUN
puk bak	NOUN
puk bák	NOUN
pûk bak	NOUN
puk puk	NOUN
puk ruk	NOUN
pûk rûk	NOUN
pum bawh	NOUN
pum bil	NOUN
pum dawt	NOUN
pum dâwt	NOUN
pûm dawt	NOUN
pûm dâwt	NOUN
púm hlawh	NOUN
pum hmawm	NOUN
pum hnar	NOUN
pum hnâr	NOUN
pum nem lai	NOUN
pum pu hlum	NOUN
pum pu hlûm	NOUN
pum thil	NOUN
pum thluk	NOUN
pum thlûk	NOUN
pum tlik	NOUN
pum tui dawt	NOUN
pum tui dâwt	NOUN
pùm tui dâwt	NOUN
pum zah	NOUN
pùm zah	NOUN
pum zap	NOUN
pùm zap	NOUN
pun khawm	NOUN
pung khawm	NOUN
pung khâwm	NOUN
pung pu	NOUN
pung pu lut	NOUN
pung pu lût	NOUN
pur chaw khawm	NOUN
pûr chaw-khawm	NOUN
pûr chaw-khâwm	NOUN
pur chawkna	NOUN
pur châwkna	NOUN
pur phurh	NOUN
pûr phurh	NOUN
purun di	NOUN
purùn di	NOUN
purun sen	NOUN
purùn sen	NOUN
purun var	NOUN
purùn var	NOUN
purun zung	NOUN
purùn zung	NOUN
pusum tel	NOUN
put luh	NOUN
put thla	NOUN
pût thla	NOUN
ra so	NOUN
rah beh	NOUN
rah buk	NOUN
rah bûk	NOUN
rah buk sum	NOUN
rah chhan	NOUN
rah hrual	NOUN
rah hruâl	NOUN
rah tha	NOUN
rah that	NOUN
rah ṭhat	NOUN
rahbi chhu	NOUN
rahbi chhut	NOUN
rahbi tlew	NOUN
rahbi tlêw	NOUN
rahbuk khawl	NOUN
rahbuk khâwl	NOUN
rahbûk khawl	NOUN
rahbûk khâwl	NOUN
rah-bûk sum	NOUN
rai lak	NOUN
rai palh	NOUN
raih lo	NOUN
rairuang buh	NOUN
ral bang	NOUN
râl bâng	NOUN
ral cha bel	NOUN
ral cha bêl	NOUN
râl cha bel	NOUN
râl cha bêl	NOUN
ral kah	NOUN
ral kai	NOUN
ral lak a la	NOUN
râl lâk a la	NOUN
ral lehlam	NOUN
râl lehlam	NOUN
ral palh	NOUN
râl palh	NOUN
ral samkuai	NOUN
ral tawng	NOUN
râl tâwng	NOUN
ral tu	NOUN
râl tu	NOUN
ral tukna hmun	NOUN
ral ṭukna hmun	NOUN
râl veng	NOUN
râl vêng	NOUN
ral venna buk	NOUN
ral venna bûk	NOUN
ral vènna buk	NOUN
ral vènna bûk	NOUN
ral vênna buk	NOUN
ral vênna bûk	NOUN
râl venna buk	NOUN
râl venna bûk	NOUN
râl vènna buk	NOUN
râl vènna bûk	NOUN
ralleng thi	NOUN
ralleng ṭhi	NOUN
rallêng thi	NOUN
rallêng ṭhi	NOUN
râlleng thi	NOUN
râlleng ṭhi	NOUN
ralte bal	NOUN
ralte bàl	NOUN
raltê bal	NOUN
raltê bàl	NOUN
râlte bal	NOUN
râlte bàl	NOUN
ram ar	NOUN
ram âr	NOUN
ram awmp	NOUN
ram awmpawng	NOUN
ram awmpâwng	NOUN
ram àwmpawng	NOUN
ram àwmpâwng	NOUN
ram bachhim	NOUN
ram bachhîm	NOUN
ram bahra	NOUN
ram banhla	NOUN
ram bawh	NOUN
ram bawh khat	NOUN
ram bawh-khat	NOUN
ram bua	NOUN
ram chhuah	NOUN
ram chhuak	NOUN
ram chin	NOUN
ram chuang	NOUN
ram dai	NOUN
ram dai dar	NOUN
ram en	NOUN
ram fang	NOUN
ram fir	NOUN
ram fulh	NOUN
ram hak	NOUN
ram hâk	NOUN
ram hring	NOUN
ram hrui	NOUN
ram hual	NOUN
ram kelchal	NOUN
ram khauhriang	NOUN
ram khek	NOUN
ram khêk	NOUN
ram lam hna	NOUN
ram mei hliau	NOUN
ram mu	NOUN
ram nu	NOUN
ram nù	NOUN
ram pa iaileng	NOUN
ram parh tha	NOUN
ram parh ṭha	NOUN
ram pui thiah	NOUN
ram pui thiat	NOUN
ram reh àu	NOUN
ram tan	NOUN
ram ṭan	NOUN
ram thiah	NOUN
ram thiat	NOUN
ram ṭhiat	NOUN
ram thing	NOUN
ram tin ram tang	NOUN
ram tla	NOUN
ram tlâ	NOUN
ram tlan	NOUN
ram tlán	NOUN
ram tuk rel	NOUN
ram vah	NOUN
ram vawk	NOUN
ram zawng	NOUN
ram zu in	NOUN
ramhnuai mi	NOUN
ramhuai aien thiam	NOUN
ramhuai aienthiam zawl	NOUN
ramhuai thi theh	NOUN
ramhuai zawl	NOUN
ram-pui thiat	NOUN
ran a	NOUN
ran â	NOUN
ran buai	NOUN
ran chaw	NOUN
ran in	NOUN
ran khel beng	NOUN
ran lu kim	NOUN
ran ren	NOUN
ran riam	NOUN
ran tlatna	NOUN
ran tlatna phhl	NOUN
ranin bia	NOUN
ranin biak	NOUN
ranngo zawng	NOUN
rap bet	NOUN
rap fuan	NOUN
rap fuán	NOUN
rap hak	NOUN
rap hrual	NOUN
rap hruâl	NOUN
rap in	NOUN
rap rap	NOUN
rap tleu	NOUN
rapchung sang	NOUN
rapchung sâng	NOUN
rappui chung sâng	NOUN
rât rât	NOUN
rau au	NOUN
rau àu	NOUN
ráu hrèn	NOUN
rau thukru	NOUN
raurnn lohna	NOUN
raw buh	NOUN
raw chang	NOUN
raw chang kilhna	NOUN
raw chang kîlhna	NOUN
raw cheh	NOUN
raw chhem tum	NOUN
raw chhèm tum	NOUN
raw chhia	NOUN
raw hung	NOUN
raw kuai	NOUN
raw lai	NOUN
raw lài	NOUN
raw lâi	NOUN
raw lak	NOUN
raw lawn khan	NOUN
raw lawn khang	NOUN
raw làwn khang	NOUN
raw mal	NOUN
raw mi	NOUN
raw nal	NOUN
raw nâl	NOUN
raw ngal	NOUN
raw te	NOUN
raw té	NOUN
raw thei	NOUN
raw thing	NOUN
raw thíng	NOUN
raw ṭhing	NOUN
raw ṭhíng	NOUN
raw thla	NOUN
raw thlâ	NOUN
raw vawm	NOUN
raw-chang kilhna	NOUN
raw-chang kîlhna	NOUN
raw-chhem tum	NOUN
raw-chhèm tum	NOUN
rawh ût	NOUN
rawih rawih	NOUN
rawih râwih	NOUN
rawk ráilo	NOUN
rawk râilo	NOUN
rawk ral	NOUN
rawl hman	NOUN
rawl hmang	NOUN
rawl khang	NOUN
ráwl khang	NOUN
râwl khang	NOUN
rawn sin	NOUN
rawn thlen	NOUN
rawn ton	NOUN
rawn zawk	NOUN
rawng âwk	NOUN
rawng rawng	NOUN
râwng râwng	NOUN
rawng rék	NOUN
rawng sen	NOUN
rawng takin	NOUN
rawp rawp	NOUN
rawpa rawp	NOUN
rawt sawm	NOUN
rawt sawm vek	NOUN
ràwt sawm vek	NOUN
rawt sawmna	NOUN
ràwt sawmna	NOUN
rawt sawmna lung	NOUN
ràwt-sawmna lung	NOUN
raza ram	NOUN
razà ram	NOUN
re raw	NOUN
re râw	NOUN
rê raw	NOUN
rê râw	NOUN
reh pawp	NOUN
rei awm lovin	NOUN
rei beng	NOUN
rei chhuak	NOUN
rei kawng	NOUN
rei lo	NOUN
rek ral	NOUN
rek rek	NOUN
rêl bawl	NOUN
rêl bâwl	NOUN
rel bawltu	NOUN
rel bâwltu	NOUN
rêl bawltu	NOUN
rêl bâwltu	NOUN
rel bel	NOUN
rêl bêl	NOUN
rêl chhuak	NOUN
rêl chhuâk	NOUN
rel in	NOUN
rêl in	NOUN
rel kalkawng	NOUN
rêl kalkawng	NOUN
rel kalna	NOUN
rêl kalna	NOUN
rel kawngkalna	NOUN
rêl kawngkalna	NOUN
rel lu	NOUN
rêl lu	NOUN
relh rûk	NOUN
rem ar talh	NOUN
rem âr talh	NOUN
rem rem	NOUN
rem-ar talh	NOUN
rem-âr talh	NOUN
remchang ah hmang	NOUN
ren ngai	NOUN
ren ngaih	NOUN
reng an	NOUN
rêng an	NOUN
reng awm tut	NOUN
reng awm tùt	NOUN
reng awm tût	NOUN
reng âwm tut	NOUN
reng âwm tùt	NOUN
reng chal	NOUN
reng dim	NOUN
reng fei	NOUN
reng kawi	NOUN
reng pui	NOUN
rêng pui	NOUN
reng reng	NOUN
reng ring a	NOUN
reng si	NOUN
reng zawl	NOUN
reng zâwl	NOUN
rep rep	NOUN
ri dur rik	NOUN
ri hum hum	NOUN
ri kham	NOUN
ri rawk	NOUN
ri rek	NOUN
ri rikrawk	NOUN
ri te	NOUN
ri teh	NOUN
rî teh	NOUN
ri va	NOUN
ria nei	NOUN
ria neih	NOUN
ria nu	NOUN
ria nû	NOUN
ria ral	NOUN
riah bi	NOUN
riah buk thing fawm	NOUN
riah bûk thing fawm	NOUN
riah chaw dah	NOUN
riah châw dah	NOUN
riah hmun khuar	NOUN
riah in	NOUN
riah luh	NOUN
riak chhuah	NOUN
riak chhuak	NOUN
riâk lut	NOUN
riâk lût	NOUN
rial berhbu	NOUN
riâl berhbu	NOUN
rial chini	NOUN
riâl chini	NOUN
rial chini fu	NOUN
riâl chini fu	NOUN
rial lo	NOUN
rial loh	NOUN
riâl loh	NOUN
rial no	NOUN
rial rei	NOUN
riâl rei	NOUN
rial rum	NOUN
rial rúm	NOUN
riâl rum	NOUN
riâl rúm	NOUN
rial thi	NOUN
rial ṭhi	NOUN
riaring lawk	NOUN
rih ar tui phur ang	NOUN
rih âr tui phur ang	NOUN
rih kam	NOUN
rih-ar tui phur ang	NOUN
rik rap	NOUN
rik rawk	NOUN
ril khei	NOUN
ril phawrh	NOUN
rilru dêk vêl	NOUN
rilru na	NOUN
rilru nâ	NOUN
rilru phawklek	NOUN
rilru phâwklêk	NOUN
rilru puak chhuak	NOUN
rilru puam	NOUN
rilru put dan	NOUN
rilru tinang tak	NOUN
rilru vaih	NOUN
rilrua vei nei	NOUN
rilrua vei neih	NOUN
rim hriat theihna	NOUN
ring dawk	NOUN
ring khum	NOUN
ring nat	NOUN
ring rawlh	NOUN
ring ri bek	NOUN
ring ri telh	NOUN
ring tung	NOUN
ring zawi	NOUN
rinsanga bepui	NOUN
rit chawi	NOUN
riu hren	NOUN
rizi ram	NOUN
ro chang	NOUN
ro khawm	NOUN
roh roh	NOUN
rorel pawl	NOUN
ru bêl	NOUN
ru kna	NOUN
ru lei	NOUN
ru pawl	NOUN
ru pâwl	NOUN
ru phir	NOUN
ru phîr	NOUN
ru sum deng	NOUN
ru sum thlak	NOUN
ru sum thlâk	NOUN
ru teng	NOUN
ru têng	NOUN
ru tui	NOUN
ruâ khâu	NOUN
ruah bawawk	NOUN
ruah bawhawk	NOUN
ruah bing	NOUN
ruah bîng	NOUN
ruah do	NOUN
ruah hawng	NOUN
ruah hâwng	NOUN
ruah hawt	NOUN
ruah kung	NOUN
ruah loh	NOUN
ruah mal	NOUN
ruah mal te reuh te tea sur	NOUN
ruah mal te reuh tê têa sur	NOUN
ruah mual liam	NOUN
ruah pui	NOUN
ruah ruah	NOUN
ruah sî	NOUN
ruah tang sur	NOUN
ruah tham loh	NOUN
ruah ṭham loh	NOUN
ruah thimpui	NOUN
ruah tui	NOUN
ruah uap	NOUN
ruah varpui	NOUN
ruahpui far fep	NOUN
ruahpui van awn	NOUN
ruahpui vân âwn	NOUN
ruai awt	NOUN
ruai el	NOUN
ruai pu	NOUN
ruai tlan	NOUN
ruaklo thawina	NOUN
ruaklo thâwina	NOUN
rual tlan	NOUN
rual-ban lo	NOUN
ruang chaicheh thlak	NOUN
ruang hláwm	NOUN
ruang ruang	NOUN
ruh kawl	NOUN
ruh ngêt	NOUN
ruh no	NOUN
ruh rawp	NOUN
ruhseh pumthluk	NOUN
ruhseh pumthlûk	NOUN
ruk ru	NOUN
rul chu	NOUN
rul chuk	NOUN
rûl chuk	NOUN
rul hlai	NOUN
rul hlái	NOUN
rûl hlai	NOUN
rûl hlái	NOUN
rul hrik	NOUN
rûl hrik	NOUN
rul hut kawm	NOUN
rul hut pui	NOUN
rul ke nei	NOUN
rûl ke nei	NOUN
rul khawi mi	NOUN
rul khâwi mi	NOUN
rûl khâwi mi	NOUN
rul lu	NOUN
rul mit chaw	NOUN
rûl mit chaw	NOUN
rul ngan	NOUN
rul nghawngsen	NOUN
rul pui chet	NOUN
rul rul	NOUN
rul tawn	NOUN
rul tawng	NOUN
rul thihna	NOUN
rul tleng	NOUN
rûl tleng	NOUN
rul tukna hmun	NOUN
rul vankai	NOUN
rul vânkai	NOUN
rula raw neih	NOUN
rûla raw neih	NOUN
rulh tlak	NOUN
rulh tlâk	NOUN
rulhut damdawi	NOUN
rûlhût damdawi	NOUN
rulhut kawm	NOUN
rûlhût kawm	NOUN
rulhut pai	NOUN
rulhut pâi	NOUN
rûlhût pai	NOUN
rûlhût pâi	NOUN
rulpui chet	NOUN
rûlpui chet	NOUN
rulpui lu din	NOUN
rultuha zawng ral	NOUN
rultuha zawng râl	NOUN
rûltuha zawng ral	NOUN
rûltuha zawng râl	NOUN
rum rum	NOUN
rum rut	NOUN
rûn dal	NOUN
run lui	NOUN
rûn lui a lehluan hma chu	NOUN
run luih	NOUN
run phek	NOUN
run phêk	NOUN
rûn phek	NOUN
rûn phêk	NOUN
run thlakin	NOUN
run thlâkin	NOUN
run tuk thia	NOUN
rungmal ang	NOUN
rut rut	NOUN
rût rût	NOUN
sa a tla	NOUN
sa aih	NOUN
sâ aih	NOUN
sa awk chemtah	NOUN
sa âwk chemtah	NOUN
sa awk tawl	NOUN
sa awk ṭawl	NOUN
sa âwk tâwl	NOUN
sa âwk ṭâwl	NOUN
sa be buh ngên	NOUN
sa be reka khuang kaih	NOUN
sa bebuh	NOUN
sa bia	NOUN
sa biak	NOUN
sa chan chem	NOUN
sa chhe pa	NOUN
sa chhuak	NOUN
sa dai	NOUN
sa dai thiat	NOUN
sa dar	NOUN
sa dâr	NOUN
sa dawi	NOUN
sa duar da	NOUN
sa duarda	NOUN
sa fe	NOUN
sa fe tumbung	NOUN
sa fe tumbung rang	NOUN
sa fe tumbung râng	NOUN
sa fei	NOUN
sa hauh	NOUN
sa hel ei	NOUN
sa hliam	NOUN
sa hliam um	NOUN
sa hlin	NOUN
sa hlut	NOUN
sa hnephnawl	NOUN
sa hring	NOUN
sa hu sual	NOUN
sa huai tia	NOUN
sa huai tla	NOUN
sa huan	NOUN
sa kap	NOUN
sa kâp	NOUN
sa kap thei	NOUN
sa kâp thei	NOUN
sa kap-thei	NOUN
sa kawchhung	NOUN
sa kawchhung hai	NOUN
sa kawl	NOUN
sa kâwl	NOUN
sa khai	NOUN
sa khal	NOUN
sa khan	NOUN
sa lii tui phuh	NOUN
sa lu cher	NOUN
sa mur mur	NOUN
sa pa tal	NOUN
sa pawk	NOUN
sa pel	NOUN
sa pêl	NOUN
sa phit	NOUN
sa phît	NOUN
sa phu	NOUN
sa phû	NOUN
sa phun	NOUN
sa phung	NOUN
sa phûng	NOUN
sa phut	NOUN
sa rik	NOUN
sa rikin	NOUN
sa ril	NOUN
sa rîl	NOUN
sa ruak	NOUN
sa ruakin	NOUN
sa rual	NOUN
sa ruh	NOUN
sa sa	NOUN
sa seh	NOUN
sa serh	NOUN
sa tahchhuak pek ang	NOUN
sa ṭahchhuak pek ang	NOUN
sa tawl	NOUN
sa te	NOUN
sa te thang	NOUN
sa teh	NOUN
sa thang	NOUN
sa thing zar	NOUN
sa thi-thun	NOUN
sa thlah	NOUN
sa tlaw	NOUN
sa tui dak	NOUN
sa tui-dak	NOUN
sa ṭum	NOUN
sa ui tan	NOUN
sa um	NOUN
sa um bur	NOUN
sa um bûr	NOUN
sa um dil din	NOUN
sa va	NOUN
sa-bawp man	NOUN
sa-be-buh ngen	NOUN
sa-be-buh ngên	NOUN
sa-be-reka khuang kaih	NOUN
sabuai ei	NOUN
sabuai hlo	NOUN
sabual ei	NOUN
sabual hlo	NOUN
sabual man	NOUN
sachhe thau	NOUN
sachhe thâu	NOUN
sachhe thau hun	NOUN
sadai ek	NOUN
sadai êk	NOUN
sadâi ek	NOUN
sadâi êk	NOUN
sah chhum	NOUN
sah hai	NOUN
sah hâi	NOUN
sah lam	NOUN
sah rek	NOUN
sah san	NOUN
sah sat bur	NOUN
sah sin	NOUN
sah thlau	NOUN
sah zum	NOUN
sahal khai	NOUN
sahal khâi	NOUN
sahbuak khum	NOUN
sahdah rui	NOUN
sahdah ruih	NOUN
sahdah vaihlo	NOUN
sahdah zial	NOUN
sahdal dai theu	NOUN
sahdal dâi theu	NOUN
sahdal thang	NOUN
sa-hliam um	NOUN
sa-hliam ûm	NOUN
sahmim bang	NOUN
sahmim tipuar	NOUN
sahmîm tipuar	NOUN
sahmul phah thia	NOUN
sahmul phah thla	NOUN
sahmul puan	NOUN
sahmul tho	NOUN
sahriak bur	NOUN
sahriak bûr	NOUN
sahriak hnawih	NOUN
sahriak thih	NOUN
sahriak um	NOUN
sahriak ûm	NOUN
sahuai hrui	NOUN
sahuai ni do ang	NOUN
sai ar	NOUN
sâi âr	NOUN
sai dai	NOUN
sai ek hlo	NOUN
sâi ek hlo	NOUN
sai ek phung	NOUN
sai ek phûng	NOUN
sai ha	NOUN
sai ham khek	NOUN
sai ham khèk	NOUN
sai hate	NOUN
sai hlit	NOUN
sai hlît	NOUN
sai hri	NOUN
sai hum	NOUN
sai khup	NOUN
sai lu tar	NOUN
sai man hnang	NOUN
sai man thing	NOUN
sai nghâ	NOUN
sai nghó	NOUN
sai padawp	NOUN
sai padâwp	NOUN
sai pan	NOUN
sai pân	NOUN
sai phah	NOUN
sai phaw	NOUN
sai ram chhuah	NOUN
sai ram chhuak	NOUN
sai sa	NOUN
sai tawm	NOUN
sai tâwm	NOUN
sai ṭawm	NOUN
sai ṭâwm	NOUN
sai thei	NOUN
sai thi	NOUN
sai thî	NOUN
sai ṭhi	NOUN
sai ṭhî	NOUN
sai tûr	NOUN
saiha bengbeh	NOUN
saihlum tum	NOUN
saihlum turn	NOUN
saihnap thleng	NOUN
saiip puan	NOUN
sailo ni chuang kal	NOUN
saipir khap	NOUN
saipir khâp	NOUN
sairawkherh phan	NOUN
sairil bawn	NOUN
sa-kawchhung hai	NOUN
sakawl chaw ei	NOUN
sakawr chi	NOUN
sakawr tawlailir	NOUN
sakawr zin	NOUN
sakei bakbuk	NOUN
sakei ek beng	NOUN
sakei êk beng	NOUN
sakei fal	NOUN
sakei hnute	NOUN
sakei kar	NOUN
sakei kut hriakna	NOUN
sakei kut hrukna	NOUN
sakei kut hrûkna	NOUN
sakei tlak	NOUN
sakei u	NOUN
sakhaw bia	NOUN
sakhaw biak	NOUN
sakhaw hren	NOUN
sakhaw lik	NOUN
sakhaw mi	NOUN
sakhi bawpbai	NOUN
sakhi childiah	NOUN
sakhi ni	NOUN
sakhi thei	NOUN
sal tang	NOUN
salu man	NOUN
sam bu	NOUN
sam chhawlleng	NOUN
sam chhe	NOUN
sam dum	NOUN
sam et in	NOUN
sam thawlh	NOUN
sam thlah	NOUN
sam tho	NOUN
sam thur	NOUN
sam til	NOUN
sam ṭil	NOUN
sam tuak	NOUN
sam ṭuak	NOUN
sam vai dih	NOUN
sam zai	NOUN
sam zai sin	NOUN
sam zai sîn	NOUN
san pa	NOUN
san pe	NOUN
san pè	NOUN
san pek	NOUN
sana khawl	NOUN
sang mar	NOUN
sang sang	NOUN
sangai khawng hrang	NOUN
sangal khawng hrang	NOUN
sangawi zawnpui	NOUN
sangawi zàwnpui	NOUN
sangâwi zawnpui	NOUN
sangha awt chiah	NOUN
sangha âwt chiah	NOUN
sangha chhia	NOUN
sangha hál	NOUN
sangha hâl	NOUN
sangha kep	NOUN
sangha mantu	NOUN
sangha pangparh	NOUN
sangha pângparh	NOUN
sangha thlawkthei	NOUN
sangha thlâwkthei	NOUN
sangha vurting	NOUN
sangha-awt chiah	NOUN
sangha-âwt chiah	NOUN
sanghal hriama pa	NOUN
sanghal mai	NOUN
sanghal ngho	NOUN
sanghal pa chet	NOUN
sanghar ar rawh	NOUN
sanghar âr rawh	NOUN
sanghar kuai	NOUN
sanghar kuaite	NOUN
sanghar kuaitê	NOUN
sanghar thang	NOUN
sanghar thang ngul	NOUN
sanghar vaibel	NOUN
sanghar vaibêl	NOUN
sanghawng sang	NOUN
sanghâwng sâng	NOUN
santen benvawn	NOUN
santen vei	NOUN
sap bawkbawn	NOUN
sap bawkbàwn	NOUN
sâp bawkbawn	NOUN
sâp bawkbàwn	NOUN
sap samtawk	NOUN
sap samṭawk	NOUN
sáp samtawk	NOUN
sáp samṭawk	NOUN
sap thei	NOUN
sa-pa vah	NOUN
sapel mi	NOUN
sapêl mi	NOUN
saph ung kui	NOUN
saphai ham puar	NOUN
saphai ruang	NOUN
saphi hrik	NOUN
saphihrik thei	NOUN
saphu hawn	NOUN
saphu hàwn	NOUN
saphu khur	NOUN
saphu kua	NOUN
saphung kui	NOUN
saphûng kûi	NOUN
sapial tlat	NOUN
sapui thlah	NOUN
sar hu lai	NOUN
sar hû lai	NOUN
sar thi	NOUN
sâr thi	NOUN
sar thih	NOUN
sar zam	NOUN
sâr zâm	NOUN
sarai dar	NOUN
sarai dâr	NOUN
sar-hu lai	NOUN
sar-hû lai	NOUN
sâr-hu lai	NOUN
sâr-hû lai	NOUN
sari tawm	NOUN
sat thlau	NOUN
sate ek	NOUN
sate êk	NOUN
sa-te thang	NOUN
sate vaibel	NOUN
sate vaibêl	NOUN
satel kawr	NOUN
satel lam	NOUN
satel tui	NOUN
sathar kham	NOUN
sathau khawnvar	NOUN
sathau khawnvàr	NOUN
sathau khâwnvar	NOUN
sathau khâwnvàr	NOUN
sauh sauh	NOUN
sa-um bûr	NOUN
sa-um fian	NOUN
saum hnawih	NOUN
sava bu hual	NOUN
sava bu la	NOUN
sava bu lâ	NOUN
sava bu lak	NOUN
sava hmui	NOUN
sava hmul	NOUN
sava note	NOUN
sava tui	NOUN
savawm bu hreu	NOUN
savawm fal	NOUN
savawm fung	NOUN
savawm hnam	NOUN
savawm tlak	NOUN
savawm tlâk	NOUN
savei chawi	NOUN
savun hnam	NOUN
sawh bawl	NOUN
sawh rual	NOUN
sawi pawr	NOUN
sawi sen loh	NOUN
sawi ser	NOUN
sawi ṭawp	NOUN
sawi ṭàwp	NOUN
sawi thar	NOUN
sawi thawi	NOUN
sawi thâwi	NOUN
sawk sawk	NOUN
sâwl pâwn	NOUN
sawm leh pahnih	NOUN
sawng hawi	NOUN
sawntlung lei	NOUN
sawntlung pawng	NOUN
sawp rawp	NOUN
sawrkarna chang	NOUN
sazu thei	NOUN
sazu theipui	NOUN
sazuk buh	NOUN
sazuk nghawng	NOUN
sazuk nghawng hlap	NOUN
se chaih	NOUN
se chhu dawm	NOUN
se chhun	NOUN
se ek	NOUN
se êk	NOUN
se hrui sât chat	NOUN
se khupthur	NOUN
se khupthûr	NOUN
se ki	NOUN
se kibuhchhuak	NOUN
sé lé	NOUN
se lem chaih	NOUN
se lu	NOUN
se lu phan	NOUN
se lu tun	NOUN
se lu ṭun	NOUN
se luhrui	NOUN
se no hruai	NOUN
se note	NOUN
se notê	NOUN
se pa	NOUN
se pa chai	NOUN
se pa chal	NOUN
se pa tir	NOUN
se pa tuai	NOUN
se pal ram	NOUN
se peng	NOUN
se puan	NOUN
se pui	NOUN
se pui ruah do	NOUN
se pumpui	NOUN
se rap	NOUN
se sea thu la	NOUN
se thi ral	NOUN
se thi râl	NOUN
se thlam	NOUN
se thlàm	NOUN
se vun	NOUN
se zawl chhuah	NOUN
sechal hling	NOUN
sechal hlîng	NOUN
sechal thingbar	NOUN
sechal thingbâr	NOUN
sechal zun	NOUN
sechhu dawm	NOUN
sedai theu	NOUN
seh hmeh	NOUN
seh kawh	NOUN
seh sen	NOUN
seh thak	NOUN
sei fe	NOUN
sei hlei pawt thla	NOUN
sei lian	NOUN
sek sek	NOUN
sék sék	NOUN
sekhawn han	NOUN
seki khawng	NOUN
sele buh	NOUN
sele khaw-fang	NOUN
se-lem chaih	NOUN
selu lawk	NOUN
selu lâwk	NOUN
selvang bâl	NOUN
sem darh	NOUN
sem rual	NOUN
sen lar	NOUN
sen leh so	NOUN
sen loh	NOUN
sen no	NOUN
sen sa	NOUN
sen te lek	NOUN
sen te lék	NOUN
sen te lik	NOUN
sen tet lai	NOUN
sen têt lai	NOUN
seng lo	NOUN
sêng lo	NOUN
seng ma tawk	NOUN
seng ma tâwk	NOUN
se-no hruai	NOUN
senso thlak	NOUN
sen-tet lai	NOUN
sen-têt lai	NOUN
sèn-tet lai	NOUN
sèn-têt lai	NOUN
sep sep	NOUN
sêp sêp	NOUN
se-pa chal	NOUN
se-pa tuai	NOUN
se-pal ram	NOUN
ser ser	NOUN
serh leh sang	NOUN
serh tan	NOUN
seu so	NOUN
seuh seuh	NOUN
si aia	NOUN
si ar	NOUN
si âr	NOUN
si dah	NOUN
si hek	NOUN
si hlo	NOUN
si hneh	NOUN
si kawikap	NOUN
si kawikâp	NOUN
si kawlh rui	NOUN
si kawlhrut	NOUN
si kawlhrût	NOUN
si kâwlhrut	NOUN
si kâwlhrût	NOUN
si kawlhurui	NOUN
si loh vin	NOUN
si lu lam	NOUN
si lu nil	NOUN
si phur	NOUN
si phurh	NOUN
si rawkuai	NOUN
si sawp	NOUN
si se	NOUN
si se a che	NOUN
si sil	NOUN
si sip	NOUN
si tai	NOUN
si vahluk	NOUN
siai suah	NOUN
siak hluai	NOUN
siaknei kal	NOUN
sial chhun	NOUN
siâl chhun	NOUN
sial lam dar	NOUN
siali khaw mawiah	NOUN
siâli khaw mawiah	NOUN
sialinu chhu hmin	NOUN
sial-lam dar	NOUN
siâl-lâm dâr	NOUN
siam mihring	NOUN
siang lawi	NOUN
siang lâwi	NOUN
siau vah	NOUN
sih sawm	NOUN
sih siam	NOUN
sik leh sa	NOUN
sik sawm	NOUN
sikpu i	NOUN
sikserh vei	NOUN
sil awng	NOUN
sil hmun	NOUN
sil urh	NOUN
sil ûrh	NOUN
silai beng thleng	NOUN
silai beng-thleng	NOUN
silai cheng	NOUN
silai dawt	NOUN
silai dâwt	NOUN
silai hawlh fung	NOUN
silai hawlh-fung	NOUN
silai hlo	NOUN
silai hmeh perna	NOUN
silai hnawhna	NOUN
silai kar	NOUN
silai kaw herh	NOUN
silai kawm	NOUN
silai kâwm	NOUN
silai kepte	NOUN
silai kêpte	NOUN
silai kua	NOUN
silai kurkuum	NOUN
silai kûrkuum	NOUN
silai li pui	NOUN
silai lipui	NOUN
silai li-pui	NOUN
silai lite	NOUN
silai mawng thun	NOUN
silai mawngpheng	NOUN
silai mu	NOUN
silai mu leng lak	NOUN
silai mu lêng lak	NOUN
silai ngul	NOUN
silai phir	NOUN
silai phîr	NOUN
silai piallung	NOUN
silai thochuan	NOUN
silai thun	NOUN
silai uilei	NOUN
silai ulhbun	NOUN
silai zawn	NOUN
silh leh fen	NOUN
silh leh fên	NOUN
silk hlo	NOUN
silt silt	NOUN
simei khu	NOUN
sin sen	NOUN
sir tluk	NOUN
sîr tluk	NOUN
sîr tlûk	NOUN
sir tuak	NOUN
sir ṭuak	NOUN
siruk la	NOUN
siruk lain	NOUN
sisep khawng	NOUN
sisep khâwng	NOUN
sisèp khâwng	NOUN
su daw	NOUN
su dawl	NOUN
su hang	NOUN
su hâng	NOUN
sù hang	NOUN
sù hâng	NOUN
su thlu	NOUN
suah sual	NOUN
suahsuâl ching	NOUN
suahsual pumhmawm	NOUN
suaksual pumhmawm	NOUN
suaksuâl pumhmawm	NOUN
sualna khuh	NOUN
suâm hmang	NOUN
suán chhung	NOUN
suán chhúng	NOUN
suan uri nu	NOUN
suan ûri nu	NOUN
suàn uri nu	NOUN
suàn ûri nu	NOUN
suan uri nu hlam	NOUN
suan ûri nu hlam	NOUN
suàn ûri nu hlam	NOUN
suang lungpui	NOUN
suan-uri-nu hlam	NOUN
suan-ûri-nu hlam	NOUN
suàn-uri-nu hlam	NOUN
suàn-ûri-nu hlam	NOUN
suar suar	NOUN
suár tluan	NOUN
suh se	NOUN
suh u	NOUN
suih chhing	NOUN
suih fin	NOUN
suih lungleng	NOUN
suih lunglêng	NOUN
suih pangthuam	NOUN
suih pangthuani	NOUN
suih pawr	NOUN
suih sual	NOUN
suih tak	NOUN
suih tungtu rit	NOUN
suih tungtu rut	NOUN
suih tungtu rût	NOUN
suih tungtu-rût	NOUN
suih zawm	NOUN
suk buk lema su	NOUN
sûk bûk lema sû	NOUN
suk buk len	NOUN
suk buk lên	NOUN
sûk bûk len	NOUN
sûk bûk lên	NOUN
suk chen	NOUN
suk chên	NOUN
sûk chen	NOUN
sûk chên	NOUN
suk chin	NOUN
suk durna	NOUN
sûk durna	NOUN
sûk dûrna	NOUN
suk hlo	NOUN
sûk hlo	NOUN
suk lem	NOUN
sûk lem	NOUN
suk tlawng	NOUN
suk-buk lema su	NOUN
sûk-bûk lema sû	NOUN
sukchin zu	NOUN
sukthlek dan	NOUN
sukthlek dân	NOUN
sukthlêk dan	NOUN
sukthlêk dân	NOUN
sûkthlek dan	NOUN
sûkthlek dân	NOUN
sul a lam	NOUN
sûl a lam	NOUN
sum hlum	NOUN
sùm hlum	NOUN
sum hnar	NOUN
sum hnâr	NOUN
sum hrul	NOUN
sum hrûl	NOUN
sum khawl	NOUN
sum khâwl	NOUN
sum lai tan	NOUN
sum lawm	NOUN
sum lâwm	NOUN
sum leh pai	NOUN
sum lu	NOUN
sum lú	NOUN
sum lû	NOUN
sum pei	NOUN
sum peipung	NOUN
sum suih	NOUN
sum tesep	NOUN
sum zial	NOUN
sumdawng lawng	NOUN
sumdeng zu	NOUN
sumdeng zû	NOUN
sumdêng zu	NOUN
sumdêng zû	NOUN
sumhmun bang	NOUN
sumhmun bang thlang	NOUN
sumhnar chhu chat	NOUN
sumhnâr chhu chat	NOUN
sûmkar nei lo	NOUN
sûmkàr nei lo	NOUN
sun sun	NOUN
sunhlu kungah thei dang a rah thei lo	NOUN
sut awng	NOUN
sut âwng	NOUN
sut kuak	NOUN
sut thluk	NOUN
sut thlûk	NOUN
sut zo ai	NOUN
suvel ban	NOUN
suvêl ban	NOUN
sûvel ban	NOUN
sûvêl ban	NOUN
suvel ke	NOUN
suvêl ke	NOUN
ṭah awh	NOUN
țah awh	NOUN
tah chhan	NOUN
ṭah fei	NOUN
țah fei	NOUN
tah hla	NOUN
țâi darh	NOUN
tai lai	NOUN
tai rai nghawr	NOUN
ṭai ṭai	NOUN
țai țai	NOUN
tai thar hun	NOUN
taih thluk	NOUN
taihmak chhuah	NOUN
tak tak	NOUN
țâlh țâlh	NOUN
taltawp hnam	NOUN
tam chin	NOUN
tam hneh	NOUN
tam lak	NOUN
tam se ek	NOUN
ṭam se ek	NOUN
țam se ek	NOUN
tam se-ek	NOUN
ṭam tlan	NOUN
țam tlan	NOUN
tam uih	NOUN
ṭam uih	NOUN
țam uih	NOUN
tam um	NOUN
ṭam um	NOUN
țam um	NOUN
tam vakawl	NOUN
tampui mitthi	NOUN
ṭampui mitthi	NOUN
țampui mitthi	NOUN
țâmpui mitthi	NOUN
tampui rep	NOUN
tampui rêp	NOUN
ṭampui rep	NOUN
ṭampui rêp	NOUN
țâmpui tuar	NOUN
țan am	NOUN
țan âm	NOUN
tan baw	NOUN
tanbaw chhu	NOUN
ṭang ho	NOUN
țang ho	NOUN
țang khawm	NOUN
țang nêm	NOUN
țang nghet	NOUN
țâng țhen	NOUN
țang tir	NOUN
ṭang vak	NOUN
țang vak	NOUN
tang za	NOUN
țang-hma kai	NOUN
țang-hma kaih	NOUN
tangka bel chan	NOUN
tangka bel chang	NOUN
tangka chher mi	NOUN
tangka chhertu	NOUN
tangka dahna	NOUN
tangka fai	NOUN
tangka hnar	NOUN
tangka ip	NOUN
tangka kawltu	NOUN
tangka kut	NOUN
tangka sum	NOUN
tanhmun khawh	NOUN
tankhawh lehna	NOUN
ṭankhawh ṭha leh	NOUN
țankhawh țha leh	NOUN
tap chhuak	NOUN
ṭap chhuak	NOUN
tap kawm rem	NOUN
tar sawng	NOUN
tara lamah	NOUN
tarh tarh	NOUN
tarmit thim	NOUN
tarmita khawthlir	NOUN
tat hriam	NOUN
tat tat	NOUN
ṭau meichher chhi	NOUN
țau meichher chhi	NOUN
țau ni	NOUN
tau rau	NOUN
tau senpa	NOUN
țau senpa	NOUN
tau tau	NOUN
tauh tauh	NOUN
tawhsual tawh	NOUN
ṭawi awm	NOUN
tawih thei lova siam	NOUN
ṭawih thei lova siam	NOUN
ṭawk chhia	NOUN
tawk lawi	NOUN
tawm chhan	NOUN
tawng fawng	NOUN
ṭawng hmuh	NOUN
țawng hmuh	NOUN
tawng kal zia	NOUN
ṭawng kal zia	NOUN
țawng kal zia	NOUN
tawng kal-zia	NOUN
ṭawng kal-zia	NOUN
tawng la kawi	NOUN
ṭawng la kawi	NOUN
tawng lak dan	NOUN
tawng lak kawih	NOUN
ṭawng lak kawih	NOUN
tawng lepchiah	NOUN
ṭawng lepchiah	NOUN
tawng sehchilh	NOUN
tawng thei	NOUN
ṭawng thei	NOUN
tawng thla-uap	NOUN
ṭawng thla-uap	NOUN
tawng thleh dan	NOUN
tawng thleh dân	NOUN
tawng thuchhe lovah chuan	NOUN
ṭawng thuchhe lovah chuan	NOUN
tawng tlem	NOUN
ṭawng tlem	NOUN
ṭawngka bia	NOUN
țawngka bia	NOUN
tawngka chhuak	NOUN
țawngkam chang	NOUN
țawngkam châng	NOUN
tawngkam chhuak	NOUN
tawngkam tha um	NOUN
tawnsa bawp	NOUN
tawr tawr	NOUN
teh hum a che	NOUN
teh hum ele	NOUN
teh nu	NOUN
ṭeh nu	NOUN
tehchai a che	NOUN
tehkhin thu	NOUN
teivet a	NOUN
ṭek em	NOUN
tek nelh	NOUN
tek tek	NOUN
tek uai uai	NOUN
ṭek uai uai	NOUN
tel khawmual	NOUN
tel mitsen	NOUN
ṭelh ṭelh	NOUN
telphawk thli	NOUN
tem tawm	NOUN
ter lo	NOUN
terena sum	NOUN
tet lai	NOUN
têt lai	NOUN
teu teu	NOUN
tha am	NOUN
tha ám	NOUN
tha ba	NOUN
tha ba sut	NOUN
tha bat	NOUN
tha chah	NOUN
tha chak lai	NOUN
tha chat	NOUN
tha chhah	NOUN
tha chhat	NOUN
tha famkim	NOUN
tha la	NOUN
tha lak	NOUN
tha lâk	NOUN
tha lam	NOUN
ṭha lam	NOUN
tha na	NOUN
thabâ leh saihlum a ngêt ngai lo	NOUN
thahrui ngah	NOUN
thai bo	NOUN
thai chhuah	NOUN
thai chhuak	NOUN
thai thlah	NOUN
thai thuam	NOUN
thailungi chanchin	NOUN
thâilungi chanchin	NOUN
thailungi thawnthu	NOUN
thailungi thirtiang	NOUN
thak thak	NOUN
thakthing suak	NOUN
thal kah phak tawk	NOUN
thal kah phâk tawk	NOUN
thal kap mi	NOUN
thal khat	NOUN
ṭhal khat	NOUN
thal ki bâr	NOUN
thal kuai	NOUN
thal puak	NOUN
ṭhal va-êk char	NOUN
ṭhal va-êk châr	NOUN
thal vuaifu	NOUN
thâl vuaifu	NOUN
thalbe a mi	NOUN
thalbê a mi	NOUN
thâlbe a mi	NOUN
thâlbê a mi	NOUN
ṭhalbe a mi	NOUN
ṭhalbê a mi	NOUN
thalbe-a mi	NOUN
thalbê-a mi	NOUN
thâlbe-a mi	NOUN
thâlbê-a mi	NOUN
ṭhalbe-a mi	NOUN
ṭhalbê-a mi	NOUN
thalh thalh	NOUN
ṭhalh ṭhalh	NOUN
thal-kâp mi	NOUN
thal-kemreh nei	NOUN
ṭhal-vâ-ek châr	NOUN
ṭhal-vâ-êk châr	NOUN
tham loh	NOUN
than mawh bawk	NOUN
ṭhan mawh bawk	NOUN
than sar	NOUN
than thi	NOUN
ṭhan thi	NOUN
thang bak	NOUN
ṭhang duh	NOUN
thang hrui	NOUN
thang mawh	NOUN
thang ngul	NOUN
thang per	NOUN
thang ṭhat la	NOUN
thang tum	NOUN
thang tumtir	NOUN
thang tung zai	NOUN
thang zangsi	NOUN
thangchhuah puan	NOUN
thangliana len lai	NOUN
thangthleng kam	NOUN
thangthlèng kam	NOUN
ṭhanmawh bawk	NOUN
than-thi nei	NOUN
ṭhan-thi nei	NOUN
thatchhe zawr kawi	NOUN
thaw tawt	NOUN
thawh harh	NOUN
thawh phan	NOUN
thawhlawm khawn	NOUN
thawhrim rah	NOUN
thawlh thawlh	NOUN
ṭhawlh ṭhawlh	NOUN
thawm dai	NOUN
thâwm thâwm	NOUN
ṭhawnga leivir	NOUN
the hlan	NOUN
ṭhe hlan	NOUN
the hlan kan	NOUN
the hlan kân	NOUN
ṭhe hlan kan	NOUN
theh chhuah	NOUN
theh chhuak	NOUN
theh luh	NOUN
the-hlan kan	NOUN
the-hlan kân	NOUN
ṭhe-hlan kan	NOUN
thehmeh ang	NOUN
thei arbawm	NOUN
thei bal	NOUN
thei bate	NOUN
thei chip	NOUN
ṭhei chip	NOUN
thei hmarcha	NOUN
thei kel ek	NOUN
thei kel ki	NOUN
thei khaw kham	NOUN
thei khuang chawm	NOUN
thei kum	NOUN
thei lo	NOUN
thei loh	NOUN
thei pa ling kawh	NOUN
thei pangkai	NOUN
thei pilsak	NOUN
thei rah	NOUN
thei re	NOUN
thei ria	NOUN
thei sakhi	NOUN
thei saruh	NOUN
thei sawntlung	NOUN
thei sechal	NOUN
thei sunhlu	NOUN
thei tak	NOUN
thei tat	NOUN
thei tât	NOUN
thei thei	NOUN
thei thuhruk	NOUN
thei thuhrûk	NOUN
thei va buan	NOUN
thei va ruh	NOUN
thei vawk âk	NOUN
thei vawk ek	NOUN
thei vawk êk	NOUN
thei vawkmit	NOUN
theih tawk	NOUN
thelret (thialret)	NOUN
thelrêt (thialrêt)	NOUN
ṭhelret (ṭhialret)	NOUN
ṭhelrêt (ṭhialrêt)	NOUN
thelret kawr	NOUN
thelrêt kawr	NOUN
ṭhelret kawr	NOUN
ṭhelrêt kawr	NOUN
thelret puan	NOUN
thelrêt puan	NOUN
ṭhelrêt sawk	NOUN
them lem	NOUN
them the hleh	NOUN
ṭhêm ṭhum	NOUN
thembu sawh rual	NOUN
themtleng te zawk ang	NOUN
themtleng tê zawk ang	NOUN
theng thawt	NOUN
then-leh rual	NOUN
ṭhen-leh rual	NOUN
thenrual el	NOUN
ṭhenrual el	NOUN
thenzawl hlo	NOUN
thenzâwl hlo	NOUN
thep thep	NOUN
ther ther	NOUN
therh therh	NOUN
ṭhi beh lo thu	NOUN
țhi beh lo thu	NOUN
thi bun	NOUN
thi chhuak	NOUN
thi hawrh	NOUN
thi hawrh mut	NOUN
thi hmu	NOUN
ṭhi hmu	NOUN
țhi hmu	NOUN
thi hna	NOUN
thi hnu dam leh	NOUN
thi hul	NOUN
thi neih	NOUN
țhi țha lo	NOUN
thi thun	NOUN
thia en	NOUN
thia koh	NOUN
thia kuhmum	NOUN
thia nem	NOUN
thia phdn	NOUN
thia ral	NOUN
thialret kawr	NOUN
thialrêt kawr	NOUN
ṭhialret kawr	NOUN
ṭhialrêt kawr	NOUN
thialret puan	NOUN
thialrêt puan	NOUN
thian bul	NOUN
thian kawm	NOUN
thian lai	NOUN
thian laih	NOUN
ṭhian ler	NOUN
thian sa	NOUN
ṭhian sa beng an inpe ṭhin	NOUN
thian sat	NOUN
thian tha	NOUN
ṭhian ṭha	NOUN
thian thla	NOUN
thian thu	NOUN
thian-sa-beng an inpe thin	NOUN
ṭhian-sa-beng an inpe ṭhin	NOUN
ṭhiante kuta rul kaw zen	NOUN
ṭhiante kuta rûl kaw zen	NOUN
thiar fihlim	NOUN
thih sual	NOUN
thih sual nei	NOUN
thih that	NOUN
thih thloh	NOUN
thihna hlo	NOUN
thihna kotlang	NOUN
thihna tur	NOUN
thihrim puan	NOUN
thih-sual nei	NOUN
thihthiap vêng ang	NOUN
thil awmzia	NOUN
thil tih	NOUN
thil tihtheihna	NOUN
thil tisualtu	NOUN
thim hlim	NOUN
thin bih	NOUN
thin bu tut	NOUN
thing ai chheh	NOUN
thing ar ek	NOUN
thing eh	NOUN
thing ek	NOUN
thing fak	NOUN
thing fâk	NOUN
thing hâr	NOUN
thing khawn	NOUN
thing khawn bang	NOUN
thing khei	NOUN
thing la	NOUN
thing leh raw innawh lai	NOUN
thing lung kheng	NOUN
thing lung khengin	NOUN
thing nawhna	NOUN
thing nawi fawm	NOUN
thing nget	NOUN
thing ngêt	NOUN
thing pangrem	NOUN
thing parh	NOUN
thing pheikhawk	NOUN
thing pho arh	NOUN
thing phuai	NOUN
thing pilsak	NOUN
thing puk	NOUN
thing saihrua	NOUN
thing sakei	NOUN
thing sanghar	NOUN
thing tang kuai	NOUN
thing thiam	NOUN
thing thin	NOUN
thing tlu kar nun	NOUN
thing tu luang	NOUN
thing tuboh	NOUN
thing tum	NOUN
thing ui hahni	NOUN
thing vahai	NOUN
thing var	NOUN
thing vawih uih	NOUN
thingchip ral	NOUN
thingchip râl	NOUN
thingkual khupsuk	NOUN
thingkul kual	NOUN
thinglu bul	NOUN
thinglu bûl	NOUN
thinglu bul tluk	NOUN
thinglu bula zawng dan ang	NOUN
thinglu-bûl archang tawn	NOUN
thinglu-bul tluk	NOUN
thing-lung khengin	NOUN
thingnawi fawm rual	NOUN
thingnawi fawm thei	NOUN
thingphur hawn hun	NOUN
thingpui bel	NOUN
thingpui fe	NOUN
thingpui lum	NOUN
thingpui rah	NOUN
thingpui sik	NOUN
thingpui tam	NOUN
thingpui tlûk	NOUN
thingrem siamtu	NOUN
thingrem zaithei	NOUN
thingsai ngal	NOUN
thingtang kuai rual	NOUN
thingtang lem tum ang	NOUN
thingthu nung lo vai ang	NOUN
thingzai phâw	NOUN
thingzung kai	NOUN
thingzung kâi	NOUN
thingzung kai siam	NOUN
thingzung thlar	NOUN
thingzung thlâr	NOUN
thisen chhuah	NOUN
ṭhi-ṭha lo	NOUN
thiuvah man	NOUN
thla nawi	NOUN
thla nâwi	NOUN
thla nem	NOUN
thla no chawm ruah	NOUN
thla no cháwm ruah	NOUN
thla phenah	NOUN
thla ral lam vawm-lu	NOUN
thla sepui ki tia	NOUN
thla serh	NOUN
thla thar	NOUN
thla tliak chêt	NOUN
thla uap	NOUN
thla uaptu	NOUN
thla vâr	NOUN
thla vawm lu	NOUN
thlahtu bulte chanchin	NOUN
thlai chi ling	NOUN
thlai chi thlak	NOUN
thlai fur	NOUN
thlan dai	NOUN
thlan daih	NOUN
thlan in	NOUN
thlàn in	NOUN
thlan khar	NOUN
thlan khâr	NOUN
thlan lai	NOUN
thlan laih	NOUN
thlan paih	NOUN
thlan ţhut	NOUN
thlangdar rimchhia	NOUN
thlanin leih	NOUN
thlanlung phah	NOUN
thlànlung phah	NOUN
thlanthla man	NOUN
thlan-tui leih	NOUN
thlapui chen dam	NOUN
thlarau ang	NOUN
thlarau inlar	NOUN
thlarau inlâr	NOUN
thlasik arpui	NOUN
thlasik chakai ang	NOUN
thlau thlâk	NOUN
thlavang hauh	NOUN
thlavàng hauh	NOUN
thlawh hlawh	NOUN
thlawh kah	NOUN
thlawh thlo chhuak	NOUN
thlawhbaw tuihmel	NOUN
thlawhbaw tuihmêl	NOUN
thlawhhma leh hmeichhia chu pawm mawi	NOUN
thlawhhma sawi	NOUN
thlawhtheihna ţum hmun	NOUN
thlawhtheihna um hmun	NOUN
thlawr bel	NOUN
thlawr bêl	NOUN
thlawr bur	NOUN
thlawr bûr	NOUN
thlawrh thlawrh	NOUN
thle lawk lawk	NOUN
thlei hrang	NOUN
thlek dan	NOUN
thlek dân	NOUN
thlek dan lak	NOUN
thlêk dân lâk	NOUN
thlen peih	NOUN
thleng darh	NOUN
thlèng darh	NOUN
thleng kum	NOUN
thleng ri ngai	NOUN
thlengpui khup hnu thal leh thei lo	NOUN
thlèngpui khup hnu thal leh thei lo	NOUN
thlen-in hnawn	NOUN
thlerh thlawrh	NOUN
thli arbawm	NOUN
thli dai	NOUN
thli dai/thlit daih	NOUN
thliar thlak	NOUN
thliar thlâk	NOUN
thlidal bang	NOUN
thlidàl bang	NOUN
thlik thlawk	NOUN
thlikthli dir	NOUN
thlikthli dîr	NOUN
thlikthli ek bawm	NOUN
thlikthli ek bàwm	NOUN
thlikthli êk bawm	NOUN
thlikthli êk bàwm	NOUN
thlit fim	NOUN
thlit fîm	NOUN
thluah thluah	NOUN
thluang thluang	NOUN
thlum sek	NOUN
thlung lu lawkpa	NOUN
thlurh thlurh	NOUN
tho â	NOUN
tho harh	NOUN
tho kang	NOUN
tho káng	NOUN
tho ngalsang	NOUN
tho phang	NOUN
tho phang hmel pu	NOUN
tho phang hmêl pu	NOUN
tho sakei	NOUN
tho thil ang	NOUN
tho tho	NOUN
tho thut	NOUN
tho tla	NOUN
tho tle	NOUN
tho tuai	NOUN
thoh thoh	NOUN
țhoh țhum	NOUN
țhoh țhûm	NOUN
thopa zuan	NOUN
tho-phang hmel pu	NOUN
tho-phang hmêl pu	NOUN
thothang ţhat	NOUN
thotháng ţhat	NOUN
thu chhin thei	NOUN
thu chhin theih	NOUN
thu chhuanhchia	NOUN
thu dawn sei	NOUN
thu delh kilh	NOUN
thu fâwk khawm	NOUN
thu hlan chhawn	NOUN
thu hlang chhawng	NOUN
thu hmu	NOUN
thu hmuam theih	NOUN
thu hmuh	NOUN
thu hnawk	NOUN
thu inchuh	NOUN
thu inzawmna	NOUN
thu kal-dîng	NOUN
thu kamhnih-khat	NOUN
thu kamkhat	NOUN
thu la	NOUN
thu lak bung	NOUN
thu lâk bung	NOUN
thu leh ui bengah hlîn tur a awm lo	NOUN
thu leh ui bengah hlîn tûr a awm lo	NOUN
thu lenglak	NOUN
thu mei nei	NOUN
thu meisei	NOUN
ṭhu meisei	NOUN
thu mu hnu chawk chhuak	NOUN
ṭhu ngil	NOUN
thu pai nuam	NOUN
thu pai thei	NOUN
thu phat	NOUN
thu phiar	NOUN
thu satel lu	NOUN
thu sawi	NOUN
thu sawi chhinchhiahna	NOUN
thu sawi dân	NOUN
thu thlun	NOUN
thu tluang	NOUN
thu tluk	NOUN
thu tlûk	NOUN
thu vuan	NOUN
thu zep thei	NOUN
thu zeppui	NOUN
thu zêppui	NOUN
thu zeppui tu	NOUN
thu zêppui tu	NOUN
thu zeppuitu	NOUN
thuahhma leh hmeichhia chu pawm màwi	NOUN
thuai buk	NOUN
thuai bûk	NOUN
ṭhuai buk	NOUN
ṭhuai bûk	NOUN
țhuai țhuai	NOUN
thuák thuák	NOUN
thuâk thuâk	NOUN
thual thual	NOUN
thuam phur	NOUN
thuap thuap	NOUN
țhuap țhuap	NOUN
thuhnuairawlh takin	NOUN
thui awp	NOUN
ṭhui awp	NOUN
țhui awp	NOUN
thui awp bu	NOUN
thui seh	NOUN
thui-awp bu	NOUN
ṭhui-awp bu	NOUN
țhui-awp bu	NOUN
thul tho	NOUN
thumbawh kaihsawih	NOUN
thumbawh zetung	NOUN
thun mi	NOUN
thun ût	NOUN
thup thup	NOUN
thu-pai vawt	NOUN
thupawi neih	NOUN
thupha chawi	NOUN
thurawn pe	NOUN
thurawn pek	NOUN
thurâwn pek	NOUN
thurâwn pêk	NOUN
thurochhiah siam	NOUN
thurpui rah	NOUN
thùrpui rah	NOUN
thusawi ban	NOUN
thut thut	NOUN
thuthlung hlen lo	NOUN
thuthlung la	NOUN
thuthlung lak	NOUN
thutphah buk thei	NOUN
thutphah bûk thei	NOUN
ṭhutphah buk thei	NOUN
ṭhutphah bûk thei	NOUN
țhutphah buk thei	NOUN
țhutphah bûk thei	NOUN
thutphah herhsawp	NOUN
ti el	NOUN
ti eng	NOUN
ti êng	NOUN
ti hrilhhai	NOUN
ti tuah	NOUN
ti tung	NOUN
tia lek	NOUN
ti-a luan	NOUN
tia pui	NOUN
ṭiah ṭiah	NOUN
tiam bi	NOUN
tian khawm	NOUN
tiang khawm	NOUN
tiang ringa kai	NOUN
tiang tian	NOUN
tiang uaia kai	NOUN
tiang zakdo	NOUN
tiangval hria	NOUN
tiangval hriat	NOUN
tianhrang thlan	NOUN
tianhrâng thlan	NOUN
tiar tiar	NOUN
tiat lek	NOUN
tiau chhum	NOUN
ṭiau chhum	NOUN
țiau chhum	NOUN
tiau dup	NOUN
ṭiau dup	NOUN
țiau dup	NOUN
tiau hmi	NOUN
ṭiau hmi	NOUN
țiau hmi	NOUN
tiau kuang	NOUN
ṭiau kuang	NOUN
țiau kuang	NOUN
tiau lung	NOUN
ṭiau san	NOUN
țiau san	NOUN
tiau vaivut	NOUN
ṭiau vaivut	NOUN
țiau vaivut	NOUN
tiau vut	NOUN
tibuai hrep	NOUN
tih loh ti lo	NOUN
tih mum	NOUN
tih ruk	NOUN
tih rûk	NOUN
tih tung	NOUN
tihbuai hrep	NOUN
tihmeuh loh	NOUN
til hrang	NOUN
til la	NOUN
ṭin darh	NOUN
țin darh	NOUN
tin hmun	NOUN
țin hmun	NOUN
tin tir	NOUN
tin zu	NOUN
ting bel	NOUN
țing dum	NOUN
ting euh	NOUN
ting sen	NOUN
ṭing sen	NOUN
țing sen	NOUN
ting thleng	NOUN
ti-ngawt ngawt	NOUN
ti-ngut ngut	NOUN
tinsan khuang ang	NOUN
ṭinsan khuang ang	NOUN
tirh kah	NOUN
ṭit dek	NOUN
țit dek	NOUN
tit ek	NOUN
titeih teih	NOUN
titi khawchang	NOUN
tla sual	NOUN
tla thla	NOUN
tlahpawi hrut	NOUN
tlai lam	NOUN
tlai lam ûmpawng par	NOUN
tlai lam ûmpâwng pâr	NOUN
tlai nem	NOUN
tlai nêm	NOUN
tlai ni nêm	NOUN
tlai puar	NOUN
tlak al	NOUN
tlak khalh	NOUN
tlâk khalh	NOUN
tlak lam	NOUN
tlan khawm	NOUN
tlân khawm	NOUN
tlang bel	NOUN
tlâng bel	NOUN
tlang chawm	NOUN
tlâng chawm	NOUN
tlang chhuak	NOUN
tlâng chhuak	NOUN
tlang chim	NOUN
tlâng chim	NOUN
tlang chung zawl	NOUN
tlâng chung zawl	NOUN
tlang feh	NOUN
tlâng feh	NOUN
tlang kam	NOUN
tlâng kam	NOUN
tlang lawn	NOUN
tlâng lawn	NOUN
tlang mi	NOUN
tlâng mi	NOUN
tlang pang	NOUN
tlâng pang	NOUN
tlang phen	NOUN
tlâng phen	NOUN
tlang puih	NOUN
tlâng puih	NOUN
tlang ram	NOUN
tlâng ram	NOUN
tlang rel	NOUN
tlang rêl	NOUN
tlang rin kai	NOUN
tlâng rin kai	NOUN
tlang sam	NOUN
tlâng sam	NOUN
tlang sam babu	NOUN
tlâng sam babu	NOUN
tlang sam sap	NOUN
tlâng sam sap	NOUN
tlang san	NOUN
tlâng san	NOUN
tlang thang	NOUN
tlâng thang	NOUN
tlang thu	NOUN
tlâng thu	NOUN
tlang thut	NOUN
tlang ṭhut	NOUN
tlâng ṭhut	NOUN
tlang verh	NOUN
tlang zam	NOUN
tlang zawk	NOUN
tlang zawl	NOUN
tlang zum	NOUN
tlâng zum	NOUN
tlanglam zai	NOUN
tlânglâm zai	NOUN
tlanglau bawm	NOUN
tlânglau bawm	NOUN
tlangpui takin	NOUN
tlang-sam babu	NOUN
tlâng-sam babu	NOUN
tlâng-sam sap	NOUN
tlangval ngai	NOUN
tlangval pa	NOUN
tlawh chhuak	NOUN
tlawh serh	NOUN
tlawmngaih chhuah	NOUN
tlen fai	NOUN
tlêng (fail	NOUN
tlet tlet	NOUN
tling chhuah	NOUN
tling chhuak	NOUN
tling fang	NOUN
tling feh	NOUN
tling leh ngama inchhawlhthuaina	NOUN
tling leh ngama inchhawlthuaina	NOUN
tling zo	NOUN
tlip phar	NOUN
tlip phâr	NOUN
tluan chhuah	NOUN
tluang hrûl	NOUN
tlumpi bawm	NOUN
tlumtea thlira thlir	NOUN
țo chhar	NOUN
to lo	NOUN
to loh	NOUN
to mir	NOUN
ṭo mir	NOUN
țo mir	NOUN
to te	NOUN
to tê	NOUN
ṭo te	NOUN
ṭo tê	NOUN
țo te	NOUN
țo tê	NOUN
to thli	NOUN
toh lawt	NOUN
țokai hai	NOUN
tu bal	NOUN
tu dal	NOUN
tu emaw	NOUN
tu fa	NOUN
tu khaw	NOUN
tu khup hmu	NOUN
tu khûp hmu	NOUN
tu leh fa	NOUN
tu mau	NOUN
tu nge	NOUN
tu ta	NOUN
tu tai	NOUN
tu thulh	NOUN
tu vu	NOUN
tuai loh	NOUN
țuai țuai	NOUN
tuaitit suak	NOUN
tuak khawm	NOUN
tual dawl	NOUN
tual fang	NOUN
tual lim	NOUN
tual mei	NOUN
tual phiattu	NOUN
tual siam	NOUN
tual sum	NOUN
tual tlan	NOUN
tual tlân	NOUN
tual tual	NOUN
tualmei khuk	NOUN
tual-tlân za	NOUN
tualvungi em	NOUN
tualvungi êm	NOUN
tuam hlawm	NOUN
țuan fum	NOUN
ṭuan ṭha	NOUN
ṭuan ṭuan	NOUN
ṭuang ṭuang	NOUN
țuang țuang	NOUN
tuar na	NOUN
tuar zangkhai	NOUN
tudai	 tukdaih	NOUN
tuha hem rual	NOUN
tuha kuai rual	NOUN
tuha-hem rual	NOUN
tuha-kuai rual	NOUN
tui al	NOUN
tui bak thla	NOUN
tui bibirh	NOUN
tui birh	NOUN
tui bo	NOUN
tui buhdeng	NOUN
tui bur	NOUN
tui lai rapin	NOUN
tui lak	NOUN
tui lakna	NOUN
tui lâkna	NOUN
tui lakna dawt	NOUN
tui liam	NOUN
tui lo	NOUN
tui loh	NOUN
tui luanna	NOUN
tui luh	NOUN
tui lum bel	NOUN
tui lut	NOUN
tui lût	NOUN
tui nge	NOUN
tui per	NOUN
tui phul	NOUN
tui pûn	NOUN
tui ral	NOUN
tui ral-do	NOUN
tui ril	NOUN
tui rul	NOUN
tui rûl	NOUN
tui sa	NOUN
tui sakawr	NOUN
tui samak	NOUN
tui satel	NOUN
tui si	NOUN
tui sipai	NOUN
tui so	NOUN
tui taka mu	NOUN
tui tam	NOUN
tui thah	NOUN
tui thak	NOUN
tui thal	NOUN
tui thiam	NOUN
tui tla	NOUN
tui tlak	NOUN
tui tlakna	NOUN
tui tlen	NOUN
tui tleng	NOUN
tui tleuh	NOUN
tui tu	NOUN
tui um	NOUN
tui ûm	NOUN
tui um khirh	NOUN
tui ûm khirh	NOUN
tui um khuang	NOUN
tui ûm khuang	NOUN
tui varak	NOUN
tui zang khauh	NOUN
tuibur al	NOUN
tuibur dawn	NOUN
tuibûr dawn	NOUN
tuibur ek	NOUN
tuibur êk	NOUN
tuibur hmuam	NOUN
tuibûr hmuam	NOUN
tuibur hmuam da	NOUN
tuibûr hmuam da	NOUN
tuibur hmuam dak	NOUN
tuibur lai	NOUN
tuibûr lai	NOUN
tuikuk bepui	NOUN
tuipui kam	NOUN
tuipui sa tang	NOUN
tuipui sa-tang	NOUN
tuipui sut hlah	NOUN
tuitai pût	NOUN
tui-um khirh	NOUN
tui-ûm khirh	NOUN
tui-um khuang	NOUN
tuk bauh	NOUN
tuk bawk	NOUN
tuk daih	NOUN
ṭuk khawm	NOUN
țuk khawm	NOUN
tuk ko	NOUN
tuk leh zan	NOUN
tûk leh zan	NOUN
tuk tin	NOUN
tûk tin	NOUN
tuk tin par	NOUN
tuk tuk	NOUN
tukkhum khuar	NOUN
tukkhum thlung	NOUN
tuklo bengngawng	NOUN
tum ber	NOUN
tum buh	NOUN
tûm chhang	NOUN
tum fuh	NOUN
tum fung	NOUN
tûm hawp	NOUN
tum hram	NOUN
tum kau	NOUN
tûm kau	NOUN
tum kau ni	NOUN
tûm kau ni	NOUN
tum sawn	NOUN
tum seki	NOUN
tum tarah vuih	NOUN
tum te lek	NOUN
tum tel	NOUN
tum the	NOUN
tum tlâk	NOUN
tum tlat	NOUN
tum tum	NOUN
tûm tum	NOUN
tum urh	NOUN
tu-mau beng	NOUN
tu-mau pangang	NOUN
tumbu ar	NOUN
tumbu khawrh	NOUN
tumbu vui	NOUN
tum-kau ni	NOUN
tûm-kau ni	NOUN
tumphît tum	NOUN
tumphit turn	NOUN
tumsîk no	NOUN
tumthang hnah tla ang zanin a mu.	NOUN
tumthang hnah tla ang zânin a mu.	NOUN
tun alaiah	NOUN
tûn alaiah	NOUN
tûn chu	NOUN
tun din	NOUN
tun hi	NOUN
tûn hi	NOUN
tun hmain	NOUN
tûn hmain	NOUN
tun hnu	NOUN
tûn hnu	NOUN
tûn hnuah	NOUN
tun hul	NOUN
tun kar	NOUN
tun law lawah	NOUN
tun' nge	NOUN
tun nul	NOUN
tun ro	NOUN
tun thawh	NOUN
tun thla	NOUN
tun tu tu ah	NOUN
țun țun	NOUN
tung tho	NOUN
tung zawngin	NOUN
tung zâwngin	NOUN
tung zut zut	NOUN
tunlai chhanah	NOUN
tûnlai chhanah	NOUN
tunlai thangthar	NOUN
tunlai ṭhangthar	NOUN
tu-pa bera thang	NOUN
tupa rawng	NOUN
tut tut	NOUN
tute nge	NOUN
tuthlawh ha	NOUN
tuthlawh ha tluk	NOUN
tuthlawh ha tlûk	NOUN
tuthlawh ha zawn	NOUN
tuthlawh ha zâwn	NOUN
tuthlawh-ha zawn	NOUN
tuthlawh-ha zâwn	NOUN
u awk	NOUN
u bawk	NOUN
u bâwk	NOUN
u chang	NOUN
u kil	NOUN
u nawk	NOUN
u nâwk	NOUN
u pa	NOUN
u pawl	NOUN
u pha	NOUN
u phâ	NOUN
u phuk	NOUN
u phuk lungmuan	NOUN
u tuiva lawng	NOUN
uai uai	NOUN
uaih uaih	NOUN
uan khum	NOUN
uap lum	NOUN
ui awm	NOUN
ui awm takin	NOUN
ui bang lô	NOUN
ui bâng lô	NOUN
ui bawk	NOUN
ui bâwk	NOUN
ui bâwm ngaw	NOUN
ui chal	NOUN
ui chat	NOUN
ui chhu hlo	NOUN
ui cho	NOUN
ui ding	NOUN
ui eiru	NOUN
ui eiru chet	NOUN
ui fâwm	NOUN
ui ha awrh	NOUN
ui ha hriam	NOUN
ui hah	NOUN
ui hli	NOUN
ui hnu chhui	NOUN
ui hur	NOUN
ui ire	NOUN
ui ke phah	NOUN
ui kha	NOUN
ui kil	NOUN
ui lam	NOUN
ui lei	NOUN
ui li	NOUN
ui lung	NOUN
ui nei	NOUN
ui ngul	NOUN
ui pui	NOUN
ui pui tu in	NOUN
ui pui tu in thlam	NOUN
ui pui tu in thlâm	NOUN
ui pum	NOUN
ui pûm	NOUN
ui sa	NOUN
ui te	NOUN
ui thak	NOUN
ui thin	NOUN
ui tuihleuh	NOUN
ui zanglik	NOUN
uih uih	NOUN
ui-pui tu-in	NOUN
ui-pui tu-in thlam	NOUN
ui-pui tu-in thlâm	NOUN
ûlawk takin	NOUN
ûlâwk takin	NOUN
ulh tliah	NOUN
ulh tliak	NOUN
uluk takin	NOUN
um ei	NOUN
ûm khirh	NOUN
ûm khîrh	NOUN
um me	NOUN
um mê	NOUN
um so	NOUN
um zu	NOUN
up up	NOUN
upa fawng	NOUN
upa sa kah	NOUN
ur lawk	NOUN
ur lâwk	NOUN
ur-lawk zan	NOUN
ut ut	NOUN
uṭawk hni	NOUN
utawk tur vawn	NOUN
u-tum vuak ang	NOUN
va awk	NOUN
va bak	NOUN
va be	NOUN
va bê	NOUN
va bek	NOUN
va bêk	NOUN
va bu	NOUN
va cha	NOUN
va chep	NOUN
va chhi	NOUN
va chhu	NOUN
va chi	NOUN
va chim	NOUN
va chîm	NOUN
va chir	NOUN
va chiu	NOUN
va hai	NOUN
va hâi	NOUN
va hla	NOUN
va inronghâk	NOUN
va kal	NOUN
va ke phah tui chawina	NOUN
va keichhim	NOUN
va kelchal	NOUN
va ki	NOUN
va ko	NOUN
va kul	NOUN
va kul chang phar	NOUN
va la	NOUN
va lim chho	NOUN
va mim	NOUN
va ngai	NOUN
va ngâi	NOUN
va ngu	NOUN
va ni	NOUN
va ni an	NOUN
va ni an hmul	NOUN
va pa hrui	NOUN
va phu	NOUN
va phu hring	NOUN
va pual	NOUN
va rak	NOUN
va rau	NOUN
va re a	NOUN
va rek	NOUN
va ri	NOUN
va ri a	NOUN
va ri haw	NOUN
va ri ung	NOUN
va riah lei	NOUN
va rim	NOUN
va ro	NOUN
va ro nak	NOUN
va ro nâk	NOUN
va ru	NOUN
va rul	NOUN
va rûl	NOUN
va rung	NOUN
va rut	NOUN
va rut ngal thliak	NOUN
va sa	NOUN
va sai a	NOUN
va sai hru	NOUN
va sai thang tla	NOUN
va sam	NOUN
va se ek	NOUN
va se êk	NOUN
va se kai	NOUN
va sel	NOUN
va si	NOUN
va si a	NOUN
va sir	NOUN
va sit	NOUN
va tawng kaw la	NOUN
va te	NOUN
va te khu khuang	NOUN
va te la kam	NOUN
va te la kâm	NOUN
va te mei sei	NOUN
va thei	NOUN
va thi	NOUN
va tho	NOUN
va thu	NOUN
va ṭhu	NOUN
va țhu	NOUN
va țhu fal	NOUN
va thuh	NOUN
va ti	NOUN
va ti a	NOUN
va tla	NOUN
va tla hual ngo	NOUN
va tle	NOUN
va tlei	NOUN
va tleu	NOUN
va tli	NOUN
va tlim	NOUN
va tluk	NOUN
va tu	NOUN
va tu khu khuang	NOUN
va tuk	NOUN
va tûk	NOUN
va u te	NOUN
va u tê	NOUN
va uk	NOUN
va ûk	NOUN
va va	NOUN
va vak	NOUN
vah bo	NOUN
vah dah	NOUN
vah vel	NOUN
vah vêl	NOUN
vai ba	NOUN
vai bal hla	NOUN
vai balhla	NOUN
vai bawih	NOUN
vai bâwih	NOUN
vai be	NOUN
vai bê	NOUN
vai be pui	NOUN
vai bê pui	NOUN
vai bel	NOUN
vai bepui	NOUN
vai buh	NOUN
vai buh thun	NOUN
vai chaw	NOUN
vai chaw thei	NOUN
vai che	NOUN
vai chem	NOUN
vai chengkek	NOUN
vai chhe lo	NOUN
vai chhê lo	NOUN
vai chhia	NOUN
vai chi	NOUN
vai dawr	NOUN
vai dep	NOUN
vai derhken	NOUN
vai dip	NOUN
vai duh	NOUN
vai fanghma	NOUN
vai fe	NOUN
vai fê	NOUN
vai fu sen	NOUN
vai hachhek	NOUN
vai herawt	NOUN
vai hlen hlo	NOUN
vai hlo	NOUN
vai hmar	NOUN
vai hmâr	NOUN
vai hmarchapui	NOUN
vai hmer	NOUN
vai hming tha	NOUN
vai hming ṭha	NOUN
vai hniap	NOUN
vai hol	NOUN
vai hram	NOUN
vai hren hri	NOUN
vai hrik	NOUN
vai hru	NOUN
vai hrui	NOUN
vai kel te	NOUN
vai kel tê	NOUN
vai ko	NOUN
vai kuber	NOUN
vai kubêr	NOUN
vai la	NOUN
vai lak pa	NOUN
vai lal	NOUN
vai lawm	NOUN
vai lâwm	NOUN
vai len hlo	NOUN
vai lian	NOUN
vai lung sem	NOUN
vai lung ta	NOUN
vai lung tâ	NOUN
vai mei talh	NOUN
vai meibu	NOUN
vai mei-talh	NOUN
vai mim	NOUN
vai mîm	NOUN
vai muh	NOUN
vai nat	NOUN
vai nem puan	NOUN
vai nêm puan	NOUN
vai nga vu	NOUN
vai pa	NOUN
vai paw hlo	NOUN
vai pher	NOUN
vai phêr	NOUN
vai pipu	NOUN
vai pui lenlai	NOUN
vai pum	NOUN
vai pur un	NOUN
vai purun	NOUN
vai purûn	NOUN
vai purun var	NOUN
vai purûn var	NOUN
vai ram	NOUN
vai sa	NOUN
vai sairawkherh	NOUN
vai sawi	NOUN
vai sawl	NOUN
vai sehsen	NOUN
vai siam	NOUN
vai suan	NOUN
vai thei	NOUN
vai thei feimung	NOUN
vai theifeimung	NOUN
vai thin	NOUN
vai thîn	NOUN
vai thingsemim	NOUN
vai thingsemîm	NOUN
vai tin khawm	NOUN
vai tin khâwm	NOUN
vai tlaiberh	NOUN
vai tumbu	NOUN
vai um	NOUN
vai ûm	NOUN
vaiba hlim	NOUN
vaibel rui	NOUN
vaihlo ek chhia	NOUN
vaihlo êk chhia	NOUN
vaihlo zial	NOUN
vaimim ap	NOUN
vaimîm ap	NOUN
vaimim ban	NOUN
vaimim buh pawlh	NOUN
vaimîm buh pawlh	NOUN
vaimim char	NOUN
vaimim chhum lum	NOUN
vaimîm chhum lum	NOUN
vaimim chhum-lum	NOUN
vaimîm chhum-lum	NOUN
vaimim fang	NOUN
vaimîm fang	NOUN
vaimim fu	NOUN
vaimim kang	NOUN
vaimîm kang	NOUN
vaimim kawm chhum	NOUN
vaimîm kawm chhum	NOUN
vaimîm kek	NOUN
vaimîm kêk	NOUN
vaimim kung	NOUN
vaimîm kung	NOUN
vaimim pi beuh	NOUN
vaimîm pi beuh	NOUN
vaimim rawh	NOUN
vaimim teng khang	NOUN
vaimîm vanral	NOUN
vaimîm vanrâl	NOUN
vai-nem puan	NOUN
vaipa den	NOUN
vak dah	NOUN
vak lo	NOUN
vakul chang	NOUN
val bu	NOUN
val chhiat	NOUN
val dang	NOUN
val hlo	NOUN
val pui	NOUN
val pui chaw	NOUN
val rawng	NOUN
val upa	NOUN
valh valh	NOUN
vam mur	NOUN
vam țhin	NOUN
van a dol	NOUN
van a pa jeng	NOUN
van awn	NOUN
van boruak	NOUN
van dam dawi	NOUN
van dawng	NOUN
van dom	NOUN
van dum	NOUN
van ek khum ang	NOUN
van fa țap	NOUN
van hnun chah	NOUN
van hnun chat	NOUN
van hnun chat ri	NOUN
van kai chaw	NOUN
van kaiin	NOUN
van kal	NOUN
vân kar hla	NOUN
van karak zawngin	NOUN
van khai	NOUN
van khaiin	NOUN
van khaw pui	NOUN
van khawm	NOUN
van khâwm	NOUN
van khu	NOUN
van khua	NOUN
van la i	NOUN
vân la i	NOUN
van la ia fanu	NOUN
vân la ia fanu	NOUN
van lai buk	NOUN
van lai bûk	NOUN
van lai la	NOUN
van lai zawl	NOUN
van laia tla ang	NOUN
van lung	NOUN
van lung buh	NOUN
van ni chhal	NOUN
van ni chhâl	NOUN
van nu a	NOUN
van pa	NOUN
van pui	NOUN
van pui chim	NOUN
van pui leh lam	NOUN
van pui leh lâm	NOUN
van ruai	NOUN
van sanga tla	NOUN
van tawk khaw pui	NOUN
van tawng	NOUN
van that	NOUN
van thelh	NOUN
van thim chin	NOUN
van thlang	NOUN
van tirh koh	NOUN
van tlang	NOUN
van tlang ho	NOUN
van tlang khaw pa	NOUN
van um	NOUN
van zat	NOUN
van zât	NOUN
vana pa	NOUN
vanchung khal	NOUN
vanduai chingchihlip	NOUN
vanduai mangkhawng	NOUN
vanduai vannei	NOUN
vang a ro pui	NOUN
vang fai	NOUN
vang hrek	NOUN
vang khaw pui	NOUN
vang lai	NOUN
vang lung	NOUN
vang thla	NOUN
vang tlang	NOUN
vang val	NOUN
vangvat tur	NOUN
vankai hrui	NOUN
van-lai buk	NOUN
van-lai bûk	NOUN
vanlai fawng	NOUN
vanlai in	NOUN
vanneih asiamin	NOUN
vanni chhala chhechham	NOUN
vanni chhâla chhechham	NOUN
vanni sal	NOUN
vanpui saihrua	NOUN
vantawng khawhthla	NOUN
vantha mu	NOUN
vanvawm khua zawn	NOUN
vanvawm khua zawng	NOUN
va-pa hrui	NOUN
var lo	NOUN
var țian	NOUN
var ung	NOUN
varak tui hmu ang	NOUN
varita bel kang	NOUN
vate khawizu	NOUN
va-țhu fal	NOUN
vau be	NOUN
vau dai	NOUN
vau fa	NOUN
vau favang	NOUN
vau hlîm	NOUN
vau hro	NOUN
vau kam	NOUN
vau lawi	NOUN
vau ni	NOUN
vau pum	NOUN
vau tui țlan	NOUN
vaube zâm	NOUN
vauk fai	NOUN
vaw be	NOUN
vaw tawrh	NOUN
vawi hnih	NOUN
vawi hnih khat	NOUN
vawi in	NOUN
vawi kha	NOUN
vawi khat	NOUN
vawi leh khatah	NOUN
vawi li	NOUN
vawi li vawi nga	NOUN
vawi thum	NOUN
vawi vawi	NOUN
vawih uih	NOUN
vawih uih hrui zai	NOUN
vawih-uih hrui zai	NOUN
vawk ba suk	NOUN
vawk bal	NOUN
vawk bâl	NOUN
vawk bawm	NOUN
vawk bâwm	NOUN
vawk bel	NOUN
vawk bual	NOUN
vawk chaw bel	NOUN
vawk chaw pek hun	NOUN
vawk chek	NOUN
vawk dai	NOUN
vawk ek	NOUN
vawk eka tumtual	NOUN
vawk hlap	NOUN
vawk hniak zawn thla	NOUN
vawk hniang	NOUN
vawk hnuk	NOUN
vawk in	NOUN
vawk kuang	NOUN
vawk kuang suih	NOUN
vawk la	NOUN
vawk luphan	NOUN
vawk nguk	NOUN
vawk ngûk	NOUN
vawk no	NOUN
vawk pa	NOUN
vawk puan bang	NOUN
vawk pui	NOUN
vawk pui thal	NOUN
vawk sa	NOUN
vawk sa um	NOUN
vawk sahriak	NOUN
vawk sa-um	NOUN
vawk sum	NOUN
vawk talh	NOUN
vawk te	NOUN
vawk te ek thlum	NOUN
vawk thau	NOUN
vawk thi	NOUN
vawk zangthlur	NOUN
vawk zangthlûr	NOUN
vawk zângthlur	NOUN
vawk zângthlûr	NOUN
vawk zel	NOUN
vawk-eka tumtual	NOUN
vawk-êka tumtual	NOUN
vawkpa sutnghak	NOUN
vawkpa sutnghâk	NOUN
vawkpa sûtnghak	NOUN
vawkpa sûtnghâk	NOUN
vawkpui bahra	NOUN
vawkpui nawr	NOUN
vawkpui panfah	NOUN
vawkpui pawh a vah a vah chuan êk thing a tawng nge nge	NOUN
vawkpui phurh	NOUN
vawkpui phurh hmang	NOUN
vawkpui ruangruh	NOUN
vawkpui thal	NOUN
vawkreka fate ang	NOUN
vawkrêka fate ang	NOUN
vawkte huang	NOUN
vawkte khal	NOUN
vawkte til la	NOUN
vawkte zem	NOUN
vawkte zêm	NOUN
vawl lir	NOUN
vawm awk	NOUN
vawm âwk	NOUN
vawm bat	NOUN
vawm bât	NOUN
vawm buchhep	NOUN
vawm bur	NOUN
vawm bûr	NOUN
vawm kâp	NOUN
vawm khawm	NOUN
vawm kho	NOUN
vawm tlâk	NOUN
vawm-awh hrui	NOUN
vawmbal hua	NOUN
vawmfawng hmun	NOUN
vawmkho hmun	NOUN
vawng fel	NOUN
vawng reng	NOUN
ve bu ru	NOUN
ve hlan	NOUN
ve hngeng	NOUN
ve lo	NOUN
ve lo maw	NOUN
ve o	NOUN
ve re hek	NOUN
ve re hêk	NOUN
veh bur khawn	NOUN
veh veh	NOUN
vehbur khawn	NOUN
vei hen	NOUN
vei khawr	NOUN
vel hawk	NOUN
vel hâwk	NOUN
vel ler	NOUN
velh ba	NOUN
velh bâk	NOUN
velh bat	NOUN
velh bûr	NOUN
velh velh	NOUN
vên him	NOUN
veng kilkhawr	NOUN
veng penhleh	NOUN
veng veng	NOUN
ver ver	NOUN
verh pawp	NOUN
verh tlang	NOUN
vettei a che	NOUN
vou vou	NOUN
vuang vuang	NOUN
vur ting	NOUN
vur vur	NOUN
vut dur	NOUN
vut la	NOUN
vut lawk	NOUN
vut lâwk	NOUN
vut lum	NOUN
vut sen hluam	NOUN
za ho	NOUN
za kham	NOUN
za len	NOUN
za lên	NOUN
za len na	NOUN
za lên na	NOUN
za leng	NOUN
za lêng	NOUN
za ma	NOUN
za ma zo	NOUN
za na	NOUN
za nei	NOUN
za ngor	NOUN
za pui	NOUN
za ru	NOUN
za tel	NOUN
zah thlak	NOUN
zah thlâk	NOUN
zahder thiam	NOUN
zahngai thei	NOUN
zai dam	NOUN
zai hir	NOUN
zai hîr	NOUN
zai hla	NOUN
zai khawm	NOUN
zai khâwm	NOUN
zai lâ	NOUN
zai lep	NOUN
zai lung	NOUN
zai mi	NOUN
zai pui	NOUN
zai rem	NOUN
zai ri	NOUN
zai sir	NOUN
zai tlâng	NOUN
zai vawr	NOUN
zaih zaih	NOUN
zak dawh	NOUN
zâk dawh	NOUN
zak dawt	NOUN
zak do tiang	NOUN
zak do tlang	NOUN
zâk kep	NOUN
zâk kêp	NOUN
zak kham	NOUN
zak thal	NOUN
zak zak	NOUN
zakcheh tiang	NOUN
zakkep nei	NOUN
zakzeh ip	NOUN
zal zal	NOUN
zalam phei	NOUN
zalam sial	NOUN
zam bu i	NOUN
zam duk	NOUN
zam hmaw	NOUN
zam lo	NOUN
zâm lo	NOUN
zam pher	NOUN
zâm râl	NOUN
zam rang	NOUN
zam tha	NOUN
zam ṭha	NOUN
zam that	NOUN
zam thlur	NOUN
zam thlûr	NOUN
zâm thlur	NOUN
zâm thlûr	NOUN
zaman hmawng	NOUN
zaman zai	NOUN
zan ah	NOUN
zân ah	NOUN
zan chhuah	NOUN
zan khat mitchhîn tawh	NOUN
zan khat tuisik lem sual	NOUN
zan khua	NOUN
zân khua	NOUN
zan lai	NOUN
zân lai	NOUN
zan lai ar khuan	NOUN
zân lai ar khuan	NOUN
zan lai lifen	NOUN
zan lai lifên	NOUN
zan lakin	NOUN
zan lam	NOUN
zân leng	NOUN
zân lêng	NOUN
zan mun	NOUN
zân mun	NOUN
zan ral	NOUN
zan râl	NOUN
zan riah	NOUN
zân riah	NOUN
zan rul	NOUN
zan ta phawk	NOUN
zan ta phâwk	NOUN
zan țah vei	NOUN
zan thim	NOUN
zân thim	NOUN
zan tin	NOUN
zân tin	NOUN
zan tir	NOUN
zan tîr	NOUN
zang a kual	NOUN
zang a si	NOUN
zang a vawk ek tum	NOUN
zang bawk	NOUN
zang bawn	NOUN
zâng bawn	NOUN
zang bawng	NOUN
zâng bâwng	NOUN
zang hai	NOUN
zâng hai	NOUN
zang hâk	NOUN
zang hrawt	NOUN
zang kak	NOUN
zang khai	NOUN
zang khaw pui	NOUN
zang khung	NOUN
zang kul	NOUN
zang kûl	NOUN
zang kulh	NOUN
zang na dawm	NOUN
zâng na dawm	NOUN
zang phar	NOUN
zang ruh	NOUN
zâng ruh	NOUN
zang ruh kual	NOUN
zang ruh kul	NOUN
zang ruh kûl	NOUN
zâng ruh kul	NOUN
zâng ruh kûl	NOUN
zang ruh thlawk	NOUN
zang ruh thlâwk	NOUN
zang sel	NOUN
zang si	NOUN
zang sî	NOUN
zâng si	NOUN
zâng sî	NOUN
zang thal	NOUN
zâng thal	NOUN
zangsi dal	NOUN
zân-mu chhing	NOUN
zân-mu chhîng	NOUN
zanriah bawp man	NOUN
zanriah bel	NOUN
zanriah chhum	NOUN
zanriah chhum hun	NOUN
zanriah ei kham	NOUN
zap fai	NOUN
zâp fai	NOUN
zap hru	NOUN
zap pui	NOUN
zar ah	NOUN
zâr hnawh	NOUN
zar hru al	NOUN
zar hruai	NOUN
zar jo	NOUN
zâr jo	NOUN
zar zo	NOUN
zat hmel	NOUN
zat hmêl	NOUN
zât hmel	NOUN
zât hmêl	NOUN
zau au	NOUN
zauh zauh	NOUN
zaw bu i	NOUN
zaw chat	NOUN
zaw da	NOUN
zaw huang	NOUN
zâw le	NOUN
zaw mah	NOUN
zawh fê	NOUN
zawh khata zo	NOUN
zawh poh leh	NOUN
zawh thlithlai	NOUN
zawh tu	NOUN
zawh zai	NOUN
zawh zen	NOUN
zawhna chhinchhiahna	NOUN
zawhte no nei ang	NOUN
zawk ngial	NOUN
zawl buk	NOUN
zawl dawh	NOUN
zawl idi	NOUN
zawl kai	NOUN
zawl khaw tar	NOUN
zâwl khaw târ	NOUN
zawl khaw thang	NOUN
zawl la idi	NOUN
zâwl la idi	NOUN
zawl la vung	NOUN
zawl la vûng	NOUN
zawl ne	NOUN
zâwl ne	NOUN
zawl nei	NOUN
zâwl nei	NOUN
zawl palam	NOUN
zawl puan phah	NOUN
zawl thlawk	NOUN
zawl thlâwk	NOUN
zawlbuk bawk bei	NOUN
zawlbuka e tang ṭheuh ṭheuh	NOUN
zawn chhuah	NOUN
zawng a	NOUN
zâwng a	NOUN
zawng a te	NOUN
zawng a tê	NOUN
zawng aithang	NOUN
zawng anthur	NOUN
zawng anthûr	NOUN
zawng awmpawng	NOUN
zawng awmpâwng	NOUN
zawng bal	NOUN
zâwng bâl	NOUN
zawng bal hla	NOUN
zawng balhla	NOUN
zawng ban	NOUN
zawng be te	NOUN
zawng be tê	NOUN
zawng bete	NOUN
zawng betê	NOUN
zawng bilh tab	NOUN
zawng bilh tah	NOUN
zawng chaw	NOUN
zawng chhip deh ang	NOUN
zawng chhuak	NOUN
zawng dala	NOUN
zâwng dâla	NOUN
zawng fian	NOUN
zâwng fian	NOUN
zawng hang ek	NOUN
zawng hang êk	NOUN
zawng hâng ek	NOUN
zawng hâng êk	NOUN
zawng hi ang	NOUN
zawng hnah thlak	NOUN
zawng hnah thlâk	NOUN
zawng ho	NOUN
zawng hri	NOUN
zâwng hri	NOUN
zawng hrui	NOUN
zawng in	NOUN
zawng ka kang	NOUN
zawng kai	NOUN
zawng kal	NOUN
zawng kang	NOUN
zawng kâng	NOUN
zawng kang tha	NOUN
zâwng kang tha	NOUN
zawng kanghai	NOUN
zawng kangthai	NOUN
zawng kangṭhai	NOUN
zawng kap	NOUN
zawng kâp	NOUN
zâwng kâp	NOUN
zawng kha	NOUN
zawng khal	NOUN
zâwng khal	NOUN
zawng kharkhep	NOUN
zawng khau	NOUN
zâwng khau	NOUN
zawng khaw pui ri hri at	NOUN
zawng khuang	NOUN
zawng ku ang	NOUN
zawng kuang	NOUN
zâwng kuang	NOUN
zawng lakhuih	NOUN
zawng lawn	NOUN
zawng li	NOUN
zawng li awh	NOUN
zâwng li awh	NOUN
zawng luang	NOUN
zawng lung	NOUN
zâwng lung	NOUN
zawng lung lei	NOUN
zawng mal	NOUN
zawng mawt	NOUN
zawng pui sai	NOUN
zawng pui sâi	NOUN
zawng raj	NOUN
zawng ral	NOUN
zawng râl	NOUN
zawng rilphiar	NOUN
zawng rit	NOUN
zawng sa	NOUN
zawng sâ	NOUN
zawng sai ngho	NOUN
zâwng sai ngho	NOUN
zawng ser	NOUN
zawng sih	NOUN
zawng sih siamsual	NOUN
zawng sisu	NOUN
zawng ta	NOUN
zawng tah	NOUN
zâwng tah	NOUN
zawng tawitaw	NOUN
zawng te	NOUN
zawng te le lawm	NOUN
zawng te le lâwm	NOUN
zawng te nawhlung	NOUN
zawng te ral ti	NOUN
zawng tei	NOUN
zâwng tei	NOUN
zawng tha hrui	NOUN
zâwng tha hrui	NOUN
zawng thleng	NOUN
zawng tho	NOUN
zawng thosi	NOUN
zawng tla pui	NOUN
zâwng tla pui	NOUN
zawng tla tla	NOUN
zâwng tla tla	NOUN
zawng tlak	NOUN
zawng tlâk	NOUN
zawng tu a	NOUN
zâwng tu a	NOUN
zawng tu i	NOUN
zawng ṭu i	NOUN
zawng zawn chhuah	NOUN
zawng zawng	NOUN
zawnga leilawn	NOUN
zawnga leilawn dim dim	NOUN
zawnga leilawn dîm dîm	NOUN
zawnga lungthu	NOUN
zawng-bilh tah	NOUN
zawngrengtea serthlum veng ang	NOUN
zawng-sih siamsual	NOUN
zawngte tui dawt	NOUN
zawngte tuikhur hmu ang	NOUN
ze hrang	NOUN
ze hrep	NOUN
ze tan e	NOUN
ze tân e	NOUN
ze zawi	NOUN
zek zak	NOUN
zel din	NOUN
zêl din	NOUN
zel din thu	NOUN
zêl din thu	NOUN
zeldina thubawl	NOUN
zen kawng	NOUN
zên kawng	NOUN
zen sa	NOUN
zen zun	NOUN
zep ru	NOUN
zep ruk	NOUN
zep ui mu hni	NOUN
zer zawr	NOUN
zi ak	NOUN
zi al	NOUN
zi ar	NOUN
zi chhuak	NOUN
zi ik	NOUN
zi im	NOUN
zi ka	NOUN
zi kâ	NOUN
zi khlum	NOUN
zi ngah	NOUN
zi nuk nuk	NOUN
ziak chhuah	NOUN
ziak chhuak	NOUN
ziak fung	NOUN
zik chhuah	NOUN
zik chhuak	NOUN
zik muhlum	NOUN
zik no	NOUN
zik tluak	NOUN
zik zuah	NOUN
zil bial	NOUN
zil buang	NOUN
zil eng	NOUN
zin veivak	NOUN
zing dai nei	NOUN
zing dai neih	NOUN
zing daifim	NOUN
zing fim	NOUN
zing lam hnawh	NOUN
zing lam hnawt	NOUN
zing nem	NOUN
zing nin	NOUN
zing par	NOUN
zing ri	NOUN
zing sumsu	NOUN
zing thla	NOUN
zir lo	NOUN
zir tir	NOUN
zir tîr	NOUN
zir ziar	NOUN
zîr ziar	NOUN
zit zet	NOUN
ziza hrui	NOUN
ziza la	NOUN
ziza puan	NOUN
zo an tam	NOUN
zo an ṭam	NOUN
zo ar	NOUN
zo âr	NOUN
zo ar khuan	NOUN
zo archhuang	NOUN
zo artui	NOUN
zo ba	NOUN
zo bal	NOUN
zo bâl	NOUN
zo bawm	NOUN
zo bâwm	NOUN
zo be	NOUN
zo bê	NOUN
zo be hlawi	NOUN
zo be hliang	NOUN
zo bê hliang	NOUN
zo be kang	NOUN
zo bê kang	NOUN
zo be pui	NOUN
zo bê pui	NOUN
zo be re	NOUN
zo bê re	NOUN
zo be suak	NOUN
zo bê suak	NOUN
zo bu hlei	NOUN
zo buh	NOUN
zo cha	NOUN
zo cha kawk	NOUN
zo cha pawng	NOUN
zo chai	NOUN
zo chal	NOUN
zo chhang ban	NOUN
zo ei	NOUN
zo eng	NOUN
zo fa	NOUN
zo hang	NOUN
zo hlo fang	NOUN
zo hming thang	NOUN
zo hniar	NOUN
zo hniar kaih luh ang	NOUN
zo ho	NOUN
zo hri	NOUN
zo hrui	NOUN
zo huan	NOUN
zo im	NOUN
zo kai	NOUN
zo kang	NOUN
zo kâng	NOUN
zo kang thai	NOUN
zo kaw pui	NOUN
zo kawl bah ra	NOUN
zo kâwl bah ra	NOUN
zo kawl sen	NOUN
zo kâwl sen	NOUN
zo kawrnu	NOUN
zo kel	NOUN
zo kel ki	NOUN
zo kelbuh	NOUN
zo khang	NOUN
zo khang eng	NOUN
zo khaw pui	NOUN
zo khi a	NOUN
zo kik	NOUN
zo kîk	NOUN
zo ko	NOUN
zo leng	NOUN
zo lo	NOUN
zo luk	NOUN
zo lung	NOUN
zo lung lei	NOUN
zo lut	NOUN
zo ma hru ai	NOUN
zo mawt	NOUN
zo mâwt	NOUN
zo mu	NOUN
zo mu van lai lawk	NOUN
zo mu van lai lâwk	NOUN
zo nul	NOUN
zo phai	NOUN
zo phâi	NOUN
zo pui	NOUN
zo pui bawih	NOUN
zo pui bâwih	NOUN
zo pui pang par	NOUN
zo ra pa	NOUN
zo râ pa	NOUN
zo ram	NOUN
zo rei	NOUN
zo rim	NOUN
zo ru al	NOUN
zo sap	NOUN
zo sâp	NOUN
zo sen	NOUN
zo ta la	NOUN
zo tap	NOUN
zo te	NOUN
zo te a	NOUN
zo thang	NOUN
zo thâng	NOUN
zo theikum	NOUN
zo thing hang	NOUN
zo thli	NOUN
zo tui thi	NOUN
zo tuklo	NOUN
zo uihniak	NOUN
zo va	NOUN
zo vai	NOUN
zo vawk	NOUN
zo vâwk	NOUN
zo vuakdup	NOUN
zo zai	NOUN
zo zâi	NOUN
zo zan	NOUN
zo zân	NOUN
zo zawh zan	NOUN
zo zawn	NOUN
zo zâwn	NOUN
zo zawng	NOUN
zo zâwng	NOUN
zo zêm	NOUN
zo zen	NOUN
zozai lo	NOUN
zu a	NOUN
zu al	NOUN
zu am	NOUN
zu ar	NOUN
zu ar la	NOUN
zu au	NOUN
zu awt	NOUN
zu bar	NOUN
zu bâr	NOUN
zu bawi	NOUN
zu bel	NOUN
zu bêl	NOUN
zu buh	NOUN
zu bul	NOUN
zu bûl	NOUN
zu bûr	NOUN
zu ch him	NOUN
zu chhang	NOUN
zu chhe lang	NOUN
zu chhum	NOUN
zu dan	NOUN
zu fang	NOUN
zu fei	NOUN
zu hlan	NOUN
zu hmeh	NOUN
zu hrai	NOUN
zu in	NOUN
zu k	NOUN
zu ka	NOUN
zu khal	NOUN
zu kham	NOUN
zu khawl bel	NOUN
zu khawn	NOUN
zu ku uru	NOUN
zu kuru	NOUN
zu lam	NOUN
zu lawm	NOUN
zu le sa	NOUN
zu leh sa	NOUN
zu lei bak	NOUN
zu lei bâk	NOUN
zu lei bak gi	NOUN
zu lo	NOUN
zu lu	NOUN
zu luk	NOUN
zu ma tu	NOUN
zu ma w	NOUN
zu mghawk	NOUN
zu mi	NOUN
zu ngawvei	NOUN
zu nung	NOUN
zu pa	NOUN
zu per	NOUN
zu per hai	NOUN
zu per hâi	NOUN
zu pui	NOUN
zu rui	NOUN
zu rûi	NOUN
zu sat hlak	NOUN
zu t	NOUN
zu thlum	NOUN
zu tho	NOUN
zu til	NOUN
zu tui	NOUN
zu tur	NOUN
zu va	NOUN
zu va ngaw	NOUN
zu va ngâw	NOUN
zu za	NOUN
zu zâ	NOUN
zu zam	NOUN
zu zâm	NOUN
zu zawn	NOUN
zu zâwn	NOUN
zu zen	NOUN
zu zên	NOUN
zu zu	NOUN
zu zu hung	NOUN
zu zuar	NOUN
zual ko	NOUN
zuan thlak	NOUN
zuau zuau	NOUN
zuh fai	NOUN
zuhmun pentawng	NOUN
zuhmun sa hmun	NOUN
zuk buh	NOUN
zuk bur	NOUN
zuk khum	NOUN
zuk nun	NOUN
zuk sak	NOUN
zukhawn tlak	NOUN
zul zui	NOUN
zun bawm	NOUN
zun bâwm	NOUN
zûn cheh	NOUN
zun chhu ak	NOUN
zun khum	NOUN
zûn khûm	NOUN
zun ngah	NOUN
zûn ngah	NOUN
zun ngam	NOUN
zun phen	NOUN
zun phên	NOUN
zun phi	NOUN
zun phî	NOUN
zûn phi	NOUN
zûn phî	NOUN
zun puam	NOUN
zûn puam	NOUN
zun thlum	NOUN
zûn thlum	NOUN
zun thweet	NOUN
zun tlang	NOUN
zun tlâng	NOUN
zun zam	NOUN
zun zâm	NOUN
zun zasi	NOUN
zun zâsi	NOUN
zun zung	NOUN
zuncheh ching	NOUN
zuncheh rual	NOUN
zung chal	NOUN
zûng chal	NOUN
zung da	NOUN
zung hrual	NOUN
zûng hrual	NOUN
zung ka	NOUN
zûng kap	NOUN
zûng kâp	NOUN
zung lai	NOUN
zûng lai	NOUN
zung pui	NOUN
zûng pui	NOUN
zung tang	NOUN
zung ṭang	NOUN
zûng tang	NOUN
zûng ṭang	NOUN
zung tawih	NOUN
zung ṭawih	NOUN
zûng tawih	NOUN
zûng ṭawih	NOUN
zung te	NOUN
zûng te	NOUN
zung te u	NOUN
zung thla	NOUN
zûng thla	NOUN
zung thli	NOUN
zung thlî	NOUN
zûng thli	NOUN
zûng thlî	NOUN
zung thlum	NOUN
zûng thlum	NOUN
zung thum beng	NOUN
zung za	NOUN
zung zam	NOUN
zung zawn	NOUN
zung zâwn	NOUN
zungpui hmet	NOUN
zungte bawk	NOUN
zungthum nei	NOUN
zut zut	NOUN
singsip hram	NUM
singsip hrám	NUM
vaibel zu	NUM
vaibel zuk	NUM
a eng ber nge	PART
a eng eng nge	PART
a eng hi nge	PART
a eng nge	PART
a eng zawk nge	PART
a eng zâwk nge	PART
a enga ruangah nge	PART
a lo	PART
a ni e	PART
a ni thei e	PART
a tu a nge	PART
a tu ber nge	PART
a tu nge	PART
a tu zawk nge	PART
a tu zâwk nge	PART
a tu-a nge	PART
ang u aw	PART
âw le	PART
chek chekah	PART
ei a	PART
êi a	PART
ei rawng bawltu	PART
eih a	PART
êih a	PART
eng a	PART
eng ang nge	PART
eng angin nge	PART
eng atan nge	PART
eng atân nge	PART
eng ber nge	PART
eng chen nge	PART
eng maw	PART
eng tik nge	PART
eng tikah nge	PART
eng zah chiah nge	PART
engah nge	PART
engati nge	PART
engati ta nge	PART
engti fakauva	PART
engti nge	PART
engtin nge	PART
khawi ah	PART
khawi lova	PART
lu-vun hîk	PART
maw a	PART
na nei	PART
ṭeh pa	PART
teh se	PART
tu mau beng	PART
tu ta	PART
tu uai	PART
tui man	PART
tun lawkah	PART
tun lo chu	PART
zi ri	PART
a dang	PRON
a eng ber nge	PRON
a eng eng nge	PRON
a eng hi nge	PRON
a eng nge	PRON
a eng pawh	PRON
a eng zawk mah	PRON
a eng zâwk mah	PRON
a eng zawk nge	PRON
a eng zâwk nge	PRON
a eng zawk pawh	PRON
a enga khaw mah	PRON
a enga khaw pawh	PRON
a enga mah	PRON
a enga pawh	PRON
a enga ruangah nge	PRON
a hran	PRON
a pakhat	PRON
a rual	PRON
a sang a sing	PRON
a sang a sîng	PRON
a sâng a sing	PRON
a sâng a sîng	PRON
a sap a vai	PRON
a sâp a vai	PRON
a tu a	PRON
a tu a mah	PRON
a tu a nge	PRON
a tu a pawh	PRON
a tu ber nge	PRON
a tu lam lam mah	PRON
a tu nge	PRON
a tu pawh	PRON
a tu ve ve mah	PRON
a tu zawk nge	PRON
a tu zâwk nge	PRON
a tu-a	PRON
a tu-a mah	PRON
a tu-a nge	PRON
a tu-a pawh	PRON
a zeng a khaw	PRON
a zeng a khaw mah	PRON
a zo a vai	PRON
amah leh amah	PRON
chawthing zenna in	PRON
chu chu	PRON
chui chui	PRON
chutiang chu	PRON
eng zah	PRON
eng zawk nge	PRON
eng zâwk nge	PRON
heh sawi	PRON
heng... hi	PRON
hêng... hi	PRON
hlawm ia	PRON
i khaw	PRON
kei mahin	PRON
keimah keiman	PRON
keimah	 keiman	PRON
kha chu	PRON
kha kha	PRON
kha khan	PRON
khâ khân	PRON
khan kai	PRON
khang eng	PRON
khang kha	PRON
khâng kha	PRON
khap sawk sawk	PRON
khaw te	PRON
khaw tê	PRON
khawh tlâkran	PRON
khawi lo nihna	PRON
khawi mi nge	PRON
khawi mu	PRON
kheuh ru	PRON
khiah khiah	PRON
khing khat	PRON
khitiang khi	PRON
khu khu	PRON
khùn khan	PRON
khùn khàn	PRON
khung khawm	PRON
khûng khawm	PRON
lam hnaih	PRON
lam kawi	PRON
lo chen	PRON
lo chuan	PRON
lo hi	PRON
mahni inthunun hneh	PRON
mahni thu hman	PRON
mahni thu hmang	PRON
mai mai	PRON
mautuai zawng chaw	PRON
piang thlak	PRON
rangva in	PRON
rawh puah	PRON
rawh puih	PRON
rawh rawh	PRON
rawh thianghlim	PRON
rawh tui	PRON
savun peng	PRON
saw lam	PRON
saw n	PRON
saw saw	PRON
saw sawn	PRON
saw sâwn	PRON
saw ta saw	PRON
saw tah	PRON
so khâwm	PRON
suh e	PRON
tawh chuan	PRON
tawh puah	PRON
te nau	PRON
teh sela aw!	PRON
teh ṭeuh va	PRON
tha tawk	PRON
tha tawkin	PRON
then filh thah	PRON
ṭhen filh ṭhah	PRON
thuam thil	PRON
țiț ek	PRON
tlungkhûm chehna	PRON
tu dai	PRON
tu fa	PRON
tu mau pangang	PRON
tu nu	PRON
tu pa	PRON
tu pawh	PRON
tu rh	PRON
tu ta mah	PRON
tu ta nge	PRON
tu vu	PRON
tui nem	PRON
tui-ûm khuang	PRON
tun' nge	PRON
tu'n nge	PRON
tût tût	PRON
tute emaw	PRON
ûl ûl	PRON
ulang imper	PRON
ve tuh tuh	PRON
zem zem	PRON
ang e	PUNCT
a ailawi	VERB
a ailâwi	VERB
a arbawm	VERB
a arbâwm	VERB
a arkhel	VERB
a arkhêl	VERB
a awl ai lo	VERB
a awl-ai lo	VERB
a bawp lawka la	VERB
ã bawraw	VERB
ã báwraw	VERB
a chim a sang	VERB
a chim a sâng	VERB
a chîm a sang	VERB
a chîm a sâng	VERB
a chim chin a hriat	VERB
a chîm chin a hriat	VERB
a dik a dawk thlu lo	VERB
a hangin a kah	VERB
a hàngin a kah	VERB
a hangin a kap	VERB
a hangin a kâp	VERB
a hàngin a kap	VERB
a hàngin a kâp	VERB
a leia rut	VERB
a leia rût	VERB
a let a lingin	VERB
a na lam chhawn	VERB
a ne ek lo	VERB
a nê ek lo	VERB
a pawi aw	VERB
a pâwi âw	VERB
a pawi tui	VERB
a pawi-tui	VERB
a pui tam	VERB
a rul chuk	VERB
a rûl chuk	VERB
a surin a sur	VERB
a sûrin a sûr	VERB
a tep chek chek	VERB
a tepin a tep	VERB
a tepter	VERB
a teptèr	VERB
a tha ngeih zawng	VERB
a tha ngeih zâwng	VERB
a ṭha ngeih zawng	VERB
a ṭha ngeih zâwng	VERB
a thar lawm	VERB
a thar làwm	VERB
a tharlam	VERB
a tharlâm	VERB
a tlimin a tlim	VERB
a vung zawngin la	VERB
a vung zâwngin la	VERB
ai en	VERB
âi en	VERB
ai inzial	VERB
ai kaih	VERB
aiawt chiah	VERB
aiâwt chiah	VERB
aibuh chiah	VERB
alh kai	VERB
anchhe lawh	VERB
ânchhe lawh	VERB
ar bo a zawng	VERB
âr bo a zawng	VERB
ar kawh chhuah	VERB
âr kawh chhuah	VERB
ar khual lawi	VERB
ar khual làwi	VERB
âr khual lawi	VERB
âr khual làwi	VERB
ar lawi	VERB
ar làwi	VERB
âr lawi	VERB
âr làwi	VERB
âr lâwi	VERB
ar mit tet khuan	VERB
ar mit ṭet khuan	VERB
âr mit tet khuan	VERB
âr mit ṭet khuan	VERB
ar ngam thlah	VERB
âr ngam thlah	VERB
ara thloh mu lak	VERB
âra thloh mu lâk	VERB
ara tukkhuan	VERB
ara tûkkhuan	VERB
âra tukkhuan	VERB
âra tûkkhuan	VERB
arbawm chhe lum	VERB
arbâwm chhe lum	VERB
arbawm thli len	VERB
arbâwm thli len	VERB
archang thiang tawn	VERB
archang ṭhiang tawn	VERB
archang țhiang tawn	VERB
arkai den	VERB
arkài den	VERB
ârkai den	VERB
ârkài den	VERB
arkai deng	VERB
arkai dêng	VERB
arkài deng	VERB
arkài dêng	VERB
ârkai deng	VERB
ârkai dêng	VERB
ârkài deng	VERB
ârkài dêng	VERB
arpa tlan	VERB
arpui mit men	VERB
arpui mit-men	VERB
arsi ek kai	VERB
arsi ek kâi	VERB
arsi êk kai	VERB
arsi êk kâi	VERB
arsi thlawh	VERB
arsi thlawk	VERB
arsi thlâwk	VERB
arte lukawn	VERB
arte lukàwn	VERB
arte thih	VERB
at bawraw	VERB
at báwraw	VERB
ât bawraw	VERB
ât báwraw	VERB
at huai	VERB
ât huai	VERB
aw ban	VERB
aw beu	VERB
aw bum	VERB
aw chhāng	VERB
aw chhuah	VERB
aw chhuak	VERB
aw pawh	VERB
aw teng	VERB
aw tèng	VERB
aw ṭeng	VERB
aw ṭèng	VERB
aw tham	VERB
aw thâm	VERB
aw then	VERB
aw thian	VERB
aw thum	VERB
aw thúm	VERB
aw tialvawm	VERB
aw ṭialvawm	VERB
aw tlawk	VERB
aw tliang	VERB
awh awm	VERB
awm a nuam	VERB
awm baw	VERB
awm bâw	VERB
awm bo	VERB
awm chilh	VERB
awm do	VERB
awm duai	VERB
awm eu	VERB
awm he	VERB
awm hè	VERB
awm hle hle	VERB
awm hlê hlê	VERB
awm hmun khuar	VERB
awm hmun siam	VERB
awm mar	VERB
awm mâr	VERB
awm ngai	VERB
awm ngai na hre lo	VERB
awm ni kham	VERB
awm ni khâm	VERB
awm pui	VERB
awm rep	VERB
awm rèp	VERB
awm run	VERB
awm rûn	VERB
awm sawm	VERB
awm sâwm	VERB
awm sual	VERB
awm tha hle hle	VERB
awm thle	VERB
awm tlei	VERB
awm tui	VERB
awm tui la	VERB
awmhmun bengbel	VERB
awmhmun bêngbel	VERB
awm-hmun khuar	VERB
awmhmun ngheh	VERB
awmhmun rem	VERB
awm-hmun siam	VERB
awmngaihna hre lo	VERB
awm-ngai-na hre lo	VERB
awmsual bawl	VERB
awmsual bâwl	VERB
awn chek	VERB
awn chêk	VERB
awp keu	VERB
awp kêu	VERB
ba ra khaih	VERB
bâ ra khaih	VERB
ba rum	VERB
ba sa ngam	VERB
bah thlu	VERB
bah thlù	VERB
bai bel tilian	VERB
bãk chhe len	VERB
bãk chhe lèn	VERB
bak sawn	VERB
bâk sâwn	VERB
bāka leh uai	VERB
bāka leh uài	VERB
ban lo	VERB
ban phar	VERB
bân phar	VERB
ban phawi	VERB
ban phàwi	VERB
ban tial	VERB
ban ṭial	VERB
bân tial	VERB
bân ṭial	VERB
banthal nawt	VERB
banthal nâwt	VERB
bari then	VERB
bari ṭhen	VERB
baw hlawp	VERB
bawh kan	VERB
bawh kân	VERB
bawhhla chham	VERB
bawl lo	VERB
bâwl lo	VERB
bawl nawmnah	VERB
bâwl nawmnah	VERB
bawlpui hmang	VERB
bàwlpui hmang	VERB
bawng dawh	VERB
bawng khalh	VERB
bâwng khalh	VERB
bawp khai	VERB
bawp kham	VERB
bâwp kham	VERB
bawp khawkherh	VERB
bawr khawm	VERB
bâwr khâwm	VERB
bawr run	VERB
bawrh chhuah	VERB
bawrh chhuak	VERB
be chhawhchhi	VERB
be chhe	VERB
be chhia	VERB
be chhuah	VERB
be hlui	VERB
be hru	VERB
be idawn	VERB
be isei	VERB
be pawp	VERB
bek chek	VERB
bêk chêk	VERB
bel bawm	VERB
bēl rawh	VERB
bel thlu	VERB
bēl vaw thiam	VERB
belh chhah	VERB
belh hlawm	VERB
bēlpa tawm	VERB
belte phai thei lo	VERB
belval kual theh	VERB
belvâl kual theh	VERB
bem va	VERB
bem vâ	VERB
ben bul	VERB
ben bûl	VERB
ben chawrh	VERB
ben harh	VERB
ben hlup	VERB
ben kawp	VERB
ben kâwp	VERB
ben thluk	VERB
ben thlûk	VERB
ben tlawn	VERB
ben tlâwn	VERB
beng len	VERB
beng lèn	VERB
beng thlep	VERB
beng tithlep	VERB
beng titlai	VERB
beng tivar	VERB
beng tlaithlak	VERB
beng tlaithlâk	VERB
beng tun	VERB
beng verh	VERB
benga cham	VERB
benga châm	VERB
bengbung tum	VERB
bengchhu ngawng	VERB
biak chhiat	VERB
biak lum lam	VERB
biak lum lâm	VERB
biak lûm lam	VERB
biak lûm lâm	VERB
bu hawm	VERB
bu hâwm	VERB
bu khuar	VERB
buai pui	VERB
buak lun	VERB
buak lûn	VERB
bual thlu	VERB
buan hrui tlal	VERB
buat saih	VERB
buh lak	VERB
buh thartem	VERB
buh thli	VERB
buh zah	VERB
buh zap	VERB
buh zâp	VERB
buhzing den	VERB
bun bichilh	VERB
būrchhe lan	VERB
būrchhe làn	VERB
cha chheh	VERB
cha chhep	VERB
chahbia kalh	VERB
chai chat	VERB
chai lo	VERB
chak ai hawlh	VERB
chak chak	VERB
chak khai tawl	VERB
chak khai tâwl	VERB
chakai khawrh	VERB
chakai meichhcr chhit	VERB
chakai meichher chhit	VERB
chakái meichher chhit	VERB
chakvak lo	VERB
chal beng	VERB
chal bêng	VERB
chal chang	VERB
chal dep	VERB
chal dêp	VERB
chal lui	VERB
chala chil hnawm	VERB
chala lei si	VERB
chalcha ek	VERB
chalcha êk	VERB
chan chhia	VERB
chan chhiat	VERB
chan tha	VERB
chan that	VERB
chang ngai	VERB
chàng ngai	VERB
chang tum	VERB
châng tum	VERB
changlawng bai	VERB
changlawng kheh	VERB
chat chhilh	VERB
chat lak	VERB
chat thla	VERB
chau hnap	VERB
chau hnâp	VERB
chau ngawih ngawih	VERB
chau ngâwih ngâwih	VERB
chaw bawh kan	VERB
chaw bawl	VERB
chaw bâwl	VERB
chaw chaw chhuak	VERB
chaw chhuak	VERB
chaw chhum	VERB
chaw dawh	VERB
chaw ei	VERB
chaw eipui	VERB
chaw fak	VERB
chaw fàk	VERB
chaw her	VERB
chaw hlui	VERB
chaw hrai	VERB
chaw hrâi	VERB
chaw khawl	VERB
chaw khâwl	VERB
chaw khawn	VERB
chaw khâwn	VERB
chaw khir	VERB
chaw kil	VERB
chaw kîl	VERB
chaw lawl	VERB
chaw lh	VERB
chaw liam	VERB
chaw ngawng	VERB
chaw nghei	VERB
chaw pawh	VERB
chaw pe	VERB
chaw pek	VERB
chaw pêk	VERB
chaw thlah	VERB
chaw tlang	VERB
chaw vai	VERB
chawei siam	VERB
chawfak zarzo	VERB
chawh buai	VERB
chawh chawk hnawk	VERB
chawh chawk rul rem	VERB
chawh chawk tho	VERB
chawh chhuah	VERB
chawh harh	VERB
chawh hlim	VERB
chawh hnawk	VERB
chawh kawi	VERB
chawh kâwi	VERB
chawh kuak	VERB
chawh phawn	VERB
chawh phuan	VERB
chawh rual	VERB
chawh rualrem	VERB
chawh thawh	VERB
chawhmeh siam	VERB
chawi lian	VERB
châwi lian	VERB
chawk bo	VERB
chawk buai	VERB
chawk chawk	VERB
chawk chhuak	VERB
chawk harh	VERB
chawk hlim	VERB
chawk hnawk	VERB
chawk kawi	VERB
chawk kâwi	VERB
chawk kawrawng	VERB
chawk khawl	VERB
chawk kil	VERB
chawk kua	VERB
chawk phawklak	VERB
chawk phawklek	VERB
chawk phawklék	VERB
chawk phawklêk	VERB
chawk phâwklek	VERB
chawk phâwklék	VERB
chawk phâwklêk	VERB
chawk phuan	VERB
chawk rual	VERB
chawk rual rem	VERB
chawk rualrem	VERB
chawk rual-rem	VERB
chawk tho	VERB
chawke lal	VERB
chawl hahdam	VERB
chàwl hahdam	VERB
chawl khaw thawng	VERB
chàwl khaw thawng	VERB
châwl khaw thawng	VERB
chawlak tha	VERB
chawlak ṭha	VERB
chawlâk tha	VERB
chawlâk ṭha	VERB
chawlh hahdam	VERB
chawlik lha	VERB
chawm dawl	VERB
chawm dâwl	VERB
chawm hlawm	VERB
chawm hlum	VERB
chawm hneh	VERB
cháwm hneh	VERB
châwm hneh	VERB
chawm rai	VERB
chawm tlei	VERB
chawm tléi	VERB
chawm tlêi	VERB
cháwm tlei	VERB
cháwm tléi	VERB
châwm tlei	VERB
châwm tlêi	VERB
chawn thep	VERB
chawn thêp	VERB
chawng buh den	VERB
chawng chen	VERB
chawng in deng	VERB
chawthleng ben buaksak	VERB
che buan	VERB
che che	VERB
che fuh	VERB
che hraw	VERB
che sual	VERB
che thap	VERB
che tlai	VERB
che tlâi	VERB
che vel	VERB
che vêl	VERB
chechang thei lo	VERB
chechàng thei lo	VERB
chechâng thei lo	VERB
cheh pawh	VERB
cheh ral	VERB
chei lian	VERB
chei mawi	VERB
chei mâwi	VERB
chelh lo	VERB
chem chawi za	VERB
chem hrah lai	VERB
chem kal	VERB
chem sen ruai	VERB
chem sen ten	VERB
chem tat	VERB
chem tât	VERB
chem teuh	VERB
chem ṭeuh	VERB
chemhrah lai	VERB
chemhrah lal	VERB
chemsen len	VERB
chemsen lên	VERB
chemsen ruai	VERB
chen chen	VERB
chen kual	VERB
chèn kual	VERB
cheng dek	VERB
cheng kual	VERB
cheng kuál	VERB
chêng kual	VERB
chêng kuál	VERB
chëng kual	VERB
chëng kuál	VERB
cheng pawl	VERB
cheng páwl	VERB
cheng pâwl	VERB
chéng pawl	VERB
chéng páwl	VERB
chêng pawl	VERB
chêng pâwl	VERB
cheng rang	VERB
cheng râng	VERB
cheng vawng	VERB
chengker kar	VERB
chep beh	VERB
chep bet	VERB
chep ral	VERB
chep tulh	VERB
cher cher	VERB
cher chingkim	VERB
cher sawng	VERB
cher sâwng	VERB
chér sawng	VERB
chér sâwng	VERB
cheraw kan	VERB
chet chet	VERB
chet dan	VERB
chet fuh	VERB
chêt fuh	VERB
chet thap	VERB
chêt thap	VERB
chet tlai	VERB
chet tlâi	VERB
chêt tlai	VERB
chêt tlâi	VERB
chet vel	VERB
chêt vêl	VERB
cheuh cheuh	VERB
chhai chhin	VERB
chhái chhin	VERB
chhai dang	VERB
chhaih a	VERB
chhaih buai	VERB
chhaih kawlh	VERB
chhailai di	VERB
chhak chhak	VERB
chhak chhhak	VERB
chhak chhuah	VERB
chhâk chhuah	VERB
chhak chhuak	VERB
chhak chhuák	VERB
chhak chhûak	VERB
chhâk chhuak	VERB
chhâk chhuák	VERB
chhâk chhuâk	VERB
chhâk chhûak	VERB
chhakchhuak hmun phiah	VERB
chhal dang	VERB
chhâl dang	VERB
chham ek	VERB
chhan den	VERB
chhan deng	VERB
chhan dêng	VERB
chhan him	VERB
chhang awm	VERB
chhang âwm	VERB
chhang chhan	VERB
chhâng chhan	VERB
chhang den	VERB
chhang deng	VERB
chhang dêng	VERB
chhang hem hmin	VERB
chhang hlawm	VERB
chhang hmeh	VERB
chhang hmeha hmet	VERB
chhang hmet	VERB
chhang kawi	VERB
chhang kàwi	VERB
chhâng kawi	VERB
chhâng kàwi	VERB
chhâng kâwi	VERB
chhang zing	VERB
chhang zîng	VERB
chhawhchhi buhpawlh	VERB
chhawhia thlawk	VERB
chhawihfa thlawk	VERB
chhawihfa thlâwk	VERB
chhawk chhawk	VERB
chhawl dab	VERB
chhawl dah	VERB
chhâwl dah	VERB
chhāwl dah	VERB
chhawl phah dun	VERB
chhawl phah dûn	VERB
chhâwl phah dun	VERB
chhâwl phah dûn	VERB
chhāwl phah dun	VERB
chhāwl phah dûn	VERB
chhawng chhawng	VERB
chhawng hnawh	VERB
chháwng hnawh	VERB
chhawng hnawt	VERB
chhawr fe	VERB
chhawr fê	VERB
chhawr fem	VERB
chhawr ft	VERB
chhawr ie	VERB
chhawrpial run	VERB
chhe chhiat	VERB
chhe har	VERB
chhe zawk	VERB
chheh darh	VERB
chheh khalh	VERB
chheh khawm	VERB
chheh khâwm	VERB
chheh rual	VERB
chhei khaw	VERB
chhek arbawm	VERB
chhek arbàwm	VERB
chhek arbâwm	VERB
chhek chhek	VERB
chhek khawl	VERB
chhek khâwl	VERB
chhêk khawl	VERB
chhêk khâwl	VERB
chhelh chhawlh	VERB
chhem alh	VERB
chhêm alh	VERB
chhem len	VERB
chhêm len	VERB
chhem leng	VERB
chhêm lêng	VERB
chhem mih	VERB
chhem mit	VERB
chhêm mit	VERB
chhem nghin	VERB
chhem nghîn	VERB
chhêm nghin	VERB
chhêm nghîn	VERB
chhem nghing	VERB
chhem nghíng	VERB
chhêm nghing	VERB
chhêm nghíng	VERB
chhem ri	VERB
chhêm ri	VERB
chhem rik	VERB
chhêm rik	VERB
chhen ban	VERB
chhep darh	VERB
chhep khawm	VERB
chhep khâwm	VERB
chhep rual	VERB
chher chhuan	VERB
chhi chhat	VERB
chhia chham	VERB
chhia va	VERB
chhiah khua	VERB
chhiar chhuah	VERB
chhiar chhuak	VERB
chhiat tawk	VERB
chhimbal zam	VERB
chhimbal zâm	VERB
chhimbăl zam	VERB
chhimbăl zâm	VERB
chhimbuk tui birh	VERB
chhimbuk tuí bírh	VERB
chhin chhia	VERB
chhin chhiah	VERB
chhin up	VERB
chhinchhiahna tar	VERB
chhinchhiahna târ	VERB
chhing chheng	VERB
chhip chuan	VERB
chhip thlak	VERB
chhip thlâk	VERB
chho ulh	VERB
chhu dip	VERB
chhu hrawt	VERB
chhu hur	VERB
chhu kaw ping	VERB
chhu keh	VERB
chhu mam	VERB
chhu mâm	VERB
chhu muk	VERB
chhu ngawn	VERB
chhu ngawng	VERB
chhu ur	VERB
chhu ûr	VERB
chhuah chhal	VERB
chhuah chhawng	VERB
chhuanmang rorel	VERB
chhuanmang rorêl	VERB
chhuat laizawl	VERB
chhuat phah	VERB
chhui tang	VERB
chhui tla	VERB
chhuih palh	VERB
chhuk thia	VERB
chhuk thla	VERB
chhul tla	VERB
chhul tlâ	VERB
chhûl tla	VERB
chhûl tlâ	VERB
chhum hmin	VERB
chhum mam	VERB
chhum mâm	VERB
chhum zin	VERB
chhum zing	VERB
chhum zun	VERB
chhun en	VERB
chhùn en	VERB
chhun eng	VERB
chhun éng	VERB
chhun êng	VERB
chhùn eng	VERB
chhùn êng	VERB
chhun kalh	VERB
chhun khah	VERB
chhun pawn	VERB
chhun pàwn	VERB
chhun pâwn	VERB
chhùn pawn	VERB
chhùn pàwn	VERB
chhûn pawn	VERB
chhûn pâwn	VERB
chhun suh	VERB
chhung khat	VERB
chhûng khat	VERB
chhung len	VERB
chhung lèn	VERB
chhûng len	VERB
chhûng lèn	VERB
chhung pawng	VERB
chhung páwng	VERB
chhúng pawng	VERB
chhúng páwng	VERB
chhûng pawng	VERB
chhung ten	VERB
chhung vum	VERB
chhûng vûm	VERB
chhungkaw puipa	VERB
chhungkhat bawl	VERB
chhungkhat bàwl	VERB
chhungkhat bâwl	VERB
chhûngkhat bawl	VERB
chhûngkhat bàwl	VERB
chhûngkhat bâwl	VERB
chhungphum a nei	VERB
chhûngphûm a nei	VERB
chhungril ril	VERB
chhungthia hual	VERB
chhûngthia hual	VERB
chhungthla hual	VERB
chhûngthla hual	VERB
chhura buh en	VERB
chhûra buh en	VERB
chhut chhuah	VERB
chhut chhuak	VERB
chhut dip	VERB
chhut keh	VERB
chhut ngawn	VERB
chi ai	VERB
chi ái	VERB
chi bai buk	VERB
chi bai bûk	VERB
chi chat	VERB
chi chât	VERB
chi di	VERB
chi khawn	VERB
chi khawn ding	VERB
chi khâwn ding	VERB
chi mit	VERB
chi puakhlawh	VERB
chi rawt	VERB
chi rawt lung	VERB
chi tat	VERB
chi tât	VERB
chi uan	VERB
chiah chhuah	VERB
chiah chhuak	VERB
chiah chiah	VERB
chiah hneh	VERB
chiah hnip	VERB
chiah phil	VERB
chiah phîl	VERB
chiah pil	VERB
chiai chiai	VERB
chiau vak vak	VERB
chiâu vak vak	VERB
chibai buk	VERB
chibai bûk	VERB
chi-khawn ding	VERB
chi-khâwn ding	VERB
chil chhak	VERB
chil chhâk	VERB
chil chhak ru	VERB
chil chhâk ru	VERB
chil chhak ruk	VERB
chil chhak rûk	VERB
chil chhâk ruk	VERB
chil chhâk rûk	VERB
chil chhakhum	VERB
chil chhâkhum	VERB
chil chhakkhum	VERB
chil chhâkkhum	VERB
chil diah	VERB
chil kang	VERB
chil kâng	VERB
chil put	VERB
chil thi	VERB
chilhna kua	VERB
chilper ui	VERB
chilphuan chhuah	VERB
chilphuan chhuak	VERB
chilthli dawmna	VERB
chim buai	VERB
chîm buai	VERB
chim buak	VERB
chîm buak	VERB
chim lim	VERB
chim pil	VERB
chîm pil	VERB
chim ral	VERB
chin bituk	VERB
chin chiah	VERB
chin hria	VERB
chin hriat	VERB
chin loh chhing	VERB
chin loh chhîng	VERB
chin loh chin	VERB
chin loh chîn	VERB
chinai lung	VERB
ching al dil din	VERB
ching al dîl din	VERB
ching hrep	VERB
ching ngai	VERB
ching-al dil din	VERB
ching-al dîl din	VERB
chingal thlawr	VERB
chip chep	VERB
chipchiar takin	VERB
chir chir	VERB
chîr chîr	VERB
chirh theh	VERB
chiseh lamna	VERB
chitha vawr	VERB
chitha vâwr	VERB
cho chhuah	VERB
cho chhuak	VERB
cho zawh	VERB
cho zo	VERB
choaka van um	VERB
chu ap	VERB
chu kha	VERB
chu khâ	VERB
chû kha	VERB
chû khâ	VERB
chu veleh	VERB
chuai zo	VERB
chual zo	VERB
chuan chhan	VERB
chuan chhuah	VERB
chuan chhuak	VERB
chuang chhuak	VERB
chuap chuap	VERB
chuar chuar	VERB
chul mam	VERB
chul mâm	VERB
chûl mam	VERB
chûl mâm	VERB
chul rih	VERB
chul rit	VERB
dab sawn	VERB
dah ang e	VERB
dah bo	VERB
dah dai	VERB
dah dài	VERB
dah daih	VERB
dah fel	VERB
dah hran	VERB
dah hrang	VERB
dah hul	VERB
dah khawl	VERB
dah khâwl	VERB
dah ro	VERB
dah sawn	VERB
dah tha	VERB
dah ṭha	VERB
dah țha	VERB
dai tla	VERB
dai tlâ	VERB
dài tla	VERB
dài tlâ	VERB
dai tlak	VERB
dai tlâk	VERB
dài tlak	VERB
dài tlâk	VERB
daibawl hmang	VERB
daibàwl hmang	VERB
dâibawl hmang	VERB
dâibàwl hmang	VERB
dâibâwl hmang	VERB
daifim haw	VERB
daifîm haw	VERB
dàifim haw	VERB
dàifîm haw	VERB
daifim hua	VERB
daifîm hua	VERB
dàifim hua	VERB
dàifîm hua	VERB
daifim huat	VERB
daifîm huat	VERB
dàifim huat	VERB
dàifîm huat	VERB
daihlim zar	VERB
daihlim zàr	VERB
daihlim zâr	VERB
daihlim zir	VERB
dailen chuah	VERB
dailên chuah	VERB
dak chhuah	VERB
dâk chhuah	VERB
dak chhuak	VERB
dâk chhuak	VERB
daka thawn	VERB
dam dam	VERB
dam khawchhuak	VERB
damsam lo	VERB
dan kir	VERB
dang khira mu	VERB
dang kir	VERB
dang kirr	VERB
dangkhara mu	VERB
dangkhâra mu	VERB
dap chawp	VERB
dap chhuah	VERB
dap chhuak	VERB
dap fel	VERB
dap vel	VERB
dap vêl	VERB
dap vll	VERB
dar dar	VERB
darpa zangnei	VERB
daw hawih	VERB
daw hâwih	VERB
dawi bo	VERB
dâwi bo	VERB
dawi chhui	VERB
dâwi chhui	VERB
dawi eipui	VERB
dâwi eipui	VERB
dawi lo	VERB
dawi sa kil	VERB
dawi sa kîl	VERB
dâwi sa kil	VERB
dâwi sa kîl	VERB
dawi suh	VERB
dâwi suh	VERB
dawi sut	VERB
dawi sût	VERB
dâwi sut	VERB
dâwi sût	VERB
dawk chhuak	VERB
dâwk chhuak	VERB
dawl li	VERB
dâwl li	VERB
dawl thlikthlawk	VERB
dawl zawh	VERB
dàwl zawh	VERB
dâwl zawh	VERB
dawl zawl	VERB
dâwl zâwl	VERB
dawl zawra zawr	VERB
dawl zo	VERB
dâwl zo	VERB
dawl zo lo	VERB
dàwl zo lo	VERB
dawlzawra zawr	VERB
dawm dawm	VERB
dawm ding	VERB
dawm hlum	VERB
dawm kang	VERB
dâwm kang	VERB
dawm zui	VERB
dawn lai	VERB
dawn puan phah	VERB
dâwn puan phah	VERB
dawn zo lo	VERB
dâwn zo lo	VERB
dawng chhawng	VERB
dawng chháwng	VERB
dawng thlawn	VERB
dâwng thlawn	VERB
dawp lawk	VERB
dâwp lâwk	VERB
dawt dawt	VERB
dawt hlum	VERB
dâwt hlum	VERB
dawt hman	VERB
dâwt hman	VERB
dawt hmang	VERB
dâwt hmang	VERB
dawt sawi	VERB
dâwt sawi	VERB
dawt sawi hmang	VERB
dâwt sawi hmang	VERB
de chuai	VERB
de ve ve	VERB
de vu vu	VERB
de zawk	VERB
de zawk zawk	VERB
de zawr	VERB
de zawr zawr	VERB
deh chet	VERB
deh chêt	VERB
deh chhuah	VERB
deh ral	VERB
deh thiam	VERB
dek che	VERB
dek chet	VERB
dek chhuak	VERB
dek ral	VERB
delh bet	VERB
delh ngil	VERB
delh ngîl	VERB
dem bel	VERB
den den	VERB
deng belhbawm	VERB
deng chhuah	VERB
dêng chhuah	VERB
deng chhuak	VERB
dêng chhuak	VERB
det chuai	VERB
dêt chuai	VERB
det zawk	VERB
dêt zawk	VERB
det zawk zawk	VERB
dêt zawk zawk	VERB
det zawr	VERB
dêt zawr	VERB
det zawr zawr	VERB
dêt zawr zawr	VERB
deu chhuan	VERB
deu chhuang	VERB
deuh hlek	VERB
deusa wh	VERB
di chih	VERB
diai diai	VERB
diar khim	VERB
diar lo	VERB
diàr lo	VERB
diau lo	VERB
dih hak	VERB
dih hek	VERB
dih hêk	VERB
dikdak lo	VERB
dikdâk lo	VERB
dil chhuah	VERB
dil chhuak	VERB
dil chiam	VERB
dim lo	VERB
dim thiam	VERB
dimduai lo	VERB
din chan	VERB
din char	VERB
din chhuah	VERB
din chhuak	VERB
din chilh	VERB
din din chhuah	VERB
din dingchhuak	VERB
din hual	VERB
dinchan khalh	VERB
ding chang	VERB
ding char	VERB
ding chhuah	VERB
ding chhuak	VERB
ding dawl	VERB
ding dawt	VERB
ding hawn	VERB
ding khaw chhuak	VERB
ding lam	VERB
ding ngil	VERB
ding ngîl	VERB
ding zum	VERB
dingchung na	VERB
dingchung nat	VERB
dingdi puantah	VERB
dingdihlipa thlir	VERB
dingdihlîpa thlir	VERB
dip ral	VERB
díp ral	VERB
dit hek	VERB
dit hêk	VERB
dît hek	VERB
dît hêk	VERB
dit zawr	VERB
du ru suih	VERB
dû ru suih	VERB
e kham	VERB
eh loh	VERB
ei da	VERB
ei dà	VERB
eih a	VERB
eih bun	VERB
eih bung	VERB
ek chhuak	VERB
êk chhuak	VERB
ek kham	VERB
ek lung	VERB
ek rih	VERB
êk rih	VERB
ekcheh kal	VERB
êkcheh kal	VERB
ekcheh thut	VERB
ekcheh ṭhut	VERB
êkcheh thut	VERB
êkcheh ṭhut	VERB
el nei	VERB
elh bung	VERB
elh kual	VERB
elh kul	VERB
elh kûl	VERB
elh tliak	VERB
em ro	VERB
em uh	VERB
em ut	VERB
em ût	VERB
en hlawh	VERB
en reng	VERB
en ru	VERB
en ruk	VERB
en rûk	VERB
en thangtlawm	VERB
en thlangtlawm	VERB
en thlangtlâwm	VERB
en zawr	VERB
en zo lo	VERB
en zui	VERB
ena en	VERB
enchian dawl	VERB
eng emaw	VERB
eng hnung puak	VERB
eng hunah emaw	VERB
eng lep lep	VERB
eng tithawl	VERB
eng tithâwl	VERB
engti pawhin	VERB
ennawm chhuah	VERB
er lawk	VERB
er lâwk	VERB
erkawn zik	VERB
erkawn zîk	VERB
fa dam	VERB
fa nei lo	VERB
fa tlum	VERB
fa tulpui	VERB
fa ṭulpui	VERB
fah awh	VERB
fah chhan	VERB
fah chhuah	VERB
fah hla chham	VERB
fah lam	VERB
fahrah ben	VERB
fai chhuan	VERB
fai chhuang	VERB
fai darh	VERB
fai ip	VERB
fai ret	VERB
fai rêt	VERB
fái ret	VERB
fái rêt	VERB
fai vek	VERB
fái vek	VERB
fait nghah	VERB
fait nghat	VERB
fak chak	VERB
fak fak	VERB
fak hlawh	VERB
fak tlak	VERB
fak tlâk	VERB
fal chhuan	VERB
fal chhuang	VERB
fam tian	VERB
fam tla	VERB
fam tlak	VERB
fan bik nei	VERB
fan chhuah	VERB
fan chhuak	VERB
fan chih	VERB
fan chip	VERB
fan fan chhuah	VERB
fan fuh	VERB
fan lam nei	VERB
fan rual	VERB
fanai bawkbawn	VERB
fang chip	VERB
fang dang pawm	VERB
fang fuh	VERB
fang kai	VERB
fang rual	VERB
fang vak	VERB
fap chhuah	VERB
fap chhuak	VERB
far thla	VERB
far thlâ	VERB
fathang chhung	VERB
fathang chhûng	VERB
favai thap ang	VERB
fawh bur	VERB
fawh da	VERB
fawh dak	VERB
fawh dâk	VERB
fawh fe	VERB
fawh fê	VERB
fawh fu	VERB
fawh fû	VERB
fawih ral	VERB
fawk chhia	VERB
fawn bua	VERB
fâwn bua	VERB
fawn chho	VERB
fâwn chho	VERB
fawn liam	VERB
fâwn liam	VERB
fawng thei	VERB
fawng thla uap	VERB
fawng thlamuan	VERB
fawngkam hlei	VERB
fawngkama tiam	VERB
fawngte lukhum	VERB
fawp da	VERB
fâwp dâ	VERB
fawp fe	VERB
fawp fê	VERB
fâwp fe	VERB
fâwp fê	VERB
fawp fu	VERB
fawp fû	VERB
fâwp fu	VERB
fâwp fû	VERB
feh hmakhalh	VERB
fi hmawk	VERB
fiak tum	VERB
fiak turn	VERB
fiamthu a thiam hle	VERB
fiâmthu a thiam hle	VERB
fiamthu hre lo	VERB
fiâmthu hre lo	VERB
fiamthu la	VERB
fiâmthu la	VERB
fiamthu lak	VERB
fiâmthu lâk	VERB
fiamthu len	VERB
fiamthu lên	VERB
fiâmthu len	VERB
fiâmthu lên	VERB
fiamthu rawlh	VERB
fiâmthu rawlh	VERB
fiamthu thawh	VERB
fiâmthu thawh	VERB
fian bawm	VERB
fiara tui	VERB
fik hmawk	VERB
fin hneh	VERB
fin khawm	VERB
fin leh varna	VERB
fin var	VERB
fin vâr	VERB
fîn var	VERB
fîn vâr	VERB
fin vervek	VERB
fin vervêk	VERB
fing var	VERB
fing vâr	VERB
fing var vervek	VERB
fing var vêrvêk	VERB
fing vâr vervek	VERB
fing vâr vêrvêk	VERB
fing vervek	VERB
fing vervêk	VERB
fing vêrvêk	VERB
fir fer	VERB
fu her	VERB
fuan khawm	VERB
fuan khâwm	VERB
fuán khawm	VERB
fuán khâwm	VERB
fung bun	VERB
funpui er	VERB
fûnpui er	VERB
gawl pe	VERB
ha filial	VERB
ha ha	VERB
ha hnawh	VERB
ha kuh	VERB
ha lan	VERB
ha lang	VERB
ha muat	VERB
ha muât	VERB
ha na	VERB
ha nâ	VERB
ha nat	VERB
ha nawhna	VERB
ha nawhna hlo	VERB
ha ro	VERB
ha seh	VERB
ha tang	VERB
ha ṭang	VERB
ha țang	VERB
ha thar	VERB
ha thial	VERB
ha ṭhial	VERB
ha țhial	VERB
ha tim	VERB
ha ṭim	VERB
ha țim	VERB
ha titim	VERB
ha tiṭim	VERB
ha tițim	VERB
ha țițim	VERB
ha tiziau	VERB
ha ui ngho	VERB
ha ziau	VERB
ha zíau	VERB
hachang thial	VERB
hachang ṭhial	VERB
hah hnep	VERB
hah hnêp	VERB
hah hrep	VERB
hah zu	VERB
hahchhiau chhuak	VERB
hahni puam	VERB
hahni puâm	VERB
hai chhuah	VERB
hâi chhuah	VERB
hai chhuak	VERB
hâi chhuak	VERB
hai dil	VERB
hai dîl	VERB
hài dil	VERB
hài dîl	VERB
hâi dil	VERB
hâi dîl	VERB
hai haih	VERB
hai lungmawl	VERB
hai mup	VERB
haî mup	VERB
hai puah	VERB
hai rual	VERB
hâi rual	VERB
hai then	VERB
hai ṭhen	VERB
hai țhen	VERB
hâi then	VERB
hâi ṭhen	VERB
hâi țhen	VERB
hailawn no	VERB
hâilâwn no	VERB
hak chham	VERB
hâk chham	VERB
hak fawng hmun	VERB
hâk fawng hmun	VERB
hak hak	VERB
hak ro	VERB
hâk ro	VERB
hak tan	VERB
hak ṭan	VERB
hak țan	VERB
hâk tan	VERB
hâk ṭan	VERB
hâk țan	VERB
hak-fawng hmun	VERB
hâk-fawng hmun	VERB
hal khalh	VERB
hâl khalh	VERB
hal lan	VERB
hal lang	VERB
hal puah	VERB
hâl puah	VERB
hal puak	VERB
hâl puâk	VERB
ham chan	VERB
ham chang	VERB
ham chhuah	VERB
ham chhuak	VERB
ham khawk	VERB
hâm khâwk	VERB
ham puar	VERB
ham puâr	VERB
hàm puar	VERB
hàm puâr	VERB
hâm puar	VERB
hâm puâr	VERB
ham ri	VERB
ham rî	VERB
hâm ri	VERB
ham rik	VERB
han han	VERB
hang so	VERB
hâng so	VERB
harh chhuak	VERB
hau tap	VERB
hau ṭap	VERB
hâu tap	VERB
hâu ṭap	VERB
hau titak	VERB
háu titak	VERB
hauhuk par tlan	VERB
hauka tuk	VERB
hausak tawntaw kum	VERB
haw haw	VERB
hawh hawh	VERB
hawi hawi	VERB
hawi lo	VERB
hawi tau	VERB
hawi tàu	VERB
hawi tâu	VERB
hawi taw	VERB
hawi tâw	VERB
hawi tawi	VERB
hawi tâwi	VERB
hawi thaw	VERB
hawi thâw	VERB
hawi thawt	VERB
hawi thâwt	VERB
hawi tlu	VERB
hawi vai	VERB
hawi vâi	VERB
hawi vel	VERB
hawi vêl	VERB
hawk hawk	VERB
hawki khel	VERB
hawki khêl	VERB
hawl fai	VERB
hawl fái	VERB
hawl fâi	VERB
hâwl fai	VERB
hâwl fái	VERB
hawl hawl	VERB
hawlh bun	VERB
hawlh bung	VERB
hawlh fai	VERB
hawlh fái	VERB
hawlh fii	VERB
hawlh muk	VERB
hawm hawm	VERB
hawn thawt	VERB
hawn thâwt	VERB
hawng thaw	VERB
hawng thâw	VERB
hawrh zawk	VERB
he heu	VERB
he hêu	VERB
heh awrha tan	VERB
heh awrha ṭan	VERB
heh awrha tang	VERB
heh awrha ṭang	VERB
heh chhah	VERB
heh peh	VERB
heh pet	VERB
heh petin	VERB
heh sawi	VERB
heh sàwi	VERB
heh sawih	VERB
heh thlawk	VERB
heh thlâwk	VERB
heh zuk	VERB
heh zûk	VERB
hek lo	VERB
hel hmang	VERB
hem dum	VERB
hem fung	VERB
hêm fung	VERB
hem hang	VERB
hem hâng	VERB
hem hem	VERB
hem hmin	VERB
hem khawk	VERB
hem khâwk	VERB
hêm khawk	VERB
hêm khâwk	VERB
hem ri	VERB
hêm ri	VERB
hem rik	VERB
hêm rik	VERB
hem ro	VERB
hem sei	VERB
hêm sei	VERB
hem thlak	VERB
hem thlâk	VERB
hêm thlak	VERB
hêm thlâk	VERB
hem thlik	VERB
hem thlu	VERB
hem thluk	VERB
hem thlûk	VERB
hem tui	VERB
hem uh	VERB
hem un	VERB
hem ung	VERB
hem ut	VERB
hem út	VERB
hem ût	VERB
her mual	VERB
her sawm	VERB
herh alh	VERB
herh chhuah	VERB
herh chhuak	VERB
herh hniam	VERB
herh lit	VERB
herh lut	VERB
herh lût	VERB
herh sawn	VERB
herh tlum	VERB
hi dil	VERB
hian chhuah	VERB
hiar hiar	VERB
him takin	VERB
hip lut	VERB
hip lût	VERB
hîp lut	VERB
hîp lût	VERB
hla chham	VERB
hla la	VERB
hlá la	VERB
hla lak	VERB
hla làk	VERB
hlá lak	VERB
hlá làk	VERB
hlado chham	VERB
hlam puan	VERB
hlam sam	VERB
hlam tan	VERB
hlam tân	VERB
hlam tang	VERB
hlam tâng	VERB
hlam tla	VERB
hlam tlak	VERB
hlam tlâk	VERB
hlan chhawn	VERB
hlan chhàwn	VERB
hlân chhâwn	VERB
hlan chhawng	VERB
hlan chhâwng	VERB
hlàn chhawng	VERB
hlàn chhâwng	VERB
hlan chhoh	VERB
hlàn chhoh	VERB
hlan chhuah	VERB
hlàn chhuah	VERB
hlan chhuk	VERB
hlàn chhuk	VERB
hlang chhawng	VERB
hlâng chhâwng	VERB
hlang chhawngtu	VERB
hlang chho	VERB
hlâng chho	VERB
hlang chhuak	VERB
hlâng chhuak	VERB
hlang chhuk	VERB
hlâng chhuk	VERB
hlang thla	VERB
hlang thlà	VERB
hlâng thla	VERB
hlâng thlà	VERB
hlau hlawpin	VERB
hlauh biak	VERB
hlauh hmang	VERB
hlauh nuih	VERB
hlauh pek	VERB
hlauh pêk	VERB
hlauh thawnpuiawm	VERB
hlauh tlawn	VERB
hlauhthawn thuah	VERB
hlawh chhuah	VERB
hlawh chhuak	VERB
hlawh tlintir	VERB
hlawih hlawih	VERB
hlawp hlawp	VERB
hleh thlak	VERB
hleh thlâk	VERB
hleh thlik	VERB
hlei idn	VERB
hlei len	VERB
hlei lèn	VERB
hlei zawng	VERB
hleih hleih	VERB
hleih nei	VERB
hleih nei lo	VERB
hleih neih	VERB
hlek hlek	VERB
hlek lo	VERB
hlep hlep	VERB
hlep ru	VERB
hlep rû	VERB
hlêp ru	VERB
hlêp rû	VERB
hlep ruk	VERB
hlep rûk	VERB
hlêp ruk	VERB
hlêp rûk	VERB
hlep thia	VERB
hlep thla	VERB
hliah hliah	VERB
hliau hliau	VERB
hlih kian	VERB
hlih thlak	VERB
hlih thlâk	VERB
hlim hlawl	VERB
hlim hmel pu	VERB
hlim hmêl pu	VERB
hlim hmel put	VERB
hlim hmêl put	VERB
hlim la	VERB
hlim lak	VERB
hlim lâk	VERB
hling khei	VERB
hlîng khei	VERB
hlip kiang	VERB
hlîp kiang	VERB
hlip thla	VERB
hlîp thla	VERB
hlir hlak	VERB
hlir hrang	VERB
hlír hrang	VERB
hlîr hrang	VERB
hlo hnamih	VERB
hlo hnawih	VERB
hlo nuar	VERB
hlu hlang	VERB
hlu hlâng	VERB
hluk chawm	VERB
hluk chàwm	VERB
hluk châwm	VERB
hlum na	VERB
hlum nâ	VERB
hlúm na	VERB
hlúm nâ	VERB
hlûm na	VERB
hlûm nâ	VERB
hlum nat	VERB
hlûm nat	VERB
hlum so	VERB
hma chu	VERB
hma hur tak	VERB
hma lam hnawt	VERB
hma lam inchhawn	VERB
hma lam sawn	VERB
hma lam sâwn	VERB
hma lan	VERB
hma lang	VERB
hma loh chu	VERB
hma loh chuan	VERB
hma ngai	VERB
hma ngâi	VERB
hma ngaih	VERB
hma zawng	VERB
hma zim	VERB
hmabak sawn	VERB
hmabâk sâwn	VERB
hmai bial	VERB
hmai dak	VERB
hmai dâk	VERB
hmái dak	VERB
hmái dâk	VERB
hmai er	VERB
hmái er	VERB
hmai fai duh	VERB
hmái fái duh	VERB
hmai fainaa	VERB
hmai hriam	VERB
hmai huh	VERB
hmai hup	VERB
hmai khap lo	VERB
hmai khuh	VERB
hmai lo	VERB
hmài lo	VERB
hmâi lo	VERB
hmai phih	VERB
hmái phih	VERB
hmai tithuar	VERB
hmai tithuàr	VERB
hmai tithuâr	VERB
hmái tithuar	VERB
hmái tithuàr	VERB
hmái tithuâr	VERB
hmaih thelh	VERB
hmaih ṭhelh	VERB
hmaihmawk	 intihmaimawk	VERB
hmaihmâwk	 intihmaimâwk	VERB
hmáihmawk	 intihmáimawk	VERB
hmáihmâwk	 intihmáimâwk	VERB
hmakhaw ngai	VERB
hmakhua sial	VERB
hmâkhua sial	VERB
hmalam chhawn	VERB
hman chhiat	VERB
hman chhiât	VERB
hman daihzai	VERB
hman daihzâi	VERB
hman dik loh	VERB
hman lawk	VERB
hman lawkah	VERB
hman rad	VERB
hman ral	VERB
hman rim	VERB
hman that	VERB
hman ṭhat	VERB
hman țhat	VERB
hman tlak	VERB
hman zai	VERB
hmang chhia	VERB
hmang daihzai	VERB
hmang dik lo	VERB
hmang ral	VERB
hmang rim	VERB
hmang rîm	VERB
hmang tha	VERB
hmang ṭha	VERB
hmang zai	VERB
hmang zâi	VERB
hmangaih thla la	VERB
hmangchang hria	VERB
hmangchâng hria	VERB
hmasa ber	VERB
hmasak ber	VERB
hmasak khalh	VERB
hmate sei	VERB
hmate var	VERB
hmawng tak	VERB
hmeh bei	VERB
hmeh dap	VERB
hmeh hlawm	VERB
hmeh hlâwm	VERB
hmeh hlum	VERB
hmeh khang	VERB
hmeh mih	VERB
hmeh mit	VERB
hmeh perna	VERB
hmeh rem	VERB
hmeh rik	VERB
hmeh ro	VERB
hmeh thleh	VERB
hmehbur khawn	VERB
hmehbur khawn mi	VERB
hmei fa	VERB
hmeichhiat hre	VERB
hmeichhiat hria	VERB
hmeithai bangpui tah	VERB
hmeithai chem tah	VERB
hmeithal bangpui tah	VERB
hmel duh	VERB
hmêl duh	VERB
hmel dur	VERB
hmêl dur	VERB
hmel hre	VERB
hmêl hre	VERB
hmel hria	VERB
hmêl hria	VERB
hmel hriat	VERB
hmêl hriat	VERB
hmel huat	VERB
hmel huât	VERB
hmêl huat	VERB
hmêl huât	VERB
hmel lawm tak pu	VERB
hmel lâwm tak pu	VERB
hmêl lawm tak pu	VERB
hmêl lâwm tak pu	VERB
hmel tihem	VERB
hmêl tihem	VERB
hmelhem lo	VERB
hmêlhem lo	VERB
hmer kawp	VERB
hmer khawm	VERB
hmer khâwm	VERB
hmer tel	VERB
hmerh hmerh	VERB
hmet bei	VERB
hmet bel	VERB
hmet hlawm	VERB
hmet hlâwm	VERB
hmet hlum	VERB
hmet khang	VERB
hmet mit	VERB
hmet rau	VERB
hmet rem	VERB
hmet ri	VERB
hmet rî	VERB
hmet ro	VERB
hmet thlep	VERB
hmin hlel	VERB
hmin hlelh	VERB
hmin lo	VERB
hmin loh	VERB
hmin tha	VERB
hmin tuah	VERB
hming awm	VERB
hming chawi	VERB
hming châwi	VERB
hming chawimawi	VERB
hming châwimâwi	VERB
hming chawl	VERB
hming chhal	VERB
hming chhâl	VERB
hming chhe	VERB
hming chhe chhilh	VERB
hming chhia	VERB
hming chhia chhilh	VERB
hming chhiat	VERB
hming chhilh	VERB
hming dai	VERB
hming dâi	VERB
hming daih	VERB
hming der	VERB
hming intawm	VERB
hming intâwm	VERB
hming inṭawm	VERB
hming inṭâwm	VERB
hming lem	VERB
hming pu	VERB
hming put	VERB
hming sa	VERB
hming sak	VERB
hming tawm	VERB
hming tâwm	VERB
hming ṭawm	VERB
hming ṭâwm	VERB
hming tichhe	VERB
hming tichhia	VERB
hming tihchhiat	VERB
hming tihliau	VERB
hming tihliâu	VERB
hming tithang	VERB
hmu belbing	VERB
hmu bial	VERB
hmu chhe	VERB
hmu chhia	VERB
hmu chhiat	VERB
hmu chhuah	VERB
hmu chhuak	VERB
hmu mawh	VERB
hmu nau	VERB
hmu nâu	VERB
hmu pavawh	VERB
hmu pawl	VERB
hmu pawp	VERB
hmu pawwawh	VERB
hmu riai ruai	VERB
hmu riái ruai	VERB
hmû riai ruai	VERB
hmû riái ruai	VERB
hmu rial ruai	VERB
hmu sual	VERB
hmu ta	VERB
hmu te	VERB
hmu tê	VERB
hmu tha	VERB
hmu ṭha	VERB
hmu tham lo	VERB
hmu thei lo	VERB
hmu thelh	VERB
hmu ṭhelh	VERB
hmu thiam	VERB
hmu tlang	VERB
hmu tui io	VERB
hmu tui lo	VERB
hmu zuam lo	VERB
hmuh hrehawm	VERB
hmuh nau	VERB
hmuh nâu	VERB
hmuh nei	VERB
hmuh neih	VERB
hmuh nel	VERB
hmuh nelh	VERB
hmuh pawh	VERB
hmuh sual	VERB
hmuh tet	VERB
hmuh têt	VERB
hmuh tham loh	VERB
hmuh that	VERB
hmuh ṭhat	VERB
hmuh theih loh	VERB
hmuh thiam	VERB
hmuh tlang	VERB
hmuhnawm chhuah	VERB
hmui bum lian	VERB
hmui chip	VERB
hmui chîp	VERB
hmùi chip	VERB
hmùi chîp	VERB
hmui chung lam	VERB
hmui huh	VERB
hmûi huh	VERB
hmui hup	VERB
hmûi hup	VERB
hmui kai	VERB
hmui kaih	VERB
hmui kawn	VERB
hmui kawng	VERB
hmui kiai	VERB
hmui pawh	VERB
hmui pawt	VERB
hmui phuar	VERB
hmui phuâr	VERB
hmùi phuar	VERB
hmùi phuâr	VERB
hmui phun	VERB
hmûi phun	VERB
hmuithal bawm	VERB
hmul kawn	VERB
hmul kâwn	VERB
hmul kawng	VERB
hmul kâwng	VERB
hmul pawh	VERB
hmul pawt	VERB
hmul til	VERB
hmul ṭil	VERB
hmul tilh	VERB
hmul ṭilh	VERB
hmul tla	VERB
hmul tlak	VERB
hmul tlâk	VERB
hmulchhe tla	VERB
hmulphurh chhe	VERB
hmulphurh chhia	VERB
hmulphurh chhiat	VERB
hmulthi din	VERB
hmulthi ding	VERB
hmun kian	VERB
hmun kiàn	VERB
hmun sawn	VERB
hmunphiah kak	VERB
hmunphiah keh	VERB
hmunphiah kek	VERB
hmunphiah kêk	VERB
hmur zum	VERB
hmûr zum	VERB
hna duh	VERB
hna heh	VERB
hna kin	VERB
hna u	VERB
hnah bawl	VERB
hnah zai	VERB
hnahthial uifawm	VERB
hnahthingthing chhu	VERB
hnahthingthing chhut	VERB
hnai la	VERB
hnai lak	VERB
hnai lo	VERB
hnam dang tawng	VERB
hnam laktla	VERB
hnam len	VERB
hnam lên	VERB
hnam leng	VERB
hnam lêng	VERB
hnam tawng	VERB
hnang hlai	VERB
hnâng hlâi	VERB
hnang tah	VERB
hnâng tah	VERB
hnap hnit	VERB
hnap hnît	VERB
hnap tawlh	VERB
hnapkhawn ral	VERB
hnar arh	VERB
hnâr arh	VERB
hnar dep	VERB
hnar dêp	VERB
hnâr dep	VERB
hnâr dêp	VERB
hnar fin	VERB
hnar fîn	VERB
hnâr fin	VERB
hnâr fîn	VERB
hnar fing	VERB
hnar fîng	VERB
hnâr fing	VERB
hnâr fîng	VERB
hnar kem	VERB
hnâr kem	VERB
hnar khu chhuah	VERB
hnâr khu chhuah	VERB
hnar kul	VERB
hnar kùl	VERB
hnar kûl	VERB
hnâr kul	VERB
hnâr kùl	VERB
hnâr kûl	VERB
hnar kulh	VERB
hnâr kulh	VERB
hnar len	VERB
hnar lên	VERB
hnâr len	VERB
hnâr lên	VERB
hnar ngul hniam	VERB
hnar per	VERB
hnar pèr	VERB
hnâr per	VERB
hnâr pèr	VERB
hnar perh	VERB
hnâr perh	VERB
hnar pin	VERB
hnâr pin	VERB
hnar ping	VERB
hnâr ping	VERB
hnar tawng	VERB
hnâr tâwng	VERB
hnar thla	VERB
hnar thlak	VERB
hnar thlâk	VERB
hnar tum	VERB
hnâr tum	VERB
hnar vuah	VERB
hnar zawl	VERB
hnâr zâwl	VERB
hnarte ngeng	VERB
hnawh chep	VERB
hnawh chêp	VERB
hnawh chhuah	VERB
hnawh chhuak	VERB
hnawh hlum	VERB
hnawh hnawt chep	VERB
hnawh khawm	VERB
hnawh khâwm	VERB
hnawh phui	VERB
hnawh ping	VERB
hnawh puar	VERB
hnawh tawngkhawng	VERB
hnawh thlak	VERB
hnawh thlâk	VERB
hnawih theih	VERB
hnawl bang	VERB
hnâwl bâng	VERB
hnawt bo	VERB
hnawt chep	VERB
hnawt chêp	VERB
hnawt chhuah	VERB
hnawt chhuak	VERB
hnawt hnawh	VERB
hnawt hnawt	VERB
hnawt thla	VERB
hne hmun	VERB
hne hne	VERB
hnek hmun	VERB
hnek hnek	VERB
hnemhnang lo	VERB
hnemhnâng lo	VERB
hniak thuhmuna leng	VERB
hniakhnunga zui	VERB
hniâkhnunga zui	VERB
hnial dan	VERB
hniál dan	VERB
hniâl dan	VERB
hnial dang	VERB
hniál dang	VERB
hniâl dang	VERB
hnial fithla	VERB
hnial fithlà	VERB
hniál fithla	VERB
hniál fithlà	VERB
hniâl fithlâ	VERB
hnial hrat	VERB
hnial hrāt	VERB
hniâl hrât	VERB
hnial hrit	VERB
hnial rual lohvin	VERB
hnial thla	VERB
hniál thla	VERB
hniâl thla	VERB
hnim luh	VERB
hnim lut	VERB
hnim lût	VERB
hnim phum	VERB
hnu chhui	VERB
hnu hnawh	VERB
hnu ralchuk	VERB
hnu râlchuk	VERB
hnu rulchuk	VERB
hnu rûlchuk	VERB
hnuai thawlh	VERB
hnuai ṭhawlh	VERB
hnuaipui hman	VERB
hnuaipui hmang	VERB
hnuh kawih	VERB
hnuh kuai	VERB
hnuh la	VERB
hnuh lak	VERB
hnuh lâk	VERB
hnuhthial thlawh	VERB
hnuhthiâl thlawh	VERB
hnuhthial thlo	VERB
hnuhthiâl thlo	VERB
hnuk hnan	VERB
hnuk hnàn	VERB
hnûk hnan	VERB
hnûk hnàn	VERB
hnuk hnang	VERB
hnuk hnáng	VERB
hnuk hnâng	VERB
hnuk hná́ng	VERB
hnûk hnang	VERB
hnûk hnáng	VERB
hnûk hnâng	VERB
hnûk hná́ng	VERB
hnuk ri	VERB
hnuk rî	VERB
hnûk ri	VERB
hnûk rî	VERB
hnuk rik	VERB
hnûk rik	VERB
hnuk tawi	VERB
hnuk táwi	VERB
hnuk tâwi	VERB
hnûk tawi	VERB
hnûk tâwi	VERB
hnuk tawl	VERB
hnûk tawl	VERB
hnuk tawlh	VERB
hnûk tawlh	VERB
hnung khirh	VERB
hnung lam	VERB
hnung lam inchhawn	VERB
hnung tawlh	VERB
hnunglam chhawn	VERB
hnungzang kul	VERB
hnungzang kùl	VERB
hnungzang kûl	VERB
hnungzâng kul	VERB
hnungzâng kùl	VERB
hnungzâng kûl	VERB
hnungzang kulh	VERB
hnungzâng kulh	VERB
hnute dawi	VERB
hnute dâwi	VERB
hnute hne	VERB
hnute hnê	VERB
hnute hnek	VERB
hnute hnêk	VERB
hnute hnek ban	VERB
hnute hnêk ban	VERB
hnute hnek bang	VERB
hnute hnek bâng	VERB
hnute hnêk bang	VERB
hnute hnêk bâng	VERB
hnute hringrawl	VERB
hnute sawr	VERB
hnute sâwr	VERB
hnute thleng	VERB
hnute um	VERB
hrah lak	VERB
hrah lâk	VERB
hrai hlum	VERB
hrái hlum	VERB
hrai puar	VERB
hrái puar	VERB
hrai rui	VERB
hrái rui	VERB
hrai ruih	VERB
hrái ruih	VERB
hrai tlai	VERB
hrai tlâi	VERB
hrái tlai	VERB
hrái tlâi	VERB
hram thlawh	VERB
hrâm thlawh	VERB
hram thlo	VERB
hrâm thlo	VERB
hram tlahawlh	VERB
hrám tlahawlh	VERB
hrâm tlahawlh	VERB
hram tlakran	VERB
hram tlâkran	VERB
hrám tlakran	VERB
hrám tlâkran	VERB
hrâm tlâkran	VERB
hram tlaran	VERB
hrám tlaran	VERB
hrâm tlaran	VERB
hrang lungphun	VERB
hrâng lungphun	VERB
hrat lak	VERB
hrât lâk	VERB
hrawk ang pu	VERB
hrawk bawk	VERB
hrawk dawn	VERB
hrawk dâwn	VERB
hrawk dawng	VERB
hrawk dâwng	VERB
hrawk hmahawngai	VERB
hrawk hmahawngaih	VERB
hrawk hmakhawngai	VERB
hrawk hmakhawngaih	VERB
hrawk hriam	VERB
hrawk ruai	VERB
hrawk rual	VERB
hrawk ruâl	VERB
hrawk tidawng	VERB
hrawk tidâwng	VERB
hrawk tidiwng	VERB
hrawk titlai	VERB
hrawk tuituah	VERB
hrawka reh	VERB
hrawka rek	VERB
hrawkhrui chah	VERB
hrawkhrui chat	VERB
hrawkhrui pawt chah	VERB
hrawkhrui pawt chat	VERB
hrawm khawm	VERB
hrâwm khawm	VERB
hrawng khawm	VERB
hrawng khâwm	VERB
hrâwng khâwm	VERB
hrawt hrawt	VERB
hre chang lo	VERB
hre chhuah	VERB
hre chhuak	VERB
hre chiang	VERB
hre chiang lo	VERB
hre fiah	VERB
hre hriat	VERB
hre lawk	VERB
hre lâwk	VERB
hre leh	VERB
hre reng	VERB
hre rilru	VERB
hre rilruk	VERB
hre rilrûk	VERB
hre ru	VERB
hre sual	VERB
hre thawi	VERB
hre thâwi	VERB
hren kaih	VERB
hrèn kaih	VERB
hren sak	VERB
hrengah tang	VERB
hrengah tâng	VERB
hrêngah tang	VERB
hrêngah tâng	VERB
hri bawraw	VERB
hri thia	VERB
hri thla	VERB
hri thlâ	VERB
hriah hriah	VERB
hriam keng	VERB
hriàm keng	VERB
hriam lek	VERB
hriang fang	VERB
hriat chhuah	VERB
hriat chhuahtir	VERB
hriat chhuahtîr	VERB
hriat chhuak	VERB
hriat dan	VERB
hriat fiah	VERB
hriat lawk	VERB
hriat leh	VERB
hriat loh	VERB
hriat lohna	VERB
hriat reng	VERB
hriat rilru	VERB
hriat ruk	VERB
hriat rûk	VERB
hriat sual	VERB
hriat thawi	VERB
hrichhe ei	VERB
hrik deh	VERB
hrik en	VERB
hrik thlak	VERB
hrik thlâk	VERB
hril leh chhawn	VERB
hril leh chhâwn	VERB
hril leh chhawng	VERB
hril leh chhâwng	VERB
hrilh chhâwn	VERB
hrilh chhawng	VERB
hrilh chhâwng	VERB
hrilh faka neih	VERB
hrilh lawk	VERB
hrilh lâwk	VERB
hrilhfaka neih	VERB
hrilhfâka neih	VERB
hrim hrim	VERB
hrim lo	VERB
hrim thlawh	VERB
hrim thlo	VERB
hrim tlahawlh	VERB
hrim tlakran	VERB
hrim tlaran	VERB
hring chhuah	VERB
hring chhuak	VERB
hring hlum	VERB
hring hrin	VERB
hring sual	VERB
hripui leng	VERB
hripui lêng	VERB
hritlang hnaptui	VERB
hritlang leng	VERB
hritlang lêng	VERB
hritlâng leng	VERB
hritlâng lêng	VERB
hrivei tha	VERB
hrivei ṭha	VERB
hrivei that	VERB
hrivei ṭhat	VERB
hru fai	VERB
hru fái	VERB
hru hru	VERB
hruai belhbawm	VERB
hruai bo	VERB
hruai hran	VERB
hruai hrang	VERB
hruai hrat	VERB
hruai hrât	VERB
hruai sual	VERB
hrual kawp	VERB
hruam hruam	VERB
hrui chhah	VERB
hrui chhat	VERB
hrui hlai	VERB
hrui hlâi	VERB
hrui ngah	VERB
hrui pawl	VERB
hrui val kuala inkhelh	VERB
hruia buh ding	VERB
hruia hling	VERB
hruia intum kan	VERB
hruia inṭum kan	VERB
hruk fai	VERB
hrûk fai	VERB
hrum kawi	VERB
hrut hrep	VERB
hrût hrep	VERB
hrut khawk	VERB
hrût khawk	VERB
hrut rualna	VERB
hu chhuah	VERB
hu chhuak	VERB
hu hu	VERB
hu na	VERB
hu ná	VERB
hu nat	VERB
hu phur lo	VERB
hu phurh lo	VERB
hu tawng	VERB
hu tâwng	VERB
huai hmang	VERB
huâi hmang	VERB
huaikawm bawl	VERB
huâikawm bâwl	VERB
hual rilru	VERB
hual rilruk	VERB
hual vel	VERB
hual vêl	VERB
huâl vel	VERB
huâl vêl	VERB
huam pha	VERB
huâm pha	VERB
huam phak	VERB
huâm phak	VERB
huam tel	VERB
huam zau	VERB
huâm zau	VERB
huam zawh	VERB
huám zawh	VERB
huam zo	VERB
huám zo	VERB
huan vengtu	VERB
huatthu chhe	VERB
huâtthu chhe	VERB
huatthu chhia	VERB
huâtthu chhia	VERB
huatthu chhiat	VERB
huâtthu chhiât	VERB
huatthu sawi	VERB
huâtthu sawi	VERB
huh chhuah	VERB
huh chhuak	VERB
huh huh	VERB
huhang na	VERB
huhâng nâ	VERB
hûhang na	VERB
hûhâng nâ	VERB
huhang nat	VERB
huhâng nat	VERB
hûhang nat	VERB
hûhâng nat	VERB
huhipa sawi	VERB
hui ha	VERB
hui hah	VERB
hui khawm	VERB
hui khâwm	VERB
hûi khawm	VERB
hûi khâwm	VERB
hui rual	VERB
hûi rual	VERB
hui thla	VERB
hûi thla	VERB
hui thlak	VERB
hui thlâk	VERB
hûi thlak	VERB
hûi thlâk	VERB
huiek zial	VERB
huih luh	VERB
huih lut	VERB
huih lût	VERB
huih lut/luh	VERB
huih rual	VERB
huih thla	VERB
huih thlak	VERB
huih thlâk	VERB
hul taka nui	VERB
hul taka nuih	VERB
hulh hulh	VERB
hum cho	VERB
hum hum	VERB
humsual dai	VERB
humsual dâi	VERB
humsuál dai	VERB
humsuál dâi	VERB
humsual rap	VERB
humsuál rap	VERB
hun bichilh	VERB
hun chep	VERB
hun hun	VERB
hun tepter	VERB
hun tikhawtlai	VERB
hun tikhawtlâi	VERB
hun tuk	VERB
hunbi kim	VERB
hunbi nei	VERB
hunbi ruat	VERB
hunbi ruât	VERB
hunbi thliah	VERB
hup hlum	VERB
hup huh	VERB
hut hut	VERB
iar iar	VERB
in ai hal	VERB
in ak	VERB
in am	VERB
in âm	VERB
in anna	VERB
in au	VERB
in awh	VERB
in awh chhawng	VERB
in awh chhâwng	VERB
in awh hlum	VERB
in awi nung	VERB
in âwi nung	VERB
in awk hlum	VERB
in âwk hlum	VERB
in awl	VERB
in âwl	VERB
in awm	VERB
in awmlem	VERB
in awp	VERB
in chawp	VERB
in chhung dung	VERB
in chhûng dung	VERB
in ip	VERB
in îp	VERB
in leh lo benbel	VERB
in leh lo bengbel	VERB
in leh lo bêngbel	VERB
in len	VERB
in lian	VERB
in mu leh ar	VERB
in mu leh àr	VERB
in mu leh âr	VERB
in mû leh ar	VERB
in mû leh àr	VERB
in mû leh âr	VERB
in mun	VERB
in mung	VERB
in pe	VERB
in sa	VERB
in sak	VERB
in thazo	VERB
in u len	VERB
in uai	VERB
in uai lunglen	VERB
in uai lunglèn	VERB
in uai lungleng	VERB
in uai lunglêng	VERB
in uai tang	VERB
in uai tâng	VERB
in ui	VERB
in uire	VERB
in unau	VERB
in vai lung hlan	VERB
in vâi lung hlan	VERB
in vaivung	VERB
in vii lung hlan	VERB
inang khat	VERB
in-awh chhawng	VERB
in-awh chhâwng	VERB
in-awh hlum	VERB
in-awi nung	VERB
in-âwi nung	VERB
in-awk hlum	VERB
in-âwk hlum	VERB
inban thuah	VERB
inbàn thuah	VERB
inbawk hrang	VERB
inbâwk hrang	VERB
inbeng dai	VERB
inbeng dâi	VERB
inbeng kang	VERB
inbeng kâng	VERB
inbeng king	VERB
inbeng muk	VERB
inbun ruah	VERB
inbun ruak	VERB
inchaw khawl	VERB
inchaw khâwl	VERB
inchawh tawk	VERB
inchawh tâwk	VERB
inchawih tawk	VERB
inchawih tâwk	VERB
inchhang lawk	VERB
inchhâng lawk	VERB
inchhang zing	VERB
inchheh khawm	VERB
inchheh khâwm	VERB
inchheh relh	VERB
inchhek khawm	VERB
inchhek khâwm	VERB
inchhêk khawm	VERB
inchhêk khâwm	VERB
inchhep darh	VERB
inchhep inchheh relh	VERB
inchhep relh	VERB
inchhep relh relh	VERB
inchher chhuan	VERB
inchher hriam	VERB
inchhim tawn	VERB
inchhu mut	VERB
inchhu ngawng	VERB
inchhu ngâwng	VERB
inchhu ngeng	VERB
inchhu ngêng	VERB
inchhu ping	VERB
inchhuah chau	VERB
inchhuah chàu	VERB
inchhuah chauh	VERB
inchhuah chhe	VERB
inchhuah chhia	VERB
inchhuah chhiat	VERB
inchhuah chhiât	VERB
inchhung khung	VERB
inchhûng khung	VERB
inchhut mut	VERB
inchhut ngân	VERB
inchhut ngawn	VERB
inchhut ngen	VERB
inchhut ngên	VERB
inchhut ngen ngeng	VERB
inchhut ngên ngêng	VERB
inchhut ngeng	VERB
inchim ral	VERB
inchîm ral	VERB
inchin hmuh	VERB
inching fei	VERB
inching fel	VERB
inchirh theh	VERB
incho phawk	VERB
incho phâwk	VERB
inchungnun chhawk	VERB
inchungnun chhâwk	VERB
indah chung	VERB
indah hniam	VERB
indah hrang	VERB
indah mil	VERB
indah tha	VERB
indah ṭha	VERB
indam khan	VERB
indawh chhuah	VERB
indawh tawn	VERB
indawh thiam	VERB
indawi a	VERB
indâwi â	VERB
indawi at	VERB
indâwi ât	VERB
indawi atna	VERB
indàwi atna	VERB
indawk chhuah	VERB
indâwk chhuah	VERB
indawk chhuak	VERB
indâwk chhuak	VERB
indawm kan	VERB
indawm kàn	VERB
indawm kang	VERB
indawm kâng	VERB
indawng tawk	VERB
indawng tâwk	VERB
indem fiam	VERB
indip ria	VERB
indîp ria	VERB
indo lem	VERB
induh hmuh	VERB
inen ngun	VERB
inhai thur	VERB
inhai vur	VERB
inham puar	VERB
inham tang	VERB
inhaw tawn	VERB
inhawr khawm	VERB
inhâwr khâwm	VERB
inher chhuah	VERB
inher chhuak	VERB
inhlan chhawng	VERB
inhlan chhâwng	VERB
inhlàn chhawng	VERB
inhlàn chhâwng	VERB
inhlang kai	VERB
inhlâng kâi	VERB
inhlap ri	VERB
inhláp ri	VERB
inhlap rik	VERB
inhlap rîk	VERB
inhláp rik	VERB
inhláp rîk	VERB
inhma chhawn	VERB
inhma tawn	VERB
inhmah chhawn	VERB
inhmang da	VERB
inhmang dâ	VERB
inhmang dak	VERB
inhmang dâk	VERB
inhmang fai	VERB
inhmang fâi	VERB
inhmeh lo	VERB
inhmer tel	VERB
inhmu chhe	VERB
inhmu chhia	VERB
inhmu chhiat	VERB
inhmu chhiát	VERB
inhmu lo	VERB
inhmu loh	VERB
inhmu mawh	VERB
inhmu sakhi	VERB
inhmu thiam	VERB
inhmuh mawh	VERB
inhmuh thiam	VERB
inhnawh chhuah	VERB
inhnawh chhuak	VERB
inhnawh puar	VERB
inhnawh puâr	VERB
inhnawh tiau	VERB
inhnawh ṭiau	VERB
inhnawk khawm	VERB
inhnawk khâwm	VERB
inhnawt chawp	VERB
inhnawt chawpin	VERB
inhnawt chhuak	VERB
inhnawt tawng	VERB
inhnawt tiau	VERB
inhnawt ṭiau	VERB
inhneh tawk	VERB
inhneh tâwk	VERB
inhnial fiamna	VERB
inhnim hnai	VERB
inhnim luh	VERB
inhnim lut	VERB
inhnim lût	VERB
inhnim lut/luh	VERB
inhnim phum	VERB
inhnim phûm	VERB
inhre reng	VERB
inhre suai	VERB
inhre sual	VERB
inhriat sual	VERB
inhriât sual	VERB
inhrik en	VERB
inhrilh ru	VERB
inhrilh ruk	VERB
inhrilh rûk	VERB
ini thleng	VERB
inkah lem	VERB
inkai hluai	VERB
inkai luai	VERB
inkai theih	VERB
inkap lem	VERB
inkâp lem	VERB
inkar hla	VERB
inkar hlat	VERB
inkara tla	VERB
inkâra tla	VERB
inkawt an	VERB
inkawt àn	VERB
inkhai ri	VERB
inkhai rí	VERB
inkhâi ri	VERB
inkhâi rí	VERB
inkhak ri	VERB
inkhan lo	VERB
inkhap thlu	VERB
inkhap thlû	VERB
inkhâp thlu	VERB
inkhâp thlû	VERB
inkhap thluk	VERB
inkhap thlûk	VERB
inkhâp thluk	VERB
inkhâp thlûk	VERB
inkhar hnan	VERB
inkhâr hnan	VERB
inkhawh ral	VERB
inkhin loh	VERB
inkhing lo	VERB
inkhuai nuai	VERB
inkhuangrual lo	VERB
inla hlei	VERB
inla hran	VERB
inla hrang	VERB
inla khawl	VERB
inla khâwl	VERB
inla lawk	VERB
inla vung	VERB
inlai lang	VERB
inlaih lan	VERB
inlak hran	VERB
inlâk hran	VERB
inlak khawl	VERB
inlâk khâwl	VERB
inlak lawk	VERB
inlâk lawk	VERB
inlam chawp	VERB
inleh khalh	VERB
inlek chho	VERB
inlek kawi	VERB
inlen hleih	VERB
inlen lawm	VERB
inlen lâwm	VERB
inluah chhawng	VERB
inluah chhâwng	VERB
inluh chhuak	VERB
inm uh	VERB
inmei dahsiak	VERB
inmei dahsiâk	VERB
in-mu leh ar	VERB
in-mu leh àr	VERB
in-mu leh âr	VERB
in-mû leh ar	VERB
in-mû leh àr	VERB
in-mû leh âr	VERB
inmual vawm hran	VERB
inmual vawm hrang	VERB
inngai tlawm	VERB
inngaih tlawm	VERB
inngeih lo	VERB
inngeih loh	VERB
inpawi fei thleng	VERB
inpâwi fei thleng	VERB
inpawlh tawk	VERB
inpawlh tâwk	VERB
inpe chhawng	VERB
inpe chhâwng	VERB
inpe let	VERB
inpe lêt	VERB
inpek chhawn	VERB
inpek chhàwn	VERB
inpêk chhawn	VERB
inpêk chhàwn	VERB
inpeng tawn	VERB
inpêng tawn	VERB
inphah hniam	VERB
inphit tlawh	VERB
inphu lo	VERB
inphû lo	VERB
inphu tawk	VERB
inphu tâwk	VERB
inphuh ru	VERB
inphum ru	VERB
inphûm ru	VERB
inphung hlauh	VERB
inphûng hlauh	VERB
inphut tawk	VERB
inphut tâwk	VERB
inpu tawk	VERB
input tawk	VERB
inral deh	VERB
inrâl deh	VERB
inral palh	VERB
inrâl palh	VERB
inrawn ru	VERB
inrâwn ru	VERB
inrawn ruk	VERB
inrawn rûk	VERB
inrâwn ruk	VERB
inrâwn rûk	VERB
inrel palh	VERB
inrêl palh	VERB
inrem khawm	VERB
inrem khâwm	VERB
inriah lawm	VERB
inriah lâwm	VERB
inrin loh hlanin	VERB
inrin tawn	VERB
inrin thulh	VERB
inrin tuak	VERB
inring inrin	VERB
inring tawn	VERB
inring thul	VERB
inring thûl	VERB
inring thulh	VERB
inring tuak	VERB
inro luah	VERB
inruak chhuak	VERB
inruak tuak	VERB
inrual khat	VERB
inrun luih ching	VERB
insa lem	VERB
insan hleih	VERB
insàn hleih	VERB
insan phek	VERB
insan puar	VERB
insang phek	VERB
insang puar	VERB
insaphu hawn	VERB
insaphu hàwn	VERB
insaphu hâwn	VERB
insathah hneh	VERB
insawh ngheh	VERB
insawh nghet	VERB
insawh sawn	VERB
insawi tha	VERB
insawi thaf	VERB
insawi ṭhaf	VERB
insawi that	VERB
insawi ṭhat	VERB
insawr zim	VERB
insawr zîm	VERB
insâwr zim	VERB
insâwr zîm	VERB
inseh hleih	VERB
insei hleih	VERB
insenso thlak	VERB
insenso thlâk	VERB
insênso thlak	VERB
insênso thlâk	VERB
insiam chhe	VERB
insiam chhia	VERB
insiam chhiat	VERB
insiam chhiât	VERB
insiam danglam	VERB
insiâm danglam	VERB
insin hleih	VERB
insu ang	VERB
insu awng	VERB
insu âwng	VERB
insu eng	VERB
insu éng	VERB
insu kua	VERB
insu veng	VERB
insuih fin	VERB
insuih khawm	VERB
insuih khâwm	VERB
insuk herh	VERB
insul pel	VERB
insul pêl	VERB
insûl pel	VERB
insûl pêl	VERB
insul pelh	VERB
insûl pelh	VERB
insum thei	VERB
insûm thei	VERB
insumkar nei lova	VERB
insumkâr nei lova	VERB
insùmkar nei lova	VERB
insùmkâr nei lova	VERB
insûmkar nei lova	VERB
insûmkâr nei lova	VERB
intah luh	VERB
intam hleih	VERB
intâm hleih	VERB
inṭam hleih	VERB
inṭâm hleih	VERB
intan fithla	VERB
intan hrang	VERB
intar chhuah	VERB
intâr chhuah	VERB
intar chhuak	VERB
intâr chhuak	VERB
intat luh	VERB
intât luh	VERB
intawh khawmna	VERB
intawng awk	VERB
intawng âwk	VERB
inṭawng awk	VERB
inṭawng âwk	VERB
intawng buai	VERB
intawng el	VERB
inṭawng el	VERB
intawng fuh	VERB
intawng harh	VERB
intawng hmawrhmuh	VERB
inṭawng hmawrhmuh	VERB
intawng khum	VERB
inṭawng khum	VERB
intawng thlamuan	VERB
inṭawng thlamuan	VERB
inthawn thawh	VERB
inṭhawn thawh	VERB
inthawng tho	VERB
inthâwng tho	VERB
inṭhawng tho	VERB
inṭhâwng tho	VERB
intheh luh	VERB
intheh lut	VERB
intheh lût	VERB
inthel mam	VERB
inthel mâm	VERB
inthel te	VERB
inthel té	VERB
inthel tet	VERB
inthel têt	VERB
inthen khum	VERB
inṭhen khum	VERB
inthen ni	VERB
inthial ruh	VERB
inthiam khek	VERB
inthiam khêk	VERB
inthiam lo	VERB
inthiam loh	VERB
inthian thianghlim	VERB
inthiar chhuah	VERB
inthiar chhuak	VERB
inthiar fihlim	VERB
inthiar fihlîm	VERB
inthing chhuah	VERB
inthing chhuak	VERB
inthli fim	VERB
inthliar hran	VERB
inthliar hrang	VERB
inthlit fim	VERB
inthui khawm	VERB
inthun puar	VERB
inthun puâr	VERB
inthut chilh	VERB
inti babu	VERB
inti bawrhban	VERB
inti bawrhbàn	VERB
inti bawrhbang	VERB
inti bawrhbâng	VERB
inti bawrhbing	VERB
inti bengvar	VERB
inti bengvâr	VERB
inti bik	VERB
inti bîk	VERB
inti daw van	VERB
inti daw vang	VERB
inti dawng	VERB
inti dâwng	VERB
inti duhdah	VERB
inti fing	VERB
inti hek	VERB
inti hleihnawn	VERB
inti hmaibai	VERB
inti hmaibal	VERB
inti hmaibâl	VERB
inti hmaimawk	VERB
inti hmaimâwk	VERB
inti hniam	VERB
inti hnuai	VERB
inti hrang	VERB
inti hria	VERB
inti hriat	VERB
inti hu phur	VERB
inti huai	VERB
inti huphurh	VERB
inti intih	VERB
inti kawl	VERB
inti kâwl	VERB
inti kawlawk	VERB
inti kawlâwk	VERB
inti khawlo	VERB
inti khawtlai	VERB
inti khawtlâi	VERB
inti lal	VERB
inti langmawi	VERB
inti langmâwi	VERB
inti leihnawng	VERB
inti lelo	VERB
inti lêlo	VERB
inti luh	VERB
inti lungleng	VERB
inti lunglêng	VERB
inti lungsem	VERB
inti lut	VERB
inti lût	VERB
inti mak	VERB
inti mipa	VERB
inti muk	VERB
inti ngeng	VERB
inti ngêng	VERB
inti ngui	VERB
inti nungchang tha	VERB
inti nungchang ṭha	VERB
inti pasaltha	VERB
inti pathian	VERB
inti patling	VERB
inti pawr	VERB
inti phurh	VERB
inti ping	VERB
inti puk	VERB
inti thatho	VERB
inti thiam	VERB
inti thutak	VERB
inti tlaran	VERB
inti tuavawn	VERB
inti upa	VERB
inti vei	VERB
inti zahawm	VERB
inti zawi	VERB
inti zum	VERB
intih dawn	VERB
intih dâwn	VERB
intih leloh	VERB
intih lêloh	VERB
intih mak	VERB
intih ngen	VERB
intih ngên	VERB
intih ngui	VERB
intih nungchang that	VERB
intih nungchang ṭhat	VERB
intih patlin	VERB
intih pawr	VERB
intih puk	VERB
intih thatho	VERB
intih thiam	VERB
intih thutak	VERB
intih tlakran	VERB
intih tlâkran	VERB
intih tuavawn	VERB
intih upat	VERB
intih zahawm	VERB
intih zawi	VERB
intih zum	VERB
intihlan mawi	VERB
intihlan mâwi	VERB
intihming liau	 inti hmingchhia.	VERB
intihming-liau	 inti-hmingchhia.	VERB
intih-nungchang that	VERB
intih-nungchang ṭhat	VERB
inti-nungchang tha	VERB
inti-nungchang ṭha	VERB
intit hriat	VERB
intit hriât	VERB
intlawh ping	VERB
intlawh tawn	VERB
intuam hlawm	VERB
intuâm hlâwm	VERB
intuk khawm	VERB
intum khalh	VERB
inṭum khalh	VERB
in-uai lunglen	VERB
in-uai lunglèn	VERB
in-uai lungleng	VERB
in-uai lunglêng	VERB
in-uai tang	VERB
in-uai tâng	VERB
inva ri	VERB
in-vai lung-hlan	VERB
in-vâi lung-hlan	VERB
invau dai	VERB
invaw ri	VERB
invaw rik	VERB
invawn thianghlim	VERB
invawn up	VERB
invawn ûp	VERB
invawng fel	VERB
invawng tha	VERB
invawng ṭha	VERB
invawng that	VERB
invawng ṭhat	VERB
invawng thianghlim	VERB
invawng up	VERB
inveng bah	VERB
invêng bah	VERB
inveng buan	VERB
invêng buan	VERB
inveng hnawk	VERB
invêng hnawk	VERB
inveng khel	VERB
invêng khêl	VERB
inveng tlawh serh	VERB
invêng tlawh serh	VERB
invuak ri	VERB
invuak rik	VERB
invuak thuah	VERB
invultui chuh	VERB
inzawh chhawk	VERB
inzawh chhuah	VERB
inzawt chhuak	VERB
inzâwt chhuak	VERB
inzen kawh	VERB
inzep mawi	VERB
inzep mâwi	VERB
inzêp mawi	VERB
inzêp mâwi	VERB
inzum lo	VERB
ipte hrui	VERB
ir er	VERB
ir ruh	VERB
irh chhuah	VERB
irh chhuak	VERB
it tir	VERB
jam (jam)	VERB
jam jam	VERB
japan hlo	VERB
japan hlo ral	VERB
japan khawh	VERB
jawng chhuah	VERB
jawng chhuak	VERB
jawng duhdah	VERB
jawng hlut	VERB
jawng hmawrhhmuh	VERB
jawng hmuh	VERB
jawngka bia	VERB
jawngka dawn	VERB
jawngka dawng	VERB
ka hlei	VERB
ka huih	VERB
ka húih	VERB
ka phak	VERB
ka pi	VERB
ka rei	VERB
ka reng	VERB
kah hlum	VERB
kah luh	VERB
kah parual thlak	VERB
kah parual thlâk	VERB
kah rawn	VERB
kah theih	VERB
kah ţhelh	VERB
kahpup chaw	VERB
kai chhuak	VERB
kài chhuak	VERB
kai ha	VERB
kai harh	VERB
kài harh	VERB
kai kak	VERB
kai kâk	VERB
kài kak	VERB
kài kâk	VERB
kai kawp	VERB
kài kawp	VERB
kai kul	VERB
kai kùl	VERB
kai kûl	VERB
kai kun	VERB
kai kún	VERB
kai kùn	VERB
kai kûn	VERB
kài kun	VERB
kài kún	VERB
kài kùn	VERB
kài kûn	VERB
kai lam	VERB
kai lâm	VERB
kai lek	VERB
kài lek	VERB
kai ner	VERB
kai parh	VERB
kài parh	VERB
kai peng	VERB
kai pêng	VERB
kai phar	VERB
kai pharh	VERB
kai sawi	VERB
kai tawi	VERB
kai tâwi	VERB
kài tawi	VERB
kài tâwi	VERB
kai theih	VERB
kai then	VERB
kai ţhen	VERB
kai ṭhen	VERB
kài then	VERB
kài ţhen	VERB
kài ṭhen	VERB
kai thlar	VERB
kai thler	VERB
kai thlér	VERB
kài thler	VERB
kài thlér	VERB
kai thlerr	VERB
kai thlêrr	VERB
kài thlerr	VERB
kài thlêrr	VERB
kai tho	VERB
kài tho	VERB
kai tlei	VERB
kai vanvadak	VERB
kai vanvadâk	VERB
kài vanvadak	VERB
kài vanvadâk	VERB
kaih chhuah	VERB
kaih harh	VERB
kaih hran	VERB
kaih hrang	VERB
kaih kak	VERB
kaih kâk	VERB
kaih kawp	VERB
kaih kul	VERB
kaih kùl	VERB
kaih kûl	VERB
kaih kun	VERB
kaih kùn	VERB
kaih kûn	VERB
kaih lek	VERB
kaih ner	VERB
kaih parh	VERB
kaih pen	VERB
kaih pên	VERB
kaih pharh	VERB
kaih pin	VERB
kaih sawih	VERB
kaih tawi	VERB
kaih tàwi	VERB
kaih tâwi	VERB
kaih thawh	VERB
kaih then	VERB
kaih ţhen	VERB
kaih ṭhen	VERB
kaih thlar	VERB
kaih thler	VERB
kaih thlér	VERB
kaih thlèr	VERB
kaih thlêr	VERB
kaih tlei	VERB
kaih vanvadah	VERB
kaih vanvadak	VERB
kaih vanvadâk	VERB
kaihbu hrui	VERB
kaihbu phunglam	VERB
kaihbu tung	VERB
kaiseki ban	VERB
kaiseki bang	VERB
kak hawk	VERB
kak kak	VERB
kal bo	VERB
kal bofir	VERB
kal bopui	VERB
kal bosan	VERB
kal botir	VERB
kal botîr	VERB
kal boțir	VERB
kal chhet chhet	VERB
kal chhuak	VERB
kal hual	VERB
kal kak	VERB
kal kâk	VERB
kal kan	VERB
kal kân	VERB
kal kat	VERB
kal kawi	VERB
kal kâwi	VERB
kal kawp	VERB
kal khalh	VERB
kal kham	VERB
kal khan	VERB
kal khap	VERB
kal khawm	VERB
kal khâwm	VERB
kal khawr	VERB
kal khum	VERB
kal khûm	VERB
kal kian	VERB
kal kiang	VERB
kal kin	VERB
kal kiwi	VERB
kal liam	VERB
kal muan	VERB
kal muang	VERB
kal pah	VERB
kal pahin	VERB
kal pel	VERB
kal pêl	VERB
kal pelh	VERB
kal pen	VERB
kal pèn	VERB
kal peng	VERB
kal pêng	VERB
kal phah	VERB
kal ral	VERB
kal rem	VERB
kal sawn	VERB
kal tir	VERB
kal tîr	VERB
kal tlak	VERB
kal tlâk	VERB
kal tlang	VERB
kal vel	VERB
kal vêl	VERB
kalh hnan	VERB
kalhlen kut	VERB
kalkah len	VERB
kam chang ngai	VERB
kam châng ngai	VERB
kam chang ngaik	VERB
kam chang nghak	VERB
kam châng nghâk	VERB
kam chhe	VERB
kam chhia	VERB
kam chhiat	VERB
kam hnih khat	VERB
kam kham	VERB
kam khat	VERB
kam phak	VERB
kan chhiat	VERB
kan dur	VERB
kan dûr	VERB
kan kang chhia	VERB
kan kàng chhia	VERB
kan kang puak	VERB
kan kual	VERB
kan puah	VERB
kan rem	VERB
kan rêm	VERB
kan uh	VERB
kan ut	VERB
kang chah	VERB
kang chat	VERB
kang chhia	VERB
kàng chhia	VERB
kang dur	VERB
kang dûr	VERB
kàng dur	VERB
kàng dûr	VERB
kang fang	VERB
kang hreng	VERB
kàng hreng	VERB
kang kir	VERB
kang kîr	VERB
kâng kir	VERB
kâng kîr	VERB
kang puak	VERB
kang ral	VERB
kàng ral	VERB
kang ram	VERB
kang rem	VERB
kang rêm	VERB
kàng rem	VERB
kàng rêm	VERB
kang thing	VERB
kang ut	VERB
kang ût	VERB
kàng ut	VERB
kàng ût	VERB
kap hlum	VERB
kâp hlum	VERB
kap ka lak	VERB
kap lut	VERB
kap lût	VERB
kâp lut	VERB
kâp lût	VERB
kap parh	VERB
kap rawn	VERB
kâp rawn	VERB
kap thelh	VERB
kap ţhelh	VERB
kap zut	VERB
kap zût	VERB
kar buk	VERB
kar bûk	VERB
kar herna	VERB
kar hla	VERB
kâr hla	VERB
kar hlat	VERB
kâr hlat	VERB
kar kau	VERB
kar kâu	VERB
kar lum	VERB
kar zin	VERB
kâr zin	VERB
kar zing	VERB
kâr zing	VERB
kara tla	VERB
kara tlak	VERB
kara tlâk	VERB
kat chhui	VERB
kat vai	VERB
kat vawn	VERB
kat vuan	VERB
kat zap	VERB
kat zàp	VERB
kat zâp	VERB
kaw dak	VERB
kaw dâk	VERB
kaw dawm	VERB
kaw hawk	VERB
kaw herb	VERB
kaw herh	VERB
kaw hreuh	VERB
kaw khawh	VERB
kaw kuak	VERB
kaw lawi lo	VERB
kaw nat	VERB
kaw puar	VERB
kaw puàr	VERB
kaw pufir	VERB
kaw put	VERB
kaw rawng	VERB
kaw ruah	VERB
kaw ruak	VERB
kaw ţhat loh	VERB
kaw thuah	VERB
kaw ţhuah	VERB
kaw ṭhuah	VERB
kaw zut	VERB
kaw zût	VERB
kawh hawl	VERB
kawh ruk	VERB
kawh rûk	VERB
kawhmawh bawl	VERB
kawhmawh bâwl	VERB
kawi buntir	VERB
kawi chuang awm	VERB
kawi duat	VERB
kàwi duat	VERB
kawi har	VERB
kawi rit	VERB
kawih char	VERB
kawih din	VERB
kawih her	VERB
kawih hniam	VERB
kawih hrawn	VERB
kawih kun	VERB
kawih kur	VERB
kawih kûr	VERB
kawih ngil	VERB
kawih rawng	VERB
kawih tliak	VERB
kawih vanvadah	VERB
kawih vanvadak	VERB
kawih vanvadâk	VERB
kawih vir	VERB
kawihrui pawh	VERB
kâwihrui pawh	VERB
kawihthuang suak	VERB
kawk ru	VERB
kawkpui kephah hlai	VERB
kawl awk	VERB
kawl âwk	VERB
kawl bun tir	VERB
kawl bun tîr	VERB
kawl buntir	VERB
kawl de	VERB
kâwl de	VERB
kawl det	VERB
kawl dèt	VERB
kawl dêt	VERB
kâwl det	VERB
kâwl dêt	VERB
kawl har	VERB
kawl mawk luh	VERB
kawl mâwk luh	VERB
kawl mawk lut	VERB
kawl mawk lût	VERB
kawl mâwk lut	VERB
kawl mâwk lût	VERB
kawlhnam vai	VERB
kâwlhnâm vai	VERB
kawl-mawk luh	VERB
kawl-mâwk luh	VERB
kawl-mawk lut	VERB
kawl-mawk lût	VERB
kawl-mâwk lut	VERB
kawl-mâwk lût	VERB
kawm khuar	VERB
kawm nawm	VERB
kawm ngeih	VERB
kàwm ngeih	VERB
kawm nuam	VERB
kàwm rih	VERB
kawm rih.	VERB
kawm rit	VERB
kawm rît	VERB
kàwm rit	VERB
kàwm rît	VERB
kawm serh	VERB
kawng awh	VERB
kawng awhna	VERB
kawng awp	VERB
kàwng awp	VERB
kâwng awp	VERB
kawng bo	VERB
kawng dal	VERB
kawng dâl	VERB
kawng dawm	VERB
kâwng dawm	VERB
kawng dil	VERB
kawng dung	VERB
kawng fek	VERB
kawng fêk	VERB
kâwng fek	VERB
kâwng fêk	VERB
kawng kaw	VERB
kawng kham	VERB
kawng kham zawngin	VERB
kawng kian	VERB
kawng kua	VERB
kawng kuak	VERB
kawng lo	VERB
kawng na	VERB
kâwng nâ	VERB
kawng nat	VERB
kâwng nat	VERB
kawng ram	VERB
kawng rek	VERB
kawng rit	VERB
kawng ro nei	VERB
kawng ro su	VERB
kawng ro sut	VERB
kawng ruh	VERB
kawng sah	VERB
kawng sat	VERB
kawng sât	VERB
kawng sial	VERB
kawng sit	VERB
kawng su kua	VERB
kawng su pawp	VERB
kawng su ping	VERB
kawng sut pin	VERB
kawng thlak	VERB
kawng thlâk	VERB
kawng tihkuak	VERB
kawng tikaw	VERB
kawng tikna	VERB
kawng tikua	VERB
kawng tinreng	VERB
kawng tluanin	VERB
kawng zawng nei	VERB
kawng zâwng nei	VERB
kawng zawng neih	VERB
kawng zâwng neih	VERB
kawngba sat	VERB
kawngbâ sât	VERB
kawngba sit	VERB
kawngka sula ma	VERB
kawngka sula mak	VERB
kawngkal nei	VERB
kawngkal neih	VERB
kawngkhar biang	VERB
kawngkhar veng	VERB
kawngkhar vêng	VERB
kawngkhàr veng	VERB
kawngkhàr vêng	VERB
kawngpui siam	VERB
kawngţum thlak	VERB
kawngţum thlâk	VERB
kawpi (copy)	VERB
kawr kam	VERB
kawr ruam	VERB
kawrtai fu	VERB
kawt an	VERB
kawt ân	VERB
kawt hungna	VERB
ke awr chat	VERB
ke bilh	VERB
ke bula(ah) bawkkhup	VERB
ke bulaah bawkkhup	VERB
ke chheh	VERB
ke chheh rual	VERB
ke chhep	VERB
ke chhep rual	VERB
ke chip	VERB
ke chîp	VERB
ke dawrh	VERB
ke hmawr	VERB
ke khai	VERB
ke khi	VERB
ke kual	VERB
ke lei ei	VERB
ke leng	VERB
ke pen	VERB
ke pên	VERB
ke pen ri	VERB
ke pên ri	VERB
ke pen rik	VERB
ke pen rîk	VERB
ke pên rik	VERB
ke pên rîk	VERB
ke per	VERB
ke rahfuan	VERB
ke rapfuan	VERB
ke tah faina	VERB
ke ţam	VERB
ke ţâm	VERB
ke then	VERB
ke thên	VERB
ke uwr chat	VERB
kebula(ah) bawkkhup	VERB
keh darh	VERB
keh phel	VERB
kei mahin	VERB
kel be	VERB
kêl bê	VERB
kel e awl	VERB
kel e âwl	VERB
kelchal pal nawk	VERB
kelchal pal nâwk	VERB
kêlchal pal nawk	VERB
kêlchal pal nâwk	VERB
ken kawh	VERB
keng kawh	VERB
kep ral	VERB
kêp ral	VERB
ker kaw	VERB
ker kua	VERB
ker kuak	VERB
kerap fuan	VERB
kha chih	VERB
kha chip	VERB
kha chîp	VERB
kha khawn	VERB
kha khawng	VERB
kha khâwng	VERB
kha sek	VERB
khabe bal	VERB
khabe chang ngai	VERB
khabe chang ngâi	VERB
khabe cháng ngai	VERB
khabe cháng ngâi	VERB
khabe dawh	VERB
khabe liam chan	VERB
khabe liam chàn	VERB
khabe liam chang	VERB
khabe liam cháng	VERB
khai le	VERB
khai thli	VERB
khai thlî	VERB
khai thlit	VERB
khaichhawn bel	VERB
khaih khawm	VERB
khak buai	VERB
khak sek	VERB
khâk sek	VERB
khal hman	VERB
khâl hman	VERB
khal hmang	VERB
khâl hmang	VERB
khalh khawm	VERB
khalh khâwm	VERB
khap beh	VERB
khap bet	VERB
khap sawk sawk	VERB
khar hnan	VERB
khàr hnan	VERB
khar khum	VERB
khàr khum	VERB
khar khung	VERB
khàr khung	VERB
khauphar thawven	VERB
khaw changkan	VERB
khaw changkang	VERB
khaw changkâng	VERB
khaw cheng	VERB
khaw chéng	VERB
khaw chung	VERB
khaw din	VERB
khaw duai	VERB
khaw duk	VERB
khaw dung	VERB
khaw en	VERB
khaw èn	VERB
khaw eng	VERB
khaw éng	VERB
khaw fing chah	VERB
khaw fing chat	VERB
khaw fur	VERB
khaw fûr	VERB
khaw hai	VERB
khaw har	VERB
khaw hawi	VERB
khaw hmu	VERB
khaw hmu lo	VERB
khaw hnawm	VERB
khaw hnàwm	VERB
khaw hnawng	VERB
khaw hniam	VERB
khaw hnim	VERB
khaw hnîm	VERB
khaw kâra	VERB
khaw khat	VERB
khaw tinah	VERB
khaw tlai	VERB
khaw tlái	VERB
khaw tuihul	VERB
khaw uap	VERB
khaw ven	VERB
khaw veng	VERB
khaw zai ngai	VERB
khaw zâi ngâi	VERB
khaw zawl	VERB
khawchhak tuipui	VERB
khawdur uap	VERB
khawdur uâp	VERB
khawfing chah	VERB
khawfîng chah	VERB
khawh hlum	VERB
khawh tlakran	VERB
khawh tlaran	VERB
khawhar chhung	VERB
khawhar hnemna	VERB
khawhar in	VERB
khawhar ina len	VERB
khawhar ina lèn	VERB
khawhar lenpui	VERB
khawhar lènpui	VERB
khawhar zai	VERB
khawhring man	VERB
khawhring neitu	VERB
khawhring ţai	VERB
khawhring thiar	VERB
khawi kaw kimah	VERB
khawi khaw kimah	VERB
khawi lamah pawh	VERB
khawi sanghar	VERB
khawi thul chhin	VERB
khawih pawi	VERB
khawih pawp	VERB
khawih per	VERB
khawimaw lai	VERB
khawimu châwi	VERB
khawipui zu	VERB
khawl chhut	VERB
khawl chhutu	VERB
khâwl chhutu	VERB
khawl khawm	VERB
khawmei zam	VERB
khawmual aite	VERB
khawmual áite	VERB
khawmual áitê	VERB
khawn khawn	VERB
khawn kháwn	VERB
khawn thiang	VERB
khawn tlak	VERB
khawn tlâk	VERB
khawng ri	VERB
khâwng ri	VERB
khawng rik	VERB
khâwng rik	VERB
khawng thluk	VERB
khawngaih fa	VERB
khawngaih hmel pu	VERB
khawngaih hmêl pu	VERB
khawngaih hmel put	VERB
khawngaih takin	VERB
khawngaih thei	VERB
khawngaih thla la	VERB
khawngaihna la	VERB
khawp laiin	VERB
khawpui ri	VERB
khawram chhimbuk ang	VERB
khawsa thei	VERB
khawsak ka rel dawn	VERB
khawsak ka rêl dawn	VERB
khawsak mawh	VERB
khawsak rei	VERB
khawth li	VERB
khawthar kai	VERB
khawthar sat	VERB
khawthiang dul kiar	VERB
khawthlang lama	VERB
khawtlang lunglen	VERB
khawtlang lunglèn	VERB
khawzing pathian	VERB
khei beng	VERB
khei bengbeh	VERB
khel ben	VERB
khêl ben	VERB
khel beng	VERB
khêl bêng	VERB
khen thlawn	VERB
khēng kal	VERB
khēng thlawn	VERB
kher chhe	VERB
kher chhia	VERB
kher chhiat	VERB
kher chhuah	VERB
kher loh	VERB
kheu kheu	VERB
kheuh ru	VERB
khiang thiang	VERB
khiang ţhiang	VERB
khiangte zawng zim	VERB
khing bo	VERB
khing chhe	VERB
khir nei	VERB
khir neih	VERB
khu khu	VERB
khu ruai	VERB
khua bawl	VERB
khua changkang	VERB
khua din	VERB
khua duai	VERB
khua duk	VERB
khua fur	VERB
khua fûr	VERB
khua hai	VERB
khua har	VERB
khua hawi	VERB
khua hmu lo	VERB
khua hnawm	VERB
khua hnim	VERB
khua hnîm	VERB
khua ro	VERB
khua san	VERB
khua sang	VERB
khua thawt	VERB
khua thengthaw	VERB
khua thengthâw	VERB
khua tlai	VERB
khua tlái	VERB
khua tláipui	VERB
khua tuihul	VERB
khua ven	VERB
khua veng	VERB
khuai chhinkhup	VERB
khuai dang	VERB
khuai inting	VERB
khuai khawi	VERB
khuâi khâwi	VERB
khuai la	VERB
khuai thlar	VERB
khuai thul chhin	VERB
khual chhawntu	VERB
khuàl chhàwntu	VERB
khual kai	VERB
khual kâi	VERB
khuangrual lo	VERB
khuh kulrut	VERB
khui khui	VERB
khum mawng	VERB
khumpui kai man	VERB
khung khu	VERB
khûng khu	VERB
khup al	VERB
khup du rusuih	VERB
khûp dû rusuih	VERB
khup lup	VERB
khup thum hmu	VERB
khûp thum hmu	VERB
khup tun	VERB
khûp tun	VERB
khur chhia	VERB
kiah kiah	VERB
kiang vel	VERB
kim chiat	VERB
kim takin	VERB
ko chhuah	VERB
ko chhuak	VERB
ko ding	VERB
ko haw	VERB
ko hawn	VERB
ko hàwn	VERB
ko hawng	VERB
ko hrang	VERB
ko kat	VERB
ko khawm	VERB
ko khâwm	VERB
ko thawh	VERB
ko tho	VERB
ko tizang	VERB
ko tizâng	VERB
ko zan	VERB
koh din	VERB
koh duatna	VERB
koh kah	VERB
koh kat	VERB
koh khawm	VERB
koh khâwm	VERB
koh koh	VERB
koki bal	VERB
koki ruh	VERB
kokim takin	VERB
kot chuk	VERB
kua da	VERB
kua dawm	VERB
kua ham	VERB
kua hâm	VERB
kua herh	VERB
kua him	VERB
kua hreuh	VERB
kua khawh	VERB
kua na	VERB
kua puar	VERB
kua ruah	VERB
kua ruak	VERB
kua ţha	VERB
kua tha lo	VERB
kua ţha lo	VERB
kua ṭha lo	VERB
kua ţhat loh	VERB
kua thuah	VERB
kua ţhuah	VERB
kua ṭhuah	VERB
kuah chilh	VERB
kuah kuah	VERB
kuai char	VERB
kuai ding	VERB
kuai her	VERB
kuai hniam	VERB
kuai kun	VERB
kuai kur	VERB
kuai kûr	VERB
kuai ngil	VERB
kuai tliak	VERB
kuai vanva dak	VERB
kuai vanva dâk	VERB
kuai vanvadak	VERB
kuai vanva-dak	VERB
kuai vanva-dâk	VERB
kuai vir	VERB
kuak rawn	VERB
kuang tu	VERB
kuâng tu	VERB
kuang tuk	VERB
kuâng tuk	VERB
kuang ur	VERB
kufil khung	VERB
kuhva khawr	VERB
kuhva khàwr	VERB
kuhva rui	VERB
kuhva ruih	VERB
kui tiah	VERB
kui ţiah	VERB
kul khun	VERB
kùl khun	VERB
kum tin thla nei lo	VERB
kum tin tuai	VERB
kum tling	VERB
kur kur	VERB
kut aihni	VERB
kut aikhirh	VERB
kut bawr	VERB
kut bâwr	VERB
kut ben	VERB
kut beng	VERB
kut bengin	VERB
kut bêngin	VERB
kut bilh	VERB
kut bîlh	VERB
kut bul	VERB
kut chang	VERB
kut châng	VERB
kût chi lo hawi	VERB
kut durh	VERB
kut ebang	VERB
kut elh ri	VERB
kut elh rik	VERB
kut hmawr	VERB
kut hmâwr	VERB
kut hmeh rik	VERB
kut hmeh rîk	VERB
kut hmui	VERB
kut hnathawk	VERB
kut hnu	VERB
kut hnû	VERB
kut hnu main	VERB
kut hnu mam	VERB
kut hnu mâm	VERB
kut hnunghkirh	VERB
kut hul	VERB
kut hum nei	VERB
kut hum ruh	VERB
kut inkhum	VERB
kut inkuangkuah	VERB
kut insuih	VERB
kut insuihin	VERB
kut kawl	VERB
kut kawr	VERB
kut ke hmawr	VERB
kut ke hmâwr	VERB
kut kham man	VERB
kut khamawm	VERB
kut khawng	VERB
kut khawr	VERB
kut khâwr	VERB
kut khi	VERB
kut khî	VERB
kut khîk	VERB
kut khing hnih	VERB
kut kuangkuah	VERB
kut kut nghah	VERB
kut lukham	VERB
kut lukhum	VERB
kut nghah	VERB
kut nghak	VERB
kut nghat	VERB
kût ni	VERB
kut palh	VERB
kut palh tawk	VERB
kut palh tâwk	VERB
kut phar	VERB
kut phu	VERB
kut phut	VERB
kut ruhseh	VERB
kut siam	VERB
kut sil	VERB
kut sit	VERB
kut suih	VERB
kut thak hnawih nana hman	VERB
kut thak hnawih nâna hman	VERB
kut thak hnawih nâna hmang	VERB
kut thak hnawihna	VERB
kut thin	VERB
kut thing	VERB
kut thla	VERB
kut thlak	VERB
kut thlâk	VERB
kut thlak hman	VERB
kut thlâk hman	VERB
kut thlak hmang	VERB
kut thlâk hmang	VERB
kut tiak	VERB
kut ţiak	VERB
kut ṭiak	VERB
kût tiak	VERB
kût ṭiak tûka dawlrêp bai hmeh ang	VERB
kut tual leichham	VERB
kut tuar	VERB
kut tum lek	VERB
kut vai	VERB
kut vawn	VERB
kut vuan	VERB
kut zah	VERB
kut zala tla	VERB
kut zâla tla	VERB
kut zala tlak	VERB
kut zala tlâk	VERB
kut zâla tlâk	VERB
kut zâp	VERB
kut ziak	VERB
kut zungţang	VERB
kutchuk nei	VERB
kutphah beng	VERB
kutphah bêng	VERB
la ban zar	VERB
la ban zâr	VERB
la bing	VERB
la bir	VERB
la cha	VERB
la cham	VERB
la chhah	VERB
la chhat	VERB
la chhawng	VERB
la chhâwng	VERB
la chho	VERB
la chhuak	VERB
la chhuk	VERB
la chhum	VERB
la da	VERB
la dà	VERB
la dak	VERB
la din	VERB
la dinlek	VERB
la her	VERB
la her khawl	VERB
la hlûmna	VERB
la hrik	VERB
la kai	VERB
la kâi	VERB
la kaih	VERB
la khawl	VERB
la khâwl	VERB
la khawm	VERB
la kung	VERB
la lain	VERB
la lak thlak	VERB
la lâk thlâk	VERB
la lấu	VERB
la lawk	VERB
la lâwk	VERB
la lawn	VERB
la lian	VERB
la lung	VERB
la mit	VERB
la mu	VERB
la ngai	VERB
la pang	VERB
la paw	VERB
la pur chawk	VERB
la pur châwk	VERB
la purchaw	VERB
la ram	VERB
la reng	VERB
la sawn	VERB
la sen	VERB
la thla	VERB
la thla thlak	VERB
la thla thlâk	VERB
la thlak	VERB
la thlur	VERB
la thlûr	VERB
la tla	VERB
la tlak	VERB
la u	VERB
la ui	VERB
la ulh	VERB
la urh	VERB
la urhsun	VERB
la urhsûn	VERB
la vung	VERB
la vûng	VERB
la zam	VERB
la zarna	VERB
la zàrna	VERB
la zeh	VERB
lai ah hming	VERB
lâi ah hming	VERB
lai at	VERB
lai bah	VERB
lâi bah	VERB
lâi bât	VERB
lai dawltu	VERB
lai dur	VERB
lai dúr	VERB
lai hlawh	VERB
lai hren	VERB
lai hrên	VERB
lâi hren	VERB
lâi hrên	VERB
lai hreng	VERB
lai hrêng	VERB
lâi hrenna	VERB
lâi hrènna	VERB
lai inchuh	VERB
lai la lain	VERB
lai lai	VERB
lâi lâi	VERB
lai lang	VERB
lài lang	VERB
lai lawh	VERB
lâi lawh	VERB
lai leng	VERB
lâi phir	VERB
lâi phîr	VERB
lai phut	VERB
lai phût	VERB
lai sutpui pawm	VERB
lai tak	VERB
lai takin	VERB
lai tat	VERB
lai vel	VERB
lai zawl	VERB
laichin bul	VERB
laichin unau	VERB
laih dur	VERB
laih khuar	VERB
laih laih	VERB
laih lan	VERB
laih lawm	VERB
laih phut	VERB
laih phût	VERB
laih zawl	VERB
laihrui na	VERB
laiking changdam	VERB
lailet der	VERB
lak ata	VERB
lak aţangin	VERB
lak bing	VERB
lâk bing	VERB
lak bir	VERB
lak bîr	VERB
lâk bir	VERB
lâk bîr	VERB
lak chah	VERB
lâk chah	VERB
lak cham	VERB
lâk cham	VERB
lak chhawn	VERB
lâk chhawn	VERB
lâk chhâwn	VERB
lak chhoh	VERB
lâk chhoh	VERB
lak chhuah	VERB
lâk chhuah	VERB
lak chhuk	VERB
lâk chhuk	VERB
lak dak	VERB
lâk dâk	VERB
lak kai	VERB
lak khawl	VERB
lâk khâwl	VERB
lak khawm	VERB
lâk khâwm	VERB
lak lau	VERB
lak làu	VERB
lâk lau	VERB
lâk làu	VERB
lak lawk	VERB
lâk lâwk	VERB
lak lawn	VERB
lâk lâwn	VERB
lak len	VERB
lâk len	VERB
lak luh	VERB
lâk luh	VERB
lak ram	VERB
lâk ram	VERB
lak san	VERB
lâk san	VERB
lak sawn	VERB
lâk sawn	VERB
lak thlak	VERB
lâk thlâk	VERB
lak ulh	VERB
lâk ulh	VERB
lak urh	VERB
lâk urh	VERB
lak urhsun	VERB
lak urhsûn	VERB
lâk urhsun	VERB
lâk urhsûn	VERB
lak vun	VERB
lak vùn	VERB
lâk vun	VERB
lâk vùn	VERB
lak zam	VERB
lâk zam	VERB
lakher mosola	VERB
lal a bovah hleimualrang	VERB
lal dawltu	VERB
lal hlawh	VERB
lal in awm	VERB
lal inchuh	VERB
lal khà	VERB
lal mual	VERB
lal sutpui pawm	VERB
lal sutpui vuan	VERB
lala ţhut	VERB
lalruanga sah hlui	VERB
lalruanga se-pal-ram	VERB
lam ba	VERB
lam ba hlim	VERB
lam chhuah	VERB
lam chhuak	VERB
lam khat	VERB
lam lam	VERB
lam luh	VERB
lâm luh	VERB
lam lut	VERB
lam lût	VERB
lam pawh	VERB
lam-ba hlim	VERB
lamhnai buh thiar	VERB
lampuichang khat	VERB
lamthlang rapthla	VERB
lamtual chil lo	VERB
lan chhuah	VERB
lan fiah	VERB
lan lui	VERB
lan mawi	VERB
lang chhuak	VERB
lâng chhuak	VERB
lang fiah	VERB
lang mawi	VERB
lasai hrui	VERB
lasi khal	VERB
lasi khàl	VERB
lasi zâwl	VERB
lawh lawh	VERB
lawi lawi	VERB
lawih lawih	VERB
lawk lo	VERB
lawk loh	VERB
lawk thia	VERB
lawk thla	VERB
lawk thlak	VERB
lawm dawthei hriat hun	VERB
làwm dawthei hriat hun	VERB
lawm hlawh	VERB
lawm hmelpu	VERB
lawm hmêlpu	VERB
làwm hmêlpu	VERB
lawm lawm	VERB
lawm nachhang hria	VERB
làwm nachhang hria	VERB
lawm nawm	VERB
lawm nuam	VERB
lawm put	VERB
làwm put	VERB
lawm rilru	VERB
làwm rilru	VERB
lawm rilruk	VERB
lawm rilrûk	VERB
lawm thu	VERB
làwm thu	VERB
lawng bah dinna	VERB
lawng bang	VERB
lawng chhe	VERB
lawng chhia	VERB
lawng chhiat	VERB
lawng chhiat tawh	VERB
lawng chhiat tawk	VERB
lawng chhiat tâwk	VERB
lawng mi	VERB
lawng mî	VERB
lawng ngul	VERB
lawnga mi	VERB
lawp lawp	VERB
lawrh lawrh	VERB
leh chhawn	VERB
leh chhawng	VERB
leh chingkim	VERB
leh der	VERB
leh phawt	VERB
leh si	VERB
leh tawh	VERB
leh thlak	VERB
leh thlâk	VERB
lehkha chilhna	VERB
lehkha thap	VERB
lehkha ziaktu	VERB
lei char	VERB
lei chawh	VERB
lei chawi	VERB
lei chawitir	VERB
lei chawk	VERB
lei châwk	VERB
lei cheh	VERB
lei chek	VERB
lei chhak	VERB
lei hmawr	VERB
lei hmâwr	VERB
lei hrîk	VERB
lei hrui	VERB
lei ka	VERB
lei khek	VERB
lei khêk	VERB
lei khîk	VERB
lei ko	VERB
lei kulh	VERB
lei laih	VERB
lei lehna hmawrzum	VERB
lei lem	VERB
lei me	VERB
lei mé	VERB
lei min	VERB
lei na	VERB
lei phiah	VERB
lei phiat	VERB
lei phum	VERB
lei pur	VERB
lei rah	VERB
lei sekawt	VERB
lei si	VERB
lei sik	VERB
lei tawlh	VERB
lei tâwt	VERB
leiba pe	VERB
leiba pek	VERB
leiba rul	VERB
leiba rulh	VERB
leih bua	VERB
leihlawn dawh	VERB
leilung lan	VERB
lem chuang lo	VERB
lem lo	VERB
lèn awng	VERB
lèn chhawn	VERB
lèn chháwn	VERB
len chhuah	VERB
lèn chhuah	VERB
len deng	VERB
lên dêng	VERB
len eng	VERB
len éng	VERB
lèn eng	VERB
len hleihzia	VERB
len hleihzía	VERB
len khalh	VERB
lên khalh	VERB
len khaw thawn	VERB
lèn khaw thawn	VERB
len khaw-thawn	VERB
lèn khaw-thawn	VERB
len lawm	VERB
len làwm	VERB
lèn lawm	VERB
lèn pat	VERB
lèn pât	VERB
len sa	VERB
lèn sa	VERB
len thengthawt	VERB
len thlu	VERB
lên thlu	VERB
len thut	VERB
len tliah	VERB
len tui lai	VERB
lên tui lai	VERB
lèndêng keṭhiah fai	VERB
leng bo	VERB
leng hawn hun ar khuang	VERB
lêng hawn hun ar khuang	VERB
lêng kel mai	VERB
lêng kèl mai	VERB
leng kir	VERB
leng lai	VERB
lêng lai	VERB
lêng lâi	VERB
leng lai thi	VERB
leng lâi thi	VERB
lêng lai thi	VERB
lêng lâi thi	VERB
leng lai thih	VERB
leng lâi thih	VERB
leng leh	VERB
lêng leh	VERB
leng lo	VERB
leng thengthaw	VERB
lêng-kel mai	VERB
leng-lai thi	VERB
leng-lâi thi	VERB
lêng-lai thi	VERB
lêng-lâi thi	VERB
leng-lai thih	VERB
leng-lâi thih	VERB
lenlai chan	VERB
lenlai chân	VERB
lêt chhuak	VERB
let der	VERB
let let	VERB
lêt lêt	VERB
let phung	VERB
leu leu	VERB
lí cheng	VERB
lí chéng	VERB
li ul	VERB
liam chan	VERB
lian tak	VERB
liandova fang	VERB
liankuala vaihlo	VERB
liau liau	VERB
lik kua	VERB
lîk kua	VERB
lip pum	VERB
lo chuan	VERB
lo din	VERB
lo ding	VERB
lo en	VERB
lo hal	VERB
lo hál	VERB
lo haw	VERB
lo háw	VERB
lo hawn	VERB
lo hàwn	VERB
lo hian	VERB
lo hman	VERB
lo hmang	VERB
lo inphel	VERB
lo inrin	VERB
lo inring	VERB
lo intawm	VERB
lo inṭawm	VERB
lo kal	VERB
lo kalh	VERB
lo kir	VERB
lo liam	VERB
lo lo	VERB
lo loh pui	VERB
lo nei	VERB
lo nei mi	VERB
lo neih	VERB
lo pawh	VERB
lo rin	VERB
lo rîn	VERB
lo ring	VERB
lo sul feh haw	VERB
lo sûl feh haw	VERB
lo sul feh hawn	VERB
lo sûl feh hawn	VERB
lo sul feh hawng	VERB
lo sûl feh hawng	VERB
lo sul thlen hun	VERB
lo sûl thlen hun	VERB
lo thei lova siam	VERB
lo to	VERB
lo ṭo	VERB
lo to chhar	VERB
lo vah thla	VERB
lo vah thlâ	VERB
lo vai	VERB
lo vâi	VERB
lo vaih	VERB
lo vat	VERB
lo vât	VERB
lo zo	VERB
loh (continued)	VERB
loh a luâtin	VERB
lu a kelsam ṭo	VERB
lû a kelsam to	VERB
lû a kelsam ṭo	VERB
lu bill	VERB
lu bin	VERB
lu bîn	VERB
lu bing	VERB
lu bîng	VERB
lu brik	VERB
lu bu ruh	VERB
lu buk	VERB
lu bûk	VERB
lu cher	VERB
lu cherna	VERB
lu chhawn	VERB
lu chhum	VERB
lu hai	VERB
lu hâi	VERB
lu hem neih	VERB
lu heng	VERB
lu hêng	VERB
lu hik	VERB
lu hîk	VERB
lu hram	VERB
lu hrum	VERB
lu hrûm	VERB
lu hui	VERB
lu huih	VERB
lu huihna	VERB
lu kawlh	VERB
lu kawn	VERB
lu kâwn	VERB
lu kha	VERB
lu khâ	VERB
lu khen	VERB
lu khèn	VERB
lu kheng	VERB
lu khuh	VERB
lu khuh tlang	VERB
lu lai	VERB
lu lai lutuk	VERB
lu làm	VERB
lu lei	VERB
lu lèn	VERB
lu letin	VERB
lu lian	VERB
lu ling	VERB
lu man	VERB
lu meh	VERB
lu mettu	VERB
lu mêttu	VERB
lu pân huathawh	VERB
lu phan	VERB
lu phum	VERB
lu phûm	VERB
lu phut	VERB
lu rih	VERB
lu rit	VERB
lu ruh heng	VERB
lu ruh ring	VERB
lu ruh ro	VERB
lu rul	VERB
lu rum nat	VERB
lu rûm nat	VERB
lu rum nat nei	VERB
lu rûm nat nei	VERB
lu rum nat neih	VERB
lu rûm nat neih	VERB
lu su	VERB
lu suk	VERB
lu sun	VERB
lu sûn	VERB
lu tan	VERB
lu thin	VERB
lu thing	VERB
lu thinsan	VERB
lu thur	VERB
lu tihai	VERB
lu tihhai	VERB
lu virh	VERB
lu vun	VERB
lu vun hih	VERB
lu vun hik	VERB
lu vun hîk	VERB
lu zan	VERB
lu zang	VERB
lu zâng	VERB
lu zuar	VERB
luai luai	VERB
luak chhuah	VERB
luâk chhuah	VERB
luak chhuak	VERB
luâk chhuâk	VERB
luan chhuah	VERB
luàn chhuah	VERB
luân chhuah	VERB
luan chhuak	VERB
luân chhuak	VERB
luan ral	VERB
luàn ral	VERB
luang chhuak	VERB
luâng lâ	VERB
luang luang	VERB
luang tu bek	VERB
luâng tu bek	VERB
luang za	VERB
luang zà	VERB
luh ka	VERB
luh kapui	VERB
luh khung	VERB
luh lul	VERB
luh lul chhuah	VERB
luh thlu	VERB
lui te	VERB
luih hram	VERB
lukhawng ei	VERB
lukhawng nei	VERB
lulh lulh	VERB
lûm lam	VERB
lûm lám	VERB
lum luh	VERB
lum lum a lum	VERB
lum lut	VERB
lun lai	VERB
lung ai tla	VERB
lung âi tlâ	VERB
lung bawr	VERB
lung buk	VERB
lung bûk	VERB
lung char	VERB
lung châr	VERB
lung chher	VERB
lung chhia	VERB
lung chhiat	VERB
lung chhuih bahpalh	VERB
lung den	VERB
lung deng	VERB
lung dêng	VERB
lung in	VERB
lung laisuih	VERB
lung lehkha	VERB
lung lei	VERB
lung lohva neih	VERB
lung lova la	VERB
lung lova lâ	VERB
lung lova lak	VERB
lung me	VERB
lung mê	VERB
lung muan	VERB
lung no	VERB
lung rahkâ	VERB
lung rahkfi	VERB
lung sual	VERB
lung sûal	VERB
lung te	VERB
lung ti tih zin	VERB
lung ti zing zin	VERB
lung ti zîng zin	VERB
lung tiawi	VERB
lung tiâwi	VERB
lung tiâwi lo	VERB
lung tichhe thei	VERB
lung tichhia	VERB
lung tih len	VERB
lung tih lên	VERB
lung tihawi	VERB
lung tihâwi	VERB
lung tihchhiat	VERB
lung tihthluk	VERB
lung tihthlûk	VERB
lung tileng	VERB
lung tilêng	VERB
lung titlu	VERB
lung titluk	VERB
lung tlu	VERB
lung tlu lo	VERB
lung tluk	VERB
lung tlûk	VERB
lung tluk loh	VERB
lung tlûk loh	VERB
lung tur	VERB
lung vai chi	VERB
lung zin	VERB
lung zîng	VERB
lunga den	VERB
lunga deng	VERB
lunga dêng	VERB
lung-ai tla	VERB
lung-âi tlâ	VERB
lungawi lo	VERB
lungâwi lo	VERB
lungawi thei tak	VERB
lungchhe vankaiin	VERB
lungchim takin	VERB
lungdawh khat	VERB
lunglehkha ziakna	VERB
lungloh tui	VERB
lungman tam	VERB
lungni lo	VERB
lungthu kim	VERB
lungthu veivak	VERB
lungvawm phâk	VERB
lu-ruh heng	VERB
lu-ruh ro	VERB
lu-rum nat	VERB
lu-rûm nat	VERB
lu-rum nat nei	VERB
lu-rûm nat nei	VERB
lu-vun hih	VERB
ma lek	VERB
ma lo	VERB
mahni awm awma awm	VERB
mahni duha awm	VERB
mahni hmakhaw ngai	VERB
mahni hmâkhaw ngâi	VERB
mahni hmasial	VERB
mahni in awm	VERB
mahni inbei	VERB
mahni inbel	VERB
mahni inchan	VERB
mahni indah pawimawh	VERB
mahni indah sang	VERB
mahni indah sâng	VERB
mahni indah sfing	VERB
mahni induh	VERB
mahni induh tawk	VERB
mahni induh tâwk	VERB
mahni induh tfiwk	VERB
mahni inhmu	VERB
mahni inhmu thiam	VERB
mahni inhmuh	VERB
mahni inhre	VERB
mahni inhre chang lo	VERB
mahni inhria	VERB
mahni inhriat	VERB
mahni inlai lang	VERB
mahni inngai pawimawh	VERB
mahni inngâi pawimawh	VERB
mahni inngaisang	VERB
mahni inngâisâng	VERB
mahni inthiar fihlim	VERB
mahni inthiar fihlîm	VERB
mahni inthiâr fihlim thei	VERB
mahni inthiâr fihlîm thei	VERB
mahni inthiarfihlim	VERB
mahni inthunun	VERB
mahni inthunun hneh	VERB
mahni intodelh	VERB
mahni mal chunga sa chan	VERB
mahni mal chûnga sa chan	VERB
mahni mawng hlim	VERB
mahni mum muma mum	VERB
mahni tal tala tal	VERB
mahni tal tala tál	VERB
mahni tana chakai khawrh	VERB
mahni tâna chakâi khawrh	VERB
mahni thu duh	VERB
mai mai	VERB
mai mi	VERB
mâi mi	VERB
mai mit chhing	VERB
mai mit chhîng	VERB
mai parthlawn	VERB
mai tamtawk	VERB
mài tàmtawk	VERB
mai ten	VERB
mai za ai	VERB
mai za aih	VERB
maimaw puan	VERB
maimi zial	VERB
mâimi zial	VERB
mak loh	VERB
mak mamawh	VERB
mak mawh/mamawh	VERB
mak takin	VERB
mal bul	VERB
mal len	VERB
mal rin	VERB
mal var buh	VERB
mal zawn	VERB
mal zawng	VERB
malh malh	VERB
malh rum	VERB
mal-var buh	VERB
mam mam	VERB
mamawh phuhru	VERB
mamawh phuhrû	VERB
mamawh phuhruk	VERB
man bi	VERB
man leh mual	VERB
man leh muâl	VERB
man mi	VERB
man nei	VERB
man pe	VERB
man pê	VERB
man takin	VERB
man tam	VERB
man tawk ruat	VERB
man tâwk ruat	VERB
man tesep	VERB
mang e	VERB
mang lo	VERB
mang loh	VERB
mang mang lo	VERB
mang nei	VERB
mâng nei	VERB
mang neih	VERB
mâng neih	VERB
mang oh	VERB
mang thial thual	VERB
mang ti ang	VERB
mang tih an	VERB
mangkhaia ralveng	VERB
mangkhawng dai	VERB
mangkhâwng dai	VERB
mangkhawng dai then	VERB
mangkhawng dai theu	VERB
mangkhâwng dai theu	VERB
mangkhâwng	 chhuang	 chhuan	VERB
map map	VERB
mar mar	VERB
mathlawn lovin	VERB
maw saw la	VERB
mawng chep	VERB
mawng chhawn	VERB
mawng hung	VERB
mawng hur	VERB
mawng lam chhawn	VERB
mawng ngheh	VERB
mawng phuhru	VERB
mawza tlawn	VERB
mei alh	VERB
mei chhem	VERB
mei ek	VERB
mei em uh	VERB
mei hem	VERB
mei khu	VERB
mei khu chhuahna	VERB
mei kuan	VERB
mei la kai	VERB
mei pak	VERB
mei rem	VERB
mei rui	VERB
mei ruih	VERB
mei tapkuan	VERB
mei thi	VERB
men kham	VERB
men lai	VERB
mena thlak	VERB
mena thlâk	VERB
mêna thlâk	VERB
meng kal	VERB
meng kawi	VERB
meng kel	VERB
meng kuau	VERB
meng rum	VERB
meng sen	VERB
meng thip	VERB
menna hre lo	VERB
mer mer	VERB
met kawlh	VERB
mêt kawlh	VERB
mi chhe fa leh phulbuh	VERB
mi chilhhkak ruk	VERB
mi chilhhkak rûk	VERB
mi chilhhkâk ruk	VERB
mi chilhhkâk rûk	VERB
mi chuan hnuai	VERB
mi depde	VERB
mi depdê	VERB
mi lai	VERB
mi leh sa inpawlh	VERB
mi lem bia	VERB
mi lem biak in	VERB
mi lem lu	VERB
mi lem siamchawp	VERB
mi lem thiam	VERB
mi lem ziak	VERB
mi lian	VERB
mi lim hal	VERB
mi lu	VERB
mi lu la	VERB
mi lu lak	VERB
mi lu lâk	VERB
mi lu lam	VERB
mi lu men	VERB
mi ria	VERB
mi rîa	VERB
mi thin khei zawng takin	VERB
mi uang thuang	VERB
mi veivak	VERB
michhe daikilkar	VERB
michhe er leh	VERB
mihrin pui	VERB
mihring pui	VERB
mi-lem bia	VERB
mi-lem biak in	VERB
mi-lem lu	VERB
mîm kut thla nau pang	VERB
mîm kût thla nau pang	VERB
mim pang tlawh	VERB
mim pâng tlawh	VERB
mîm pang tlawh	VERB
mîm pâng tlawh	VERB
mim tui pawl	VERB
mim tui pâwl	VERB
mîm-kut thla nau pang	VERB
mîm-kût thla nau pang	VERB
mipa naupang	VERB
mipa ta	VERB
mipui pung khawm	VERB
mit bu	VERB
mit chhin tawh	VERB
mit chhin tawk	VERB
mit chhin tâwk	VERB
mit chhing	VERB
mit dawi vaih	VERB
mit dawi vaih thiam	VERB
mit dawi valh	VERB
mit dum	VERB
mit êu	VERB
mit fere	VERB
mit fim	VERB
mit fu	VERB
mit fû	VERB
mit hawkdak	VERB
mit hâwkdâk	VERB
mit hîp	VERB
mit hlei	VERB
mit hmul	VERB
mit hmul er	VERB
mit kap	VERB
mit kâp	VERB
mit kawng	VERB
mit khap kar lovin	VERB
mit khaw hmu lo	VERB
mit ko ruh	VERB
mit kotlang	VERB
mit la	VERB
mit la lova en reng	VERB
mit lâwng	VERB
mit leh beng	VERB
mit len	VERB
mit men	VERB
mit menzia	VERB
mit naute var	VERB
mit nghal	VERB
mit phe	VERB
mit phei	VERB
mit rawng	VERB
mit râwng	VERB
mit rawp	VERB
mit san	VERB
mit sang	VERB
mit sawl	VERB
mit siai	VERB
mit siai khum	VERB
mit siam	VERB
mit sir	VERB
mit sîr	VERB
mit sira hmu	VERB
mit sira hmuh	VERB
mit suih suih	VERB
mit sulh	VERB
mit terh	VERB
mit tih tlun	VERB
mit tihvaih	VERB
mit tlangkawm	VERB
mit tlin tawk	VERB
mit tlun	VERB
mit vâk	VERB
mit val	VERB
mit var	VERB
mit var leh	VERB
mithi khua	VERB
mithî khua	VERB
mithi ngai	VERB
mithî ngai	VERB
mithi ral	VERB
mithi ràl	VERB
mithî ralna	VERB
mithî râlna	VERB
mithi sawngbawl	VERB
mithi sawngbâwl	VERB
mithil timi	VERB
mitmei hmu	VERB
mitmei hmuh	VERB
mitmei kawi	VERB
mitmei kâwi	VERB
mitmei kawih	VERB
mitmei kawih hmu	VERB
mitmei ven	VERB
mitmei veng	VERB
mit-men dan	VERB
mitmeng fiah	VERB
mitmeng phe ruai	VERB
mitmim la	VERB
mitmu dum	VERB
mitmu la keh rih lo	VERB
mitmu lian hmu	VERB
mitmu lian hmuh	VERB
mitmu naute paw	VERB
mitmu naute pâw	VERB
mitmu nauté paw	VERB
mitmu nauté pâw	VERB
mitthi khua	VERB
mitthi lem	VERB
mitthi lu men	VERB
mitthi men	VERB
mitthi sunhlu	VERB
mitthi thuchah ang	VERB
mitthi zai	VERB
mitthi zai sa	VERB
mitthla a dah	VERB
mitthla en	VERB
mittui bual	VERB
mittui hliah	VERB
mittui hul	VERB
mittui luan ruh	VERB
mittui tla	VERB
mlm kut thla	VERB
mo hruai	VERB
mo neitu	VERB
mo thar	VERB
mu chungin	VERB
mu hlen	VERB
mu hlim hlawt	VERB
mu hnem	VERB
mu hnu	VERB
mu sau	VERB
mu sep	VERB
mu sual	VERB
mu tih	VERB
mu ṭih	VERB
mu tlan	VERB
mu tlang	VERB
mu zangthal	VERB
muai dung	VERB
mu-mut zam	VERB
mun kawi	VERB
mut chhuah	VERB
mut chhuak	VERB
mut hmun	VERB
mut hun	VERB
mut kham	VERB
mut kham lo	VERB
mut mawh hnar mawh	VERB
mut mu pawh tuah lo	VERB
mut mû pawh tuah lo	VERB
mut sual	VERB
mut thing awm	VERB
mut thing àwm	VERB
mut tlan	VERB
muvanlai bu la	VERB
muvanlai tlang sang hel chhuah	VERB
na anga	VERB
na chungin	VERB
na meuh	VERB
na na na	VERB
nachang hre	VERB
nak chuan	VERB
nâk chuan	VERB
nak do	VERB
nak hman chuan	VERB
nâk hman chuan	VERB
nâk kalh	VERB
nak lovah	VERB
nak na	VERB
nakin deuhvah	VERB
nakin lawkah	VERB
nam chhuah	VERB
nam chhuak	VERB
nam maw	VERB
nam nam	VERB
nam nul	VERB
nan chin	VERB
nang aw	VERB
nang ching	VERB
nat at	VERB
nat ât	VERB
nat fit hman	VERB
nat fit hmang	VERB
nat hawn	VERB
nâu a âwi mu	VERB
nâu a âwi mû	VERB
nau awih	VERB
nau chhar	VERB
nau chhar thiam	VERB
nau enkawlna	VERB
nau fim hrui	VERB
nâu fim hrui	VERB
nau hnute hne lai	VERB
nâu hnute hne lai	VERB
nau lawm	VERB
nâu lawm	VERB
nau nei	VERB
nau pawm	VERB
nâu pawm	VERB
nau riltam	VERB
nâu riltâm	VERB
nâu rilṭâm	VERB
nau thak	VERB
nâu thak	VERB
nâu thutphah	VERB
nâu ṭhutphah	VERB
nau tla	VERB
nâu tla	VERB
nau tla sual	VERB
nâu tla sual	VERB
nau vai	VERB
nâu vâi	VERB
nâu vei nâ	VERB
naufa dawntuai	VERB
naupang chhe	VERB
naupang chhia	VERB
naupang chhiat	VERB
naupang zawk	VERB
naurual lo	VERB
nâuruâl lo	VERB
nawalh zen bâwk	VERB
nawh fai	VERB
nawh khawk	VERB
nawh mam	VERB
nawh mâm	VERB
nawh pilh	VERB
nawh reh	VERB
nawh thuh	VERB
nawk nawk	VERB
nawl bang	VERB
nawl báng	VERB
nâwl bang	VERB
nâwl báng	VERB
nawl dah	VERB
nâwl dah	VERB
nawl hak	VERB
nâwl hâk	VERB
nawl hek	VERB
nawl hêk	VERB
nâwl hek	VERB
nâwl hêk	VERB
nâwl rawpawn	VERB
nawm chen	VERB
nawmsak bawl	VERB
nawmsak bâwl	VERB
nawmsip bawl	VERB
nawn leh	VERB
nawn nawn	VERB
nawr chawp	VERB
nawr chih	VERB
nawr chip	VERB
nawr dih	VERB
nawr dip	VERB
nawr nawr	VERB
nawr sawn	VERB
nawt fai	VERB
nàwt fai	VERB
nâwt fai	VERB
nawt khawk	VERB
nâwt khawk	VERB
nawt mam	VERB
nâwt mâm	VERB
nawt pilh	VERB
nâwt pilh	VERB
nawt reh	VERB
nâwt reh	VERB
nawt tle	VERB
nawt tlê	VERB
ne ne	VERB
nè né	VERB
nè nè	VERB
ne ne-in	VERB
neih pa tawp	VERB
neih-pa tawp	VERB
nek nawk	VERB
nek nek	VERB
nek per	VERB
nêk per	VERB
nek ping	VERB
nêk ping	VERB
nek sawr	VERB
nek sâwr	VERB
nêk sâwr	VERB
nel tiau	VERB
nem maw	VERB
ném maw	VERB
nem muk	VERB
nem sawr	VERB
nem thep	VERB
nemi-nu chhu uih	VERB
nep nep	VERB
ner sawk	VERB
ngâ sâ	VERB
ngai hai hai	VERB
ngai haw	VERB
ngai haw hua	VERB
ngai hlu	VERB
ngai hnuai	VERB
ngâi hnuai	VERB
ngai ho	VERB
ngâi ho	VERB
ngai hruin	VERB
ngai hua	VERB
ngâi hua	VERB
ngai hua huat	VERB
ngai kawi	VERB
ngai kàwi	VERB
ngâi kawi	VERB
ngai kawi kawih	VERB
ngai lo	VERB
ngái lo	VERB
ngai lo loh	VERB
ngai lolam	VERB
ngâi lolam	VERB
ngai mawh	VERB
ngai ne	VERB
ngai nê	VERB
ngâi ne	VERB
ngâi nê	VERB
ngai neu	VERB
ngai neu neu	VERB
ngai ngai hua	VERB
ngai ngaih huat	VERB
ngai ngaih kawih	VERB
ngai ngaih loh	VERB
ngai ngaih neu	VERB
ngai ngaih ngil	VERB
ngai ngaih ruk	VERB
ngai ngam	VERB
ngai ngil ngil	VERB
ngai no bei	VERB
ngai pawvawh	VERB
ngâi pawvawh	VERB
ngai po imawh	VERB
ngai ran	VERB
ngai ràn	VERB
ngái ran	VERB
ngái ràn	VERB
ngai ru	VERB
ngai rù	VERB
ngai rû	VERB
ngâi ru	VERB
ngâi rù	VERB
ngai ru ruk	VERB
ngai ruh	VERB
ngai sam	VERB
ngâi sam	VERB
ngai sang	VERB
ngai sâng	VERB
ngai sual	VERB
ngai suál	VERB
ngâi sual	VERB
ngâi suál	VERB
ngai thangtlawm	VERB
ngai thei	VERB
ngai thiam	VERB
ngâi thiam	VERB
ngai thla	VERB
ngai tla	VERB
ngai tlawm	VERB
ngai tlâwm	VERB
ngâi tlâwm	VERB
ngai tleu	VERB
ngai tlêu	VERB
ngâi tleu	VERB
ngâi tlêu	VERB
ngai to	VERB
ngai vek	VERB
ngai vêk	VERB
ngái vek	VERB
ngái vêk	VERB
ngâi vek	VERB
ngai zawng	VERB
ngaia neih	VERB
ngaih beisei	VERB
ngaih dan thiam	VERB
ngaih hai	VERB
ngaih hnuai	VERB
ngaih hoh	VERB
ngaih hruina	VERB
ngaih huat	VERB
ngaih huât	VERB
ngaih in	VERB
ngaih kawih	VERB
ngaih lai	VERB
ngaih lâi	VERB
ngaih lawk	VERB
ngaih loh	VERB
ngaih loh lam	VERB
ngaih loh lama ngai	VERB
ngaih loh lama ngaih	VERB
ngaih loh lama ngaih...	VERB
ngaih lohlam	VERB
ngaih ruatsak	VERB
ngaih ruina	VERB
ngaih ruk	VERB
ngaih sak	VERB
ngaih sam	VERB
ngaih san	VERB
ngaih sân	VERB
ngaih se	VERB
ngaih sê	VERB
ngaih sual	VERB
ngaih suàl	VERB
ngaih taka ngai	VERB
ngaih taka ngâi	VERB
ngaih ten	VERB
ngaih thah	VERB
ngaih theih	VERB
ngaih theih loh	VERB
ngaih tleu	VERB
ngaih tuah	VERB
ngaih tuahna	VERB
ngaih ven	VERB
ngaihnat zawng	VERB
ngaihnep zawng	VERB
ngaihthlak ruk	VERB
ngaihthlak rûk	VERB
ngaihtuah chhuah	VERB
ngaihtuah chhuak	VERB
ngaihtuah kir	VERB
ngaihtuah kîr	VERB
ngaihtuah sak	VERB
ngaihtuah tawh	VERB
ngaihtuah tawi	VERB
ngainat zawng	VERB
ngainat zâwng	VERB
ngaithei lo	VERB
ngaithla ru	VERB
ngaizam thiam	VERB
ngâizam thiam	VERB
ngal hem	VERB
ngal hêm	VERB
ngan awm	VERB
ngan âwm	VERB
ngan hlak	VERB
ngar hem	VERB
ngar hêm	VERB
ngar khêng	VERB
ngar ngar	VERB
ngaw hnuai	VERB
ngaw ngaw	VERB
ngâw ngâw	VERB
ngaw thiah	VERB
ngaw ṭhiah	VERB
ngaw thiat	VERB
ngaw ṭhiat	VERB
ngawh ngo	VERB
ngawi chipcham	VERB
ngawi chîpcham	VERB
ngawi teh	VERB
ngâwi teh	VERB
ngawi thap	VERB
ngawi ṭhap	VERB
ngawi zawn	VERB
ngawih chuh	VERB
ngawih ngawih	VERB
ngawih rukpui	VERB
ngawihem tawng	VERB
ngâwihêm țawng	VERB
ngawr ngawr	VERB
nge nge	VERB
ngèi ngei	VERB
ngèi ngêi	VERB
ngeih lo	VERB
ngen chi	VERB
nget nget	VERB
nghafuan ruh	VERB
nghafuan rut	VERB
nghafuan vèn buk	VERB
nghafuan vèn bûk	VERB
nghafuan veng	VERB
nghafuan vêng	VERB
nghahchhan phum	VERB
nghahfaka hmang	VERB
nghahfâka hmang	VERB
nghahfaka nei	VERB
nghahfâka nei	VERB
nghak hlel	VERB
nghakàwi chaw	VERB
nghakâwi chaw	VERB
nghakawi chiah	VERB
nghakuai ngul	VERB
nghal pawl	VERB
nghal páwl	VERB
nghal thiang	VERB
nghalpa chet	VERB
nghalpa chêt	VERB
nghapui suar an	VERB
nghawng thlung	VERB
nghâwng thlung	VERB
nghe nghe	VERB
ngheng lum	VERB
nghiau nghiau	VERB
nghilh nghelh	VERB
nghilh nghelh ve	VERB
nghin ngawi	VERB
nghing ngheng	VERB
nghir ngho	VERB
ngho chang	VERB
ngho châng	VERB
ngho khen	VERB
ngin ngen	VERB
nguar nguar	VERB
ngunhnam vai	VERB
ngunhnâm vai	VERB
ngur ngur	VERB
ni ar	VERB
ni âr	VERB
ni awk lem	VERB
ni âwk lem	VERB
ni chhuah	VERB
ni chhuak	VERB
ni chhun 6n	VERB
ni chhun en	VERB
ni chhun èn	VERB
ni chhun ên	VERB
ni e	VERB
ni hlim	VERB
ni lum	VERB
ni mah sela	VERB
ni rawh i	VERB
ni thlang her	VERB
niap niap	VERB
nih ni	VERB
nikum hmasa	VERB
nili ni	VERB
nimin piah zan	VERB
nipui sensa	VERB
nu tingbo	VERB
nula a fiam	VERB
nupa kawpchawi	VERB
nupui fanau	VERB
pa ardang	VERB
pa bung	VERB
pa pu	VERB
pahmei nu	VERB
pai par	VERB
pai par hmun	VERB
pai paw awn	VERB
pai per hmun	VERB
pai pèr hmun	VERB
pai ral	VERB
pái ral	VERB
pai vun	VERB
pai-êm hmun	VERB
paih chhawrh	VERB
paih chhinchhiahna	VERB
paih thla	VERB
paih thlâ	VERB
paih thlâk	VERB
paihte tawng	VERB
pai-per hmun	VERB
pai-pèr hmun	VERB
pak chheih khah	VERB
pal tung	VERB
pan dawng	VERB
pang kar	VERB
pang la	VERB
pang per	VERB
pang pèr	VERB
pang sa	VERB
par arsi	VERB
par chhuak	VERB
par chhuang	VERB
par fung chawi	VERB
par fung châwi	VERB
par khawdur	VERB
pâr khawdur	VERB
par lak	VERB
par lâk	VERB
pàr lak	VERB
pàr lâk	VERB
par lak li	VERB
par lawr	VERB
par lâwr	VERB
par saingho	VERB
pâr saingho	VERB
par-fung chawi	VERB
par-fung châwi	VERB
pathian be	VERB
pau rau	VERB
paw (pua	VERB
paw chhawng	VERB
paw chhâwng	VERB
paw lawn zat	VERB
paw lâwn zat	VERB
paw nei nei	VERB
paw puak	VERB
paw vawng	VERB
pawbahlat puak	VERB
pawbahlat	 (puak)	VERB
pawh bial	VERB
pawh chah	VERB
pawh chhuah/pawt chhuak	VERB
pawh fan	VERB
pawh pawt thler	VERB
pawh ri	VERB
pawhchhiat khau	VERB
pawi khawih	VERB
pawih fak	VERB
pawl sawm	VERB
pawl thum	VERB
pawl tla	VERB
pawm hlum	VERB
pawn chhia	VERB
pawn nei nei	VERB
pawng hram	VERB
pâwng hrâm	VERB
pawng lak	VERB
pâwng lâk	VERB
pawng nâk	VERB
pawng nek	VERB
pawng nèk	VERB
pâwng nèk	VERB
pawngsen tlaivar	VERB
pawnpui zung thui	VERB
pawt dawk	VERB
pe sul	VERB
pe tuar	VERB
pe tuár	VERB
pe uar	VERB
pe uár	VERB
peh hel	VERB
peh kawh	VERB
peh khai	VERB
peh thlak	VERB
peh thlâk	VERB
peh zût	VERB
peih peih	VERB
pein lut	VERB
pelh sawlh	VERB
pen per	VERB
pen rual	VERB
pen sak	VERB
pen san	VERB
pen zing	VERB
pen zîng	VERB
per pawr	VERB
perh zeh	VERB
pet kawh	VERB
pet khai	VERB
pet thla	VERB
pet zut	VERB
pet zût	VERB
pfima zai	VERB
pha man zat	VERB
pha man ziahin	VERB
phah nan hman	VERB
phah nân hman	VERB
phah nan hmang	VERB
phai bawm	VERB
phâi bâwm	VERB
phaiphu leng tum	VERB
phaiphu lêng tum	VERB
phâiphu leng tum	VERB
phaiphuleng kai	VERB
phaiphulêng kai	VERB
phâiphuleng kai	VERB
phâiphulêng kai	VERB
phaiphuleng kaih	VERB
phaiphulêng kaih	VERB
phâiphuleng kaih	VERB
phâiphulêng kaih	VERB
phaiphu-leng tum	VERB
phaiphu-lêng tum	VERB
phal lo	VERB
phal rai	VERB
pha-man zat	VERB
phar phar	VERB
pharh pharh	VERB
pharh tha	VERB
pharh ṭha	VERB
pharh that	VERB
pharv pharh	VERB
pharv pharv	VERB
phaw hlawh	VERB
phaw sawlh	VERB
phawh chhuah	VERB
phawk chhuah	VERB
phawk chhuak	VERB
phawk hru	VERB
phâwk hru	VERB
phawk lek	VERB
phawk lék	VERB
phawk lêk	VERB
phâwk lek	VERB
phawk pha	VERB
phawk phaw hraw	VERB
phawkhai rual	VERB
phawkhai rual takin	VERB
phawkhai zan	VERB
phawkhai zàn	VERB
phawkhai zân	VERB
phawr phawr	VERB
phawr phawr a che!	VERB
phawt chuan	VERB
phawt phawt	VERB
phe chhen	VERB
phé en	VERB
phé èn	VERB
phe lep lep	VERB
phe lep phēt	VERB
phe mer mer	VERB
phe mer phêt	VERB
phe neuh neuh	VERB
phe phe	VERB
phe phé	VERB
phê phé	VERB
phe phu	VERB
phe riai ruai	VERB
phe ruai	VERB
phê ruai	VERB
phe sek	VERB
phei tum lian	VERB
pheichham man	VERB
pheichheh zan	VERB
pheichheh zàn	VERB
pheikhai pheikhata	VERB
pheikhai zang zan	VERB
pheikhai zang zàn	VERB
pheikhai záng zan	VERB
pheikhawk siai	VERB
phek ban	VERB
phek bàn	VERB
phêk ban	VERB
phêk bàn	VERB
phek en	VERB
phek hlang	VERB
pheng avangin	VERB
pheng lawng tum	VERB
pheng làwng tum	VERB
phêng lawng tum	VERB
phêng làwng tum	VERB
pheng-lawng tum	VERB
pheng-làwng tum	VERB
phêng-lawng tum	VERB
phêng-làwng tum	VERB
pher pher	VERB
pherh hrep	VERB
phêt en	VERB
phêt èn	VERB
phet mer mer	VERB
phet phet	VERB
phêt phêt	VERB
phet riai ruai	VERB
phêt riai ruai	VERB
pheuh pheuh	VERB
phi ar	VERB
phi chuk chuk	VERB
phi ruai	VERB
phiar phiar	VERB
phiar pum	VERB
phiar ru	VERB
phiar ruk	VERB
phiar rûk	VERB
phiar thlu	VERB
phiar thluk	VERB
phih awh	VERB
phih awk	VERB
phih âwk	VERB
phih bai	VERB
phih bal	VERB
phih hik	VERB
phih hîk	VERB
phih hlîp	VERB
phih lip	VERB
phih thla	VERB
phih thlak	VERB
phil hmang	VERB
phil pi	VERB
phing phi-siau	VERB
phingphi hlip vai lian el ang	VERB
phingphi siau tlawh	VERB
phingphihlip bengngawng	VERB
phit thlawh	VERB
phît thlawh	VERB
pho arh bial	VERB
pho arh tung	VERB
pho loh	VERB
pho-arh bial	VERB
pholeng bawn	VERB
phu dut dut	VERB
phu hlum	VERB
phu hrin	VERB
phu hru	VERB
phu hruk	VERB
phu hrûk	VERB
phu la	VERB
phu lak	VERB
phu lâk	VERB
phu lo	VERB
phû lo	VERB
phu loh	VERB
phû loh	VERB
phu lu bat	VERB
phu lui	VERB
phu mur mur	VERB
phu murmur	VERB
phu phu	VERB
phu phû	VERB
phû phû	VERB
phu phut	VERB
phu phût	VERB
phu tap	VERB
phu tâp	VERB
phu ṭap	VERB
phu ṭâp	VERB
phu tawk	VERB
phu tâwk	VERB
phû tawk	VERB
phû tâwk	VERB
phu uih	VERB
phu zawih zawih	VERB
phu zawk	VERB
phuah chawp	VERB
phuah ṭu	VERB
phuai meh	VERB
phuai ziahna	VERB
phuar belhbawm	VERB
phuba la	VERB
phuba la tu	VERB
phuba lakna	VERB
phuh chhuah	VERB
phuh chhuak	VERB
phuihnam chhia	VERB
phuihnam suak	VERB
phuk phu hlum	VERB
phuk phu hlûm	VERB
phul bual mi	VERB
phûl bual mi	VERB
phul hai	VERB
phul hâi	VERB
phûl hai	VERB
phûl hâi	VERB
phul hal	VERB
phul hâl	VERB
phûl hal	VERB
phûl hâl	VERB
phûl leng	VERB
phûl lêng	VERB
phun hring	VERB
phun nun	VERB
phun nung	VERB
phun phan	VERB
phun phun	VERB
phun ru	VERB
phun ruk	VERB
phung chang hnai	VERB
phung chengkawl	VERB
phûng chengkawl	VERB
phung chil	VERB
phûng chil	VERB
phung hmuh chauh	VERB
phûng hmuh chauh	VERB
phung la zai	VERB
phung ladin-lek	VERB
phûng ladin-lek	VERB
phung lam	VERB
phung lâm	VERB
phung lăm	VERB
phûng lam	VERB
phung sual ang	VERB
phûng ṭangṭial	VERB
phûng ṭângṭial	VERB
phung thlu	VERB
phung tho hmu ang	VERB
phûng tho hmu ang	VERB
phung tih	VERB
phung ṭih	VERB
phung tlak sawh	VERB
phung-chang hla deuh	VERB
phung-chang hnai	VERB
phungin a sawi khalh	VERB
phûngin a sawi khalh	VERB
phungin bawh	VERB
phungzawl tuibur duh	VERB
phungzâwl tuibur duh	VERB
phunthanga nu	VERB
phur phur	VERB
phur rit	VERB
phur rit phur	VERB
phur rit phurh	VERB
phur thak	VERB
phur thak bu	VERB
phurh hlan	VERB
phurh phurh	VERB
phûrthak hlo	VERB
phut khat	VERB
phut lui	VERB
phût lui	VERB
phut nei	VERB
phût nei	VERB
phut phut	VERB
phût phût	VERB
phut zawkna	VERB
pi chim lim	VERB
pi chuang	VERB
pi khawi zu	VERB
piâl piâl	VERB
pial ral	VERB
pial thla	VERB
piál thla	VERB
piâl thla	VERB
pial thlak	VERB
pial thlâk	VERB
piál thlak	VERB
pian dan	VERB
pian leh murnaah	VERB
pian lung	VERB
pian sual	VERB
piang dûn rial	VERB
piang dûn riâl	VERB
piang hmun riâl	VERB
piang sual	VERB
piang thiam	VERB
piang thla	VERB
pianto tha	VERB
pianṭo ṭha	VERB
pil bo	VERB
pil theih lohna	VERB
pim tui dawt	VERB
pim tul	VERB
pindan chuang	VERB
pindan hnuaihnung	VERB
ping dang	VERB
ping pang	VERB
ping pei	VERB
pi-pu suih	VERB
pipu uai hla	VERB
pît pet	VERB
pît pêt	VERB
pit pih	VERB
pit ven	VERB
pit vèn	VERB
pît vên buk	VERB
pît vên bûk	VERB
pit veng	VERB
pit vêng	VERB
pu ban	VERB
pu kula thang	VERB
pu kûla thang	VERB
pu pawla	VERB
pu vana beng	VERB
pu vana sial	VERB
pu vana thlengpui hnuh rík	VERB
pu zawn	VERB
puah keh	VERB
puah thek	VERB
puah ṭhek	VERB
puahtu sum	VERB
puahtu sûm	VERB
puak ba hlat	VERB
puak ba hlât	VERB
puak chhawn	VERB
puak chhàwn	VERB
puak chhâwn	VERB
puak chhawng	VERB
puak chhâwng	VERB
puak chhhawn	VERB
puak chuak	VERB
puak hlawh	VERB
puak keh	VERB
puak lawn zat	VERB
puak ruk	VERB
puak tam silai	VERB
puak thek	VERB
puak ţhek	VERB
pual nam	VERB
puâl thû	VERB
puan ban	VERB
puan bàn	VERB
puan bân	VERB
puan bang	VERB
puan bâng	VERB
puan bu	VERB
puan bû	VERB
puan chang nei	VERB
puan châng nei	VERB
puan hnuai thil	VERB
puan in	VERB
puan in zar	VERB
puan in zâr	VERB
puan phah	VERB
puan rin	VERB
puan ruaka awm	VERB
puan silh	VERB
puan su	VERB
puan suk ni	VERB
puan sûk ni	VERB
puan sutu	VERB
puan tah	VERB
puan tahtu	VERB
puan thlang	VERB
puan thui	VERB
puan tlang zial	VERB
puan tumtel	VERB
puan vawm	VERB
puan ven sâwi chhîng	VERB
puan vual	VERB
puan ze mawi	VERB
puan ze-mawi	VERB
puan zung thui	VERB
puan zung ţhui	VERB
puan zung ṭhui	VERB
puan zung thuma thui	VERB
puanfen fual nei	VERB
puâng zâr	VERB
puanṭhuina kutkhawl	VERB
puar ak	VERB
puâr ak	VERB
puar fan	VERB
puar fân	VERB
puar paw leng	VERB
puar peng	VERB
puh bik	VERB
puh chhe	VERB
puh chhia	VERB
puh chhiat	VERB
puh khel	VERB
puh ruk	VERB
puh rûk	VERB
puh thlak	VERB
puh thlâk	VERB
puh thlu	VERB
puh thluk	VERB
pui khat sial	VERB
pui ze mawi	VERB
puih bawm	VERB
puk puk	VERB
pum bil	VERB
pum hlawh	VERB
pum hnar	VERB
pùm hnâr	VERB
pum hnih khat	VERB
pum hrut hrut	VERB
pum hrût hrût	VERB
pùm tui dawt	VERB
pum tuk	VERB
pum vir	VERB
pum zahna	VERB
púm zahna	VERB
pùma zai	VERB
pum-hrut hrut	VERB
pum-hrût hrût	VERB
pun chang nei	VERB
pung bo	VERB
pung ho	VERB
pur chaw	VERB
pûr chaw	VERB
pur chaw khawm	VERB
pur chaw khâwm	VERB
pûr chaw khawm	VERB
pûr chaw khâwm	VERB
pur chawk	VERB
pur châwk	VERB
pûr chawk	VERB
pûr châwk	VERB
pur chaw-khawm	VERB
pur chaw-khâwm	VERB
pûr chawkna	VERB
pûr châwkna	VERB
pur phur	VERB
pûr phur	VERB
purun zung	VERB
put ru	VERB
pût ru	VERB
râ ra	VERB
rah beh	VERB
rah bet	VERB
rah buk sum	VERB
rah bûk sum	VERB
rah chhan	VERB
rah chhe	VERB
rah duh	VERB
rah fuan	VERB
rah fuàn	VERB
rah ka	VERB
rah kâ	VERB
rah pelh	VERB
rah pial	VERB
rah rik	VERB
rah rîk	VERB
rah tha	VERB
rah ṭha	VERB
rah that	VERB
rah tlan	VERB
rahbi chhu	VERB
rahbi chhû	VERB
rahbi chhut	VERB
rahbi tleu	VERB
rai ai	VERB
rai aih	VERB
rai chuam	VERB
rai deh	VERB
rai kap	VERB
rai lu um	VERB
rai no	VERB
rai puar	VERB
rai seh	VERB
rai teuh	VERB
rai ṭeuh	VERB
rairuang buh	VERB
rak rak	VERB
rakzu thlawr bel	VERB
ral ai	VERB
râl ai	VERB
râl atangin	VERB
râl aṭangin	VERB
ral dai	VERB
râl dâi	VERB
ral deh	VERB
râl deh	VERB
ral do	VERB
râl do	VERB
ral hau	VERB
ral hàu	VERB
ral kah	VERB
râl kah	VERB
ral kai	VERB
râl kâi	VERB
ral lak	VERB
râl lâk	VERB
ral lem	VERB
râl lem	VERB
ral lu lam	VERB
râl lu lâm	VERB
ral lu lawm	VERB
râl lu lâwm	VERB
ral muan	VERB
ral muang	VERB
ral samkuai	VERB
râl samkuai	VERB
ral tawn	VERB
râl tawn	VERB
ral thawl	VERB
râl thâwl	VERB
ral thawn	VERB
ral thàwn	VERB
râl thawn	VERB
râl thàwn	VERB
ral thawng	VERB
râl thâwng	VERB
râl tukna hmun	VERB
râl ṭukna hmun	VERB
ral ven	VERB
ral vèn	VERB
râl ven	VERB
râl vèn	VERB
ral veng	VERB
ral vêng	VERB
ralh rat	VERB
râlh rât	VERB
ralleng thi	VERB
ralmuang lai	VERB
ram balhla	VERB
ram bua	VERB
ram chang	VERB
ram chawm	VERB
ram chuang	VERB
ram chukchu	VERB
ram dang	VERB
ram dang mi	VERB
ram mei hliau	VERB
ram mi	VERB
ram parh tha	VERB
ram parva	VERB
ram pui	VERB
ram pui thiah	VERB
ram pui ṭhiah	VERB
ram pui thiat	VERB
ram pui ṭhiat	VERB
ram reh	VERB
ram reh au	VERB
ram riak	VERB
ram sa	VERB
ram sah	VERB
ram sat	VERB
ram sât	VERB
ram tang	VERB
ram ṭang	VERB
ram theh	VERB
ram ṭheh	VERB
ram thiah	VERB
ram ṭhiah	VERB
ram tlan	VERB
ram tuileilova siam	VERB
ram tuk khat	VERB
ram tuk rei	VERB
ram tuk rêl	VERB
ram tuk thla	VERB
ram vak	VERB
ram zu ar la	VERB
ramhuai liam kawn	VERB
ramhuai zawl	VERB
ramhuai zâwl	VERB
ram-mei hliau	VERB
ram-pui thiah	VERB
ram-pui ṭhiah	VERB
ran buai	VERB
ràn buai	VERB
ran ran	VERB
ran tlatna phul	VERB
ran zawng	VERB
rang buai	VERB
ranin be	VERB
ranin bia	VERB
ranin luh	VERB
rap bet	VERB
rap buk	VERB
rap bûk	VERB
rap fuan	VERB
rap hak	VERB
rap hâk	VERB
rap hrual	VERB
râp in	VERB
rap kua	VERB
rap pial	VERB
rap rap	VERB
rap ri	VERB
rap tlêu	VERB
rappui chung sang	VERB
rapza kua	VERB
râu au	VERB
râu àu	VERB
rau awrhtir	VERB
rau awrhtîr	VERB
ráu awrhtir	VERB
ráu awrhtîr	VERB
rau hren	VERB
rau hrèn	VERB
rau rau	VERB
rau ri	VERB
rau thuh ruk	VERB
rau thuh rûk	VERB
rau thuhruk	VERB
rau thuh-ruk	VERB
rau thuhrûk	VERB
rau thuh-rûk	VERB
ráu thuhruk	VERB
ráu thuhrûk	VERB
rau thukru	VERB
raw chhem	VERB
raw chhèm	VERB
raw lak	VERB
raw lawn	VERB
raw làwn	VERB
raw lawn khan	VERB
raw làwn khan	VERB
raw thla	VERB
rawh i	VERB
rawh kawn	VERB
rawh kàwn	VERB
rawh kawng	VERB
rawh kâwng	VERB
rawh khu	VERB
rawh khù	VERB
rawh puah	VERB
rawh puâh	VERB
rawh puak	VERB
rawh rawh	VERB
rawh se	VERB
rawh sen	VERB
rawh thianghlim	VERB
rawh tui	VERB
rawh u	VERB
rawh uh	VERB
rawh un imper	VERB
rawi rawi	VERB
rawk rawk	VERB
rawl hmang	VERB
rawl khang	VERB
rawl ral	VERB
rawl râl	VERB
rawl ral hman	VERB
rawl rala bei	VERB
rawl râla bei	VERB
rawl ruk	VERB
rawl rûk	VERB
ràwl ruk	VERB
ràwl rûk	VERB
rawl teh	VERB
rawl ṭeh	VERB
râwl teh	VERB
râwl ṭeh	VERB
rawl tet	VERB
rawl ṭet	VERB
râwl tet	VERB
râwl ṭet	VERB
raw-lawn khan	VERB
raw-làwn khan	VERB
raw-lawn khang	VERB
raw-làwn khang	VERB
rawn hawn	VERB
rawn hàwn	VERB
rawn hâwn	VERB
rawn hnaih	VERB
rawn hruai	VERB
rawn hruái	VERB
rawn hruâi	VERB
rawn kir leh	VERB
rawn kîr leh	VERB
rawn kîr-leh	VERB
rawn rawn	VERB
rawn sin	VERB
rawng bulah	VERB
rawp rawp	VERB
râwpa râwp	VERB
rawsawt hmarcha	VERB
rawt chat	VERB
râwt chat	VERB
rawt chhum	VERB
râwt chhum	VERB
rawt dih	VERB
ràwt dih	VERB
rawt dip	VERB
ràwt dip	VERB
rawt sawm	VERB
ràwt sawm	VERB
ràwt sawmna lung	VERB
re raw	VERB
rè rè	VERB
reh deuh	VERB
reh hlum	VERB
reh pawh	VERB
reh ral	VERB
rei awm lovin	VERB
rei in	VERB
rei lo te-an	VERB
rei ngaithei	VERB
rei ngial	VERB
rei rial loh	VERB
rei takngial	VERB
rei ti	VERB
rei tih	VERB
rek hlum	VERB
rêk hlum	VERB
rel bawl	VERB
rel bâwl	VERB
rel beng	VERB
rel chhiar	VERB
rel chhuak	VERB
rel chhuâk	VERB
relh relh	VERB
relh ru	VERB
rem ar talh	VERB
rem ar talh chhan	VERB
rem âr talh chhan	VERB
rem chho	VERB
rem hre tak	VERB
rem hre takin	VERB
rem hria	VERB
rem hriat	VERB
rem loh	VERB
rem rem	VERB
rem ruatpui	VERB
remchang ah hman	VERB
remchâng ah hman	VERB
remchang ah hmang	VERB
remchâng ah hmang	VERB
remti tih tian	VERB
remti tih tlan	VERB
remti tlang	VERB
renchem takin	VERB
reng âwm tût	VERB
renthlei fin leh ar ṭial fin	VERB
ret rawt	VERB
reuh reuh	VERB
ri bawrh bawrh	VERB
ri bawrh rik	VERB
ri bawrh rîk	VERB
ri chhuah	VERB
ri chhuak	VERB
ri dim	VERB
ri dur dur	VERB
ri dur rîk	VERB
ri hriat theihna	VERB
ri hum hum	VERB
ri hum rik	VERB
ri hum rîk	VERB
ri kham	VERB
ri luah	VERB
ri ngaihna	VERB
ri ral	VERB
ri va	VERB
ria chhan	VERB
ria dan	VERB
ria nei	VERB
ria neih	VERB
rià nu	VERB
rià nû	VERB
ria ral	VERB
riah buk	VERB
riah bûk	VERB
riah buk sual	VERB
riah bûk sual	VERB
riah buk thing fawm	VERB
riah chaw	VERB
riah châw	VERB
riah chaw dah	VERB
riah chilh	VERB
riah hmun	VERB
riah hmun bengbel	VERB
riah hmun bêngbel	VERB
riah hmun khuâr	VERB
riahna in	VERB
riak chhuah	VERB
riâk chhuah	VERB
riak chhuak	VERB
riâk chhuak	VERB
riak lut	VERB
riak lût	VERB
rial chini fu	VERB
rial chithlum	VERB
riâl chithlum	VERB
rial hlen	VERB
riâl hlen	VERB
rial lo	VERB
riâl lo	VERB
rial loh	VERB
rial no	VERB
riâl no	VERB
rial rum	VERB
rial thi	VERB
riâl thi	VERB
riâl ṭhi	VERB
rial tla	VERB
riâl tla	VERB
riar ziar	VERB
riar zuar	VERB
rih ar	VERB
rik dan	VERB
rîk dan	VERB
rik hum hum	VERB
rik rap	VERB
rik râp	VERB
rîk rap	VERB
rik rawk	VERB
rikrum thil	VERB
ril bawh	VERB
rîl bawh	VERB
ril chauhva chhang	VERB
ril khei	VERB
rîl khei	VERB
rila rah	VERB
rilru beh	VERB
rilru bet	VERB
rilru bulbal nei lo	VERB
rilru bulbâl nei lo	VERB
rilru bulbal neih loh	VERB
rilru bulbâl neih loh	VERB
rilru bulfukna nei lo	VERB
rilru bulfûkna nei lo	VERB
rilru bulfûkna neih loh	VERB
rilru chak	VERB
rilru chavai	VERB
rilru chavaih	VERB
rilru chawlawl	VERB
rilru chhe	VERB
rilru chhia	VERB
rilru chhiat	VERB
rilru chi ai	VERB
rilru chi âi	VERB
rilru chi-ai	VERB
rilru chi-âi	VERB
rilru dah	VERB
rilru dap vel	VERB
rilru dap vêl	VERB
rilru deh	VERB
rilru dek	VERB
rilru dek vel	VERB
rilru hmunkhatin	VERB
rilru hniam	VERB
rilru hnuai	VERB
rilru inngai hnuai	VERB
rilru intizuau	VERB
rilru kap	VERB
rilru karki	VERB
rilru khauh	VERB
rilru khawih	VERB
rilru khei	VERB
rilru khingbai	VERB
rilru la	VERB
rilru la peng	VERB
rilru la pêng	VERB
rilru lak	VERB
rilru lâk	VERB
rilru lak pen	VERB
rilru lak pèn	VERB
rilru lâk pen	VERB
rilru lâk pèn	VERB
rilru lamlet	VERB
rilru lamlêt	VERB
rilru man	VERB
rilru mumal nei lo	VERB
rilru mumal neih loh	VERB
rilru na	VERB
rilru nat	VERB
rilru natna	VERB
rilru nei	VERB
rilru neih	VERB
rilru ngai pu	VERB
rilru ngai put	VERB
rilru pai	VERB
rilru pangkhing	VERB
rilru pawn lan	VERB
rilru pawn làn	VERB
rilru pawn lang	VERB
rilru pawn lâng	VERB
rilru pe	VERB
rilru pek	VERB
rilru pêk	VERB
rilru phawklek	VERB
rilru phawklék	VERB
rilru phawklêk	VERB
rilru pháwklek	VERB
rilru pháwklék	VERB
rilru phâwklek	VERB
rilru phawrh	VERB
rilru put dan	VERB
rilru put dân	VERB
rilru putzia	VERB
rilru sawn	VERB
rilru sei	VERB
rilru tâ	VERB
rilru tawi	VERB
rilru táwi	VERB
rilru tawt	VERB
rilru tâwt	VERB
rilru te	VERB
rilru tê	VERB
rilru tet	VERB
rilru têt	VERB
rilru tha tak pu	VERB
rilru ṭha tak pu	VERB
rilru ṭha tak put	VERB
rilrua dah	VERB
rilrua dap vel	VERB
rilrua helh	VERB
rilrua ngaihtuah	VERB
rilrua vei	VERB
rilrua vei nei	VERB
rilrua vei neih	VERB
rin khum	VERB
rin lohvin	VERB
rin ren	VERB
rin sawi	VERB
rin tih	VERB
ring bilh	VERB
ring dawh	VERB
ring dawk	VERB
ring hlh	VERB
ring khûm	VERB
ring lo takin	VERB
ring na	VERB
ring ri telh	VERB
ring ri ṭelh	VERB
ring ruh	VERB
ring ruh tihtliah	VERB
ring ruh titliak	VERB
ring ruh tliak	VERB
ring takin	VERB
ring-ruh tihtliah	VERB
ring-ruh titliak	VERB
rinsanga be	VERB
rinsanga bepui	VERB
ro chan	VERB
ro chang	VERB
ro khawlh	VERB
ro khawm	VERB
ro khâwm	VERB
ro te	VERB
ro thap	VERB
ro thum bel	VERB
ro vang	VERB
romei zam	VERB
romei zâm	VERB
rotekawla sepa ang	VERB
ru sakei	VERB
ru sum	VERB
ru sum deng	VERB
ru sum dêng	VERB
ruah bawhawk	VERB
ruah bing	VERB
ruah do	VERB
ruah fang	VERB
ruah hawn	VERB
ruah hàwn	VERB
ruah hâwn	VERB
ruah hawt	VERB
ruah phingphi siau	VERB
ruah ruah	VERB
ruah si	VERB
ruah sur	VERB
ruah tang	VERB
ruai awh	VERB
ruai pu	VERB
ruai ruai	VERB
ruai theh	VERB
ruai ţheh	VERB
ruai tuan	VERB
ruak lo	VERB
ruak ruak	VERB
rual awh	VERB
rual awt	VERB
rual ban lo	VERB
rual el	VERB
rual el nachhâng hria	VERB
rual rem	VERB
rual rual	VERB
rualawh nachhâng hre lo	VERB
ruang chaicheh thlâk	VERB
ruang fim	VERB
ruang hlawm	VERB
ruat awh	VERB
ruat awt	VERB
rufik rufik	VERB
ruh na	VERB
ruh nat	VERB
ruk hmang	VERB
rûk hmang	VERB
ruk ruk	VERB
rùl chauhva chhang	VERB
rùl chauhva chhâng	VERB
rul chu	VERB
rûl chu	VERB
rul ke nei	VERB
rûl khawi mi	VERB
rul sakhi	VERB
rûl sakhi	VERB
rul ţhihna	VERB
rûl ţhihna	VERB
rul tla	VERB
rul tlâ	VERB
rûl tla	VERB
rûl tlâ	VERB
rûl vankai	VERB
rûl vânkai	VERB
rula raw neih	VERB
rum rawk	VERB
rum rum	VERB
run dal	VERB
run dâl	VERB
rûn dâl	VERB
run lui a lehluan hma chu	VERB
run pui	VERB
rún pui	VERB
ru-sum deng	VERB
ru-sum dêng	VERB
sa ai	VERB
sa âi	VERB
sâ ai	VERB
sa ban	VERB
sa bàn	VERB
sa bawp man	VERB
sa be	VERB
sa bebuh	VERB
sa bel	VERB
sa bêl	VERB
sa beng sem	VERB
sà bia	VERB
sa biak	VERB
sa chhawl chhin	VERB
sa chheng	VERB
sa chhe-pa	VERB
sa chhim	VERB
sa chhuah	VERB
sa chhum	VERB
sa ha tah	VERB
sa hauh	VERB
sa hel ei	VERB
sa hlan	VERB
sa hlàn	VERB
sa hliam	VERB
sa hliam ûm	VERB
sa hrang	VERB
sa hu sual	VERB
sa huai	VERB
sa huan	VERB
sa in	VERB
sa kah	VERB
sa kap thei	VERB
sa kâp-thei	VERB
sa kawchhung hai	VERB
sa kawl	VERB
sa kechek	VERB
sa ki	VERB
sa leh ril	VERB
sa lung	VERB
sa mar lai	VERB
sa mur mur	VERB
sa pa riah	VERB
sa pa tai	VERB
sa pa vah	VERB
sa pawk	VERB
sa pawp	VERB
sa phit	VERB
sa phu	VERB
sa phût	VERB
sa pui	VERB
sa rakin	VERB
sa rilbawh	VERB
sa serh kai chin	VERB
sa thangdai	VERB
sa thi thun	VERB
sa thing zâr	VERB
sa thlah	VERB
sa thling	VERB
sa thlíng	VERB
sa tla	VERB
sa tlâ	VERB
sa tlak	VERB
sa tlâw	VERB
sa tui	VERB
sa tum	VERB
sa-chan chem	VERB
sa-chhawl chhin	VERB
sachhawl thawh	VERB
sachhâwl thawh	VERB
sah bur	VERB
sah bûr	VERB
sah chah	VERB
sah chhawk	VERB
sah chhum	VERB
sah chhum hmawk	VERB
sah fik	VERB
sah har	VERB
sah lam	VERB
sah no	VERB
sah rek	VERB
sah rêk	VERB
sah san	VERB
sah sàn	VERB
sah thlau	VERB
sah thlàu	VERB
sahbuak khum	VERB
sahdah hlawm	VERB
sahdah hlâwm	VERB
sahdah zial	VERB
sahdal dai	VERB
sahdal dâi	VERB
sahmim tipuar	VERB
sahriak bur	VERB
sahriak er	VERB
sahriak erfu	VERB
sahriak um	VERB
sai phaw	VERB
sai ral	VERB
sai râl	VERB
sai ril	VERB
sai sa	VERB
saihlum hrual	VERB
sairil mit put	VERB
sakei ek beng	VERB
sakei hnute	VERB
sakei lei	VERB
sakhaw be	VERB
sakhua be	VERB
sam chhia	VERB
sam chhiat	VERB
sam fang	VERB
sam hram	VERB
sam lam	VERB
sam suih	VERB
sam takin	VERB
sam tan	VERB
sam thawlh	VERB
sam ṭhawlh	VERB
sam thlah	VERB
sam zial	VERB
san loh	VERB
san pa	VERB
san pe	VERB
sangawi zawnpui	VERB
sangha awt	VERB
sangha âwt	VERB
sangha chhia	VERB
sangha danna	VERB
sangha hal	VERB
sangul tung	VERB
sap thei	VERB
sáp thei	VERB
sa-pa riah	VERB
sa-pa tal	VERB
sapial tlat	VERB
sapui thlah	VERB
sar sen	VERB
sàr sen	VERB
sar thi	VERB
sar thli	VERB
sâr thli	VERB
sat bur	VERB
sat bûr	VERB
sât bur	VERB
sât bûr	VERB
sat chhawk	VERB
sât chhawk	VERB
sat chhum hmawk	VERB
sât chhum hmawk	VERB
sat fik	VERB
sât fik	VERB
sat hlut	VERB
sat no	VERB
sât no	VERB
sat rek	VERB
sat rêk	VERB
sât rek	VERB
sât rêk	VERB
sat sahbur	VERB
sat sang	VERB
sat sat	VERB
sat thlau	VERB
sat thlàu	VERB
sât thlau	VERB
sât thlàu	VERB
sa-um dil din	VERB
sava bu	VERB
sava bu hual	VERB
sava bu la	VERB
saw saw	VERB
saw ta saw	VERB
saw tah sawn	VERB
saw tiang saw	VERB
sawh chiar	VERB
sawh fian	VERB
sawh hnawk	VERB
sawh khawk	VERB
sawh khuar	VERB
sawi bawrhbang	VERB
sawi bo	VERB
sawi chhawn	VERB
sawi chhawng	VERB
sawi chhe	VERB
sawi chhia	VERB
sawi chhiat	VERB
sawi chhuah	VERB
sawi chhuak	VERB
sawi dawih	VERB
sawi fan	VERB
sawi hlauh	VERB
sawi hmangin	VERB
sawi hmuamhma	VERB
sawi hnawm	VERB
sawi hnual	VERB
sawi kâwi	VERB
sawi kual	VERB
sawi lan	VERB
sawi lang	VERB
sawi lawk	VERB
sawi leh sei	VERB
sawi lian	VERB
sawi loh loh	VERB
sawi mam	VERB
sawi mar	VERB
sawi mawi	VERB
sawi na	VERB
sawi nasa	VERB
sawi nat	VERB
sawi nawk nawk	VERB
sawi nawmnah	VERB
sawi nek	VERB
sawi nep	VERB
sawi nêp	VERB
sawi ngam	VERB
sawi pawk	VERB
sawi pawlawh	VERB
sawi pawnlang	VERB
sawi pawnlâng	VERB
sawi pawp	VERB
sawi pawr	VERB
sawi pui	VERB
sawi puitu	VERB
sawi rap	VERB
sawi râp	VERB
sawi rapthlak	VERB
sawi râpthlâk	VERB
sawi rawtui	VERB
sawi rei	VERB
sawi rem	VERB
sawi ri	VERB
sawi rik	VERB
sawi ril	VERB
sawi rin	VERB
sawi ring	VERB
sawi rum	VERB
sawi sam	VERB
sawi sawk	VERB
sawi sèn loh	VERB
sawi sep	VERB
sawi ser	VERB
sawi talh	VERB
sawi tàlh	VERB
sawi ṭalh	VERB
sawi ṭàlh	VERB
sawi tan	VERB
sawi ṭan	VERB
sawi tawp	VERB
sawi tàwp	VERB
sawi te	VERB
sâwi te	VERB
sawi tep	VERB
sawi ṭep	VERB
sawi thaih	VERB
sawi ṭhaih	VERB
sawi thang	VERB
sawi thar	VERB
sawi thawi	VERB
sawi thawm	VERB
sawi thei	VERB
sawi thu a chéng lo	VERB
sawi tial	VERB
sawi til	VERB
sawi tin	VERB
sawi tlak	VERB
sawi tlâk	VERB
sawi tlang	VERB
sawi tlat	VERB
sawi tlawr	VERB
sawi tlu	VERB
sawi uar	VERB
sawi vawng	VERB
sawi vâwng	VERB
sawi vel	VERB
sawi vêl	VERB
sawi vin	VERB
sawi zam	VERB
sawi zâm	VERB
sawi zawi	VERB
sawi zàwi	VERB
sawisel bo	VERB
sawm bi	VERB
sawm leh pahnih	VERB
sawm thuma kawng khar	VERB
sawm zau	VERB
sâwm zau	VERB
sawm zim	VERB
sawm zîm	VERB
sawn pai	VERB
sâwn pai	VERB
sawn pawm	VERB
sâwn pawm	VERB
sâwn thlâk	VERB
sawng sawn	VERB
sawp chhe	VERB
sawp chhia	VERB
sawr bawk	VERB
sawr bâwk	VERB
sawr bawl	VERB
sawr bing	VERB
sawr chhuah	VERB
sawr chhuak	VERB
sâwr chhuak	VERB
sawr fu	VERB
sawr fû	VERB
sawr lai	VERB
sawr sawr	VERB
sawr te	VERB
sawr tê	VERB
sâwr te	VERB
sâwr tê	VERB
sawr tet	VERB
sawr têt	VERB
sâwr tet	VERB
sâwr têt	VERB
sawr zim	VERB
sawr zîm	VERB
sawta tang	VERB
se be hliang	VERB
se bo hnua kawngkhar ang	VERB
se chaih	VERB
se chhun	VERB
se fei	VERB
se hnap	VERB
se hring	VERB
se kawt hawng	VERB
se kawtrawlh	VERB
se le	VERB
se phei thiah	VERB
se pui	VERB
se se	VERB
sè sèa thu la	VERB
se tap	VERB
se thlim	VERB
sechal thingbar	VERB
sedai theu	VERB
seh chilh	VERB
seh sen	VERB
seh thak	VERB
se-hrui sat chat	VERB
se-hrui sât chat	VERB
sei fa	VERB
sei hlei pawt thia	VERB
sei len	VERB
sek rek	VERB
sekhawn han	VERB
sekhup khawn	VERB
seki buhchhuak	VERB
sele khaw fang	VERB
selvang bal	VERB
sem chhinchhiahna	VERB
sem darh	VERB
sen buang	VERB
sen dâng	VERB
sen duk	VERB
sen eng	VERB
sen lar	VERB
sen lâr	VERB
sen mal tet	VERB
sen tuk	VERB
sen tûk	VERB
seng seng	VERB
senso thlak	VERB
sentût vei	VERB
sepui ki tia	VERB
ser pangang	VERB
sèr pangang	VERB
serh leh sáng	VERB
si archang	VERB
si ârchang	VERB
si be	VERB
si bia	VERB
si hneh	VERB
si keisen	VERB
si mei talh	VERB
si meitalh	VERB
si phurh	VERB
si rawkuai	VERB
siâl rângin siâl râng a hring	VERB
siam dam	VERB
siam dâm	VERB
siam kai	VERB
siâm kâi	VERB
siam lawn	VERB
siam len	VERB
siâm len	VERB
siam leng	VERB
siam lian	VERB
siâm lian	VERB
siam mihring	VERB
siâm mihring	VERB
siam sa	VERB
siàm sa	VERB
siam tha	VERB
siam ṭha	VERB
siâm tha	VERB
siang bat	VERB
siât siât	VERB
sih hi	VERB
sih luh	VERB
sik leh sa inthen lai	VERB
sil awn	VERB
sil fai	VERB
sil hmun	VERB
silai puakruk	VERB
silai ulhbun	VERB
silh fen	VERB
silt sut	VERB
sin lai	VERB
sing seng	VERB
singsip hram	VERB
sir sawn	VERB
sir sâwn	VERB
sîr sawn	VERB
sîr sâwn	VERB
sir tluk	VERB
sir tlûk	VERB
sisep khawng	VERB
so belhbawm	VERB
so kai	VERB
so khawm	VERB
su am	VERB
su an	VERB
su awng	VERB
su âwng	VERB
su buai	VERB
su dai	VERB
su dawl	VERB
sû hang	VERB
sû hâng	VERB
su kaw	VERB
su kua	VERB
su pawp	VERB
su ping	VERB
su thia	VERB
su thla	VERB
su thlà	VERB
su thlâ	VERB
su thlû	VERB
suah rawt	VERB
suahsual bawl	VERB
suahsual bàwl	VERB
suahsuâl bawl	VERB
suahsuâl bàwl	VERB
suahsual ching	VERB
suai ping	VERB
suak chhuak	VERB
suâk chhuak	VERB
suak sual	VERB
suâk sual	VERB
suâk zuar	VERB
sual lailet der	VERB
sual let der	VERB
sual let dèr	VERB
sual lui	VERB
sual thupha chawi	VERB
sual thupha chawina	VERB
sual thupha châwina	VERB
suan chhan	VERB
suan chhun	VERB
suan chhùn	VERB
suán chhun	VERB
suán chhùn	VERB
suan chhung	VERB
suan chhúng	VERB
suangawi nu	VERB
suar chhia	VERB
suar suar	VERB
suâr suâr	VERB
suar tluan	VERB
suar tluàn	VERB
suat suat	VERB
suăt suăt	VERB
suih bawk	VERB
suih bâwk	VERB
suih chhing	VERB
suih fual	VERB
suih kaih hlih	VERB
suih lunglen	VERB
suih lunglèn	VERB
suih lunglên	VERB
suih par	VERB
suih tungtu-rut	VERB
suih zawm	VERB
suk buk lem	VERB
sûk bûk lem	VERB
suk sawn	VERB
suk-buk lem	VERB
sûk-bûk lem	VERB
sukthlek dan	VERB
sûkthlêk dân	VERB
sum airia	VERB
sum leh pai	VERB
sum nei	VERB
sum par lawr	VERB
sum pâr lâwr	VERB
sum pei	VERB
sum tesep	VERB
sum tesêp	VERB
sum thuni nu	VERB
sun sun	VERB
sut awng	VERB
sut âwng	VERB
sût awng	VERB
sût âwng	VERB
sut buai	VERB
sut daih	VERB
sut dawl	VERB
sut luh	VERB
sut lung	VERB
sut lut	VERB
sut pui vuan	VERB
sut sut	VERB
sût sût	VERB
sut thlak	VERB
sut thlâk	VERB
sut thluk	VERB
sûvel ke	VERB
sûvêl ke	VERB
sz hal	VERB
sz hál	VERB
ta bawl	VERB
ta ula	VERB
tah awh	VERB
tah chhan	VERB
ṭah chhan	VERB
țah chhan	VERB
tah chhuah	VERB
ṭah chhuah	VERB
ṭah hla	VERB
țah hla	VERB
tah hla chham	VERB
ṭah hla chham	VERB
țah hla chham	VERB
tah hriam	VERB
tah lam	VERB
tah lâm	VERB
ṭah lam	VERB
ṭah lâm	VERB
țah lam	VERB
țah lâm	VERB
tah lem	VERB
tah zawngin	VERB
ṭahngai lungpui sa vuan ang	VERB
țahngai lungpui sa vuan ang	VERB
tai ah	VERB
tai at	VERB
tai darh	VERB
tâi darh	VERB
ṭai darh	VERB
ṭâi darh	VERB
ṭai thar hun	VERB
taih fek	VERB
taih nek	VERB
taih taih	VERB
taih thlu	VERB
tak aruangin	VERB
tak dahin	VERB
țam se-ek	VERB
tam tak	VERB
tam tla	VERB
ṭam tla	VERB
țam tla	VERB
tam tlak	VERB
tam tlâk	VERB
ṭam tlak	VERB
ṭam tlâk	VERB
țam tlak	VERB
țam tlâk	VERB
tam tlan	VERB
tampui rep	VERB
țampui rep	VERB
țampui rêp	VERB
tampui tla	VERB
ṭampui tla	VERB
țampui tla	VERB
țâmpui tla	VERB
tampui tuar	VERB
ṭampui tuar	VERB
tan am	VERB
tan âm	VERB
ṭan am	VERB
ṭan âm	VERB
tan bia	VERB
tan bial	VERB
tan bik nei	VERB
ṭan bik nei	VERB
țan bik nei	VERB
tan chauh	VERB
tan dun	VERB
ṭan dun	VERB
țan dun	VERB
tan fuh	VERB
ṭan fuh	VERB
țan fuh	VERB
tan ho	VERB
ṭan ho	VERB
țan ho	VERB
tan la	VERB
ṭan la	VERB
țan la	VERB
tan lak	VERB
tan lâk	VERB
ṭan lak	VERB
ṭan lâk	VERB
țan lak	VERB
țan lâk	VERB
tan lam nei	VERB
ṭan lam nei	VERB
țan lam nei	VERB
tan loh	VERB
țan ngheh	VERB
tan rual	VERB
ṭan rual	VERB
țan rual	VERB
tan sa bawpa innei	VERB
tan siam	VERB
tan tan	VERB
ṭan ṭan	VERB
țan țan	VERB
tan tha	VERB
ṭan ṭha	VERB
țan țha	VERB
tan that	VERB
ṭan ṭhat	VERB
țan țhat	VERB
ṭan ṭhat kum	VERB
țan țhat kum	VERB
tan tlat	VERB
ṭan tlat	VERB
țan tlat	VERB
tan za	VERB
tang am	VERB
tang âm	VERB
ṭang am	VERB
ṭang âm	VERB
țang âm	VERB
tang ang mai	VERB
țang dang pawm	VERB
țâng dang pawm	VERB
țang dang vuan	VERB
țâng dang vuan	VERB
tang dun	VERB
tang dûn	VERB
ṭang dun	VERB
ṭang dûn	VERB
țang dun	VERB
țang dûn	VERB
tang fuh	VERB
ṭang fuh	VERB
țang fuh	VERB
țang hma kai	VERB
țang hma kaih	VERB
tang ho	VERB
țang nem	VERB
țang pawn lam	VERB
țâng pawn lam	VERB
tang rual	VERB
țang tlang	VERB
tang tuam	VERB
tang vak	VERB
tang za	VERB
ṭang za	VERB
țang za	VERB
tangka bel	VERB
țangkaina nei	VERB
tangkawng chaw	VERB
tanhmun khawh	VERB
ṭanhmun khawh	VERB
țanhmun khawh	VERB
tanhmun khuar	VERB
tankhawh lehna	VERB
ṭankhawh lehna	VERB
țankhawh lehna	VERB
tankhawh tha leh	VERB
tanna tleu	VERB
tap ban	VERB
tap chawt	VERB
tap chheh	VERB
tap chhep	VERB
tap chhuah	VERB
ṭap chhuah	VERB
țap chhuah	VERB
tap chhuak	VERB
ṭap fei	VERB
țap fei	VERB
tap hlen	VERB
tap kawm siam	VERB
tap lung	VERB
tap tap	VERB
tar a	VERB
tar at	VERB
tar lama	VERB
tar lamin	VERB
tar lan	VERB
tar tar a	VERB
tar tiang	VERB
tara lama	VERB
ṭau ni	VERB
ṭau thla	VERB
țau thla	VERB
tauh hmang	VERB
tawi awm	VERB
ṭawi ṭawi	VERB
tawk chhia	VERB
tawk sir	VERB
tawlh sawn	VERB
tawlh tawlh	VERB
tawlhpahrita tawlh	VERB
tawng bah	VERB
ṭawng bah	VERB
țawng bah	VERB
tawng bak	VERB
ṭawng bak	VERB
țawng bak	VERB
tawng ban	VERB
ṭawng ban	VERB
țawng ban	VERB
tawng chaltlai	VERB
ṭawng chaltlai	VERB
țawng chaltlai	VERB
tawng chang	VERB
ṭawng chang	VERB
ṭawng chhawngtua hmang	VERB
țawng chhawngtua hmang	VERB
tawng chhiat	VERB
ṭawng chhiat	VERB
țawng chhiat	VERB
tawng chhilh	VERB
ṭawng chhilh	VERB
țawng chhilh	VERB
tawng chhuah	VERB
ṭawng chhuah	VERB
țawng chhuah	VERB
tawng chhuak	VERB
ṭawng chhuak	VERB
țawng chhuak	VERB
țawng dub	VERB
tawng duh	VERB
ṭawng duh	VERB
tawng duhdah	VERB
țawng duhdah	VERB
tawng fuh	VERB
tawng fung	VERB
tawng hlut	VERB
ṭawng hmangthiam	VERB
țawng hmangthiam	VERB
tawng hmawrhhmuh	VERB
ṭawng hmawrhhmuh	VERB
tawng hmawrhmuh	VERB
ṭawng hmawrhmuh	VERB
țawng hmawrhmuh	VERB
tawng hmuh	VERB
tawng khawlo ni suh se	VERB
ṭawng khawlo ni suh se	VERB
tawng khur	VERB
tawng khûr	VERB
ṭawng khur	VERB
ṭawng khûr	VERB
tawng lak dan	VERB
ṭawng lak dan	VERB
tawng lam dan	VERB
ṭawng lam dan	VERB
tawng letlingtu	VERB
tawng mawi lo	VERB
ṭawng mawi lo	VERB
tawng nghal	VERB
ṭawng nghal	VERB
ṭawng pai	VERB
tawng pawng	VERB
tawng saisik	VERB
ṭawng saisik	VERB
tawng tawng	VERB
tawng thaa thlah	VERB
ṭawng ṭhaa thlah	VERB
tawng thei lo	VERB
ṭawng thei lo	VERB
tawng thla uap	VERB
ṭawng thla uap	VERB
tawng thlamuan	VERB
ṭawng thlamuan	VERB
ṭawng thleh dan	VERB
ṭawng thleh dân	VERB
tawng thlum	VERB
tawng thuchhia	VERB
ṭawng thuchhia	VERB
tawng zawk zawk lo	VERB
ṭawng zawk zawk lo	VERB
tawngka bia	VERB
ṭawngka chhuak	VERB
țawngka chhuak	VERB
tawngka dawn	VERB
ṭawngka dawn	VERB
țawngka dawn	VERB
tawngka dawng	VERB
ṭawngka dawng	VERB
țawngka dawng	VERB
tawngka hmuh	VERB
tawngkam chang	VERB
tawngkam châng	VERB
ṭawngkam chang	VERB
ṭawngkam châng	VERB
ṭawngkam chhuak	VERB
țawngkam chhuak	VERB
tawngkam hlei	VERB
ṭawngkam hlei	VERB
țawngkam hlei	VERB
tawngkam hmuh	VERB
ṭawngkam hnih khat	VERB
tawngkam thiam	VERB
ṭawngkam thlum	VERB
țawngkam thlum	VERB
tawngkam tiam	VERB
ṭawngkam tiam	VERB
tawngkam tlawm	VERB
tawngkam tlâwm	VERB
ṭawngkam tlawm	VERB
ṭawngkam tlâwm	VERB
țawngkam tlawm	VERB
țawngkam tlâwm	VERB
tawngkam tlem	VERB
tawngkam tlêm	VERB
ṭawngkam tlem	VERB
ṭawngkam tlêm	VERB
țawngkam tlem	VERB
tawngkam tum	VERB
tawngkama tiam	VERB
ṭawt ṭawt	VERB
te chul	VERB
te chûl	VERB
tê chul	VERB
tê chûl	VERB
ṭe chul	VERB
ṭe chûl	VERB
ṭê chul	VERB
ṭê chûl	VERB
te len	VERB
te tham	VERB
tê tham	VERB
te tuar	VERB
tê tuar	VERB
teh suh ei	VERB
teh teuh va	VERB
teh tlo	VERB
teh u	VERB
tehlul a che	VERB
tei khawtlai	VERB
tei tei	VERB
tek em	VERB
tek ral	VERB
ṭek ral	VERB
tek tek	VERB
ṭek ṭek	VERB
tel tel	VERB
tem tawm	VERB
ten awm	VERB
ten chhe	VERB
ten chhia	VERB
ten chhiat	VERB
ten khang	VERB
teuh teuh	VERB
tha am	VERB
tha ba	VERB
tha bâ	VERB
tha ba sut	VERB
tha ba sût	VERB
tha chak lai	VERB
tha changdal	VERB
tha changdál	VERB
tha chat	VERB
tha chhangdal	VERB
tha chhat	VERB
tha chu tha ngang ngang	VERB
tha chuang	VERB
ṭha famkim	VERB
tha fuan	VERB
tha fum	VERB
tha la	VERB
tha leh tui	VERB
tha leh zung	VERB
tha lo	VERB
ṭha lo	VERB
tha nâ	VERB
tha nat	VERB
tha rila man	VERB
tha sen	VERB
ṭha ṭha	VERB
tha tharin	VERB
tha thawh	VERB
tha thum lo	VERB
thachhang dawltu	VERB
thachhang dáwltu	VERB
thahnem lo	VERB
ṭhahnem lo	VERB
thahrui nei	VERB
thahrui nei tlem	VERB
thai bo	VERB
thai chhawni nu	VERB
thâi chhâwni nu	VERB
thai chhe	VERB
thai chhia	VERB
thái chhia	VERB
thai chhiat	VERB
thai chhuah	VERB
thái chhuah	VERB
thai chhuak	VERB
thái chhuak	VERB
thai chik	VERB
thai chîk	VERB
thái chik	VERB
thái chîk	VERB
thai kaw kalh	VERB
thai kawkalh	VERB
thai kaw-kalh	VERB
thai kuai	VERB
thal bawm	VERB
thal bâwm	VERB
thal chhuah	VERB
thâl chhuah	VERB
thal ki bar	VERB
thal ping	VERB
thal pîng	VERB
thal puah	VERB
ṭhal puah	VERB
thal thal	VERB
ṭhal ṭhal	VERB
thal thlah	VERB
ṭhal vuaifu	VERB
ṭhâl vuaifu	VERB
tham lo	VERB
tham loh	VERB
tham ral	VERB
tham tham	VERB
than duh	VERB
ṭhan duh	VERB
thang bak	VERB
thang bâk	VERB
thang bo	VERB
thang chhia	VERB
thang duang	VERB
ṭhang duang	VERB
thang duh	VERB
thang en	VERB
thang hrui	VERB
thang kam	VERB
thang lian	VERB
ṭhang lian	VERB
ṭhang mawh	VERB
thang thang	VERB
thâng thâng	VERB
thang that la	VERB
thang zangsi	VERB
thangdai theu	VERB
thangdai thêu	VERB
thangdâi thêu	VERB
thangfen pa bawp	VERB
thangfên pa bawp	VERB
ṭhangkhat lian	VERB
thangthleng ngul	VERB
thangthlèng ngul	VERB
thap thap	VERB
thar lam	VERB
thar man	VERB
that chhe	VERB
that chhia	VERB
that chhiat	VERB
that chhuah	VERB
ṭhat chhuah	VERB
that chhuak	VERB
that famkim	VERB
thaw i pikthlak	VERB
thaw ipik	VERB
thaw pik	VERB
thaw pikthlak	VERB
thaw rawng	VERB
thaw sa	VERB
thawh at	VERB
thawh ât	VERB
thawh chhuah	VERB
thawh harh	VERB
thawh kan	VERB
thawh khawm	VERB
thawh mawh	VERB
thawh palai	VERB
thawh phan	VERB
thawh thawk chhuak	VERB
thawh theih	VERB
thawh thut	VERB
thawka phita	VERB
ṭhawl ṭhawl	VERB
theh hek	VERB
ṭheh hek	VERB
theh lut	VERB
theh nelh	VERB
thei bial	VERB
thei buhfai	VERB
thei kung chhawkna chemkawm	VERB
thei leh	VERB
thei vawkmit	VERB
thei zawl	VERB
ṭhelret puan	VERB
ṭhelrêt puan	VERB
thelret sawh	VERB
thelrêt sawh	VERB
ṭhelret sawh	VERB
ṭhelrêt sawh	VERB
thelret sawk	VERB
thelret sâwk	VERB
thelrêt sawk	VERB
thelrêt sâwk	VERB
ṭhelret sawk	VERB
ṭhelret sâwk	VERB
them tang	VERB
then then	VERB
thén thén	VERB
thenrual awh	VERB
ṭhenrual awh	VERB
thenrual awt	VERB
ṭhenrual awt	VERB
thênzâwl hlo	VERB
thertê lo	VERB
theu neu	VERB
theuh theuh	VERB
thi ar ngal	VERB
ṭhi ar ngal	VERB
thi bah/bst	VERB
thi beh	VERB
țhi bun	VERB
thi chhawnga lum	VERB
thi chhawngin a lum	VERB
thi chhia	VERB
thi chhuah	VERB
thi der	VERB
thi duk	VERB
thi duk tla	VERB
thi duk tling	VERB
thi hawrh mut	VERB
țhi hna	VERB
thi kula tang	VERB
thi kulin	VERB
ṭhi leh dar	VERB
țhi leh dar	VERB
thi nei	VERB
thi tawl	VERB
thi tha	VERB
thi tha lo	VERB
thi thu namin	VERB
thi tin	VERB
thi tin thla	VERB
thi tlaw	VERB
thia arkai den	VERB
thia arkai deng	VERB
thia bar	VERB
thia chawhma lam	VERB
thia chawhnu lam	VERB
thia chhuah	VERB
thia chhuak	VERB
thia de	VERB
thia det	VERB
thia di	VERB
thia eng	VERB
thia hlui	VERB
thia hrin	VERB
thia hring	VERB
thia hual	VERB
thia khawn	VERB
thia khawng	VERB
thia ko	VERB
thia phanah	VERB
thia tinin	VERB
thia tliak chet	VERB
thia zar	VERB
ṭhialret puan	VERB
ṭhialrêt puan	VERB
thialret sawh	VERB
thialrêt sawh	VERB
ṭhialret sawh	VERB
ṭhialrêt sawh	VERB
thialret sawk	VERB
thialret sâwk	VERB
thialrêt sawk	VERB
thialrêt sâwk	VERB
ṭhialret sawk	VERB
ṭhialret sâwk	VERB
ṭhialrêt sawk	VERB
ṭhialrêt sâwk	VERB
thialret thial	VERB
thialrêt thial	VERB
ṭhialrêt ṭhial	VERB
thiam chang	VERB
thiam chang lo	VERB
thiam chantir	VERB
thiam hla chham	VERB
thiam lo	VERB
ṭhian bul	VERB
thian in	VERB
ṭhian kawm	VERB
thian khar	VERB
thian ler	VERB
thian sa beng an inpe thin	VERB
thiana zawn	VERB
ṭhiana zawn	VERB
ṭhianbul ṭhu	VERB
thiar chhuah	VERB
thiar chhuah man	VERB
thiar chhuak	VERB
thiar fai	VERB
ṭhiau ṭhiau	VERB
thih chilh	VERB
thih nau	VERB
thih ngam lu pu	VERB
thih ngam na	VERB
thih ngam nat	VERB
thih ngama tan	VERB
thih ngama tang	VERB
thih ngama ṭang	VERB
thih pawh dawn lo	VERB
thih that	VERB
thihna kotlang	VERB
thihthiap veng	VERB
thihthiap veng ang	VERB
thik tlak	VERB
thikthu chhe	VERB
thil hlan	VERB
thil hren	VERB
thil ti	VERB
thil tihsual	VERB
thim hmul	VERB
thim tham	VERB
thin hnun	VERB
thin lian	VERB
thin na	VERB
thin nat	VERB
thing ai	VERB
thing ai chhep	VERB
thing bo	VERB
thing changel	VERB
thing chhe	VERB
thing chhia	VERB
thing chhiat	VERB
thing eh	VERB
thing har	VERB
thing lung kheng	VERB
thing mak	VERB
thing pal	VERB
thing pho arh	VERB
thing pho-arh	VERB
thing phur	VERB
thing puk	VERB
thing saum bur	VERB
thing saum bûr	VERB
thing thei	VERB
thingchang var	VERB
thingkual khupsûk	VERB
thinglu bul tluk	VERB
thingpui bêl	VERB
thingpui lum	VERB
thingsai ngal	VERB
thingzai phaw	VERB
thingzung kai	VERB
thingzung kai siam	VERB
thi-tha lo	VERB
thla hlei	VERB
thla hlei nga zan	VERB
thla hlelh	VERB
thla mang	VERB
thla phènah	VERB
thla serh	VERB
thla tliak chet	VERB
thla uap	VERB
thla var	VERB
thla zar	VERB
thla zâr	VERB
thlahlei pai	VERB
thlai chi	VERB
thlai lei	VERB
thlàn khar	VERB
thlàn khâr	VERB
thlan lung	VERB
thlàn lung	VERB
thlan nghah	VERB
thlan nghak	VERB
thlan nghâk	VERB
thlan paih	VERB
thlàn paih	VERB
thlan sa	VERB
thlan sat	VERB
thlan thu	VERB
thlan ţhu	VERB
thlàn ţhu	VERB
thlan thut	VERB
thlàn ţhut	VERB
thlang ra khawng	VERB
thlang ta zawk	VERB
thlansa phul kaiin	VERB
thlanthla rial den ang	VERB
thlasik mau puah	VERB
thlasik mumang ang	VERB
thlau thla	VERB
thlau thlak	VERB
thlauh thlauh	VERB
thlavang hauh	VERB
thlawh baw	VERB
thlawh bua	VERB
thlawh lai	VERB
thlawh loh bapui ang	VERB
thlâwk kat	VERB
thlawrh thlawrh	VERB
thle lawk lawk	VERB
thle láwk láwk	VERB
thle no	VERB
thleh fel	VERB
thlei hran	VERB
thlei hrang	VERB
thlei thla	VERB
thlei thlâk	VERB
thleibik nei	VERB
thlek dan	VERB
thlêk dan	VERB
thlêk dân	VERB
thlek dan la	VERB
thlek dân la	VERB
thlêk dan la	VERB
thlêk dân la	VERB
thlek dan lak	VERB
thlek dân lâk	VERB
thlem thlu	VERB
thlem thlû	VERB
thlém thlu	VERB
thlém thlû	VERB
thlem thluk	VERB
thlem thlûk	VERB
thlem thlum	VERB
thlemna tawh	VERB
thlèmna tawh	VERB
thlemna tawk	VERB
thlen in	VERB
thlen in hnawn	VERB
thlen in hnawng	VERB
thler thlawr	VERB
thlerh thlawrh	VERB
thli chhe	VERB
thli chhe tleh kum	VERB
thli chhia	VERB
thli dai	VERB
thli dal	VERB
thli dàl	VERB
thli dawn	VERB
thli dawng	VERB
thli fai	VERB
thli fim	VERB
thli hran	VERB
thli hràn	VERB
thli huai	VERB
thli huâi	VERB
thli na	VERB
thli nat	VERB
thli thaw	VERB
thli thawt	VERB
thliam thliam	VERB
thliar hran	VERB
thliar hrang	VERB
thliar thla	VERB
thliar thlà	VERB
thliar thlak	VERB
thliat thliat	VERB
thlichhe tleh kum	VERB
thlir kir	VERB
thlîr kir	VERB
thlir let	VERB
thlir lêt	VERB
thlir thler	VERB
thlit daih	VERB
thlit fai	VERB
thlo chhuak	VERB
thlu lêngi dawn chen	VERB
thluai thluai	VERB
thluai thlum	VERB
thluak thluak	VERB
thluam thluam	VERB
thluang thluang	VERB
thlum al	VERB
thlum pual	VERB
thlum sek	VERB
thlum zêk	VERB
thlurh thlurh	VERB
tho a	VERB
tho kang	VERB
tho káng	VERB
tho mit chhaih	VERB
tho silai	VERB
tho thil ang	VERB
tho tuai làm	VERB
thoh thoh	VERB
thoh thum	VERB
thoh thûm	VERB
ṭhoh ṭhum	VERB
ṭhoh ṭhûm	VERB
thopa zuan	VERB
thopa zuàn	VERB
thothang tha	VERB
thothang ţha	VERB
thotháng ţha	VERB
thothang that	VERB
thu awih	VERB
thu âwih	VERB
thu bulbâl nei lo	VERB
thu bulbâl neí lo	VERB
thu chah	VERB
thu chhin theih	VERB
thu dawn	VERB
thu dâwn	VERB
thu dawn lo	VERB
thu dâwn lo	VERB
thu dawn loh	VERB
thu dâwn loh	VERB
thu dawn tawi	VERB
thu dawnna	VERB
thu delhkilh	VERB
thu ding	VERB
thu hla	VERB
thu hlaah	VERB
thu hlang chhawngtu	VERB
thu hláng chháwngtu	VERB
thu hmu	VERB
thu hmuam thei	VERB
thu hnial	VERB
thu inchuh	VERB
thu intluk	VERB
thu inzawmna	VERB
thu kal ding	VERB
thu kal dîng	VERB
thu kamchhuak	VERB
thu kha	VERB
thu khà	VERB
thu khâ	VERB
thu khaikhawm	VERB
thu khak	VERB
thu khâk	VERB
thu khat vaw	VERB
thu khat vua	VERB
thu khawlai leng	VERB
thu khawlai lêng	VERB
thu khi	VERB
thu khik	VERB
thu kim kual	VERB
ṭhu kim kualin	VERB
țhu kim kualin	VERB
țhu kim țhut	VERB
thu kun	VERB
ṭhu kun	VERB
țhu kun	VERB
thu la	VERB
thu la bung	VERB
thu la ram	VERB
thu lak	VERB
thu lak dan	VERB
thu lâk dân	VERB
thu leh hla	VERB
thu leh neih	VERB
thu mei nei	VERB
țhu meisei	VERB
thu mu hnu	VERB
thu mu hnu chawk chhuak	VERB
thu neia siam	VERB
thu ngil	VERB
thu pai thei	VERB
thu pai vawt	VERB
thu pawi	VERB
thu pawtchah	VERB
thu pawtchat	VERB
thu pawtchhah	VERB
thu pehhel	VERB
thu phiar	VERB
thu phung	VERB
thu roh	VERB
thu sal si	VERB
thu sawi	VERB
thu sawi dan	VERB
thu sawipui	VERB
thu sawipuitu	VERB
thu sawn	VERB
thu sawp	VERB
ṭhu sawp	VERB
țhu sawp	VERB
thu sual	VERB
ṭhu sual	VERB
țhu sual	VERB
thu sur	VERB
thu taka la	VERB
thu taka lak	VERB
thu than	VERB
thu thang	VERB
thu thlung	VERB
thu thua	VERB
thu thua awm	VERB
thu thuin	VERB
țhu țhut	VERB
țhu țhut tlaivar	VERB
thu ti u	VERB
thu tiamtir	VERB
thu tichik	VERB
thu tichîk	VERB
thu tichip	VERB
thu tichlk	VERB
thu tidanglam	VERB
thu tih u	VERB
thu tihdanglam	VERB
thu tihkawi	VERB
thu tihkawih	VERB
thu tihtluk	VERB
thu tihtlûk	VERB
thu tikawi	VERB
thu tithlu	VERB
thu titlu	VERB
thu tlaivar	VERB
ṭhu tlaivar	VERB
țhu tlaivar	VERB
thu tlu	VERB
thu tluan	VERB
thu tluang	VERB
thu tluangtlam	VERB
thu tlukna	VERB
thu tlûkna	VERB
thu tung	VERB
thu u	VERB
thu un	VERB
thu vawn	VERB
thu vawng	VERB
thu veikhawr	VERB
thu veivir	VERB
thu vuan	VERB
thu zawh	VERB
thu zawhna	VERB
thu zawt	VERB
thu zeh	VERB
thu zep	VERB
thu zep thei	VERB
thu zêp thei	VERB
thu zeppui	VERB
thu zeppuitu	VERB
țhuah țhuah	VERB
țhuai buk	VERB
țhuai bûk	VERB
thuai chhum	VERB
ṭhuai chhum	VERB
țhuai chhum	VERB
thuai hlum	VERB
ṭhuai hlum	VERB
țhuai hlum	VERB
thuai lo	VERB
ṭhuai lo	VERB
țhuai lo	VERB
thuai thlu	VERB
ṭhuai thlu	VERB
țhuai thlu	VERB
thuhnu dawn lovin	VERB
thuhnu dawn thei tak	VERB
thuhnu dâwn thei tak	VERB
thuhnu hre	VERB
thuhnu hria	VERB
thuhnu hriat	VERB
thuhnu ven	VERB
thuk dur	VERB
thukhat vuain	VERB
thukhawchang sawi	VERB
thukhawcháng sawi	VERB
thul khung	VERB
thûl khung	VERB
thu-leh nei	VERB
thu-leh neih	VERB
thu-mu-hnu chawk chhuah	VERB
thu-mu-hnu chawk chhuak	VERB
thun mi	VERB
thun ut	VERB
thu-neia siam	VERB
thuneihna pe	VERB
thup mawi	VERB
thup ru	VERB
thup thup	VERB
thupawi nei	VERB
thupawi neih	VERB
thupha chawina	VERB
thuphung sawi	VERB
thur chhuak	VERB
thur thur	VERB
thurawn pe	VERB
thurâwn pe	VERB
thurawn pek	VERB
thurawn pêk	VERB
thurochhiah lehkha	VERB
thusawi ban	VERB
thut chilh	VERB
ṭhut chilh	VERB
țhut chilh	VERB
thut kum kual	VERB
ṭhut kum kual	VERB
țhut kum kual	VERB
țhut kum țhu	VERB
thut kun	VERB
ṭhut kun	VERB
țhut kun	VERB
thut ngil	VERB
ṭhut ngil	VERB
țhut ngil	VERB
thut sawp	VERB
ṭhut sawp	VERB
țhut sawp	VERB
thut sual	VERB
țhut sual	VERB
thut thut	VERB
thut tlaivar	VERB
ṭhut tlaivar	VERB
țhut tlaivar	VERB
thut tlaivarpui	VERB
ṭhut tlaivarpui	VERB
țhut tlaivarpui	VERB
thuthang sual	VERB
thuthlun hlen lo	VERB
thuthlun hlen loh	VERB
thuthlung hlen	VERB
thuthlung hlen loh	VERB
thuthlung hlui	VERB
thuthlung la	VERB
thuthlung lak	VERB
thuthlung lâk	VERB
thuthlung thar	VERB
thutiam neih	VERB
ti a luan	VERB
ti al	VERB
ti at	VERB
ti ât	VERB
ti awh	VERB
ti awh awh	VERB
ti awk	VERB
ti awl	VERB
ti âwl	VERB
ti awl awl	VERB
ti awm takin	VERB
ti âwm takin	VERB
ti awn	VERB
ti âwn	VERB
ti awng	VERB
ti awp	VERB
ti bawrh bawrh	VERB
ti bial	VERB
ti bial bual	VERB
ti bingbilet	VERB
ti boral	VERB
ti buai	VERB
ti buai hrep	VERB
ti buk	VERB
ti bung	VERB
ti chak	VERB
ti cham cham	VERB
ti chan	VERB
ti chan chan	VERB
ti chang	VERB
ti changkang	VERB
ti chap chap	VERB
ti char	VERB
ti chau	VERB
ti chau chau	VERB
ti chavai	VERB
ti chawih chawih	VERB
ti châwih châwih	VERB
ti chawng chawng	VERB
ti chawp chawp	VERB
ti chawt chawt	VERB
ti châwt châwt	VERB
ti cheng cheng	VERB
ti chep	VERB
ti chep chep	VERB
ti chheih chhawlh	VERB
ti chhelh chhawlh	VERB
ti chhia	VERB
ti chhin	VERB
ti chhin chhin	VERB
ti chhing	VERB
ti chhuak	VERB
ti chi ai	VERB
ti chi chawni	VERB
ti chn chan	VERB
ti choh choh	VERB
ti chum	VERB
ti chum chum	VERB
ti chur chur	VERB
ti chut chut	VERB
ti da	VERB
ti dak nalh	VERB
ti dal	VERB
ti dam	VERB
ti dam dam	VERB
ti dan	VERB
ti dang	VERB
ti dap	VERB
ti dar	VERB
ti darh	VERB
ti darhsarh	VERB
ti dawng	VERB
ti dawngdah	VERB
ti dek	VERB
ṭi dek	VERB
ți dek	VERB
ti dip	VERB
ti do do	VERB
ti duhdah	VERB
ti duk	VERB
ti dul	VERB
ti dum	VERB
ti dûm	VERB
ti dung	VERB
ti e	VERB
ti el	VERB
ti eng	VERB
ti engtu	VERB
ti êngtu	VERB
ti er	VERB
ti et et	VERB
ti fai	VERB
ti far	VERB
ti fat	VERB
ti fawk	VERB
ti fawn	VERB
ti fâwn	VERB
ti fawr fawr	VERB
ti fâwr fâwr	VERB
ti fe	VERB
ti fê	VERB
ti fel	VERB
ti fem	VERB
ti fer	VERB
ti fet	VERB
ti fi kiang	VERB
ti fiah	VERB
ti fiam	VERB
ti fiap fiap	VERB
ti fiat fiat	VERB
ti fihlim	VERB
ti fik	VERB
ti fim	VERB
ti fip	VERB
ti fir	VERB
ti firfiak	VERB
ti fit	VERB
ti fithla	VERB
ti fo	VERB
ti fu	VERB
ti fuai tuai	VERB
ti fuak	VERB
ti fual	VERB
ti fuh	VERB
ti fuh fuh	VERB
ti fui	VERB
ti fuk	VERB
ti fulh	VERB
ti fung	VERB
ti fut fut	VERB
ti ha	VERB
ti hahdam	VERB
ti hai haih	VERB
ti haih haih	VERB
ti ham haih	VERB
ti hamtha	VERB
ti hamţha	VERB
ti hang	VERB
ti har	VERB
ti harh	VERB
ti harhvang	VERB
ti harhvâng	VERB
ti harsa	VERB
ti hautak	VERB
ti he	VERB
ti hel	VERB
ti hemah chuan	VERB
ti heu	VERB
ti hhan	VERB
ti hliam	VERB
ti hliau	VERB
ti hlo	VERB
ti hluar	VERB
ti hmawk	VERB
ti hna fum	VERB
ti hnawk	VERB
ti hnem	VERB
ti hnial	VERB
ti hniam	VERB
ti hnuai	VERB
ti hoa fum	VERB
ti hram	VERB
ti hria	VERB
ti hriam	VERB
ti huai huai	VERB
ti iâl	VERB
ti ing euh	VERB
ti ip	VERB
ti îp	VERB
ti it	VERB
ti ît	VERB
ti itawm	VERB
ti îtawm	VERB
ti kai	VERB
ti kak	VERB
ti kák	VERB
ti kal	VERB
ti kam	VERB
ti kâm	VERB
ti keng kawng	VERB
ti khan	VERB
ti khanglang	VERB
ti khat	VERB
ti khaw thawng	VERB
ti khaw tlai	VERB
ti khawchhuak	VERB
ti khawh	VERB
ti khawn	VERB
ti khawr	VERB
ti khe khe	VERB
ti kheh	VERB
ti khem	VERB
ti kher kher	VERB
ti khiah	VERB
ti khian	VERB
ti khin	VERB
ti khirh	VERB
ti kho kho	VERB
ti khu	VERB
ti khu khu	VERB
ti khû khû	VERB
ti khuar	VERB
ti khui	VERB
ti khun	VERB
ti khur	VERB
ti ki	VERB
ti kiam	VERB
ti kiang	VERB
ti kiar	VERB
ti kir	VERB
ti kiu	VERB
ti ko	VERB
ti ku ku	VERB
ti kua	VERB
ti kul	VERB
ti kum	VERB
ti kun	VERB
ti kur	VERB
ti la	VERB
ti laklawh	VERB
ti lal	VERB
ti lamdang	VERB
ti lang	VERB
ti langin	VERB
ti lap	VERB
ti lar	VERB
ti lau	VERB
ti law law	VERB
ti lawk	VERB
ti lawm	VERB
ti lawng	VERB
ti lawr	VERB
ti lawt lawt	VERB
ti lâwt lâwt	VERB
ti le lo	VERB
ti lei	VERB
ti lei hnawng	VERB
ti lek	VERB
ti lem	VERB
ti leng	VERB
ti lepse	VERB
ti let	VERB
ti letling	VERB
ti leu	VERB
ti liam	VERB
ti liam liam	VERB
ti lian	VERB
ti ling hriam	VERB
ti lingin	VERB
ti lip	VERB
ti luh lul	VERB
ti lui	VERB
ti lum	VERB
ti lun	VERB
ti lungawi	VERB
ti lungchhia	VERB
ti lungdam	VERB
ti lungngai	VERB
ti lungni	VERB
ti lut	VERB
ti lutuk	VERB
ti mak	VERB
tî mak	VERB
ti mam	VERB
ti mang	VERB
ti mangang	VERB
ti mar	VERB
ti mauh	VERB
tî mauh	VERB
ti mawi	VERB
ti mawih	VERB
ti mawm	VERB
ti mek	VERB
ti meng	VERB
ti miau	VERB
tî miau	VERB
ti mil	VERB
ti mim	VERB
ti min	VERB
ti mit	VERB
ti mu	VERB
ti mualpho	VERB
ti muang	VERB
ti muk	VERB
ti mum	VERB
ti mut	VERB
ti muthlu	VERB
ti na	VERB
ti nal	VERB
ti nalh	VERB
ti nawi	VERB
ti nawmnah	VERB
ti nawn	VERB
ti nek	VERB
ti nelawm	VERB
ti nem	VERB
ti nep	VERB
ti ner	VERB
ti neu	VERB
ti nga nga	VERB
ti ngaihnawm	VERB
ti ngam	VERB
ti ngap	VERB
ti ngat	VERB
ti ngat ngat	VERB
ti ngawi	VERB
ti ngawl	VERB
ti ngawr	VERB
ti ngawrh	VERB
ti ngawt ngawt	VERB
ti ngct nget	VERB
ti ngek	VERB
ti ngel	VERB
ti ngeng	VERB
ti ngêng	VERB
ti nger nger	VERB
ti nget	VERB
ti nget nget	VERB
ti ngil	VERB
ti ngo	VERB
ti nguai	VERB
ti ngui	VERB
ti ngut ngut	VERB
ti ni kang	VERB
ti nil	VERB
ti ning	VERB
ti no	VERB
ti nu	VERB
ti nual	VERB
ti nuam	VERB
ti nuar	VERB
ti nui	VERB
ti nung	VERB
ti pah	VERB
ti pai	VERB
ti palh	VERB
ti pamhmai	VERB
ti pan	VERB
ti pangchang	VERB
ti par	VERB
ti parh	VERB
ti pat ek	VERB
ti pât ek	VERB
ti paukhauh	VERB
ti pawi	VERB
ti pawk	VERB
ti pawl	VERB
ti pawlh	VERB
ti pawm	VERB
ti pawng	VERB
ti pawnlang	VERB
ti pawp	VERB
ti pawr	VERB
ti pawrh	VERB
ti pawrhso	VERB
ti pe	VERB
ti peh	VERB
ti peih	VERB
ti pel he	VERB
ti pel hê	VERB
ti pelhsawlh	VERB
ti pem	VERB
ti peng	VERB
ti per	VERB
ti perh	VERB
ti peu	VERB
ti phai	VERB
ti phak	VERB
ti phal	VERB
ti phan	VERB
ti phar	VERB
ti pharh	VERB
ti phat	VERB
ti phawi	VERB
ti phawk	VERB
ti phawklek	VERB
ti phawt	VERB
ti phe	VERB
ti phe sek	VERB
ti phei	VERB
ti phek	VERB
ti phel	VERB
ti phelh	VERB
ti phen	VERB
ti pheng phung	VERB
ti pher pher	VERB
ti pherh	VERB
ti pherh pherh	VERB
ti phi	VERB
ti phiangsen	VERB
ti phiar	VERB
ti phili	VERB
ti phim	VERB
ti phing phi siau	VERB
ti phir	VERB
ti phirsi	VERB
ti phit	VERB
ti pho	VERB
ti phu	VERB
ti phu zawk	VERB
ti phuai	VERB
ti phuan	VERB
ti phui	VERB
ti phuisui	VERB
ti phul	VERB
ti phum	VERB
ti phun	VERB
ti phun phun	VERB
ti phûn phûn	VERB
ti phuni	VERB
ti phur	VERB
ti phur phur	VERB
ti phut	VERB
ti piah	VERB
ti pial	VERB
ti piangthar	VERB
ti piap	VERB
ti pik	VERB
ti pil	VERB
ti pilh	VERB
ti pilril	VERB
ti ping	VERB
ti pir	VERB
ti pisil	VERB
ti poh	VERB
ti poh chhuak	VERB
ti puak	VERB
ti pual	VERB
ti puam	VERB
ti puang	VERB
ti puar	VERB
ti puau	VERB
ti puk	VERB
ti pul	VERB
ti pum	VERB
ti pun	VERB
ti pung	VERB
ti put	VERB
ti rah	VERB
ti rak	VERB
ti ral	VERB
ti ralmuang	VERB
ti ralti	VERB
ti ram	VERB
ti rang	VERB
ti rap	VERB
ti rapthlak	VERB
ti rau	VERB
ti rawih	VERB
ti rawk	VERB
ti rawk rawk	VERB
ti rawl	VERB
ti rawm	VERB
ti rawn	VERB
ti rawng	VERB
ti rawp	VERB
ti rawp rawp	VERB
ti rawt	VERB
ti reh	VERB
ti rei	VERB
ti rek	VERB
ti relh	VERB
ti rem	VERB
ti reng	VERB
ti rep	VERB
ti rethei	VERB
ti ri	VERB
ti rik	VERB
ti rilru	VERB
ti riltam	VERB
ti riltâm	VERB
ti rim	VERB
ti rimnam	VERB
ti rin	VERB
ti rinawm	VERB
ti rintlak	VERB
ti rip	VERB
ti riral	VERB
ti rit	VERB
ti ro	VERB
ti ropui	VERB
ti rorom	VERB
ti ru	VERB
ti ruak	VERB
ti rual	VERB
ti rualawt	VERB
ti rualrem	VERB
ti ruam	VERB
ti rui	VERB
ti rum	VERB
ti runthlak	VERB
ti runthlâk	VERB
ti rura	VERB
ti sa	VERB
ti sah	VERB
ti sahhai	VERB
ti sahthlau	VERB
ti sai	VERB
ti sak	VERB
ti sakhua	VERB
ti sam	VERB
ti san	VERB
ti sang	VERB
ti sar	VERB
ti sarh	VERB
ti satliah	VERB
ti sau	VERB
ti sawi	VERB
ti sawk	VERB
ti sawl	VERB
ti sawm	VERB
ti sawn	VERB
ti sawng	VERB
ti sawp	VERB
ti sawr	VERB
ti sawt	VERB
ti seihleih	VERB
ti seilian	VERB
ti sek	VERB
ti sen	VERB
ti seng	VERB
ti ser	VERB
ti seu	VERB
ti seuh seuh	VERB
ti si	VERB
ti si se	VERB
ti sihhnip	VERB
ti sik	VERB
ti sil	VERB
ti sil awng	VERB
ti sim	VERB
ti sin	VERB
ti sir	VERB
ti sise	VERB
ti so	VERB
ti su	VERB
ti suakbak	VERB
ti suakbâk	VERB
ti sual	VERB
ti suk	VERB
ti sukuk	VERB
ti taidarh	VERB
ti taima	VERB
ti taitam	VERB
ti tak	VERB
ti tal	VERB
ti talh	VERB
ti tam	VERB
ti tan	VERB
ti tan tan	VERB
ti tang	VERB
ti tangkhang	VERB
ti tangrual	VERB
ti tap	VERB
ti taptawm	VERB
ti tar	VERB
ti tau	VERB
ti tauh tauh	VERB
ti tawh	VERB
ti tawi	VERB
ti tawih	VERB
ti tawk	VERB
ti tawl	VERB
ti tawlh	VERB
ti tawm	VERB
ti tawn	VERB
ti tawng	VERB
ti tawngchham	VERB
ti tawp	VERB
ti te	VERB
ti te in	VERB
ti tei	VERB
ti tei tei	VERB
ti teih teih	VERB
ti tek	VERB
ti tenawm	VERB
ti teng	VERB
ti teng teng	VERB
ti tep	VERB
ti ter at	VERB
ti tet	VERB
ti teu	VERB
ti teuh	VERB
ti tha	VERB
ti thak	VERB
ti thal	VERB
ti thal thal	VERB
ti tham	VERB
ti thâm	VERB
ti tham tham	VERB
ti thâm thâm	VERB
ti thamral	VERB
ti thang	VERB
ti thap	VERB
ti thar	VERB
ti thar thar	VERB
ti that	VERB
ti thatho	VERB
ti thau	VERB
ti thaw	VERB
ti thawchhuak	VERB
ti thawi	VERB
ti thawl	VERB
ti thawng	VERB
ti thawp	VERB
ti thawp thawp	VERB
ti thawr thawr	VERB
ti thawt	VERB
ti thawt thawt	VERB
ti thei	VERB
ti thelh	VERB
ti thelthawl	VERB
ti them	VERB
ti them them	VERB
ti themlem	VERB
ti themthiam	VERB
ti themthum	VERB
ti then	VERB
ti thengthaw	VERB
ti thengthawng	VERB
ti ther	VERB
ti ther ther	VERB
ti theuh	VERB
ti theuneu	VERB
ti thi	VERB
ti thiam	VERB
ti thim	VERB
ti thim them	VERB
ti thim thêm	VERB
ti thin	VERB
ti thingbar	VERB
ti thinrim	VERB
ti thinur	VERB
ti thip	VERB
ti thîp	VERB
ti thitling	VERB
ti thla	VERB
ti thlamral	VERB
ti thlamuang	VERB
ti thlan	VERB
ti thlang	VERB
ti thlap	VERB
ti thlaphang	VERB
ti thlaphâng	VERB
ti thlar	VERB
ti thlarh	VERB
ti thlau	VERB
ti thlawi	VERB
ti thlawk	VERB
ti thlawn	VERB
ti thlawp	VERB
ti thlawr	VERB
ti thlawt	VERB
ti thle	VERB
ti thleh	VERB
ti thlek	VERB
ti thlen	VERB
ti thleng	VERB
ti thlep	VERB
ti thler	VERB
ti thlu	VERB
ti thluak	VERB
ti thluam	VERB
ti thluang	VERB
ti thlur	VERB
ti thlurh	VERB
ti tho	VERB
ti thoh	VERB
ti thu	VERB
ti thuah	VERB
ti thuai	VERB
ti thuak	VERB
ti thuanawp	VERB
ti thuanthu	VERB
ti thuap	VERB
ti thuau thuau	VERB
ti thui	VERB
ti thuk	VERB
ti thulh	VERB
ti thum	VERB
ti thung	VERB
ti thup	VERB
ti thur	VERB
ti thut	VERB
ti ti	VERB
ti tiak	VERB
ti tial	VERB
ti tiam tiam	VERB
ti tiat tiat	VERB
ti tiau	VERB
ti tih chhin	VERB
ti tihbaiawm	VERB
ti tihbingbeleh	VERB
ti tim	VERB
ti tîm	VERB
ti ting	VERB
ti tir	VERB
ti tla	VERB
ti tla hniam	VERB
ti tlachham	VERB
ti tlai	VERB
ti tlang	VERB
ti tlar	VERB
ti tlaran	VERB
ti tlat	VERB
ti tlau	VERB
ti tlauh tlauh	VERB
ti tlaw	VERB
ti tlawk	VERB
ti tlawm	VERB
ti tlawn	VERB
ti tlawng awl	VERB
ti tlawr	VERB
ti tlawva	VERB
ti tle	VERB
ti tlei	VERB
ti tlem	VERB
ti tleng	VERB
ti tler	VERB
ti tlet	VERB
ti tleu	VERB
ti tliak	VERB
ti tliang	VERB
ti tling	VERB
ti tlo	VERB
ti tlu	VERB
ti tluak	VERB
ti tluan	VERB
ti tluang	VERB
ti tluantling	VERB
ti tluar	VERB
ti tluat tluat	VERB
ti tluk	VERB
ti tlum	VERB
ti tlun	VERB
ti tlur	VERB
ti tlut	VERB
ti to	VERB
ti to rang	VERB
ti to vat	VERB
ti toh	VERB
ṭi ṭoh	VERB
ți țoh	VERB
ti tu tu	VERB
ti tuah tuah	VERB
ti tuai	VERB
ti tuai tuai	VERB
ti tuaithar	VERB
ti tuak	VERB
ti tual tual	VERB
ti tuallim	VERB
ti tuam tuam	VERB
ti tuang tuang	VERB
ti tuat	VERB
ti tuat tuat	VERB
ti tuau	VERB
ti tuh	VERB
ti tui	VERB
ti tui tui	VERB
ti tuk e a	 phrs.	VERB
ti tuk tin	VERB
ti tuk tuk	VERB
ti tul	VERB
ti tulh	VERB
ti tum	VERB
ti tung	VERB
ti tup	VERB
ti tur	VERB
ti tut tut	VERB
ti u chuak	VERB
ti uai	VERB
ti uai thla	VERB
ti uak	VERB
ti ual au	VERB
ti ualau	VERB
ti uan uan	VERB
ti uang	VERB
ti uap	VERB
ti uar	VERB
ti uchuak	VERB
ti uiawm	VERB
ti uih	VERB
ti uk	VERB
ti ul	VERB
ti ulh	VERB
ti ulh ulh	VERB
ti um	VERB
ti un	VERB
ti ung	VERB
ti up	VERB
ti ûp	VERB
ti urh	VERB
ti urhsun	VERB
ti urhsûn	VERB
ti ut	VERB
ti ût	VERB
ti vai	VERB
ti vak	VERB
ti val	VERB
ti vam	VERB
ti vang	VERB
ti vap	VERB
ti var	VERB
ti vat	VERB
ti vat vat	VERB
ti vauk	VERB
ti vawih	VERB
ti vawk	VERB
ti vawng	VERB
ti vawr	VERB
ti vawt	VERB
ti vei	VERB
ti veikhawr	VERB
ti vek	VERB
ti veng	VERB
ti vet	VERB
ti vik	VERB
ti vin	VERB
ti vir	VERB
ti vui	VERB
ti vul	VERB
ti vum	VERB
ti vung	VERB
ti vut	VERB
ti zai	VERB
ti zak	VERB
ti zal	VERB
ti zam	VERB
ti zâm	VERB
ti zan	VERB
ti zang	VERB
ti zâng	VERB
ti zangkhai	VERB
ti zângkhai	VERB
ti zankhua	VERB
ti zar	VERB
ti zau	VERB
ti zauh	VERB
ti zawh tawh	VERB
ti zawi	VERB
ti zawih	VERB
ti zawk	VERB
ti zâwk	VERB
ti zawl	VERB
ti zawm	VERB
ti zawn	VERB
ti zawngchhang	VERB
ti zawp	VERB
ti zawr	VERB
ti zawt zawt	VERB
ti zei	VERB
ti zek	VERB
ti zêk	VERB
ti zek zek	VERB
ti zêk zêk	VERB
ti zel	VERB
ti zem	VERB
ti zem zem	VERB
ti zêm zêm	VERB
ti zen	VERB
ti zen zen lo	VERB
ti zeng	VERB
ti zep	VERB
ti zet	VERB
ti zet zet	VERB
ti zeuh	VERB
ti zeuh zeuh	VERB
ti zia awm	VERB
ti ziah	VERB
ti zial	VERB
ti ziau	VERB
ti zim	VERB
ti zing	VERB
ti zip	VERB
ti zo	VERB
ti zo ruai	VERB
ti zo tawh	VERB
ti zo tep	VERB
ti zo têp	VERB
ti zuai	VERB
ti zual	VERB
ti zuau	VERB
ti zui	VERB
ti zuih	VERB
ti zuk	VERB
ti zum	VERB
ti zung	VERB
ti zung zung	VERB
ti zur	VERB
ti zut	VERB
țiah țiah	VERB
tial vawm	VERB
tiam chin	VERB
tiam tiam	VERB
ṭiam ṭiam	VERB
tian khawm	VERB
tiang khek	VERB
tiang ringa kal	VERB
ṭiang ṭiang	VERB
țiang țiang	VERB
tiangval hre	VERB
tiat pui	VERB
ṭiau lung	VERB
țiau lung	VERB
tiau san	VERB
ti-awl awl	VERB
ti-awm takin	VERB
ti-âwm takin	VERB
tib pamhmai	VERB
tibak tihbak	VERB
tibang bang	VERB
ti-bawrh bawrh	VERB
ticham cham	VERB
tichangel hmun	VERB
tichau chau	VERB
ti-chawih chawih	VERB
ti-chawng chawng	VERB
tichawp chawp	VERB
ti-chawp chawp	VERB
ti-chawt chawt	VERB
ti-cheng cheng	VERB
ti-chep chep	VERB
tichi ai	VERB
tichi âi	VERB
tichî ai	VERB
tichî âi	VERB
tichiau riau	VERB
tiduk	 tituk/tihduk	VERB
ti-fiap fiap	VERB
ti-fiat fiat	VERB
tih ah	VERB
tih ah chuan	VERB
tih al	VERB
tih awh	VERB
tih awi loh	VERB
tih àwi loh	VERB
tih awih	VERB
tih awl	VERB
tih awm	VERB
tih awn	VERB
tih âwn	VERB
tih awng	VERB
tih awp	VERB
tih belkan	VERB
tih bial	VERB
tih boral	VERB
tih buai	VERB
tih buai hrep	VERB
tih buangbar	VERB
tih buk	VERB
tih bun	VERB
tih bung	VERB
tih chah	VERB
tih chak	VERB
tih cham cham	VERB
tih chan	VERB
tih chan chan	VERB
tih changkan	VERB
tih chap chap	VERB
tih char	VERB
tih chat	VERB
tih chau chau	VERB
tih chauh	VERB
tih chavaih	VERB
tih chawih chawih	VERB
tih châwih châwih	VERB
tih chawng chawn	VERB
tih chawt chawt	VERB
tih chep	VERB
tih chep chep	VERB
tih chereu	VERB
tih chhiat	VERB
tih chhin	VERB
tih chhuah	VERB
tih chhuak	VERB
tih chi ai	VERB
tih chi chawna	VERB
tih chum	VERB
tih dak	VERB
tih dal	VERB
tih dam	VERB
tih dan	VERB
tih dan la	VERB
tih dan zir	VERB
tih dap	VERB
tih dar	VERB
tih darh	VERB
tih darhsarh	VERB
tih dawn	VERB
tih dir	VERB
tih duhdah	VERB
tih duk	VERB
tih dul	VERB
tih dum	VERB
tih dûm	VERB
tih dun	VERB
tih ek	VERB
tih emah chuan	VERB
tih êmah chuan	VERB
tih en	VERB
tih ên	VERB
tih er	VERB
tih et et	VERB
tih fai	VERB
tih far	VERB
tih fat	VERB
tih fawk	VERB
tih fawn	VERB
tih fâwn	VERB
tih fawr	VERB
tih fâwr	VERB
tih fe	VERB
tih fê	VERB
tih fel	VERB
tih fem	VERB
tih fer	VERB
tih fet	VERB
tih fi kian	VERB
tih fiah	VERB
tih fiam	VERB
tih fiap fiap	VERB
tih fiat fiat	VERB
tih fihlim	VERB
tih fik	VERB
tih fim	VERB
tih fir	VERB
tih fithlak	VERB
tih fo	VERB
tih fual	VERB
tih fuh	VERB
tih fuk	VERB
tih fulh	VERB
tih funi	VERB
tih fut fut	VERB
tih ha	VERB
tih hah	VERB
tih haih haih	VERB
tih hamthat	VERB
tih hamţhat	VERB
tih har	VERB
tih he	VERB
tih hê	VERB
tih heu	VERB
tih hit	VERB
tih hlim	VERB
tih hlo	VERB
tih hmai mawk	VERB
tih hna fum	VERB
tih hniam	VERB
tih hnuai	VERB
tih hnufum	VERB
tih hram	VERB
tih hriam	VERB
tih hrilhhai	VERB
tih huai	VERB
tih huai huai	VERB
tih huh	VERB
tih hul	VERB
tih hul hual	VERB
tih hulum	VERB
tih ing euh	VERB
tih ip	VERB
tih îp	VERB
tih itawm	VERB
tih îtawm	VERB
tih kak	VERB
tih kal	VERB
tih kan	VERB
tih kar	VERB
tih kau	VERB
tih kaurau	VERB
tih kawi	VERB
tih kawih	VERB
tih khanglan	VERB
tih khat	VERB
tih kher kher	VERB
tih khi	VERB
tih khik	VERB
tih khu khu	VERB
tih koh koh	VERB
tih ku ku	VERB
tih laklawh	VERB
tih lal	VERB
tih lam dan	VERB
tih lan	VERB
tih lap	VERB
tih lar	VERB
tih lau	VERB
tih law law	VERB
tih lawk	VERB
tih lawm	VERB
tih lawn	VERB
tih lawr	VERB
tih lawt lawt	VERB
tih lâwt lâwt	VERB
tih le lo	VERB
tih lehlin	VERB
tih lei	VERB
tih lei hnawn	VERB
tih lek	VERB
tih lem	VERB
tih lem chuan	VERB
tih lêm chuan	VERB
tih len	VERB
tih lepse	VERB
tih let	VERB
tih leu	VERB
tih liam	VERB
tih liam liam	VERB
tih liang liang	VERB
tih liau	VERB
tih lim	VERB
tih loh tih loh tih	VERB
tih loh tur	VERB
tih luattuk	VERB
tih luh	VERB
tih luh lul	VERB
tih luih	VERB
tih luih tir	VERB
tih lum	VERB
tih lun	VERB
tih lung awi	VERB
tih lung nih	VERB
tih lungchhiat	VERB
tih lungdam	VERB
tih lungngaih	VERB
tih mak	VERB
tih makmawh	VERB
tih mam	VERB
tih man hla	VERB
tih manawm	VERB
tih mang	VERB
tih mangan	VERB
tih mar	VERB
tih mauh	VERB
tih mawh	VERB
tih mawi	VERB
tih mawih	VERB
tih mawm	VERB
tih mek	VERB
tih men	VERB
tih miau	VERB
tih mil	VERB
tih mim	VERB
tih min	VERB
tih mit	VERB
tih mualpho	VERB
tih muan	VERB
tih muk	VERB
tih mut	VERB
tih na	VERB
tih nal	VERB
tih nalh	VERB
tih nat	VERB
tih nawi	VERB
tih nawm	VERB
tih nawmnah	VERB
tih nawn	VERB
tih nawrh	VERB
tih nei	VERB
tih neih	VERB
tih nek	VERB
tih nelawm	VERB
tih nem	VERB
tih nep	VERB
tih ner	VERB
tih neu	VERB
tih nga nga	VERB
tih ngaihnawm	VERB
tih ngani	VERB
tih ngap	VERB
tih ngat	VERB
tih ngat ngat	VERB
tih ngaw	VERB
tih ngawih	VERB
tih ngawl	VERB
tih ngawr	VERB
tih ngawrh	VERB
tih ngawt ngawt	VERB
tih ngek	VERB
tih ngel	VERB
tih ngen	VERB
tih nger nger	VERB
tih nget nget	VERB
tih ngil	VERB
tih ngo	VERB
tih nguai	VERB
tih ngui	VERB
tih ngut ngut	VERB
tih ni kan	VERB
tih nil	VERB
tih nin	VERB
tih nna fum	VERB
tih no	VERB
tih nual	VERB
tih nuam	VERB
tih nui	VERB
tih nun	VERB
tih nut	VERB
tih pah	VERB
tih pai	VERB
tih palh	VERB
tih pan	VERB
tih pangchan	VERB
tih par	VERB
tih parh	VERB
tih pat ek	VERB
tih pât ek	VERB
tih pawh	VERB
tih pawi	VERB
tih pawk	VERB
tih pawl	VERB
tih pawlh	VERB
tih pawn	VERB
tih pawnlan	VERB
tih pawr	VERB
tih pawrh	VERB
tih pawrhso	VERB
tih peh	VERB
tih peih	VERB
tih pel he	VERB
tih pel hê	VERB
tih pelhsawlh	VERB
tih pem	VERB
tih pen	VERB
tih per	VERB
tih perh	VERB
tih pet	VERB
tih peu	VERB
tih phai	VERB
tih phak	VERB
tih phal	VERB
tih phan	VERB
tih phar	VERB
tih pharh	VERB
tih phat	VERB
tih phawh	VERB
tih phawi	VERB
tih phawk	VERB
tih phawklek	VERB
tih phawn	VERB
tih phawt	VERB
tih phei	VERB
tih phek	VERB
tih phel	VERB
tih phelh	VERB
tih phen	VERB
tih pherh	VERB
tih phet	VERB
tih phet sek	VERB
tih phi	VERB
tih phiangsen	VERB
tih phiar	VERB
tih phili	VERB
tih phim	VERB
tih phing phi siau	VERB
tih phir	VERB
tih phirsi	VERB
tih phit	VERB
tih pho	VERB
tih phuai	VERB
tih phui	VERB
tih phuisui	VERB
tih phul	VERB
tih phulh	VERB
tih phum	VERB
tih phun	VERB
tih phun phun	VERB
tih phûn phûn	VERB
tih phur	VERB
tih phur phur	VERB
tih phut	VERB
tih phut zawk	VERB
tih piah	VERB
tih pial	VERB
tih pianthar	VERB
tih piap	VERB
tih pik	VERB
tih pil	VERB
tih pilh	VERB
tih pilril	VERB
tih pin	VERB
tih pir	VERB
tih pisil	VERB
tih poh chhuah	VERB
tih puah	VERB
tih puak	VERB
tih pual	VERB
tih puam	VERB
tih puan	VERB
tih puar	VERB
tih puau	VERB
tih puh	VERB
tih pui	VERB
tih puk	VERB
tih pul	VERB
tih pum	VERB
tih pun	VERB
tih pung	VERB
tih rah	VERB
tih rak	VERB
tih ral	VERB
tih ralmuan	VERB
tih raltit	VERB
tih ram	VERB
tih ran	VERB
tih rap	VERB
tih rapthlak	VERB
tih rauh	VERB
tih rawih	VERB
tih rawk	VERB
tih rawk rawk	VERB
tih rawl	VERB
tih rawm	VERB
tih rawn	VERB
tih rawp	VERB
tih rawp rawp	VERB
tih rawt	VERB
tih reh	VERB
tih rei	VERB
tih rek	VERB
tih relh	VERB
tih rem	VERB
tih reng	VERB
tih rep	VERB
tih retheih	VERB
tih rik	VERB
tih rilruk	VERB
tih riltam	VERB
tih riltâm	VERB
tih rim	VERB
tih rimnam	VERB
tih rin	VERB
tih rinawm	VERB
tih rintlak	VERB
tih rip	VERB
tih riral	VERB
tih rit	VERB
tih ro	VERB
tih rop	VERB
tih ropui	VERB
tih rorum	VERB
tih ruah	VERB
tih rual	VERB
tih rualâ	VERB
tih rualawh	VERB
tih rualrem	VERB
tih ruam	VERB
tih ruih	VERB
tih ruktir	VERB
tih rûktir	VERB
tih rum	VERB
tih runthlak	VERB
tih runthlâk	VERB
tih rura	VERB
tih sah	VERB
tih sahhaih	VERB
tih sahthlau	VERB
tih saih	VERB
tih sak	VERB
tih sam	VERB
tih san	VERB
tih sarh	VERB
tih sat	VERB
tih satliah	VERB
tih sau	VERB
tih sawih	VERB
tih sawk	VERB
tih sawl	VERB
tih sawm	VERB
tih sawn	VERB
tih sawp	VERB
tih sawr	VERB
tih sawt	VERB
tih seihleih	VERB
tih seilen	VERB
tih sek	VERB
tih sen	VERB
tih ser	VERB
tih seu	VERB
tih seuh seuh	VERB
tih si se	VERB
tih sihhnip	VERB
tih sik	VERB
tih sil	VERB
tih sil awn	VERB
tih silawn	VERB
tih sim	VERB
tih sin	VERB
tih sir	VERB
tih sise	VERB
tih so	VERB
tih suakbak	VERB
tih suakbâk	VERB
tih sual	VERB
tih suk	VERB
tih sukuk	VERB
tih tah	VERB
tih taidarh	VERB
tih taihmak	VERB
tih taitam	VERB
tih tak	VERB
tih tal	VERB
tih talh	VERB
tih tam	VERB
tih tan	VERB
tih tan tan	VERB
tih tang tang	VERB
tih tangkhan	VERB
tih tangkhang	VERB
tih tanrual	VERB
tih tap	VERB
tih taptawm	VERB
tih tar	VERB
tih tauh	VERB
tih tauh tauh	VERB
tih tauhkhum	VERB
tih tawh	VERB
tih tawi	VERB
tih tawih	VERB
tih tawk	VERB
tih tawl	VERB
tih tawlh	VERB
tih tawm	VERB
tih tawn	VERB
tih tawng	VERB
tih tawngchham	VERB
tih tawp	VERB
tih tawt	VERB
tih teh	VERB
tih tei	VERB
tih tei tei	VERB
tih teih teih	VERB
tih tek	VERB
tih tenawm	VERB
tih teng	VERB
tih teng teng	VERB
tih tep	VERB
tih ter at	VERB
tih tet	VERB
tih teu	VERB
tih teuh	VERB
tih thak	VERB
tih thal	VERB
tih thal thal	VERB
tih tham	VERB
tih thâm	VERB
tih tham tham	VERB
tih thâm thâm	VERB
tih thamral	VERB
tih than	VERB
tih thang	VERB
tih thap	VERB
tih thar	VERB
tih that	VERB
tih thatho	VERB
tih thau	VERB
tih thawh	VERB
tih thawi	VERB
tih thawl	VERB
tih thawn	VERB
tih thawp	VERB
tih thawp thawp	VERB
tih thawr thawr	VERB
tih thawt	VERB
tih thawt thawt	VERB
tih thawtchhuah	VERB
tih theih	VERB
tih thelh	VERB
tih thelthawl	VERB
tih them	VERB
tih them them	VERB
tih themlem	VERB
tih themthiam	VERB
tih themthum	VERB
tih then	VERB
tih theng thawt	VERB
tih thengthawng	VERB
tih ther	VERB
tih theuh	VERB
tih theuneu	VERB
tih thi	VERB
tih thiam	VERB
tih thib	VERB
tih thim	VERB
tih thim them	VERB
tih thim thêm	VERB
tih thin	VERB
tih thingbar	VERB
tih thinrim	VERB
tih thinur	VERB
tih thip	VERB
tih thîp	VERB
tih thitlin	VERB
tih thlak	VERB
tih thlâk	VERB
tih thlamral	VERB
tih thlamuan	VERB
tih thlan	VERB
tih thlang	VERB
tih thlap	VERB
tih thlaphan	VERB
tih thlaphân	VERB
tih thlar	VERB
tih thlarh	VERB
tih thlaub	VERB
tih thlauh	VERB
tih thlawh	VERB
tih thlawh<	VERB
tih thlawi	VERB
tih thlawn	VERB
tih thlawp	VERB
tih thlawr	VERB
tih thlawt	VERB
tih thleh	VERB
tih thlek	VERB
tih thlen	VERB
tih thleng	VERB
tih thler	VERB
tih thluak	VERB
tih thluam	VERB
tih thluan	VERB
tih thluk	VERB
tih thlur	VERB
tih thlurh	VERB
tih tho	VERB
tih thoh	VERB
tih thuah	VERB
tih thuai	VERB
tih thuak	VERB
tih thuanawp	VERB
tih thuanthut	VERB
tih thuap	VERB
tih thui	VERB
tih thuih	VERB
tih thuk	VERB
tih thulh	VERB
tih thum	VERB
tih thung	VERB
tih thup	VERB
tih thup thup	VERB
tih thur	VERB
tih thur thur	VERB
tih thut	VERB
tih tia	VERB
tih tia tih tiat	VERB
tih tiah	VERB
tih tiak	VERB
tih tial	VERB
tih tiam tiam	VERB
tih tian	VERB
tih tiat	VERB
tih tiat tiat	VERB
tih tiau	VERB
tih tiha ti	VERB
tih tihbaiawm	VERB
tih tim	VERB
tih tîm	VERB
tih ting	VERB
tih tirh	VERB
tih tlai	VERB
tih tlak	VERB
tih tlâk	VERB
tih tlak hniam	VERB
tih tlakchham	VERB
tih tlakran	VERB
tih tlan	VERB
tih tlang	VERB
tih tlar	VERB
tih tlat	VERB
tih tlau	VERB
tih tlauh tlauh	VERB
tih tlaw	VERB
tih tlawk	VERB
tih tlawm	VERB
tih tlawn	VERB
tih tlawng awl	VERB
tih tlawr	VERB
tih tlawva	VERB
tih tlei	VERB
tih tlem	VERB
tih tleng	VERB
tih tler	VERB
tih tlet	VERB
tih tleu	VERB
tih tliah	VERB
tih tliak	VERB
tih tlian	VERB
tih tlin	VERB
tih tlo	VERB
tih tluak	VERB
tih tluan	VERB
tih tluan tling	VERB
tih tluar tluar	VERB
tih tluat tluat	VERB
tih tluk	VERB
tih tlum	VERB
tih tlun	VERB
tih tlur	VERB
tih tlur tlur	VERB
tih tlut	VERB
tih to	VERB
tih to ran	VERB
tih to vat	VERB
tih tu tu	VERB
tih tuah	VERB
tih tuah tuah	VERB
tih tuai	VERB
tih tuai tuai	VERB
tih tuaithar	VERB
tih tual tual	VERB
tih tuallim	VERB
tih tuam tuam	VERB
tih tuang tuang	VERB
tih tuat	VERB
tih tuat tuat	VERB
tih tuau	VERB
tih tuh	VERB
tih tui	VERB
tih tui tui	VERB
tih tuk	VERB
tih tuk tin	VERB
tih tul	VERB
tih tulh	VERB
tih tum	VERB
tih tun	VERB
tih tung	VERB
tih tup	VERB
tih tur	VERB
tih tut tut	VERB
tih u chuak	VERB
tih uai	VERB
tih uai thlak	VERB
tih uai thlâk	VERB
tih uak	VERB
tih ual au	VERB
tih ualau	VERB
tih uan	VERB
tih uan uan	VERB
tih uap	VERB
tih uar	VERB
tih uchuak	VERB
tih uh	VERB
tih uiawm	VERB
tih uih	VERB
tih uk	VERB
tih ul	VERB
tih ulh	VERB
tih ulh ulh	VERB
tih um	VERB
tih un	VERB
tih up	VERB
tih ûp	VERB
tih urh	VERB
tih urhsun	VERB
tih urhsûn	VERB
tih vaih	VERB
tih vak	VERB
tih val	VERB
tih vam	VERB
tih van	VERB
tih vap	VERB
tih var	VERB
tih vat	VERB
tih vauk	VERB
tih vawh	VERB
tih vawih	VERB
tih vawk	VERB
tih vawn	VERB
tih vawng	VERB
tih vawr	VERB
tih vawt	VERB
tih veh	VERB
tih vei	VERB
tih veikhawr	VERB
tih vek	VERB
tih ven	VERB
tih vik	VERB
tih vin	VERB
tih vir	VERB
tih vui	VERB
tih vuih	VERB
tih vul	VERB
tih vum	VERB
tih vun	VERB
tih vut	VERB
tih zah	VERB
tih zai	VERB
tih zal	VERB
tih zam	VERB
tih zâm	VERB
tih zan	VERB
tih zangkhai	VERB
tih zângkhai	VERB
tih zankhua	VERB
tih zar	VERB
tih zat	VERB
tih zauh	VERB
tih zaw r	VERB
tih zawh	VERB
tih zawh ruai	VERB
tih zawh tawh	VERB
tih zawh tep	VERB
tih zawh têp	VERB
tih zawi	VERB
tih zawih	VERB
tih zawk	VERB
tih zâwk	VERB
tih zawl	VERB
tih zawm	VERB
tih zawn	VERB
tih zawngchhang	VERB
tih zawp	VERB
tih zawr	VERB
tih zawt zawt	VERB
tih zeh	VERB
tih zei	VERB
tih zek	VERB
tih zêk	VERB
tih zek zek	VERB
tih zêk zêk	VERB
tih zel	VERB
tih zem	VERB
tih zem zem	VERB
tih zêm zêm	VERB
tih zen	VERB
tih zen zen loh	VERB
tih zep	VERB
tih zet	VERB
tih zet zet	VERB
tih zeuh	VERB
tih zeuh zeuh	VERB
tih zia awm	VERB
tih ziah	VERB
tih zial	VERB
tih ziau	VERB
tih zih	VERB
tih zim	VERB
tih zin	VERB
tih zit	VERB
tih zuai	VERB
tih zual	VERB
tih zuau	VERB
tih zui	VERB
tih zuih	VERB
tih zuk	VERB
tih zum	VERB
tih zun	VERB
tih zung	VERB
tih zung zung	VERB
tih zur	VERB
tih zut	VERB
tih zuva	VERB
tih-ah chuan	VERB
ti-haih haih	VERB
ti-ham haih	VERB
tihawh awh	VERB
tihcham cham	VERB
tihchan chan	VERB
tihchau chau	VERB
tihchawp chawp	VERB
tihchawt chawt	VERB
tihcheng chen	VERB
tihchet theih lohvin	VERB
tihchetrual loh	VERB
tihchi ai	VERB
tihchi âi	VERB
tihchî ai	VERB
tihchî âi	VERB
tihchiau riau	VERB
tihchin hnih	VERB
ti-hemah chuan	VERB
tih-êmah chuan	VERB
tihfi thlak	VERB
tihfi thlâk	VERB
tih-fiat fiat	VERB
tihfir fiak	VERB
tihgaihna hria	VERB
tihhaih haih	VERB
tihham haih	VERB
tihhlu hlan	VERB
tihhlu hlàn	VERB
tih-huai huai	VERB
tihkhaw thawn	VERB
tihkhaw tlai	VERB
tihkher kher	VERB
tihko boh	VERB
tihko zan	VERB
tihko zàn	VERB
tihlu hlang	VERB
tihlu hlàng	VERB
tihlu hlâng	VERB
tihmai mawk	VERB
tihngaihna hria	VERB
tih-ngawt ngawt	VERB
tih-nger nger	VERB
tih-nget nget	VERB
tih-ngut ngut	VERB
tihpum pum	VERB
tihrep rep	VERB
tihtam loh	VERB
tihtan tian	VERB
tihtan tlan	VERB
tihtei tei	VERB
tihteih teih	VERB
tihteng teng	VERB
tihter at	VERB
tihtham ral	VERB
tihthâm ral	VERB
tihthar thar	VERB
tihthawr thawr	VERB
tihthawt chhuak	VERB
tihtheng thawt	VERB
tihther ther	VERB
tihthet thet	VERB
tihtin darh	VERB
tihtit dak	VERB
tihtit dâk	VERB
tihtleng tleng	VERB
tihtler tler	VERB
tihtluar tluar	VERB
tihtluat tluat	VERB
tihto ran	VERB
tihto thuai	VERB
tihto vat	VERB
tihtuai tuai	VERB
ti-huai huai	VERB
tih-uai thlak	VERB
tih-uai thlâk	VERB
tihul hual	VERB
tihvat vat	VERB
tihzar pharh	VERB
tih-zaw r	VERB
tikhaw tlai	VERB
tikher kher	VERB
tiko boh	VERB
tiko zang	VERB
tiko zâng	VERB
til mu	VERB
til pawr aw	VERB
til rek	VERB
til thenna lam	VERB
til tla	VERB
tiliang liang	VERB
tilini bo cht	VERB
tîmeuh lo	VERB
timpui tuar	VERB
tin ai hni	VERB
tin darh	VERB
ṭin hmun	VERB
ṭin zu	VERB
țin zu	VERB
ṭing bel	VERB
țing bel	VERB
ting dum	VERB
ṭing dum	VERB
ṭing thleng	VERB
țing thleng	VERB
ti-nger nger	VERB
ti-nget nget	VERB
ṭingṭang hmai	VERB
țingțang hmai	VERB
tingtang kai	VERB
ṭingṭang kai	VERB
țingțang kai	VERB
tingtang perh	VERB
tirep rep	VERB
tirh awih	VERB
tirh kir	VERB
tirh koh	VERB
tit dek	VERB
ṭit ek	VERB
tit la	VERB
titang tang	VERB
titang tlang	VERB
titeng teng	VERB
titer at	VERB
titham ral	VERB
tithâm ral	VERB
tithaw chhuak	VERB
tithawr thawr	VERB
tithet thet	VERB
tithup thup	VERB
titi dak	VERB
titi dâk	VERB
titi dek	VERB
titi kotlanga tla	VERB
titi lenglak	VERB
titin darh	VERB
titleng tleng	VERB
titler tler	VERB
titluar tluar	VERB
titluat tluat	VERB
titlur tlur	VERB
tito rang	VERB
tito thuai	VERB
tito vat	VERB
tituai tuai	VERB
titul zum	VERB
ti-uai thla	VERB
ti-uan uan	VERB
ti-ulh ulh	VERB
tizar pharh	VERB
tla chhuak	VERB
tla dah	VERB
tla fal	VERB
tla hawlh	VERB
tla hlang	VERB
tla hlen	VERB
tla hlum	VERB
tla hrang	VERB
tla kawlh	VERB
tla kawng	VERB
tla khawlh	VERB
tla lok	VERB
tla lut	VERB
tla lût	VERB
tla sam	VERB
tla sual	VERB
tla thla	VERB
tla zawt	VERB
tlah pawi	VERB
tlai chhia	VERB
tlai lam umpawng par	VERB
tlai lam umpâwng pâr	VERB
tlai lam ûmpawng par	VERB
tlai lam ûmpâwng pâr	VERB
tlai ni nem	VERB
tlak deng	VERB
tlak dêng	VERB
tlâk deng	VERB
tlâk dêng	VERB
tlak hlang	VERB
tlak hlen	VERB
tlâk hlen	VERB
tlak hlum	VERB
tlâk hlum	VERB
tlak kawlh	VERB
tlâk kawlh	VERB
tlak kawn	VERB
tlâk kawn	VERB
tlak lam	VERB
tlâk lam	VERB
tlak lei	VERB
tlak lob	VERB
tlâk lob	VERB
tlak luh	VERB
tlâk luh	VERB
tlak sual	VERB
tlâk sual	VERB
tlak thlak	VERB
tlaktlum (continued)	VERB
tlâktlum (continued)	VERB
tlan bo	VERB
tlân bo	VERB
tlan chhe	VERB
tlân chhe	VERB
tlan chhuak	VERB
tlân chhuak	VERB
tlan khalh	VERB
tlân khalh	VERB
tlan ko	VERB
tlân ko	VERB
tlan lut	VERB
tlan lût	VERB
tlân lut	VERB
tlân lût	VERB
tlang chhuak	VERB
tlâng chhuak	VERB
tlang chil	VERB
tlâng chil	VERB
tlang dung	VERB
tlâng dung	VERB
tlang hrai	VERB
tlâng hrai	VERB
tlang hri	VERB
tlâng hri	VERB
tlang pawng	VERB
tlâng pâwng	VERB
tlang puih	VERB
tlâng puih	VERB
tlâng rel	VERB
tlâng rêl	VERB
tlang sa	VERB
tlâng sa	VERB
tlang samho	VERB
tlâng samho	VERB
tlâng sang	VERB
tlang takin	VERB
tlang teh	VERB
tlâng teh	VERB
tlâng thut	VERB
tlang zawk	VERB
tlang zilh	VERB
tlâng zilh	VERB
tlang zum	VERB
tlâng zum	VERB
tlangval fan	VERB
tlangval hria	VERB
tlangval luhkhung	VERB
tlangval nei	VERB
tlangval puanthuah khai	VERB
tlangval pui	VERB
tlangval tlanpui	VERB
tlat chhuah	VERB
tlat dah	VERB
tlat fal	VERB
tlat fâl	VERB
tlat hran	VERB
tlat sam	VERB
tlawh chhan	VERB
tlawh chhuah	VERB
tlawh serh	VERB
tlawma la	VERB
tlawmngai takin	VERB
tlawng awl	VERB
tlawng âwl	VERB
tlem tein	VERB
tlem tlemin	VERB
tlen fai	VERB
tlêng fai	VERB
tliah tliah	VERB
tlik khaih	VERB
tling bet	VERB
tling chhip	VERB
tling chung zawl	VERB
tling leh ngama inchhawlṭhuaina	VERB
tling zo	VERB
tlu hlum	VERB
tlu lut	VERB
tluah tluah	VERB
tluk leh dingawm	VERB
tlûk leh dingawm	VERB
tluk luh	VERB
tlûk luh	VERB
tluk lut	VERB
tluk zal	VERB
tluk zâl	VERB
tlumtea thlîra thlîr	VERB
tlur tlur	VERB
to chhar	VERB
ṭo chhar	VERB
to fual	VERB
to fualna	VERB
ṭo thli	VERB
țo thli	VERB
to zawng	VERB
tokai hai	VERB
tu hrik	VERB
tu khup	VERB
tu khup hmu	VERB
tu pa bera thang	VERB
tu tal	VERB
tuah tep	VERB
tuah têp	VERB
ṭuah ṭep	VERB
ṭuah ṭêp	VERB
tuai lam	VERB
tuai nem	VERB
tuai pheng	VERB
tuai pilh	VERB
tuaichai rual	VERB
ṭuaiṭit suak	VERB
tual chher	VERB
tual har	VERB
tual hâr	VERB
tual hung	VERB
tual lîm	VERB
tual sum su	VERB
tual thubuai	VERB
țuam țuam	VERB
tuan fum	VERB
tuan fûm	VERB
ṭuan fum	VERB
ṭuan fûm	VERB
țuan fûm	VERB
tuan leh mang	VERB
tuan ran	VERB
ṭuan ran	VERB
țuan ran	VERB
tuan rang	VERB
ṭuan rang	VERB
țuan rang	VERB
tuan tha	VERB
tuan thu	VERB
tuar chhel	VERB
tuar chhuah	VERB
tuar dai	VERB
tuar daih	VERB
tuar fei	VERB
tuar huai	VERB
tuar khawchhuak	VERB
tuar lo	VERB
tuar loh	VERB
tuar na	VERB
tuar nem thei lo	VERB
tuar pui	VERB
tuar zangkhai	VERB
tuha hem rual	VERB
tuha kuai rual	VERB
tuha zâwn	VERB
tui bal	VERB
tui bawr	VERB
tui bibirh	VERB
tui birh	VERB
tui buhdeng	VERB
tui bûr	VERB
tui burlu	VERB
tui lai rap	VERB
tui lai rapin	VERB
tui lâkna dawt	VERB
tui leh luang	VERB
tui leih	VERB
tui lelt luan	VERB
tui lêlt luan	VERB
tui len	VERB
tui let	VERB
tui let luan	VERB
tui lêt luan	VERB
tui liah	VERB
tui liak	VERB
tui liam	VERB
tui lian	VERB
tui lianpui	VERB
tui lo	VERB
tui luan kawr	VERB
tui lut	VERB
tui lût	VERB
tui nge	VERB
tui nu	VERB
tui phuh	VERB
tui puh	VERB
tui pui	VERB
tui pun	VERB
tui ral	VERB
tui ral dan	VERB
tui ral do	VERB
tui taka mut	VERB
tui takin	VERB
tui tarn	VERB
tui thai	VERB
tui thak	VERB
tui thal	VERB
tui thalna	VERB
tui the	VERB
tui thlar	VERB
tui thlawr	VERB
tui ti	VERB
tui ti chip chep	VERB
tui ti takin	VERB
tui tla	VERB
tui tlâkna	VERB
tui tlan	VERB
tui tlang	VERB
tui tlâng	VERB
tui tlem	VERB
tui tlen	VERB
tui tleng	VERB
tui um dar	VERB
tui ûm dar	VERB
tuibur ek	VERB
tuibûr ek	VERB
tuibûr êk	VERB
tuibur fawh	VERB
tuibur fawp	VERB
tuibûr fawp	VERB
tuibur fewp	VERB
tuibur hmuam da	VERB
tuibûr hmuam da	VERB
tui-um dar	VERB
tui-ûm dar	VERB
tûk bauh	VERB
tuk chawp	VERB
tuk chawr	VERB
tuk e	VERB
tuk in	VERB
tuk khawm	VERB
tuk loh ram	VERB
tuk pumin	VERB
tukkhum chhah chhawn	VERB
tum chhang	VERB
tum hawp	VERB
tum pawn	VERB
tum pui	VERB
tum rilru	VERB
tum ruh	VERB
tum rum	VERB
tûm rum	VERB
tum run	VERB
tum rûn	VERB
tum sang	VERB
tum sateh	VERB
tum tawk	VERB
ṭum the	VERB
țum the	VERB
tum thla	VERB
ṭum tla	VERB
țum tla	VERB
tum tlak	VERB
tum tûm	VERB
tumbu daidit	VERB
tumbu khaileng	VERB
tumphit tum	VERB
tûn atang mai pawhin	VERB
tûn aṭang mai pawhin	VERB
tun chu	VERB
tun hnuah	VERB
tun lawkah	VERB
tu'n nge	VERB
tun nun	VERB
tun pawh hi	VERB
tun tu tu ah	VERB
tun tun	VERB
tunah zet chuan	VERB
tûnah zet chuan	VERB
tung chau	VERB
tung chho	VERB
tung chhova kal	VERB
tung ding	VERB
tung hul	VERB
tung nung	VERB
tupa rawng	VERB
tur angin	VERB
tûr angin	VERB
tur chhuah	VERB
tur chhuak	VERB
tur hmanhmawh	VERB
tur la	VERB
tûr la	VERB
tur nei	VERB
tûr nei	VERB
tur nguk	VERB
tur sek sek	VERB
tur tur	VERB
tur ut ut	VERB
u len	VERB
u leuh	VERB
uain peng	VERB
uak uak	VERB
uan thu	VERB
uang thei	VERB
uang uang	VERB
uap lumtu	VERB
ui bawm ngaw	VERB
ui chah	VERB
ui cho	VERB
ui da	VERB
ui dai	VERB
ui daih	VERB
ui fawm	VERB
ui kawl	VERB
ui thut	VERB
uifawma ringruh	VERB
uk sak	VERB
ulh bun	VERB
ulh bung	VERB
ulh thleh	VERB
ulh thlep	VERB
ulh tliah	VERB
ulh tliak	VERB
ûm ei	VERB
um khal	VERB
um khirh	VERB
um khîrh	VERB
um pa	VERB
um pawng	VERB
um pha	VERB
ûm pha	VERB
um um	VERB
upa ṭawng	VERB
ur hsun	VERB
ur lawk	VERB
ur lawk zan	VERB
ur lâwk zan	VERB
ur thlu	VERB
ut ut	VERB
va hming tha	VERB
va hming ṭha	VERB
va inronghak	VERB
vah pa	VERB
vah vah	VERB
vah vei	VERB
vai chem	VERB
vai chi	VERB
vai diap	VERB
vai hmarcha	VERB
vai mit en	VERB
vai vek	VERB
vaibel beng	VERB
vaibel dawn	VERB
vaibel fawh	VERB
vaibel fawp	VERB
vaibel pak	VERB
vaibel ruih	VERB
vaibel til	VERB
vaimim fang	VERB
vaimim fu	VERB
vaimîm fu	VERB
vaimim kak	VERB
vaimim kan	VERB
vaimim kang	VERB
vaimim kawm	VERB
vaimîm kawm	VERB
vaimim kawmtuam	VERB
vaimîm kawmtuam	VERB
vaimim keh	VERB
vaimim kek	VERB
vaimim kêk	VERB
vaimim kung	VERB
vaimim pulung	VERB
vaimîm pulung	VERB
vaimim rawh	VERB
vaimîm rawh	VERB
vaimim seng	VERB
vaimîm seng	VERB
vaimim teng khang	VERB
vaimîm teng khang	VERB
vaimim vanral	VERB
vaimim vanrâl	VERB
vaimim vui	VERB
vaimîm vui	VERB
vai-nêm puan	VERB
vaivut khu	VERB
vak bo	VERB
vâk bo	VERB
vak chhuak	VERB
vâk chhuak	VERB
vak in	VERB
vak lo	VERB
vak thla	VERB
vâk thla	VERB
vak vah bo	VERB
vak vai	VERB
vak vel	VERB
vak vêl	VERB
val upa	VERB
van khaiin	VERB
van khua	VERB
van mi	VERB
van mim	VERB
van ni chan	VERB
van ni chang	VERB
van ni chhal	VERB
van phel tia	VERB
van ri	VERB
van rua	VERB
van ruai	VERB
vân ruai	VERB
van sang	VERB
van sanga la	VERB
van sanga lak	VERB
van sanga tlak	VERB
van tawng	VERB
van te khu khuang	VERB
van tha	VERB
van țha	VERB
van thla ngi	VERB
van ûm	VERB
vanlai in	VERB
van-ni chang	VERB
vanni chhala chhechham	VERB
vantawng khawhthla	VERB
vanțha mu	VERB
varparh arsi	VERB
vau fem	VERB
vau fêm	VERB
vau hlim	VERB
vau hro	VERB
vau hrui	VERB
vau lawi	VERB
vau pûm	VERB
vaube zam	VERB
vaw fai	VERB
vaw hlo	VERB
vaw hlum	VERB
vaw hrep	VERB
vaw lir	VERB
vaw lirh	VERB
vaw lut	VERB
vaw lût	VERB
vaw tap	VERB
vaw ṭap	VERB
vaw vuak tah	VERB
vawi thum	VERB
vawi vawi	VERB
vawih uih	VERB
vawk chek	VERB
vawk hnûk	VERB
vawk khung	VERB
vawk lei	VERB
vawk luphan	VERB
vawk ngek	VERB
vawk ngêk	VERB
vawk sual	VERB
vawkpui thal	VERB
vawkte huang hung	VERB
vawl vawl	VERB
vawm awh	VERB
vawm awh hrui	VERB
vawm bal	VERB
vawm bal hru	VERB
vawm hmun	VERB
vawm hrui	VERB
vawm kap	VERB
vawm khawm	VERB
vawm lu	VERB
vawm puah	VERB
vawm thlek	VERB
vawm thlêk	VERB
vawmfawng hmun	VERB
vawn ban	VERB
vawn bân	VERB
vawn fei	VERB
vawn fel	VERB
vawn reng	VERB
vawn up	VERB
vawng fei	VERB
vawng reng	VERB
vawng tu	VERB
vawng ûp	VERB
vehbur khawn	VERB
vei khur khat	VERB
vei lam	VERB
vei nei	VERB
vei neih	VERB
vei nen	VERB
vei nghak	VERB
vei nghâk	VERB
vei nik	VERB
vei ru	VERB
vei rûk	VERB
vei tak a che	VERB
vei vak	VERB
vei vâk	VERB
vei vei	VERB
vei vel	VERB
velh bak	VERB
velh bur	VERB
ven buk	VERB
ven him	VERB
veng kiltil	VERB
veng thawng	VERB
ver ver	VERB
verh kua	VERB
verh pawh	VERB
veu veu	VERB
viak chhuah	VERB
viak chhuak	VERB
viak tha	VERB
viang viang	VERB
ving veh	VERB
ving veng	VERB
vuak hlum	VERB
vuak luh	VERB
vuih man awm	VERB
vul leh vai	VERB
vut phu hni	VERB
za ai	VERB
za bawh	VERB
za chuam	VERB
za dam	VERB
za hngâi	VERB
za hngai thei	VERB
za nu	VERB
zah bosal	VERB
zah fai	VERB
zah nachang hre	VERB
zah nachang hria	VERB
zah nachang hriat	VERB
zah pui	VERB
zah puiawm	VERB
zah theih	VERB
zahpah nei lo	VERB
zai in	VERB
zai khata luang	VERB
zai la	VERB
zai nu i	VERB
zai ru	VERB
zai thiam	VERB
zai tlang	VERB
zai vawr	VERB
zak a la	VERB
zak dawh	VERB
zak hnuai	VERB
zâk hnuai	VERB
zak kau	VERB
zâk kau	VERB
zak kauh	VERB
zâk kauh	VERB
zak kep	VERB
zak kêp	VERB
zak thathoh	VERB
zak thei lo	VERB
zak thlâk	VERB
zak zum	VERB
zâk zum	VERB
zakhua rawih	VERB
zal thluk	VERB
zal thlûk	VERB
zâl thluk	VERB
zâl thlûk	VERB
zalam kawng	VERB
zalam sial	VERB
zam bal	VERB
zam khal	VERB
zam kok	VERB
zam pui	VERB
zâm pui	VERB
zam ral	VERB
zam tha	VERB
zam ṭha	VERB
zaman zai	VERB
zan chaw	VERB
zân chaw	VERB
zan lai	VERB
zan lakin	VERB
zan lam	VERB
zan len dden	VERB
zan len deng	VERB
zan lên dêng	VERB
zan leng	VERB
zan lêng	VERB
zan mu	VERB
zân mu	VERB
zan mu chhing	VERB
zan mu chhîng	VERB
zan mu chhing lo	VERB
zân mu chhing lo	VERB
zang bawng	VERB
zang el hri at	VERB
zang er	VERB
zang er aw	VERB
zâng er aw	VERB
zang fan	VERB
zâng fân	VERB
zang hak	VERB
zang khai	VERB
zâng khai	VERB
zâng kul	VERB
zâng kûl	VERB
zang la	VERB
zâng la	VERB
zang li	VERB
zang lik	VERB
zang na dawm	VERB
zang si per pawk	VERB
zâng si per pâwk	VERB
zang sle	VERB
zâng sle	VERB
zang thla	VERB
zâng thla	VERB
zang thlek	VERB
zang thlêk	VERB
zan-mu chhing	VERB
zan-mu chhîng	VERB
zanriah bei	VERB
zanriah ei hun	VERB
zanriah ei kham	VERB
zâr ah	VERB
zar ba ling	VERB
zar bu ai	VERB
zar hlang	VERB
zâr hlang	VERB
zar hnawh	VERB
zar hniang	VERB
zar pa	VERB
zâr pa	VERB
zar pak	VERB
zâr pak	VERB
zar pan	VERB
zâr pân	VERB
zar thla	VERB
zar zar	VERB
zawh chham	VERB
zawh fe	VERB
zawh fiah	VERB
zawh te	VERB
zawh tê	VERB
zawh thlak	VERB
zawh thlâk	VERB
zawh tling	VERB
zawh zan	VERB
zawh zân	VERB
zawh zau	VERB
zawih zawih	VERB
zawl dawh	VERB
zâwl dawh	VERB
zawl pui	VERB
zâwl pui	VERB
zawl rawk	VERB
zawlbuk bawhbel	VERB
zawm thaw	VERB
zawn chhuah	VERB
zawn zawn	VERB
zawng bete	VERB
zawng bua	VERB
zawng chaw	VERB
zâwng chhang	VERB
zawng kâ kang	VERB
zawng za	VERB
zawng zu	VERB
zâwng zu	VERB
zawnga rilphiar	VERB
zawt chhuak	VERB
zawt chiang	VERB
zawt chlang	VERB
zawt thlithlai	VERB
ze he	VERB
ze hê	VERB
ze he lo	VERB
ze hê lo	VERB
ze hnih	VERB
ze zang	VERB
ze zu	VERB
zel a	VERB
zel at	VERB
zel thel	VERB
zêl thel	VERB
zep hrui	VERB
zep mawi	VERB
zi ak mi	VERB
zi an	VERB
zi nga	VERB
zia chhuah	VERB
zia zia a	VERB
ziak a wn	VERB
ziak chhawn	VERB
ziak chhawng	VERB
ziat kawlh	VERB
ziat kawn	VERB
zik muhlum	VERB
zik muhlûm	VERB
zik no	VERB
zik nuk nuk	VERB
zîk nuk nuk	VERB
zil bial	VERB
zil buang	VERB
zing dai	VERB
zing kar	VERB
zing lam	VERB
zinthiang hman	VERB
zinthiang hmang	VERB
zip zap	VERB
zir lai	VERB
zir lo	VERB
zir peih	VERB
zir tin bawl	VERB
zo hu ai	VERB
zo in	VERB
zo khua	VERB
zo ki	VERB
zo kua	VERB
zo lo bu	VERB
zo zai	VERB
zo zâi	VERB
zu a pa	VERB
zu al	VERB
zu ang	VERB
zu âng	VERB
zu ang thla	VERB
zu âr	VERB
zu bur	VERB
zu chhe lâng	VERB
zu hri	VERB
zu hro	VERB
zu huh	VERB
zu hun	VERB
zu hup	VERB
zu i	VERB
zu kâ	VERB
zu khawl	VERB
zu khawn	VERB
zu nam	VERB
zu ngam	VERB
zu pui din	VERB
zu rui	VERB
zu va	VERB
zu zu	VERB
zu zû	VERB
zu zu pui	VERB
zu zuk	VERB
zuam lo	VERB
zuam loh	VERB
zuan chhoh	VERB
zuan chhuah	VERB
zuan hlen	VERB
zuang chho	VERB
zuang chhuak	VERB
zuang thla	VERB
zuang tho	VERB
zuanlan lai	VERB
zuapa chiah	VERB
zui hli am	VERB
zui hru	VERB
zuih ral	VERB
zuih zuih	VERB
zuk chal	VERB
zuk naisailo	VERB
zuk neng	VERB
zun bul	VERB
zûn bûl	VERB
zun cheh	VERB
zun in	VERB
zûn in	VERB
zun khawm	VERB
zun khâwm	VERB
zun leng	VERB
zûn leng	VERB
zun tleng	VERB
zûn tleng	VERB
zûn zasi	VERB
zûn zâsi	VERB
zuncheh hmang	VERB
zûng da	VERB
zung hnih bawk	VERB
zung hrui	VERB
zûng hrui	VERB
zung kâ	VERB
zung kai	VERB
zung kap	VERB
zung kâp	VERB
zung teng u	VERB
zûng teng u	VERB
zungbun bun	VERB
zut fai	VERB
zut kawlh	VERB
zut kâwlh	VERB
zût kawlh	VERB
zût kâwlh	VERB
zut mam	VERB
zût mam	VERB
zut mar	VERB
zût mar	VERB
zut rek	VERB
zut rêk	VERB
zût rek	VERB
zût rêk	VERB
a ak nazawng	X
a âk nazawng	X
a bu dai darh ang	X
a chaihtu ang nal nal	X
a hma bo lo	 a hnu bo lo	X
a let a linga vuttui thlawr bel	X
a let a linga vuttui thlawr bêl	X
a letlinga khai ang	X
a mit nena lin	X
a mit nena phum	X
a mit nena phùm	X
a mit nena tuh ang	X
a neitu mu hek suh	 khumfa mu hek suh	X
a neitu vei zah ngawt	X
a neítu vei zah ngawt	X
a ngit a ngeta	X
a ngît a ngeta	X
a pui thihsan ang	X
a serh zinga a mei ang	X
a thena ni sa a thena ruah sur	X
a thena ni sa a thena ruah sûr	X
a ṭhena ni sa a ṭhena ruah sur	X
a ṭhena ni sa a ṭhena ruah sûr	X
a thim a var thlu lovin	X
a thim a vâr thlu lovin	X
a thlum a al ei za	X
a thlunna chat ang	X
a tihkhai ang	X
a ṭihkhai ang	X
a tui kang nghakin	X
a tui kang nghâkin	X
a uih zawn ang	X
a uih zâwn ang	X
a vawtuin ek a cheh	X
a vawtuin êk a cheh	X
a zual zawpui vailenhlo	X
aidu ei mumang ang	X
aikam êk hauh	X
aikam no tam	X
aikhata luang	X
âikhata luang	X
ar awp chawi ang	X
âr awp chawi ang	X
ar awp thlawh khum tham	X
ar awp thlawh khûm tham	X
âr awp thlawh khum tham	X
âr awp thlawh khûm tham	X
ar ha a tim ang e	X
ar ha a ṭim ang e	X
ar ha a țim ang e	X
âr hâ a tim ang e	X
âr hâ a ṭim ang e	X
âr hâ a țim ang e	X
ar khawthim dai	X
âr khawthim dai	X
ar kho khuh hawn ang	X
âr kho khuh hawn ang	X
ar mu tham thelh ang	X
ar mu thàm thelh ang	X
ar mu ṭham ṭhelh ang	X
ar mu ṭhàm ṭhelh ang	X
âr mu tham thelh ang	X
âr mu thàm thelh ang	X
âr mu ṭham ṭhelh ang	X
âr mu ṭhàm ṭhelh ang	X
ar talh dan chi khat chauh a awm lo	X
âr talh dân chi khat chauh a awm lo	X
ar thla khirh vawrh ang	X
âr thla khirh vawrh ang	X
ar tit hmu ang	X
ar tît hmu ang	X
âr tit hmu ang	X
âr tît hmu ang	X
ar venga tlaktlai lo	X
ar vênga tlaktlai lo	X
âr venga tlâktlai lo	X
âr vênga tlâktlai lo	X
ar vuak sual ang	X
âr vuak sual ang	X
ara bachuk nuk	X
âra bachuk nuk	X
ar-awp chawi ang	X
âr-awp chawi ang	X
ar-awp thlawh khum tham	X
ar-awp thlawh khûm tham	X
âr-awp thlawh khum tham	X
âr-awp thlawh khûm tham	X
arbawm chhe kan	X
arbâwm chhe kan	X
arbawm chhe kang ang	X
arbawm chhe kàng ang	X
arbâwm chhe kang ang	X
arbâwm chhe kàng ang	X
arbawma suk rawlh ang	X
arbâwma suk rawlh ang	X
arpui mei ang	X
arpui sa alna zat	X
arte dam tur ang	X
arte dam tûr ang	X
arte tuitla ang	X
arte zinga butung kaih ang	X
artei nu thawnthu ang	X
arthli chhem ang	X
ârthli chhem ang	X
bai dai baw harh	X
bãk chhem ang	X
bãk chhèm ang	X
bapui bun ang hul	X
bawmzo fa leh tuïum chhia	X
bawmzo fa leh tuïûm chhia	X
bàwmzo fa leh tuïum chhia	X
bàwmzo fa leh tuïûm chhia	X
behliang kum	X
belte phul ang	X
belte phûl ang	X
beng thleng thlenga bawp khai	X
benga rawnga thun lo	X
benga sisip hram	X
bengtawia te chhung	X
bui lung tawk ang	X
bui lung tâwk ang	X
bullut tum nei ang	X
chak takin	X
chakai khawrh	X
chakai man	X
chakái man	X
chakai thi ang	X
changēla sawi bel ang	X
changkel mu tam	X
changkèl mu tam	X
changpat chehchhum ang	X
changpát chehchhum ang	X
changte fanghma vel	X
chaw ei tui	X
chaw taka khuka khukpui	X
chaw taka khùka khùkpui	X
chaw taka khûka khûkpui	X
chawke ni rui ang	X
chawmzil kuang ang	X
chawmzîl kuang ang	X
châwmzil kuang ang	X
châwmzîl kuang ang	X
chawmzil kung ang	X
châwmzil kung ang	X
chawn do sa ang ngai	X
chawn do sa ang nuai	X
chawngkawr mit put	X
chawngthu lungchâwi	X
chawthleng ben buaksak	X
chawthlèng ben buaksak	X
chawthlêng ben buaksak	X
chawthleng ben huaksak	X
chawthlêng ben huaksak	X
chawthlfing ben buaksak	X
chelh lo	X
chem chawi za	X
chem lova lu la	X
chem tang	X
chem theihnghilh ang	X
chenkual vaihlo	X
chepa hmingthan	X
chepa nungkha ang	X
chepa nungkhai ang	X
chepa nungkhaì ang	X
chhangte fanghma vel	X
chhehkhangtui len	X
chhfira rual lai	X
chhimbuk sa kham ang	X
chhimbuk te	X
chhimtir ar chuk ang	X
chhimtír ar chuk ang	X
chhimtîr ar chuk ang	X
chhura chengkek lo lur ang	X
chhûra chengkek lo lûr ang	X
chhura chengkek lo tur ang	X
chhûra chengkek lo tûr ang	X
chhura ko thlak ang	X
chhura ko thlâk ang	X
chhûra ko thlak ang	X
chhûra ko thlâk ang	X
chhura rual lai	X
chhûra rual lai	X
chhura tive	X
chhura tîve	X
chhûra tive	X
chhûra tîve	X
chhura umpui mu hriat	X
chhûra ûmpui mu hriat	X
chi rawt lung ang	X
chi ràwt lung ang	X
chi râwt lung ang	X
chil chhak phak	X
chil chhâk phâk	X
chil chhik phik	X
chi-rawt-lung ang	X
chi-ràwt-lung ang	X
chi-râwt-lung ang	X
choak phunchawng par tlan ang	X
choâk phunchawng pâr tlân ang	X
chu lo liam	X
chu tawh zawng	X
chungu lal thlang ang	X
chuti aliam	X
dam rei nghah thil	X
dam takin	X
damkawr nuih duh	X
darlai aw ang	X
dârlâi aw ang	X
darlawi aw ang	X
dârlâwi aw ang	X
darlawn zin kawng ang	X
darlâwn zin kawng ang	X
dàrlawn zin kawng ang	X
dàrlâwn zin kawng ang	X
dârlâwn zin kawng ang	X
dawichhe ei ang	X
dâwichhe ei ang	X
dawih chawi ang	X
dawih chawì ang	X
dâwih chawi ang	X
dâwih chawì ang	X
dawlrai ham ang	X
dawlrâi ham ang	X
dawnkawn lehlin ang	X
dâwnkâwn lehlin ang	X
delh hlum sa ei tum ang	X
ding le le	X
dum dum	X
dumde ruang chen	X
e taka	X
ei lawk pa	X
ei na meka riltam	X
ei na meka riltâm	X
ei na meka rilṭam	X
ei na meka rilṭâm	X
ei na meka rîltam	X
ei na meka rîltâm	X
ei na meka rîlṭam	X
ei na meka rîlṭâm	X
ei na mêka riltam	X
ei na mêka riltâm	X
ei na mêka rilṭam	X
ei na mêka rilṭâm	X
ei na mêka rîltam	X
ei na mêka rîltâm	X
ei na mêka rîlṭam	X
ei na mêka rîlṭâm	X
ei theih loh rah taka rah	X
ei-na-meka riltam	X
ei-na-meka riltâm	X
ei-na-meka rilṭam	X
ei-na-meka rilṭâm	X
ei-na-meka rîltam	X
ei-na-meka rîltâm	X
ei-na-meka rîlṭam	X
ei-na-meka rîlṭâm	X
ei-na-mêka riltam	X
ei-na-mêka riltâm	X
ei-na-mêka rilṭam	X
ei-na-mêka rilṭâm	X
ei-na-mêka rîltam	X
ei-na-mêka rîltâm	X
ei-na-mêka rîlṭam	X
ei-na-mêka rîlṭâm	X
ek awk a che	X
ek âwk a che	X
èk awk a che	X
èk âwk a che	X
êk awk a che	X
êk âwk a che	X
ek vuak pherh ang	X
êk vuak pherh ang	X
ek zawrh ang	X
êk zawrh ang	X
ek-awk a che	X
ek-âwk a che	X
èk-awk a che	X
èk-âwk a che	X
êk-awk a che	X
êk-âwk a che	X
eng dang a ni lo	X
eng le khaw le	X
eng lep lep	X
eng ti nge	X
eng va ni suh	X
eng zawng pawh ni se	X
eng zâwng pawh ni se	X
fa ar ah loh	X
fa mal	X
fa tlum ben	X
fahrah puan hlai	X
fak ar ek	X
fak ar êk	X
falak tawng leh chhum kar ni	X
falak tawng leh chhum kar nî	X
falak tawng leh chhûm kar ni	X
falak tawng leh chhûm kar nî	X
falak ṭawng leh chhum kar ni	X
falak ṭawng leh chhum kar nî	X
falak ṭawng leh chhûm kar ni	X
falak ṭawng leh chhûm kar nî	X
falu hloh khawpa leng	X
falu hloh khawpa lêng	X
fan fan	X
fanau brawk chawm	X
fanau brawk cháwm	X
fanau hrawk chawm	X
fanau hrawk châwm	X
fanau maltluan chawi	X
fanau sam lo	X
fanau sâm lo	X
fang rawng aw	X
fapar thar hun	X
fapâr thar hun	X
fa-tlum ben	X
favai dur	X
favai thap ang	X
favai ṭhap ang	X
favâi thap ang	X
favâi ṭhap ang	X
fawngkam hnih khat	X
fawngna maha	X
fer fur	X
fer fûr	X
fêr fur	X
fêr fûr	X
fer fur a che	X
fer fûr a che	X
fêr fur a che	X
fêr fûr a che	X
fur chhut vaiho ang	X
fûr chhut vaiho ang	X
furchhe vaihlo ang	X
furchhevaihlo ang	X
fûrchhevaihlo ang	X
ha hawlh zawng	X
ha hawlh zâwng	X
hah hah	X
hah leh hah	X
hauhuk kah thlak ang	X
hauhuk kah thlâk ang	X
hauhúk kah thlak ang	X
hauhúk kah thlâk ang	X
hauhûk kah thlak ang	X
hauhûk kah thlâk ang	X
hàuhuk kah thlak ang	X
hàuhuk kah thlâk ang	X
hàuhúk kah thlak ang	X
hàuhúk kah thlâk ang	X
hàuhûk kah thlak ang	X
hàuhûk kah thlâk ang	X
hâuhuk kah thlâk ang	X
hâuhûk kah thlâk ang	X
hauhuk laibu ang	X
hauhúk laibu ang	X
hauhûk laibu ang	X
hàuhuk laibu ang	X
hàuhúk laibu ang	X
hàuhûk laibu ang	X
hâuhuk laibu ang	X
hâuhûk laibu ang	X
hauhuk lei kal ang	X
hauhúk lei kal ang	X
hauhûk lei kal ang	X
hàuhuk lei kal ang	X
hàuhúk lei kal ang	X
hàuhûk lei kal ang	X
hâuhuk lei kal ang	X
hâuhûk lei kal ang	X
hauhuk zai pu ang	X
hauhúk zai pu ang	X
hauhûk zai pu ang	X
hàuhuk zai pu ang	X
hàuhúk zai pu ang	X
hàuhûk zai pu ang	X
hâuhuk zai pu ang	X
hâuhûk zai pu ang	X
hlauh dah ang e	X
hmeichhe thudawn	X
hmeithai thu	X
hmelchhiat lai	X
hmêlchhiat lai	X
hmuh thiang lo hmu ang	X
hmun leh hmunah	X
hnahpui chhuang	X
hnapkhawn pachang hmu ang	X
hnapkháwn páchang hmu ang	X
hnara hlit phawi ang	X
hnara hlit phàwi ang	X
hnâra hlit phawi ang	X
hnâra hlit phàwi ang	X
hniak thuhmuna leng	X
hniak thuhmuna lêng	X
hniak thuhmuna lēng	X
hniâk thuhmuna leng	X
hniâk thuhmuna lêng	X
hniâk thuhmuna lēng	X
hnung lama mit nei ang	X
hnung lama sa barh ang	X
hnung lamà sa barh ang	X
hrui chhat	X
hrui khat vuan	X
huan thlai pet	X
huân thlâi pet	X
huana kel lut	X
huana kel lût	X
huana kêl lut	X
huana kêl lût	X
in tur bar tur	X
inchhuih bah palh	X
inkahpuk chaw	X
inkahpup chaw	X
inpui sang kai man	X
inpui sâng kai man	X
ka a bal lek lek	X
kâ a bal lek lek	X
ka chhawn	X
ka chhâwn	X
kal bopui	X
kal chhet chhet	X
kam hnih khat	X
kamchhe tleuh	X
kan chanin maian chan	X
kangbang ang	X
kangbâng ang	X
kàngbang ang	X
kàngbâng ang	X
kawi am	X
kawi chuang awm	X
kawi zang len	X
kawi zang lên	X
kâwi zâng len	X
kâwi zâng lên	X
kawihrui chah	X
kàwihrui chah	X
kâwihrui chah	X
kawikawm thin ang	X
kawikâwm thin ang	X
kàwikawm thin ang	X
kàwikâwm thin ang	X
kawilam tlo	X
kawkpui kephah hlai	X
kawl hawk chem barh ang	X
kawla ni chhuak chhiar	X
kawla ni chhuak chhiarin	X
kawlhawk chem barh ang	X
kawl-hawk chem barh ang	X
kawlkhaupa ang	X
kâwlkhaupa ang	X
kawlpui khen thlawn ang	X
kawngka biang	X
kawngka lu chung	X
kawngka sula ma	X
kawngka sula mà	X
kawngka sûla ma	X
kawngka sûla mà	X
kawngka sula mak	X
kawngka sula mâk	X
kawngka sûla mak	X
kawngka sûla mâk	X
kawngkawrawi kal siam ang	X
kawngkawrâwi kal siam ang	X
kawngvawn thawhsan ang	X
kâwngvawn thawhsan ang	X
keh phel	X
keh thei dawma dawm	X
keipui sa hauh	X
kel chawl ang	X
kel châwl ang	X
kêl chawl ang	X
kêl châwl ang	X
kel dai dan lek	X
kel dâi dan lek	X
kêl dai dan lek	X
kêl dâi dan lek	X
kel e awl	X
kel e âwl	X
kel ek tam	X
kel êk tam	X
kel thir ang	X
kel thîr ang	X
kêl thir ang	X
kêl thîr ang	X
kelchal pal nawk	X
kelchal pal nâwk	X
kêlchal pal nawk	X
kêlchal pal nâwk	X
kel-ek tam	X
kel-êk tam	X
kelphung chaw hmu lo tlai	X
kelphûng chaw hmu lo tlai	X
kêlphung chaw hmu lo tlai	X
kêlphûng chaw hmu lo tlai	X
kelphung ţap chim hmu ang	X
kelphûng ţap chim hmu ang	X
kêlphung ţap chim hmu ang	X
kêlphûng ţap chim hmu ang	X
kha leh chen kha	X
khâ leh chen kha	X
khai aw le	X
khai le	X
khai tawh le	X
khanglang emin le	X
khanglang êmin le	X
khanglâng emin le	X
khanglâng êmin le	X
khaw mawg ping	X
khaw mawng ping	X
khaw mitmei hmuh	X
khaw thim	X
khaw tin	X
khawiah tal	X
khawlchhut in	X
khawpui rik	X
khawthlang bai dul	X
khawthlang lamah	X
khawvâr arkhuan	X
khawvâr árkhuan	X
khuàl khua	X
khual thuthang	X
khuangruang ang	X
khuângruâng ang	X
khuangruang hmahruai ang	X
khuângruâng hmahruai ang	X
khuangruang sa hmu ang	X
khuângruâng sa hmu ang	X
khuangruang sar ang	X
khuangruang sàr ang	X
khuavang chhinchhiah	X
khuavang dar	X
khuavang hring	X
khuavàng hring	X
khuavang kal lai	X
khuavàng kal lai	X
khuavang lai ah chhan	X
khuavàng lai ah chhan	X
khuavang note ang	X
khuavang noté ang	X
khuavàng note ang	X
khuavàng noté ang	X
khuavang ri kham sa	X
khumpui kai	X
kum chhirin	X
kum chiri	X
kut chawl	X
kut châwl	X
kut thak hnawih nana hmang	X
kût ţiak	X
kût ṭiak	X
kut tiak tuka dawlrep bai hmeh ang	X
kut tiak tuka dawlrêp bai hmeh ang	X
kut ţiak tuka dawlrep bai hmeh ang	X
kut ţiak tuka dawlrêp bai hmeh ang	X
kut ṭiak tuka dawlrep bai hmeh ang	X
kut ṭiak tuka dawlrêp bai hmeh ang	X
kût tiak tûka dawlrep bai hmeh ang	X
kût tiak tûka dawlrêp bai hmeh ang	X
kût ţiak tûka dawlrep bai hmeh ang	X
kût ţiak tûka dawlrêp bai hmeh ang	X
laiking bêl rawh	X
laiking chho zut ang	X
laiking fa neih	X
lal chhek	X
lam thu zawng	X
làwm rilruk	X
leh fo	X
lei leh van tia	X
lei leh vàn tia	X
lei leh van tiat	X
lei leh van tiât	X
lei leh vàn tiat	X
lei leh vàn tiât	X
lei lehna	X
lendeng kethiah fai	X
lendeng keṭhiah fai	X
lendêng kethiah fai	X
lendêng keṭhiah fai	X
lèndeng kethiah fai	X
lèndeng keṭhiah fai	X
liandova fang	X
lu na	X
lu nat	X
lung chhia	X
lungchhe vankai	X
lungkhama neih	X
lungkuna zawng zat	X
lungkuna zâwng zât	X
lungphum rem	X
lungphur buhtun	X
lungphur thlahtu	X
lungphúr thlahtu	X
lungphur thleng tlang hel	X
lungphur thleng tlang hêl	X
lungphur thleng tlâng hel	X
lungphur thleng tlâng hêl	X
lungphur thlèng tlang hel	X
lungphur thlèng tlang hêl	X
lungphur thlèng tlâng hel	X
lungphur thlèng tlâng hêl	X
lungphúr thleng tlang hel	X
lungphúr thleng tlang hêl	X
lungphúr thleng tlâng hel	X
lungphúr thleng tlâng hêl	X
lungphúr thlèng tlang hel	X
lungphúr thlèng tlang hêl	X
lungtat ang	X
lungtât ang	X
lu-rûm nat neih	X
mahni a awm	X
mahni leh mahni	X
mahni lum luma lum	X
mahni tal tâla tal	X
mahni tal tâla tál	X
mâkpà chhungkhung	X
mâkpà chhûngkhung	X
mau lai	X
mi ang lo	X
mi chhe	X
mi chhe bawrlawk	X
mi chilhhkâk ruk	X
mi lar	X
mi tilreh	X
mi tin	X
mit bû	X
mit chhin	X
mit chhin tawh	X
mit vun chuar	X
mitmim lâ	X
mitmim lak	X
mitthi pal	X
mut kham	X
nawt reh	X
neih pa tâwp	X
neih sak	X
ngawih ngawih	X
ngawihem tawng	X
ngawihem țawng	X
ngawihêm țawng	X
nghakâwi ngul	X
ngûnte thi	X
ngûnte ṭhi	X
ngunte thi ang	X
ngunte ṭhi ang	X
ngunte-thi ang	X
ngunte-ṭhi ang	X
ni lo lo	X
ni nim	X
ni sensat lai	X
ni tin	X
niau khak	X
niau khâk	X
niau niau	X
nikhat kal	X
nikhat thil thu ah	X
nikhat thil thû ah	X
nu chang	X
pa chang	X
pa chuanhnuai	X
pa khawr	X
pachuau sual ang	X
pahmei nu	X
paihte tawng	X
pathian thu	X
perhpawng nu ang zam	X
perhpawng nu ang zâm	X
phei chuan	X
phung hmuih vuai	X
phûng hmuih vuai	X
phung nu	X
phûng nu	X
phûng sahmim	X
phûng sahmîm	X
phung sual ang	X
phûng sual ang	X
phung tangtial	X
phung thluk	X
phung thlûk	X
phung tho	X
phûng tho	X
phung tih	X
phûng tih	X
phûng ṭih	X
phung tilril tia	X
phung tilrîl tia	X
phûng tilril tia	X
phûng tilrîl tia	X
phung tlak sawh	X
phûng tlak sawh	X
phûng ulawng	X
phûng ulâwng	X
phung velh ang	X
phûng velh ang	X
phung zinga piring vawrh ang	X
phung zînga piring vawrh ang	X
puahtu siim	X
pual nam	X
puâl nam	X
pual pa ang vang a ni	X
puan her mamna	X
puan her-mamna	X
puan hlang	X
puan kàng ţhui	X
puan kàng ṭhui	X
puan kang thuia thui	X
puan kang ţhuia ţhui	X
puan tung	X
puan vawm	X
puan ven sawi chhing	X
puan ven sawi chhîng	X
pûk bák	X
puk bik	X
puk chhe hul	X
pûk chhe hul	X
pùm hnar	X
ran chawm thau	X
ran in	X
riah buk sual	X
rih ar	X
rih âr	X
ril bawh	X
ring tung	X
ring zawi	X
ruah sur	X
ruah tang sur	X
ruah tawn	X
rual ban lo	X
ruang am	X
ruang âm	X
rul chauhva chhang	X
rul chauhva chhâng	X
rul pai hawl	X
rul tleng	X
rul veng	X
rul yan	X
run hmui	X
run lui	X
sa be buh ngen	X
sa seh	X
sa so bel	X
sa sut pawh	X
sa ui tan	X
sa um bur	X
sah bur	X
sahmim bang	X
sahmim bâng	X
sahmîm bang	X
sahmîm bâng	X
saihnap thleng	X
sailo lungphun ang	X
sangha vurting	X
sanghal mal	X
sanghal ngho	X
saphihrik thei	X
satel kâwr	X
sa-um bur	X
sawi len	X
sawi rap	X
sawi rapthlak	X
sawi thâwm	X
sawi thei	X
sàwm bi	X
se bawng	X
se hnap	X
se hrin	X
se hring	X
se hrui sat chat	X
se puan	X
se rial	X
se se	X
sei fe	X
sek sek	X
sem sawm	X
ser ser	X
sera mu thur lo	X
sera mu thúr lo	X
si sil	X
sial lam dar	X
siâl lâm dâr	X
sik leh sa	X
silai mawngphêng	X
silai mu	X
silh fen	X
silh fên	X
suai ping	X
suâl chhia va	X
sual chhiava	X
sual lailet der	X
sual lailet dèr	X
sual let dar	X
sual lui	X
sual pumhlum	X
sual rumrut	X
sual rumrût	X
sual thupha chawi	X
sual thupha châwi	X
suar chhia	X
suár chhia	X
sum nawi	X
sum nei	X
sumhmun bang chhak	X
sumkar nei lo	X
sumkàr nei lo	X
sùmkar nei lo	X
sùmkàr nei lo	X
sut kuak	X
sut pawh	X
tahngai lungpui sa vuan ang	X
tak na ngiangin	X
ṭan ṭan	X
ṭan ṭha	X
țan țha	X
tan tha leh	X
ṭan ṭhat	X
țan țhat	X
tan that kum	X
țang am	X
tansual kum	X
tar chhumchhia	X
tau meichher chhi	X
tawih tawih	X
ṭawih ṭawih	X
țawng chang	X
tawng chham	X
tawng chhawngtua hmang	X
ṭawng hlut	X
țawng hlut	X
tawng hman dan	X
țawng kal-zia	X
tawng kaw la	X
tawng khawlai leng	X
tawng khawlai lêng	X
ṭawng khawlai leng	X
ṭawng khawlai lêng	X
tawng lepchiah	X
tawng letlingtu	X
ṭawng letlingtu	X
ṭawng ṭawng	X
tawng tawngin	X
tawng thlum	X
ṭawng thlum	X
tawng thu chhia ni suh se	X
ṭawng thu chhia ni suh se	X
tawng tlahawlh	X
tawng tualleng	X
ṭawng tualleng	X
tawng tuitam	X
ṭawng tuitam	X
ṭawngkam hmuh	X
țawngkam hmuh	X
tawngkam hnih khat	X
țawngkam hnih khat	X
tawngkam keu	X
tawngkam khat	X
ṭawngkam ṭha	X
țawngkam țha	X
tawngkam tha dm	X
tawngkam tha um	X
tawngkam tha ûm	X
ṭawngkam ṭha um	X
ṭawngkam ṭha ûm	X
ten khan	X
ten khang	X
ten tawn a	X
ten tàwn a	X
ten tâwn a	X
tèn tawn a	X
tèr lo	X
tha chhangdál	X
tha na chungin	X
thaba leh saihlum a nget ngai lo	X
thaba leh saihlum a ngêt ngai lo	X
thal chhuak	X
thâl chhuak	X
thal kâp mi	X
thal kemreh nei	X
thal thuam	X
thal ṭhuam	X
thal va ek char	X
thal va ek châr	X
thal va êk char	X
thal va êk châr	X
thal vâ ek châr	X
thal vâ êk châr	X
ṭhal va ek char	X
ṭhal va ek châr	X
ṭhal va êk char	X
ṭhal va êk châr	X
ṭhal vâ ek châr	X
ṭhal vâ êk châr	X
thal va-ek char	X
thal va-ek châr	X
thal va-êk char	X
thal va-êk châr	X
ṭhal va-ek char	X
ṭhal va-ek châr	X
thal-va-ek char	X
thal-va-êk char	X
thal-vâ-ek châr	X
thal-vâ-êk châr	X
ṭhal-va-ek char	X
ṭhal-va-êk char	X
than len	X
ṭhan len	X
thang thanmawh	X
ṭhang ṭhanmawh	X
thang that a	X
thei khuang thlup	X
theih tawkin	X
then fih thah	X
ṭhen fih ṭhah	X
thi beh	X
ṭhi beh	X
thi beh lo thu	X
ṭhi bun	X
thi har	X
ṭhi hna	X
thi khar	X
thi la	X
thi lak	X
thi leh dar	X
thia bial	X
thia cham	X
thia tiave	X
thian sa beng	X
ṭhian sa beng	X
ṭhian ṭhu	X
thian tui	X
thiante kuta rul kaw zen	X
thiante kuta rûl kaw zen	X
thih chhiat	X
thih chilh	X
thih dawn lo	X
thih leh thih	X
thih ngama tang	X
thih phah	X
thih ṭhat	X
thihthiap ven	X
thihthiap veng	X
thing khawn	X
thing khuang	X
thing lehkha	X
thing thiam	X
thing vahai	X
thing vawih uih	X
thing vawih-uih	X
thing zangthal	X
thinglu bul archang tawn	X
thinglu bûl archang tawn	X
thinglu-bul archang tawn	X
thingnawi fawm	X
thing-nawi fawm	X
thingpui tam	X
thingpui tâm	X
thing-tang kuai	X
thing-ṭang kuai	X
thingtang kuai rual	X
thingṭang kuai rual	X
țhipawl zawrh	X
thipawl zuar	X
thla nêm	X
thla no	X
thla no chawm	X
thla no cháwm	X
thla phur	X
thla ral	X
thla ral lam sepui ki tiat	X
thla ral lam tiave	X
thla ral lam vawm lu	X
thla tiave	X
thla tinin	X
thla var	X
thlan tui leih	X
thlang hri	X
thlanrawkpa khuangchawi	X
thlànrawkpa khuangchàwi	X
thlanthla chang	X
thlapui chen dam	X
thlarau lam	X
thlarau mi	X
thlasik anga khel lovin	X
thlasik anga khêl lovin	X
thlasik chakai ang	X
thlasik hrui	X
thlasik kawng	X
thlasik mau puah	X
thlawh chhuah	X
thlawh hlawh	X
thlawh kah	X
thlawhbaw ramchang	X
thlawhbaw tuihmel	X
thlawhhma sawi	X
thlawk chhuak	X
thlawp thlawp	X
thleng darh	X
thleng kum	X
thlèng kum	X
thleng ri ngai	X
thlèng ri ngai	X
thliat thliat	X
thlu lengi dawn chen	X
thlu lengi dàwn chen	X
thlu-lengi dawn chen	X
thlu-lengi dàwn chen	X
thlung lu	X
thlung lu hnum nu	X
thlung lu hnûm nu	X
thlung lu hnum pa	X
thlung lu hnûm pa	X
thlung-lu hnum-nu	X
thlung-lu hnûm-nu	X
thlung-lu hnum-pa	X
thlung-lu hnûm-pa	X
tho ngalsang	X
tho phang	X
tho sawi	X
tho thut	X
tho tlê	X
tho tuai	X
thú awih	X
thú âwih	X
thu bengzeh	X
thu bulbal nei lo	X
thu bulbal neí lo	X
thu chhin thei	X
thu fawk khawm	X
thu haw lam leh kal lam	X
thu kal ding	X
thu kal-ding	X
thu kam thum chauh	X
thu kamchhuak	X
thu kamhnih khat	X
thu khat vua	X
thu khat vuak	X
thu lak dan	X
thu leh nei	X
thu leh neih	X
thu leh ui bengah hlin tur a awm lo	X
thu leh ui bengah hlin tûr a awm lo	X
thu leng lak	X
thu ralkah	X
thu roh	X
thu sai sa	X
thuahhma leh hmeichhia chu pawm mawi	X
thuhnu dawn	X
thuhnu dâwn	X
thuhnu dawn lovin	X
thuhnu dâwn lovin	X
thuhnu dawn oh	X
thuhnu dâwn oh	X
thuhnu veng	X
ṭhui awp bu	X
ti chat	X
ti hê	X
ti kang	X
ti tui	X
tiang khek	X
tiang khêk	X
tiang uaia kal	X
tiat lek	X
tichan chan	X
tih ek	X
tih el	X
tih-emah chuan	X
til rîl	X
til tam	X
tingtang hmai	X
titi khawchan	X
tlai lam hnawt	X
tlai lam lukhum	X
tlai lam umpawng par	X
tlai lam umpâwng pâr	X
tlângval ngai	X
tlem lai khan	X
tlem lai khân	X
tlem tein	X
tlêm têin	X
tlêm tlêmin	X
tlema zawng	X
tlema zâwng	X
tlumpui lalnu	X
tu lum	X
tu nu	X
tui thlawr	X
tuk leh zan	X
tûk leh zan	X
tûk pumin	X
tuk thla	X
tuk thum tôk	X
tûk thum tôk	X
ṭuk ṭuk	X
tum sek	X
tumsik no	X
tumthang hnah tla ang	X
tun kum	X
tûn kum	X
tun la laah	X
tun la laàh	X
tun lâ laah	X
tun lâ laàh	X
tun lâ lâah	X
tûn la laah	X
tûn la laàh	X
tûn lâ laah	X
tung chauh	X
tur a ni	X
tuthlawh fang	X
tuthlawh ha	X
u phar	X
u tum	X
u tûm	X
ui dîng	X
ui pa	X
ui thli	X
umpawng par	X
umpâwng pâr	X
unau hmel hai	X
unau hmelhai	X
utawk hni	X
vai va	X
vai vawih aia rang	X
van dum pawl	X
van dum ri	X
van fim	X
van hnuai	X
vân lai la	X
van nû a	X
vang lai	X
van-ni chhal	X
van-ni chhâl	X
vanvawm khua	X
vau thla	X
vaw lut	X
vaw tap	X
vawi duai lo	X
vawk chaw	X
vawk êka tumtual	X
vawkpui dang phiar	X
vawkpui nawr	X
vawkpui panfah	X
vawkpui pawh a vah a vah chuan ek thing a tawng nge nge	X
vawkpui pawh a vah a vah chuan ek ṭhing a tawng nge nge	X
vawkpui pawh a vah a vah chuan êk ṭhing a tawng nge nge	X
vawkpui ruangruh	X
vawkpui thuai kil	X
ve keng	X
ve lêm lo	X
ve tho	X
vei ruk	X
vet vet	X
zai hri	X
zân chhuah	X
zan fah vei	X
zan khat mitchhin tawh	X
zân mu chhing	X
zân mu chhîng	X
zawh chhuah	X
zawhte awmna ang	X
zawhte âwmnâ ang	X
zawhte mei la ang	X
zawl nei tu	X
zawlbuk thing nawi fawm rual	X
zawng chhang	X
zawnga lungthu	X
zawnga rilphiar	X
zawng-te nawhlung	X
zir na	X
zir tir tu	X
zo hming thâng	X
