word	tag
a	NOUN
a	PRON
a	PART
a	PART
a	INTJ
ă	VERB
ã	ADJ
abalangin	ADJ
abang	ADJ
abâng	NOUN
abannate	NOUN
abansan	VERB
abawhchhiat	ADJ
abawhtu	NOUN
abâwih	VERB
abawihnu	NOUN
abawk	NOUN
abawkkhup	VERB
abawkte	NOUN
abekbawrah	ADJ
abengah	ADJ
abiak	ADJ
abihrukna	NOUN
abika	ADJ
abikin	ADJ
abiling	ADJ
abiru	VERB
abuah	ADJ
achak	ADJ
achakna	NOUN
achawk	VERB
achha	ADP
achhâ	ADP
achhan	ADJ
achhang	VERB
achhapah	ADJ
achhe	ADJ
achhia	ADJ
achhiahhlawh	NOUN
achhiatna	NOUN
achhip	ADJ
achhuah	VERB
achhuhsak	VERB
achhun	VERB
achhûn	ADJ
achhunga	ADJ
achhûngkua	NOUN
achhûngte	NOUN
achhunzanin	ADJ
achiahhlawhte	NOUN
achim	ADJ
achin	ADJ
achina	ADJ
achinah	ADJ
a-chinah	ADV
achipuite	NOUN
achuang	NOUN
achuangin	ADJ
achung	ADJ
achunga	ADJ
achungah	ADJ
achutah	ADJ
adama	NOUN
ah	VERB
ah	ADV
ahâlral	NOUN
ahangin	ADV
ahângin	ADV
ahara	ADJ
ahâwnga	ADJ
ahimna	NOUN
ah-khaih	INTJ
ahlaia	ADJ
ahlau	ADJ
ahlauhawm	ADJ
ahlauthawng	ADJ
ahlawh	NOUN
ahlawhtlintir	ADJ
ahlei	ADJ
ahleih	ADJ
ahleih	ADV
ahlim	ADJ
ahluanah	ADJ
ahmaa	ADJ
ahmaah	ADJ
ahmaia	ADJ
ahmang	ADJ
ahmangaih	ADJ
ahmangaihna	NOUN
ahmanrua	NOUN
ahmasâng	ADJ
ahmawr	ADJ
ahmei	ADJ
ahmel	NOUN
ahmêl	NOUN
ahmin	ADJ
ahming	ADJ
ahminga	ADJ
ahmingah	ADJ
ahminghliau	ADJ
ahmuh	ADJ
ahmuhtir	ADJ
ahmuia	ADJ
ahmun	NOUN
ahmusitin	ADJ
ahnah	NOUN
ahnam	NOUN
ahnehchhiahin	ADJ
ahnehin	ADJ
ahnehtir	VERB
ahnêka	ADJ
ahnekin	ADJ
ahnekin	ADV
ahnêkin	ADJ
ahnêkin	ADV
ahnên	ADJ
ahnêna	ADJ
ahnenah	ADJ
ahnênah	ADJ
ahnim	VERB
ahnu	ADJ
ahnu	CCONJ
ahnû	ADJ
ahnua	ADJ
ahnu-hmanah	ADV
ahnuin	ADJ
ahnuin	CCONJ
ahnuk	VERB
ahoa	ADJ
ahote	NOUN
ahova	NOUN
ahrang	ADJ
ahrangin	ADJ
ahriamhrei	ADJ
ahriat	ADJ
ahriatin	ADJ
ahriattir	ADJ
ahring	VERB
ahruai	VERB
ahrui	NOUN
ahte	ADJ
ahtu	ADJ
ahuan	ADJ
ahuat	ADJ
ahuh	ADJ
ahum	ADJ
ahunchhan	NOUN
ahung	VERB
ahuntir	VERB
ahup	VERB
ai	NOUN
ai	VERB
ai	ADP
ái	VERB
ài	VERB
âi	NOUN
âi	VERB
âi	ADP
aiah	ADJ
aiah	ADP
âiah	ADP
aiang	ADJ
aiawh	NOUN
aiawh	ADJ
aiawhin	ADJ
aiawhina	ADJ
aiawhna	ADJ
aiawhte	ADJ
aiawhten	ADJ
aiawhtu	NOUN
aiawhtuin	NOUN
aiawhtûin	NOUN
aiawhtute	NOUN
aiawhtuten	NOUN
aiawt	NOUN
aiâwt	NOUN
aiawta	NOUN
aibawp	NOUN
aichal	NOUN
aichhe	NOUN
aichheh	NOUN
aichhia	NOUN
aidu	NOUN
aidup	NOUN
aidûp	NOUN
aidu-ria	NOUN
aidusentil	NOUN
ai-en	VERB
âi-en	VERB
aieng	NOUN
ai-eng	NOUN
aienin	NOUN
aienna	NOUN
aiennaah	NOUN
aiente	NOUN
aienthiam	NOUN
aienthiamna	NOUN
aienthiamte	NOUN
aientira	ADJ
âientu	NOUN
aientute	NOUN
aifiar	NOUN
aiguptahovin	NOUN
aiguptate	NOUN
aih	NOUN
aih	VERB
áih	NOUN
aihal	VERB
ai-hnah-phahpui	NOUN
âi-hnah-phahpui	NOUN
ai-hni	NOUN
aiin	ADJ
aiin	ADP
ai-inzial	VERB
ai-ip	NOUN
aikaih	ADJ
ai-kaih	VERB
âikaih	VERB
aikaihthiam	NOUN
aikaihthiamte	NOUN
âikaihthiamte	NOUN
aikal	NOUN
aikam	NOUN
aikhat	NOUN
âikhat	NOUN
aikhirh	VERB
aina	NOUN
ainawn	NOUN
ainngaihlu	VERB
aisan	VERB
aisanthiamte	NOUN
aisânthiamte	NOUN
aitechhin	VERB
aitechhinna	NOUN
aitechin	VERB
aithur	NOUN
aizial	VERB
ak	VERB
akai	VERB
akaihhnawih	ADJ
akaihruai	VERB
akaisantir	VERB
akal	NOUN
akalhna	NOUN
akalna	NOUN
akalsan	NOUN
akaltir	VERB
akap	VERB
akara	ADJ
akâra	ADJ
akawiin	ADJ
akawng	NOUN
akawr	NOUN
akeng	VERB
akentir	VERB
akharkhip	VERB
akhat	ADJ
akhawperte	NOUN
akhawpui	NOUN
akhawvel	NOUN
akhua	NOUN
akhuaa	NOUN
akhuarte	NOUN
akhuh	ADJ
akhum	ADJ
akiang	ADJ
akianga	ADJ
akil	ADJ
akir	ADJ
akîr	ADJ
akohtir	VERB
aktu	ADJ
akulhbinga	ADJ
akum	ADJ
akut	ADJ
akutah	ADJ
akutte	ADJ
al	VERB
alai	ADJ
alaia	ADJ
a-laiah	ADP
alaichin	NOUN
alaiin	ADJ
alainat	VERB
alak	ADJ
alaka	ADJ
alakah	ADJ
alaknaa	ADJ
alaksak	VERB
alakte	ADJ
alal	VERB
alalthutphah	NOUN
alalṭhutphah	NOUN
alam	VERB
alan	ADJ
alang	ADJ
alanga	ADJ
alangin	ADJ
alantir	VERB
alar	ADJ
alawi	ADJ
alawm	ADJ
alawm	PART
aláwm	PART
alâwm	ADJ
alawmzawng	ADJ
alei	VERB
aleiah	ADJ
a-leiah	ADP
aleitu	NOUN
alektute	NOUN
alên	VERB
alentir	VERB
alêt	VERB
alh	VERB
alhin	ADJ
alhna	NOUN
alhtîr	VERB
alhtu	NOUN
aliam	ADJ
aliam	ADP
aliama	ADJ
aliamah	ADJ
aliamin	ADJ
alian	ADJ
alingin	ADJ
a-lo	PART
althlum	ADJ
aluang	VERB
aluh	VERB
aluhna	NOUN
aluhtir	VERB
alungah	ADJ
alut	VERB
am	VERB
âm	VERB
ama	PRON
amah	PRON
amaha	PRON
amahah	PRON
amahan	PRON
amaherawchu	CCONJ
amaherawh	CCONJ
amaherawhchu	CCONJ
amahin	PRON
amahina	PRON
amahni	PRON
amahzawngtute	NOUN
amaichâm	NOUN
amaichâmte	NOUN
amal	ADJ
amala	ADJ
amam	ADJ
amamawh	ADJ
aman	NOUN
aman	PRON
amàn	PRON
amana	VERB
amangang	VERB
amar	NOUN
amasate	ADJ
amâw	INTJ
amawi	ADJ
amei	NOUN
ameikhu	NOUN
amet	VERB
amin	ADJ
amite	NOUN
amiten	NOUN
amithmuh	ADJ
amithmuhah	ADJ
amitin	ADJ
amuanawmin	ADJ
amuang	ADJ
amuhil	VERB
amutpui	VERB
an	NOUN
an	VERB
an	PRON
àn	VERB
àn	PRON
anaa	VERB
anal	VERB
anam	VERB
anang	VERB
anaupang	ADJ
anâwia	ADJ
anâwiin	ADJ
anawite	ADJ
anawm	ADJ
anbang	VERB
anbawng	NOUN
âncheh	ADJ
anchhe	NOUN
ânchhe	NOUN
ânchhedawn	NOUN
anchhedawng	ADJ
ânchhedawng	ADJ
ânchhedawngah	ADJ
ânchhedawngin	ADJ
ânchhelawh	VERB
anchhia	NOUN
ânchhia	NOUN
ânchhiaa	NOUN
ânchhiaahte	NOUN
ânchhiain	NOUN
ânchhiate	NOUN
anchhuahtir	VERB
anchi-ri	NOUN
anchuantir	VERB
anchungah	ADJ
aneih	NOUN
ang	VERB
ang	ADJ
ang	ADV
âng	VERB
angah	ADJ
angahte	ADJ
angai	ADJ
angaih	ADJ
angaiha	ADJ
angaihna	ADJ
angaihnawm	ADJ
angaihnawmin	ADJ
angaihsak	VERB
angaihtuah	VERB
angaina	VERB
angchhung	NOUN
angchhûng	NOUN
ângchhung	NOUN
ângchhûng	NOUN
ângchhûng	ADJ
angchhunga	ADJ
angchhûnga	ADJ
ângchhûnga	ADJ
angchhungah	ADJ
angchhûngah	ADJ
ângchhûngah	ADJ
angel	NOUN
angem	CCONJ
anghah	VERB
anghawng	ADJ
anghet	ADJ
anghmiang	CCONJ
anghnai	ADJ
anghoten	ADJ
angiang	ADJ
angilneihna	NOUN
angin	ADJ
ângin	ADJ
angina	ADJ
anginah	ADJ
angkawp	VERB
angkawpin	VERB
angkhat	ADJ
angkhata	ADJ
angkhatin	ADV
anglai	ADJ
anglo	ADJ
anglum	NOUN
ânglum	NOUN
angmah	ADJ
angmai	ADJ
angreng	ADJ
angrengin	ADJ
angte	ADJ
angten	ADJ
angtu	NOUN
ângtu	NOUN
angul	NOUN
an-hawp	NOUN
an-hàwp	NOUN
anhla	NOUN
an-hla	NOUN
an-hlá	NOUN
àn-hla	NOUN
àn-hlá	NOUN
ânhla	NOUN
an-hlawk	ADJ
an-hlâwk	ADJ
àn-hlawk	ADJ
àn-hlâwk	ADJ
anhling	NOUN
anhlíng	NOUN
anhmelmate	NOUN
anhmêlmate	NOUN
anhming	NOUN
anhmingte	NOUN
anhmuh	ADJ
anhmun	NOUN
anhnah	NOUN
ânhrât	ADJ
ani	PRON
ania	PUNCT
ania	CCONJ
aniang	CCONJ
anichuan	PRON
aniha	CCONJ
anihna	NOUN
anihzia	ADJ
aniin	ADJ
anin	PRON
an-ka	NOUN
an-kâ	NOUN
àn-ka	NOUN
àn-kâ	NOUN
ânkâa	NOUN
ankal	ADJ
ankalna	NOUN
ankalpui	ADJ
ankasa	NOUN
ankha	NOUN
ankhapui	NOUN
ankhawlohna	NOUN
ankhum	ADJ
ânkhum	ADJ
ânkhuma	ADJ
ânkhumna	ADJ
ânkhumtu	NOUN
anku	NOUN
ankû	NOUN
anlak	ADJ
anlohna	ADJ
anmahah	PRON
anmahni	PRON
anmahnia	PRON
anmahnîa	PRON
anmahniah	PRON
anmahnîah	PRON
anmahniho	PRON
anmahnihovin	PRON
anmahniin	PRON
anmahnin	PRON
anmithmuh	ADJ
anna	NOUN
anna	ADJ
an-ngha-ril	NOUN
an-ngha-rîl	NOUN
anni	PRON
annihho	PRON
anniho	PRON
annin	PRON
annite	PRON
ânpai	ADJ
ânpaiho	ADJ
anpangthuam	NOUN
anpangṭhuam	NOUN
anpângthuam	NOUN
anpângṭhuam	NOUN
anphurh	ADJ
anpuang	VERB
anpuante	NOUN
anpui	NOUN
anpui	ADJ
anpuia	NOUN
anpuiah	NOUN
anpuiin	NOUN
anpuina	NOUN
anpuite	NOUN
anpuitea	ADJ
anpuitu	NOUN
anpuitute	NOUN
anrapthlâk	ADJ
ansam	NOUN
ansiam	ADJ
antam	NOUN
anṭam	NOUN
anthilpêk	NOUN
anthur	NOUN
anthûr	NOUN
anthur-tui	NOUN
anthûr-tui	NOUN
antih	ADJ
antir	VERB
ântîr	VERB
antlansan	VERB
antlu	VERB
antui	NOUN
anuam	ADJ
anuihsan	ADJ
anunaute	PRON
anung	ADJ
anungin	ADJ
anupui	PRON
anupuia	ADJ
anupuite	NOUN
anzai	VERB
anzia	VERB
ap	VERB
apâa	PRON
apahnihin	NUM
apahnihna	NUM
apai	NOUN
apaiah	NOUN
apakhat	NUM
apakhatna	NUM
apan	ADJ
apang	CCONJ
apanga	CCONJ
apangin	CCONJ
apangin	ADP
apathumna	NUM
apawi	ADJ
apawl	ADJ
apâwl	ADJ
apawlah	ADJ
apawlin	ADJ
apawng	ADJ
apâwng	ADJ
apawt	ADJ
apawtthlêr	VERB
apeih	ADJ
apek	VERB
apêk	VERB
apêkate	NOUN
apekte	NOUN
apelh	VERB
apengte	VERB
apetekin	VERB
aphal	ADJ
aphar	VERB
aphat	VERB
aphek	NOUN
apheka	NOUN
aphi	VERB
aphiarrukna	NOUN
aphu	VERB
aphûm	VERB
aphur	VERB
aphurhtir	VERB
apiah	ADJ
apian	ADJ
apiang	PRON
apiang	CCONJ
apianga	CCONJ
apiangah	CCONJ
apiangahte	CCONJ
apiangan	CCONJ
apiangin	CCONJ
apiangte	CCONJ
apiangten	CCONJ
apik	ADJ
apindan	NOUN
april	NOUN
apualah	ADJ
apuan	NOUN
apui	NOUN
apui	ADP
apuia	NOUN
apuii	NOUN
apuithuna	NOUN
apuka	VERB
apuktirtu	NOUN
apum	ADJ
apuma	ADJ
apumah	ADJ
apumin	ADJ
aput	VERB
aputtir	VERB
ar	NOUN
âr	NOUN
ara-fanghma	NOUN
âra-fanghma	NOUN
arakhuan	NOUN
ârakhuan	NOUN
arama	NOUN
aramah	ADJ
araman	NOUN
aramawng-hawlh	NOUN
ara-mawnghawlh	NOUN
âramawng-hawlh	NOUN
âra-mawnghawlh	NOUN
arana	NOUN
ara-thloh-mu-lak	VERB
âra-thloh-mu-lâk	VERB
ara-tukkhuan	NOUN
ara-tukkhuan	VERB
ara-tûkkhuan	NOUN
ara-tûkkhuan	VERB
âra-tukkhuan	NOUN
âra-tukkhuan	VERB
âra-tûkkhuan	NOUN
âra-tûkkhuan	VERB
arauna	NOUN
ara-virmep	NOUN
âra-virmep	NOUN
arawn	CCONJ
ar-awn	NOUN
ârâwn	NOUN
âr-âwn	NOUN
ar-awng	NOUN
âr-awng	NOUN
arawngbawl	VERB
arbawm	NOUN
arbual	NOUN
ârbual	NOUN
archang	ADJ
ar-chang	NOUN
archangkawm	NOUN
archangkâwm	NOUN
archangkawn	NOUN
archang-lei	NOUN
archaw	NOUN
archempai	VERB
ârchempai	VERB
archhawih	ADJ
ârchhawih	ADJ
archhiar	NOUN
archhuang	NOUN
archuk	NOUN
ardah	NOUN
ârdah	NOUN
ar-fep	NOUN
ar-fêp	NOUN
âr-fep	NOUN
âr-fêp	NOUN
arh	VERB
arh	ADJ
ar-hang	NOUN
ar-hàng	NOUN
âr-hang	NOUN
âr-hàng	NOUN
âr-hâng	NOUN
arhnuaichhiah	NOUN
arhrik	NOUN
ar-hrik	NOUN
ar-hrik-reh	NOUN
ariltam	VERB
arim	ADJ
aritphurh	ADJ
arkai-den	VERB
arkài-den	VERB
ârkai-den	VERB
ârkài-den	VERB
arkai-deng	VERB
arkai-dêng	VERB
arkài-deng	VERB
arkài-dêng	VERB
ârkai-deng	VERB
ârkai-dêng	VERB
ârkài-deng	VERB
ârkài-dêng	VERB
ar-kawk	NOUN
âr-kawk	NOUN
arke	VERB
ârke	VERB
arkebawk	NOUN
ârkebâwk	NOUN
ar-kedawm	NOUN
arkezem	NOUN
ârkezem	NOUN
arkeziak	NOUN
arkhāl	NOUN
arkhãl	NOUN
ârkhāl	NOUN
ârkhãl	NOUN
arkhawthim	NOUN
ar-khel	ADJ
ar-khêl	ADJ
âr-khel	ADJ
âr-khêl	ADJ
arkhuan	NOUN
ârkhuan	NOUN
arkhuang	VERB
arla	NOUN
arlei	NOUN
ârlei	NOUN
arlhui-ngo	NOUN
ârlhui-ngo	NOUN
arlhui-sen	NOUN
ârlhui-sen	NOUN
armawnghawlh	NOUN
ârmawnghawlh	NOUN
arngeng	NOUN
arngengah	ADJ
arngo	NOUN
ârngo	NOUN
ar-ngultung	NOUN
âr-ngultung	NOUN
arno	NOUN
arṇo	NOUN
arnote	NOUN
ar-nu	NOUN
arpa	NOUN
arpathlek	NOUN
arpatil	NOUN
arpa-tir	NOUN
arphaw	NOUN
arpui	NOUN
arpuiin	ADJ
arsakuh	NOUN
ârsakuh	NOUN
arsa-rim-nam	NOUN
arsi	NOUN
arsiah	ADJ
arsîah	ADJ
arsi-hni	NOUN
arsihote	ADJ
arsiin	ADJ
arsite	NOUN
arsîte	NOUN
arsiten	NOUN
artahkawn	NOUN
ar-tai	NOUN
ar-ṭai	NOUN
âr-tai	NOUN
âr-ṭai	NOUN
arte	NOUN
artê	NOUN
artelukawn	NOUN
arthlek	NOUN
arthui	NOUN
arthuî	NOUN
arṭhui	NOUN
arṭhuî	NOUN
ârthui	NOUN
ârthuî	NOUN
ârṭhui	NOUN
ârṭhuî	NOUN
arthum	NOUN
arṭhum	NOUN
ârthum	NOUN
ârṭhum	NOUN
artial	NOUN
arṭial	NOUN
artui	NOUN
artuiah	NOUN
artui-heng	NOUN
artui-hêng	NOUN
artuiin	NOUN
artui-pil	NOUN
artuite	NOUN
artukkhuan	NOUN
artûkkhuan	NOUN
ârtukkhuan	NOUN
ârtûkkhuan	NOUN
aruaka	ADJ
aruala	ADJ
arualin	ADJ
aruang	NOUN
aruangin	ADJ
aruangin	CCONJ
aruat	VERB
aruh	NOUN
aruk	ADJ
arûk	ADJ
aruka	ADJ
arûka	ADJ
arukin	ADJ
arûktea	ADJ
aruma	ADJ
ar-va	NOUN
ar-và	NOUN
âr-va	NOUN
âr-và	NOUN
ar-vavu	NOUN
âr-vavu	NOUN
asiamin	ADV
asiamin	CCONJ
asiamin	ADP
asin	PART
at	VERB
ât	VERB
ata	ADP
atai	VERB
ataia	VERB
ataiah	ADJ
atak	ADJ
ataka	ADJ
atakin	ADJ
ataktak	ADJ
atal	VERB
atamchhawl	VERB
atan	ADP
atân	ADP
atana	ADP
atâna	ADP
atang	ADJ
aţang	ADJ
aṭang	ADJ
ațang	ADJ
atanga	ADJ
aţanga	ADJ
aṭanga	ADJ
aṭânga	ADJ
ațanga	ADJ
atangatein	ADJ
atangin	ADJ
atangin	ADP
atângin	ADJ
aţangin	ADJ
aṭangin	ADJ
aṭangin	ADP
aṭangín	ADJ
ațangin	ADJ
aṭangkai	ADJ
ațangkai	ADJ
ațanglai	ADJ
atangte	ADJ
aţangte	ADJ
aṭangte	ADJ
ațangte	ADJ
atangtea	ADJ
aṭangtea	ADJ
ațangtea	ADJ
atangtein	ADJ
aṭangtein	ADJ
ațangtein	ADJ
atangten	ADJ
atânpuia	VERB
atante	ADP
atânte	ADP
atap	VERB
aṭap	VERB
atar	VERB
atate	ADJ
atawp	ADJ
atawpa	ADJ
atchilh	VERB
âtchilh	VERB
ãtchilh	VERB
atchilhna	NOUN
âten	VERB
atha	ADJ
aṭha	ADJ
ațha	ADJ
athaka	ADJ
athaliin	ADJ
athalin	ADJ
athang	ADJ
athara	ADJ
atharin	ADJ
athawi	ADJ
athawiin	ADJ
athawktute	NOUN
atheipui	NOUN
athen	ADJ
aṭhen	ADJ
ațhen	ADJ
aṭhenah	ADJ
ațhenah	ADJ
athenawm	NOUN
aṭhenawm	NOUN
ațhenawm	NOUN
atheu	ADJ
athi	VERB
aṭhiante	NOUN
ațhiante	NOUN
athih	VERB
athikna	NOUN
athinlung	NOUN
athinlunga	NOUN
athisen	NOUN
athla	NOUN
athlahte	NOUN
athlak	VERB
athlawn	ADJ
athlâwn	ADJ
athlawna	ADJ
athlawnin	ADJ
athle	VERB
athleng	VERB
athlirtu	NOUN
athlunna	NOUN
atho	VERB
athu	VERB
athu	CCONJ
athuai	ADJ
at-huai	VERB
ât-huai	VERB
athuhriattirte	NOUN
athui	ADJ
athuin	ADJ
atih	ADJ
aṭih	ADJ
atihchhiatna	NOUN
atihlum	NOUN
atihsualnaah	ADJ
atinghet	VERB
atir	VERB
atîr	ADJ
atira	ADJ
atîra	ADJ
atirah	ADJ
atirin	ADJ
atîrin	ADJ
atithianghlim	VERB
atla	VERB
atlaktir	VERB
atlan	VERB
atlang	ADJ
atlangaupui	VERB
atlangvâl	ADJ
atlanna	ADJ
atlarin	ADJ
atlemte	ADJ
atna	NOUN
âtna	NOUN
atnaah	NOUN
âtnaah	NOUN
atphah	VERB
atthlak	VERB
atthlak	ADJ
atthlâk	ADJ
âtthlak	ADJ
âtthlâk	VERB
âtthlâk	ADJ
atthlaka	ADJ
âtthlakin	ADJ
atthlakzia	ADJ
âtthlâkzia	ADJ
attu	NOUN
âttu	NOUN
attuin	NOUN
atuam	VERB
atuamah	VERB
atuite	NOUN
atuk	NOUN
atûk	NOUN
atuka	NOUN
atukah	NOUN
atûkah	NOUN
atul	ADJ
atumna	NOUN
atzia	NOUN
atzia	ADJ
âtzia	NOUN
âtzia	ADJ
au	VERB
àu	VERB
âu	VERB
auchhuah	VERB
auchhuahna	NOUN
auchhuahpui	VERB
auchhuak	VERB
auchuak	VERB
august	NOUN
auh	VERB
auhin	VERB
auhla	NOUN
auhmun	NOUN
auhna	NOUN
auhsak	VERB
auhsawh	VERB
auhvin	VERB
auin	VERB
aukhawk	VERB
auna	NOUN
aunaupa	NOUN
aunaute	NOUN
aupui	NOUN
âupui	VERB
aupuiin	ADJ
aurawl	ADJ
aurinkhâwl	NOUN
aurinna	NOUN
aurualna	NOUN
authawm	NOUN
authâwm	NOUN
autir	VERB
avai	ADJ
avaiin	ADJ
avang	CCONJ
avâng	CCONJ
avanga	CCONJ
avànga	CCONJ
avânga	CCONJ
avangin	CCONJ
avângin	CCONJ
avangina	CCONJ
avângina	CCONJ
avangte	CCONJ
avângte	CCONJ
avangtea	CCONJ
avangtein	CCONJ
avângtein	CCONJ
avangten	CCONJ
avantlangho	ADJ
aveltu	NOUN
aw	NOUN
aw	VERB
aw	INTJ
aw	PART
âw	NOUN
âw	VERB
âw	PART
aw-ban	VERB
aw-beu	VERB
aw-bum	VERB
awchhang	ADJ
aw-fiak	ADJ
awh	NOUN
awh	VERB
awhawm	ADJ
awh-awm	VERB
awh-fak	ADJ
awh-fâk	ADJ
awh-fakawm	ADJ
awh-fâkawm	ADJ
awhhlum	VERB
awhhlumna	NOUN
awhhlumnaah	NOUN
awhhlumtir	VERB
awhna	NOUN
awhsan	VERB
awhthik	VERB
awhthîk	VERB
awhtir	VERB
awhtîr	VERB
awhtu	NOUN
awi	VERB
awi	INTJ
âwi	VERB
awiawm	ADJ
awih	VERB
awih	ADJ
âwih	VERB
âwih	ADJ
awih!	INTJ
awiha	VERB
âwiha	VERB
awihawm	ADJ
awih-awm	ADJ
âwihawm	ADJ
âwih-awm	ADJ
awihawmna	NOUN
awih-bakba-hai	ADJ
âwih-bakba-hâi	ADJ
awihin	ADJ
âwihin	ADJ
awihkai	NOUN
âwihkai	NOUN
âwihlo	VERB
âwihlohna	NOUN
awihlote	NOUN
awihna	NOUN
âwihna	NOUN
awihpang	NOUN
âwihpangte	NOUN
awihpui	VERB
âwihpui	VERB
awihsak	VERB
âwihsak	VERB
awihte	ADJ
awihthut	VERB
awihtir	VERB
âwihtîr	VERB
awihtirna	NOUN
awihtlan	VERB
awihtlan	ADJ
awihtlán	ADJ
awihtlân	VERB
âwihtlan	ADJ
âwihtlán	ADJ
âwihtlân	VERB
awihtu	NOUN
âwihtu	NOUN
awihtute	NOUN
âwihtute	NOUN
awihzia	ADJ
âwihzia	ADJ
awiin	VERB
awilo	VERB
awin	NOUN
âwin	NOUN
awi-ngek	NOUN
awi-ngék	NOUN
âwi-ngek	NOUN
âwi-ngék	NOUN
awk	NOUN
awk	VERB
awk	ADV
âwk	NOUN
âwk	VERB
awka	NOUN
aw-ka	NOUN
âwka	NOUN
âw-ka	NOUN
âwkâ	NOUN
awkaa	NOUN
awkâa	NOUN
awkhlum	VERB
âwkhlum	VERB
awkhrawl	ADJ
âwkhrâwl	ADJ
awki	NOUN
awkin	NOUN
âwkin	NOUN
awklem	NOUN
awk-lem	NOUN
âwk-lem	NOUN
awkna	NOUN
awkpa-ka	NOUN
âwkpa-kâ	NOUN
awksaral	ADJ
âwksarâl	ADJ
âwksarala	NOUN
âwksarâla	NOUN
awkte	NOUN
awl	VERB
awl	ADJ
áwl	VERB
àwl	VERB
awlah	ADJ
awlai	ADJ
awl-ai	ADJ
awl-ai-tak	ADJ
aw-lakna	NOUN
aw-lâkna	NOUN
aw-lan	NOUN
aw-lawi	ADJ
aw-làwi	ADJ
awle	NOUN
awle	INTJ
awlé	NOUN
awlepui	NOUN
âwlin	ADJ
awllen	VERB
awllên	VERB
awlleng	VERB
awllèng	VERB
áwlleng	VERB
áwllèng	VERB
awlrawt	NOUN
awlruk	VERB
awlsam	VERB
awlsam	ADJ
awlsamin	ADJ
awlsamna	NOUN
awlsamnaah	NOUN
awlsamte	ADJ
awlte	ADJ
awlthawn	VERB
awlthàwn	VERB
âwlthawn	VERB
âwlthàwn	VERB
awlthawng	VERB
awlthawng	ADJ
awlthàwng	VERB
âwlthawng	VERB
âwlthàwng	VERB
awltir	VERB
awltîr	VERB
awlzawk	ADJ
awm	NOUN
awm	VERB
awm	ADV
áwm	VERB
àwm	VERB
àwm	ADV
âwm	NOUN
âwm	VERB
awma	ADJ
âwma	ADJ
awmah	ADJ
âwmah	ADJ
awmahte	ADJ
awm-a-nei	NOUN
awmate	ADJ
awmâwlin	ADJ
awm-baw	VERB
awm-bâw	VERB
awmbawm	NOUN
awmbâwr	ADJ
awmbel	ADJ
âwmbel	ADJ
awmbela	NOUN
âwmbela	NOUN
awmbelah	ADJ
âwmbelah	ADJ
awmbo	VERB
awm-bo	VERB
awmchawp	VERB
awmchhun	ADJ
awmchhuna	ADJ
awmchhûng	ADJ
awmchhunga	ADJ
awmchhunte	ADJ
awmchilh	ADJ
awm-chilh	VERB
awmdan	ADJ
awm-dan	NOUN
awmdân	ADJ
awm-dân	NOUN
âwmdân	ADJ
awmdanah	ADJ
awmdante	ADJ
awmdânte	ADJ
awmdarh	ADJ
awm-do	NOUN
awm-do	VERB
awm-duai	VERB
awmdun	ADJ
awm-dung	NOUN
awm-dûng	NOUN
awm-ei	NOUN
âwm-ei	NOUN
awm-eng	NOUN
awm-êng	NOUN
awm-eu	VERB
awmfi-ruh	NOUN
âwmfi-ruh	NOUN
awm-fual	NOUN
awm-gne	ADJ
awm-gnê	ADJ
awm-he	VERB
awm-hè	VERB
awm-herh	ADJ
awm-hle-hle	VERB
awm-hlê-hlê	VERB
awmhlei	ADJ
awmhleina	NOUN
awmhlen	ADJ
awmhmun	NOUN
awm-hmun	NOUN
awmhmuna	NOUN
awmhmunah	ADJ
awmhmunte	NOUN
awm-hniang	ADJ
awm-hnun	NOUN
awmho	ADJ
awmhote	NOUN
awmhoten	NOUN
awmhotîr	VERB
awm-hpa	NOUN
awmhran	VERB
awmhrang	VERB
awm-hryau	NOUN
awm-hunchhung	NOUN
awm-hunchhûng	NOUN
awmin	CCONJ
âwmin	CCONJ
awmina	CCONJ
awmkhauh	ADJ
awm-khauh	ADJ
âwmkhauh	ADJ
âwm-khauh	ADJ
awmkhauhah	ADJ
awmkhauhna	NOUN
âwmkhauhna	NOUN
awmkhawhar	ADJ
awmkhawlo	VERB
awmkhawm	VERB
awmkhâwm	VERB
awmkhawmho	NOUN
awmkhawmhote	NOUN
awmkhawmna	NOUN
awmkhâwmna	NOUN
awmkhawmte	NOUN
awmkhawmtir	VERB
awm-krawh	NOUN
âwm-krawh	NOUN
awmlai	NOUN
awmlâi	NOUN
awmlaia	NOUN
awm-lai-leng	NOUN
awm-lai-lêng	NOUN
awm-lài-leng	NOUN
awm-lài-lêng	NOUN
awmleh	NOUN
awm-lei	NOUN
awm-lian	ADJ
awmlo	NOUN
awm-lo	ADJ
âwmlo	NOUN
awmloh	NOUN
awmlohna	NOUN
awmlohnaah	NOUN
awmlote	NOUN
âwmman	NOUN
awm-mar	VERB
awm-mâr	VERB
awmmawh	VERB
awmmawh	ADJ
awm-mawh	ADJ
awm-mei	NOUN
awm-mun	NOUN
awmna	NOUN
awm-na	NOUN
âwmnâ	NOUN
awmnaa	NOUN
awmnaah	ADJ
awmnaahte	ADJ
awmnana	ADJ
awmnate	NOUN
awmnem	ADJ
awm-nem	ADJ
awmnêm	ADJ
âwmnem	ADJ
âwmnêm	ADJ
awm-ngai	VERB
awm-nge	ADJ
awm-ngê	ADJ
awm-ngil	NOUN
awm-ni	NOUN
awm-ni-kham	VERB
awm-ni-khâm	VERB
awm-no	ADJ
awm-pa	NOUN
awmpawlh	VERB
awmpawlhho	NOUN
awmpawng	NOUN
awm-pawng	NOUN
awm-pâwng	NOUN
àwmpàwng	NOUN
awm-pe	ADJ
awm-pê	ADJ
awmphaw	NOUN
awm-phaw	NOUN
awmphàw	NOUN
âwmphaw	NOUN
âwmphàw	NOUN
âwmphâw	NOUN
awmphawte	NOUN
awmpui	NOUN
awmpui	VERB
awm-pui	VERB
awmpuia	NOUN
awmpuiin	NOUN
awmpuina	NOUN
awmpuite	NOUN
awmpuitu	NOUN
awm-ren-rawn	ADJ
awm-ren-râwn	ADJ
awm-rên-rawn	ADJ
awm-rên-râwn	ADJ
awm-rep	VERB
awm-rèp	VERB
awm-rer-rawr	ADJ
awm-rer-râwr	ADJ
awm-rêr-rawr	ADJ
awm-rêr-râwr	ADJ
awmruh	NOUN
awm-run	VERB
awm-rûn	VERB
awmsa	NOUN
awmsaa	NOUN
awmsaah	ADJ
awmsak	VERB
awmsaktu	NOUN
awmsan	VERB
awmsâte	NOUN
awm-sawm	VERB
awm-sâwm	VERB
awm-se	NOUN
awm-sual	VERB
awmtawt	NOUN
âwmtâwt	NOUN
awmte	NOUN
awm-te	NOUN
awm-tê	NOUN
awmtha	VERB
awm-tha-hle-hle	VERB
awmtheihna	NOUN
awm-thim	NOUN
awm-thle	VERB
awmtir	VERB
awmtîr	VERB
awmtira	VERB
awmtirh	ADJ
awmtirin	VERB
awmtîrin	VERB
awmtirna	NOUN
awmtîrna	NOUN
awmtîrnaah	NOUN
awmtirte	NOUN
awmtirtu	NOUN
awmtîrtu	NOUN
awmtîrtuin	NOUN
awm-tlei	VERB
awmtleitu	NOUN
awmtu	NOUN
awm-tui	VERB
awm-tui-la	VERB
awmtûr	NOUN
awmvel	NOUN
awmvêl	NOUN
âwmvel	NOUN
âwmvêl	NOUN
awmzât	ADJ
awm-ze	NOUN
awm-zê	NOUN
awmzel	ADJ
awm-zen	NOUN
awmzia	NOUN
awmzia	ADJ
awm-zia	NOUN
awmziate	ADJ
awmzui	ADJ
awn	VERB
awn	ADJ
àwn	VERB
âwn	VERB
âwn	ADJ
āwn	VERB
awn-chek	VERB
awn-chêk	VERB
awn-dawh	NOUN
awng	NOUN
awng	VERB
awng	ADJ
âwng	ADJ
awnga	ADJ
awngah	ADJ
âwngah	ADJ
awngai	ADJ
awngaia	ADJ
aw-ngek	NOUN
aw-ngêk	NOUN
awngin	ADJ
awngkawr	NOUN
awngphah	NOUN
âwngphah	NOUN
awngphaha	NOUN
awngpuar	NOUN
awngrawp	ADJ
awngte	ADJ
awngten	ADJ
awngtir	ADJ
awnlam	ADJ
awnna	NOUN
awn-pui	NOUN
âwntu	NOUN
awp	VERB
awpahte	NOUN
awpbeh	VERB
awpbehna	NOUN
awpbet	VERB
awpbeta	ADJ
awpbettu	NOUN
awpbettute	NOUN
awphawi	NOUN
awphawi	ADJ
awphàwi	NOUN
awphâwiah	ADJ
awpin	VERB
awp-keu	VERB
awp-kêu	VERB
awpkeuna	NOUN
awplai	ADJ
awpna	NOUN
awpte	NOUN
awptir	VERB
awptîrtu	NOUN
awptu	NOUN
awptua	NOUN
awptuah	ADJ
awptûah	ADJ
awptuin	NOUN
awptute	NOUN
awptuten	NOUN
awr	NOUN
awr	VERB
awrawl	NOUN
awráwl	NOUN
awrâwl	NOUN
awrawlte	NOUN
awrfual	NOUN
awrh	VERB
awrh	ADV
âwrh	VERB
âwrh	ADV
awrhin	ADJ
awrhna	NOUN
awrhtir	VERB
awrhtîr	VERB
awrhtirin	ADJ
awrhtîrin	ADJ
awrî	NOUN
awrpuar	NOUN
awrrang	NOUN
awrrâng	NOUN
awr-zawl	NOUN
awr-zâwl	NOUN
awt	NOUN
awt	VERB
âwt	NOUN
awta	ADJ
awte	NOUN
âwte	NOUN
awthar	NOUN
awtial	NOUN
awtin	ADJ
awzawng	INTJ
awzâwng	INTJ
awze	ADJ
awzia	NOUN
awzia	ADJ
a-za	NOUN
a-zâ	NOUN
azain	ADV
azawng	ADJ
azâwng	ADJ
azawnga	ADJ
azawngah	ADJ
azir	ADJ
azira	ADJ
azirin	ADJ
azirna	NOUN
azirtirte	NOUN
azuah	VERB
ba	VERB
bă	NOUN
baal	NOUN
ba-antui	NOUN
ba-bai	NOUN
babel	NOUN
babêl	NOUN
babi	NOUN
babu	NOUN
babuh	NOUN
bachhia	NOUN
bachhīm	NOUN
badai	NOUN
badam	NOUN
badensuk	NOUN
badum	NOUN
baekngo	VERB
bah	VERB
bahakzauh	VERB
bahâkzauh	VERB
bahawp	NOUN
bahàwp	NOUN
bahdipui	NOUN
bahhnuk	NOUN
bahkhawr	NOUN
bahkhàwr	NOUN
bahlah	VERB
bahlah	ADJ
bahlahna	NOUN
bahlahpui	VERB
bahlahsan	VERB
bahlahtir	VERB
bahmun	NOUN
bahna	NOUN
bahnar	NOUN
bahnâr	NOUN
bahnate	NOUN
bahngalin	NOUN
bahpui	NOUN
bahra	NOUN
bahrabuh	NOUN
bahrahawp	NOUN
bahrahàwp	NOUN
bahrangul	NOUN
bahrangulzem	NOUN
bahrathlum	NOUN
bahsal	VERB
bahsam	NOUN
bahsamin	ADJ
bahtir	ADJ
bahtîr	ADJ
bahzar	NOUN
bahzàr	NOUN
bai	NOUN
bāi	VERB
baibahlang	VERB
baibâhlang	VERB
baibawk	NOUN
baibâwk	NOUN
baibing	NOUN
baibîng	NOUN
baibul	NOUN
baih-sarakah-mah	ADV
baihvai	ADJ
baihvâi	ADJ
baihvāi	NOUN
baiin	ADJ
bainam	ADJ
baithak	NOUN
bak	NOUN
bak	VERB
bak	ADJ
bâk	ADJ
bǎk	NOUN
bâka	ADJ
bakah	ADJ
bàkah	ADJ
bâkah	ADJ
bāka-leh-uai	VERB
bāka-leh-uài	VERB
bakang	NOUN
bakàng	NOUN
bakba	NOUN
bakbâ	NOUN
bakbahai	ADJ
bakbahâi	ADJ
bakbarep	NOUN
bakbarêp	NOUN
bakbuk	NOUN
bakbuka	NOUN
bakbur	NOUN
bakcheh	NOUN
bakchham	NOUN
bâkchham	NOUN
ba-khik	NOUN
bakhmul	NOUN
bakin	ADJ
bâkin	ADJ
bakkhate	NOUN
bakkhatê	NOUN
bakléngin	ADJ
baklêngin	ADJ
bakmeh	NOUN
bakmehcham	NOUN
bakmehchem	NOUN
bakmehna	NOUN
bakmehnain	NOUN
baksam	NOUN
baksamah	NOUN
baksen	ADJ
baktawngah	ADJ
bakte	NOUN
bâkte	NOUN
bal	VERB
bal	ADJ
bàl	ADJ
bāl	NOUN
balang	ADJ
balangin	ADJ
balh	ADJ
balhhlawh	NOUN
balhla	NOUN
balin	ADJ
balsak	VERB
balte	ADJ
baltin	NOUN
balṭina	NOUN
balțina	NOUN
bâlṭîna	NOUN
baltîr	VERB
balun	NOUN
balûn	NOUN
bam	NOUN
bâm	NOUN
ban	NOUN
ban	VERB
ban	ADJ
bàn	NOUN
bàn	VERB
bân	NOUN
bana	ADJ
bâna	ADJ
banah	ADJ
bânah	ADJ
banahte	ADJ
banbul	NOUN
ban-bul	NOUN
ban-bùl	NOUN
bân-bul	NOUN
bân-bùl	NOUN
banbun	NOUN
bânbun	NOUN
banbunte	NOUN
bânbunte	NOUN
banchaw	NOUN
bânchaw	NOUN
bane	NOUN
banê	NOUN
banek	NOUN
bang	NOUN
bang	VERB
bang	ADV
báng	NOUN
bàng	NOUN
bàng	ADV
bâng	NOUN
bâng	VERB
bāng	NOUN
banga	ADJ
bânga	ADJ
bangah	ADJ
bângah	ADJ
bangbo	VERB
bangbo	ADJ
bang-hlang	ADJ
banghmai	ADJ
bângho	ADJ
bânghote	NOUN
bânghoten	NOUN
bangin	ADJ
bangkil	ADJ
bangla	NOUN
banglai	NOUN
banglâi	NOUN
banglapui	NOUN
banglăwk	VERB
bânglăwk	VERB
bângnawi	NOUN
bângnâwi	NOUN
bangpêngah	ADJ
bangpêngahte	ADJ
bangpêngte	NOUN
bangrel	NOUN
bangrela	NOUN
bangrelte	NOUN
bangsâng	NOUN
bangsuar	NOUN
bangte	NOUN
bângte	NOUN
bângten	NOUN
bangtin	NOUN
bangtung	NOUN
bangzal	NOUN
bangzâl	NOUN
banhla	NOUN
banin	ADJ
bânin	ADJ
bankang	NOUN
bankàng	NOUN
bânkang	NOUN
bânkàng	NOUN
ban-ke	NOUN
banlek	NOUN
bànlek	NOUN
banna	NOUN
bânna	NOUN
bannate	NOUN
bânnate	NOUN
banpawl	NOUN
banpâwl	NOUN
banphak	ADJ
banpuam	NOUN
bânpuam	NOUN
banpui	NOUN
banrek	NOUN
banrêk	NOUN
banria	NOUN
bansak	VERB
bansan	VERB
bánsan	VERB
bànsan	VERB
bânsan	VERB
bansana	VERB
bânsana	NOUN
bansanin	NOUN
bânsanin	NOUN
bansanna	NOUN
bansantu	NOUN
bânsantu	NOUN
bânsantute	NOUN
bantawl	NOUN
bantâwl	NOUN
banṭawl	NOUN
banṭâwl	NOUN
bante	NOUN
bânte	NOUN
bantir	VERB
bantîr	VERB
bântîr	VERB
bantirna	NOUN
bantlum	NOUN
bantu	NOUN
banzai	NOUN
bânzai	NOUN
baptisa	NOUN
baptisin	VERB
baptismaa	NOUN
baptismaah	NOUN
baptismain	NOUN
baptismate	NOUN
baptisnaah	NOUN
bapui	NOUN
bar	VERB
bâr	VERB
bârah	ADJ
barakhaih	INTJ
ba-ra-khaih	VERB
bâ-ra-khaih	VERB
barakhaihin	INTJ
barakhaihtu	NOUN
baraw	NOUN
barfatek	NOUN
barfatêk	NOUN
bârfatek	NOUN
bârfatêk	NOUN
barh	VERB
barhluh	VERB
barhna	NOUN
bari	NOUN
barin	VERB
bârin	ADJ
barkahaih	INTJ
barluih	VERB
bartir	VERB
bartîr	VERB
bârtir	VERB
bârtîr	VERB
basaike	NOUN
basantal	NOUN
basen	NOUN
basialphei	NOUN
bat	NOUN
bat	VERB
bât	VERB
bâta	ADJ
batah	ADJ
bate	ADJ
bâte	NOUN
batelhawng	NOUN
batelhàwng	NOUN
bathing	NOUN
bathlar	NOUN
bathlàr	NOUN
bathlâr	NOUN
bathlara	NOUN
bathlarah	NOUN
bathlârah	ADJ
batling	NOUN
batlîng	NOUN
batna	NOUN
batnate	NOUN
bato	NOUN
baṭo	NOUN
batsak	VERB
batsaka	ADJ
batthlar	NOUN
battîrtu	NOUN
bâttu	NOUN
batu	NOUN
bauh	VERB
bavaralthi	NOUN
bavaralthî	NOUN
bavarâlthi	NOUN
bavarâlthî	NOUN
baw	NOUN
baw	VERB
bâw	NOUN
bawbawm	NOUN
bawbâwm	NOUN
bawh	VERB
bawhawk	ADJ
bawhawka	ADJ
bawhbel	NOUN
bawhbet	VERB
bawhbo	VERB
bawhbuai	VERB
bawhchhan	NOUN
bawhchhe	VERB
bawhchheho	NOUN
bawhchhepa	NOUN
bawhchhetu	NOUN
bawhchhetûah	ADJ
bawhchhetupa	NOUN
bawhchhetute	NOUN
bawhchhetuten	NOUN
bawhchhia	VERB
bawhchhiaa	ADJ
bawhchhiaah	VERB
bawhchhiah	VERB
bawhchhiain	VERB
bawhchhiat	VERB
bawhchhiata	ADJ
bawhchhiatah	ADJ
bawhchhiate	ADJ
bawhchhiaten	NOUN
bawhchhiatna	NOUN
bawhchhiatnaa	NOUN
bawhchhiatnaah	NOUN
bawhchhiatnain	NOUN
bawhchhiatnate	NOUN
bawhchhiatsak	VERB
bawhchhiatsaka	NOUN
bawhchhiatte	NOUN
bawhchhiattir	VERB
bawhchhiattîr	VERB
bawhchhiatzia	ADJ
bawhchiatna	NOUN
bawhchilh	VERB
bawhhla	NOUN
bawhin	VERB
bawhkan	VERB
bawhkhuh	VERB
bawhkhuhtîrtu	NOUN
bawhna	NOUN
bawhpawp	VERB
bawhpelh	VERB
bawhpelin	ADJ
bawhpui	VERB
bawhtah	NOUN
bawhtah	ADJ
bawhtir	VERB
bawhtîr	VERB
bawhtirtute	NOUN
bawhtu	NOUN
bawhtute	NOUN
bawhvah	VERB
bawhzui	VERB
bawhzuiin	ADJ
bawhzuina	NOUN
bawhzuisak	VERB
bawi	NOUN
bawi	VERB
bâwi	VERB
bawia	NOUN
bawiah	ADJ
bâwiah	ADJ
bawih	VERB
bawih	ADJ
bawih	ADV
bâwih	VERB
bâwih	ADJ
bâwih	ADV
bawiha	NOUN
bawiha	ADJ
bâwiha	ADJ
bawihah	ADJ
bâwihah	ADJ
bawihho	NOUN
bâwihho	NOUN
bawihi	NOUN
bawihin	ADJ
bâwihin	ADJ
bawihnihna	NOUN
bawihnu	ADJ
bâwihnu	ADJ
bâwihnû	ADJ
bawihnuahte	ADJ
bawihnute	ADJ
bâwihnute	ADJ
bawiho	NOUN
bawihpa	NOUN
bâwihpa	NOUN
bâwihpâ	NOUN
bawihpaa	NOUN
bawihpate	NOUN
bâwihpate	NOUN
bâwihpâte	NOUN
bawihpui	NOUN
bâwihpui	NOUN
bawihpuite	NOUN
bawihsawm	VERB
bâwihsâwm	VERB
bawihsawmin	VERB
bawihte	NOUN
bawihtê	NOUN
bâwihte	NOUN
bawihten	ADJ
bawihtu	VERB
bawin	ADJ
bawinu	NOUN
bawipa	NOUN
bawipaahte	NOUN
bawipui	NOUN
bawipuite	NOUN
bawite	NOUN
bawk	NOUN
bawk	VERB
bawk	ADJ
bawk	ADV
báwk	NOUN
bâwk	NOUN
bâwk	ADJ
bawka	ADJ
bâwka	ADJ
bawkah	ADJ
bâwkah	ADJ
bawkahte	ADJ
bâwkahte	ADJ
bawkbawn	NOUN
bawkbàwn	NOUN
bawkbawnthur	NOUN
bawkin	VERB
bawkina	NOUN
bawkkhup	VERB
bawkkhupa	NOUN
bawkkhupin	ADJ
bawkna	NOUN
bawknaah	NOUN
bawksawp	VERB
bawkte	NOUN
bawkté	NOUN
bâwkte	NOUN
bâwkté	NOUN
bâwktê	NOUN
bawktea	NOUN
bawkvak	VERB
bawkvâk	VERB
bawkvaka	VERB
bawkvâka	VERB
bawkvakin	VERB
bawkzui	NOUN
bawl	NOUN
bawl	VERB
báwl	VERB
bâwl	NOUN
bâwl	VERB
bawla	NOUN
bâwla	NOUN
bawlh	VERB
bawlhhlawh	NOUN
bawlhhlawh	ADJ
bawlhhlawhah	ADJ
bawlhhlawhdur	NOUN
bawlhhlawhdúr	NOUN
bawlhhlawhho	ADJ
bawlhhlawhin	ADJ
bawlhhlawhna	ADJ
bawlhhlawhnain	ADJ
bawlhhlawhnate	ADJ
bawlhhlawhpa	ADJ
bawlhhlawhte	NOUN
bawlhhlawhzia	ADJ
bawlhhlo	NOUN
bawlhlawh	NOUN
bawlhlawhah	ADJ
bawlhlawhna	NOUN
bawlhlawhnate	NOUN
bawlhlo	NOUN
bâwlhlo	NOUN
bawlhlova	NOUN
bawlhmun	NOUN
bawlhmuna	NOUN
bawlhmunahte	ADJ
bawlhmunte	NOUN
bawlhna	NOUN
bawlin	ADJ
bâwlin	ADJ
bawl-lo	VERB
bâwl-lo	VERB
bawlmual	NOUN
bàwlmual	NOUN
bawlna	NOUN
bâwlna	NOUN
bawlphuan	NOUN
bawlpu	NOUN
bawl-pu	NOUN
bâwl-pu	NOUN
bawlpui	NOUN
bawlpui	VERB
bàwlpui	NOUN
bâwlpui	VERB
bawlsak	VERB
bâwlsak	VERB
bâwlsaka	VERB
bâwlsakate	NOUN
bâwlsakin	NOUN
bâwlsaktu	NOUN
bawlsaktute	NOUN
bâwlsakzia	NOUN
bawlsan	NOUN
bâwlsan	NOUN
bawlsanin	ADJ
bawlte	ADJ
bawl-te	NOUN
bawl-tê	NOUN
bâwlte	ADJ
bâwl-te	NOUN
bâwl-tê	NOUN
bawltehlantai	NOUN
bawltehlantâi	NOUN
bawltehlàntai	NOUN
bawltehlàntâi	NOUN
bawltir	VERB
bâwltir	VERB
bâwltîr	VERB
bawltu	NOUN
bâwltu	NOUN
bawltuteho	NOUN
bawlvawm	NOUN
bawlvawtuin	NOUN
bawlvuak	VERB
bawm	NOUN
bawm	ADJ
bawm	ADV
báwm	NOUN
bâwm	NOUN
bâwm	ADJ
bâwm	ADV
bawma	NOUN
báwma	NOUN
bâwma	NOUN
bawmah	ADJ
báwmah	ADJ
bâwmah	ADJ
bawmahte	NOUN
bâwmahte	NOUN
bawmdo	NOUN
bàwmdo	NOUN
bawmin	NOUN
bâwmin	ADJ
bawmna	NOUN
bawmphurinu	NOUN
bâwmphurinu	NOUN
bawmpui	NOUN
bawmrang	NOUN
bawmrâng	NOUN
bâwmrâng	NOUN
bâwmrangah	ADJ
bawmte	NOUN
bâwmte	NOUN
bawn	ADJ
bawng	NOUN
bawng	ADJ
bâwng	NOUN
bawng-an	NOUN
bâwng-an	NOUN
bawngbawr	ADJ
bawngbawrin	ADJ
bawngchal	NOUN
bâwngchal	NOUN
bawngchalte	NOUN
bawngek	NOUN
bawng-ek-an	NOUN
bawng-êk-an	NOUN
bâwng-ek-an	NOUN
bâwng-êk-an	NOUN
bawng-ek-lir	NOUN
bawng-ek-lîr	NOUN
bawng-êk-lir	NOUN
bawng-êk-lîr	NOUN
bâwng-ek-lir	NOUN
bâwng-ek-lîr	NOUN
bâwng-êk-lir	NOUN
bâwng-êk-lîr	NOUN
bawnghar	NOUN
bâwnghâr	NOUN
bawnghnute	NOUN
bâwnghnute	NOUN
bawnghnutea	ADJ
bawnghnuteah	ADJ
bawnghnutehmur	NOUN
bawnghnutein	NOUN
bawngin	NOUN
bawngla	NOUN
bâwngla	NOUN
bâwnglâ	NOUN
bawngno	NOUN
bâwngno	NOUN
bawngnote	NOUN
bâwngnote	NOUN
bâwngnotê	NOUN
bawngnu	NOUN
bawngpa	NOUN
bâwngpa	NOUN
bawngpaa	NOUN
bawngpain	NOUN
bâwngpain	NOUN
bawngpate	NOUN
bâwngpate	NOUN
bâwngpaten	NOUN
bawngpatir	NOUN
bâwngpatir	NOUN
bawngpatuai	NOUN
bâwngpatuai	NOUN
bawngpu	NOUN
bawngpui	NOUN
bâwngpui	NOUN
bawngpuiin	NOUN
bâwngpuiin	NOUN
bawngpuite	NOUN
bâwngpuite	NOUN
bâwngpuiten	NOUN
bâwngrual	NOUN
bawngsa	NOUN
bâwngsa	NOUN
bawngsarep	NOUN
bawngte	NOUN
bâwngte	NOUN
bawngtuai	NOUN
bawngtuthlawh	NOUN
bawngtuthlawh	VERB
bâwngtuthlawh	NOUN
bâwngtuthlawh	VERB
bawp	NOUN
bawp	ADJ
bâwp	NOUN
bawpkau	VERB
bawpkâu	VERB
bawp-kham	VERB
bâwp-kham	VERB
bawplawk	NOUN
bawplawk	ADJ
bawp-lawk	NOUN
bâwp-lâwk	NOUN
bawplawka	ADJ
bawppui	NOUN
bawp-pui	NOUN
bâwp-pui	NOUN
bawr	NOUN
bawr	VERB
bawr	ADJ
báwr	NOUN
bàwr	VERB
bâwr	ADJ
bâwra	ADJ
bawrah	ADJ
bâwrah	ADJ
bawrai	NOUN
bawraw	ADJ
baw-raw	ADJ
bâwrâwna	ADJ
bawrchhawr	ADJ
bawrh	NOUN
bawrh	VERB
bawrha	ADJ
bawrhban	ADJ
bawrhbang	ADJ
bawrhbâng	ADJ
bawrhbângin	ADJ
bawrhbannain	NOUN
bawrhin	ADJ
bawrhkeu	VERB
bawrhna	ADJ
bâwrho	ADJ
bawrhsaia	NOUN
bawrhsaiabe	NOUN
bawrhsap	NOUN
bawrhsapin	ADJ
bawrhsapte	NOUN
bawrhsapten	ADJ
bawrhsawm	ADJ
bawrhsâwm	ADJ
bawrhsawmna	NOUN
bawrhsawmte	ADJ
bawrhsâwmte	ADJ
bâwrin	ADJ
bawrkhawm	ADJ
bawrlawk	NOUN
bawrna	NOUN
bawrte	ADJ
bâwrte	ADJ
bawrtu	NOUN
bawtu	NOUN
baza	NOUN
bazar	NOUN
bazara	ADJ
bazarah	ADJ
bazarpui	NOUN
be	NOUN
be	VERB
bé	VERB
bê	NOUN
bê	VERB
beai	NOUN
be-chhe	VERB
be-chhia	VERB
be-chhuah	VERB
bed-sheet	NOUN
beh	VERB
beh	ADJ
behbawm	ADJ
behbâwm	ADJ
behbawmtu	NOUN
behchhan	VERB
behchhana	ADJ
behchhanin	ADJ
behchhanna	NOUN
behin	VERB
behlawi	NOUN
behliang	NOUN
be-hliang	ADJ
behliangmun	NOUN
be-hliang-rawk	ADJ
be-hlui	VERB
behna	NOUN
beho	ADJ
behote	ADJ
behrem	NOUN
be-hru	VERB
behsak	VERB
behte	NOUN
behtir	VERB
behtîr	VERB
behtîrin	ADJ
beicho	VERB
beidawn	ADJ
be-idawn	VERB
beidawng	ADJ
beidâwng	ADJ
beidawnga	NOUN
beidawngin	ADJ
beidawngte	NOUN
beidawngthlak	ADJ
beidawnna	NOUN
beidawnnain	NOUN
beidawnthlak	ADJ
beidawnthlâk	ADJ
beidawntir	VERB
beih	VERB
beiha	ADJ
beihin	ADJ
beihlet	VERB
beihlêt	VERB
beihletna	ADJ
beihna	NOUN
beihnaa	NOUN
beihnaah	ADJ
beiho	ADJ
beihpui	VERB
beihpuiah	ADJ
beihpuitu	NOUN
beihrawn	VERB
beihrual	VERB
beihsak	VERB
beihte	NOUN
beihtîr	VERB
beihzui	VERB
beiin	VERB
beilet	VERB
beileta	VERB
beilettu	NOUN
beina	NOUN
beinaa	NOUN
beipui	ADJ
beisak	VERB
beisei	ADJ
be-isei	VERB
beiseiawm	ADJ
beiseiawmna	NOUN
beiseibo	ADJ
beiseiin	ADJ
beiseina	NOUN
be-iseina	NOUN
beiseinaa	NOUN
beiseinain	ADJ
beiseipui	ADJ
beiseisakna	NOUN
beiseite	ADJ
beiseitir	VERB
beiseitu	NOUN
beiseitûr	ADJ
beiseitute	NOUN
beitham	ADJ
beithamin	ADJ
beithei	ADJ
beithiam	ADJ
beitir	VERB
beitu	NOUN
beituho	NOUN
beituin	NOUN
beitute	NOUN
beituten	NOUN
be-ka	NOUN
bekah	ADJ
bekang	NOUN
bek-ang	NOUN
bekbawr	ADJ
bekbawrah	ADJ
bek-bor	NOUN
bek-chek	VERB
bêk-chêk	VERB
beksam	NOUN
bel	NOUN
bel	VERB
bêl	NOUN
bêla	ADJ
belah	ADJ
bêlah	ADJ
belahte	ADJ
bel-bawm	VERB
bel-bul	NOUN
belbultu	NOUN
bêlchhûnga	ADJ
belchiang	VERB
belchiangin	ADJ
bêldar	NOUN
belebut	ADJ
belh	VERB
belha	ADJ
belhbawm	VERB
belhbâwm	VERB
belhbawmin	ADJ
belhbawmtu	NOUN
belhchah	VERB
belhchahin	ADJ
belhchhah	VERB
belh-chhah	VERB
belhchhahin	ADJ
belhchhahna	NOUN
belhchhahsak	VERB
belhchhahtu	NOUN
belhchian	VERB
belhchiandawl	ADJ
belhfak	ADJ
belhfakawm	ADJ
belhfâkawm	ADJ
belh-hlawm	VERB
belhin	ADJ
belhkhawm	VERB
belhkhâwm	VERB
belhkhawma	ADJ
belhkhawmin	ADJ
belhna	ADJ
belhnaah	ADJ
belhpui	ADJ
belhte	ADJ
belhtir	VERB
belhtlak	ADJ
belhtu	NOUN
belin	VERB
bêlin	VERB
belkaite	NOUN
belkang	NOUN
bel-kang	NOUN
bel-kàng	NOUN
belkâng	NOUN
bêlkeh	NOUN
belkhat	ADJ
bel-lam	NOUN
bellei	ADJ
bel-lei	NOUN
belleia	NOUN
belleiah	NOUN
bel-lubawk	NOUN
bel-lubâwk	NOUN
belmang	NOUN
bel-mang	NOUN
belmawi	ADJ
belna	NOUN
bel-na	NOUN
belnaa	NOUN
belpa	NOUN
belphuar	NOUN
bel-phuar	NOUN
belpui	NOUN
bel-pui	NOUN
bêlpui	NOUN
bēlpui	NOUN
bêlpuiah	ADJ
belpuithu	NOUN
bel-rawh	NOUN
belrem	NOUN
bel-ri	NOUN
belruat	ADJ
belte	NOUN
bel-te	NOUN
bêlte	NOUN
belthei	NOUN
belthleng	NOUN
bel-tla-lawk	NOUN
beltu	NOUN
bêltu	NOUN
bêltung	NOUN
beltur	NOUN
beltûr	NOUN
bêltute	NOUN
belval	NOUN
bel-val	NOUN
belvâl	NOUN
belvar	NOUN
belvâr	NOUN
bēlvawn	ADJ
belvawtu	NOUN
bêlvawtu	NOUN
bêlvâwtu	NOUN
bēlvawtu	NOUN
bêlvawtuin	ADJ
bem	NOUN
bem	VERB
bem	ADJ
bém	ADJ
bèm	NOUN
bêm	VERB
bemkawng	NOUN
bemkâwng	NOUN
bèmkawng	NOUN
bèmkâwng	NOUN
bem-va	VERB
bem-vâ	VERB
ben	VERB
ben	X
beṇ	VERB
bên	VERB
ben-bul	VERB
ben-bûl	VERB
ben-chawrh	VERB
ben-chawrh-na	NOUN
beng	NOUN
beng	VERB
bèng	VERB
bêng	NOUN
bêng	VERB
benga	VERB
bênga	VERB
bengah	ADJ
bengahte	ADJ
bengali	NOUN
bengbeh	NOUN
beng-beh	NOUN
bengbehte	NOUN
bengbel	VERB
bengbél	VERB
bèngbel	VERB
bèngbél	VERB
bêngbel	VERB
bengbelin	ADJ
beng-ber	NOUN
beng-bêr	NOUN
bēngberek	VERB
bengbuhdēng	NOUN
bengbung	NOUN
beng-bung	ADJ
bengchah	NOUN
beng-chhak	NOUN
beng-chhe	ADJ
bengchhen	VERB
bengchheng	VERB
beng-chheng	NOUN
bengchhengah	ADJ
bengchhengte	NOUN
bengchhenna	NOUN
bengchhet	ADJ
bengchhêt	ADJ
bengchhetaka	ADJ
bengchhette	ADJ
bengchhi	VERB
bengchhîin	ADJ
bengdai	VERB
bengdar	NOUN
bengdâr	NOUN
bengdawh	VERB
bengdawi	VERB
bengdâwi	VERB
bengek	NOUN
bengêk	NOUN
benghlai	ADJ
benghna	NOUN
benghriat	NOUN
benghriat	ADJ
benghriata	ADJ
benghriatah	ADJ
benghrui	NOUN
benghup	VERB
bengin	ADJ
bêngin	ADJ
bengkaw	NOUN
bengkawlh	ADJ
bengkawm	NOUN
bengkawr	NOUN
bengkhawm	NOUN
bengkhawn	NOUN
bengkhawn	VERB
bengkhawnna	NOUN
bengkhawntu	NOUN
bengkhawrh	NOUN
bengkherh	NOUN
bengkherh	ADJ
bengkir	VERB
bengkiu	VERB
bengkua	NOUN
bengkuru	NOUN
benglam	ADJ
bengling	NOUN
benglut	ADJ
benglût	ADJ
bengmuk	VERB
bengmuk	ADJ
bengnei	ADJ
bengngawng	ADJ
bengngawngah	ADJ
bengngawngin	ADJ
bengngawngte	ADJ
bengngawngten	ADJ
be-ngo	NOUN
bengparh	ADJ
bengte	ADJ
bengthêm	ADJ
beng-thlep	VERB
bengtivar	ADJ
bengtla	ADJ
bengtlalo	ADJ
bengtu	NOUN
bêngtu	NOUN
bengvar	VERB
bengvar	ADJ
bengvâr	ADJ
bengvarna	NOUN
bengvârna	NOUN
bengvarte	NOUN
bengvarthlak	ADJ
bengvarthlâk	ADJ
bengvarthlakin	ADJ
bengverh	ADJ
bengzatna	NOUN
bengzawn	NOUN
bengzáwn	NOUN
bengzeh	VERB
ben-harh	VERB
ben-hlup	VERB
ben-kawp	VERB
ben-kâwp	VERB
ben-mawh	ADJ
benpu	NOUN
ben-ri	NOUN
benrik	ADJ
bensak	VERB
benthek	NOUN
ben-thluk	VERB
ben-thlûk	VERB
ben-tlawn	VERB
ben-tlâwn	VERB
benvawn	NOUN
benvawn	ADJ
bepawp	VERB
bepawptu	NOUN
bepui	NOUN
ber	VERB
ber	ADV
berah	ADJ
berahte	ADJ
beram	NOUN
beràm	NOUN
berâm	NOUN
berâmchal	NOUN
beramho	NOUN
berâmho	NOUN
berâmhote	NOUN
beramin	NOUN
berâmin	NOUN
beramlâ	NOUN
berâmla	NOUN
berâmnote	NOUN
berampa	NOUN
berâmpa	NOUN
berampaa	NOUN
berampaah	ADJ
berâmpaah	ADJ
berampate	ADJ
berâmpate	ADJ
berâmpâte	ADJ
berampu	NOUN
beràmpu	NOUN
berâmpuho	NOUN
berampui	NOUN
berâmpui	NOUN
berâmpuin	ADJ
berâmpûin	ADJ
berâmpuite	NOUN
berampute	NOUN
berâmpute	NOUN
berâmputen	NOUN
berâmruala	NOUN
beramte	NOUN
berâmte	NOUN
beramten	NOUN
berâmten	NOUN
beraw	NOUN
berawchal	NOUN
berawin	ADJ
berawn	VERB
berâwn	VERB
berawna	ADJ
berawnin	VERB
berawtlangah	NOUN
berh	VERB
berhbu	NOUN
berhbû	NOUN
berhbua	NOUN
berhbute	NOUN
berin	ADJ
berna	NOUN
berten	ADJ
bertu	ADJ
berul	NOUN
berûl	NOUN
bet	VERB
betah	ADJ
bete	NOUN
betê	NOUN
bethel	NOUN
bethelah	ADJ
betin	ADJ
bettu	NOUN
bettute	NOUN
betu	NOUN
betupa	NOUN
bia	VERB
biaa	VERB
biah	NOUN
biahthu	NOUN
biak	VERB
biak/be	VERB
biakbuk	NOUN
biak-buk	NOUN
biakbûk	NOUN
biak-bûk	NOUN
biakbuka	ADJ
biakbûka	ADJ
biakbukah	ADJ
biakbûkah	ADJ
biakbum	VERB
biakchhawhchhi	VERB
biakhlatna	NOUN
biakhlatnain	NOUN
biakho	NOUN
biakin	NOUN
biakinah	ADJ
biakkiman	ADJ
biakna	NOUN
biaknaa	ADJ
biaknaah	ADJ
biakpawh	VERB
biakpawhna	NOUN
biakpui	VERB
biakpuite	NOUN
biakrâwn	VERB
biakrawnna	NOUN
biakrâwnsak	VERB
biakrawnte	NOUN
biaksak	VERB
biaktlakloh	ADJ
biaktlawn	VERB
biakzia	ADJ
biakzinte	NOUN
bial	NOUN
bial	ADJ
biala	ADJ
bialah	ADJ
bialkha	NOUN
bialnu	NOUN
bialnuin	NOUN
bialnute	NOUN
bialpa	NOUN
bialpate	NOUN
bialte	NOUN
bialtu	NOUN
biang	NOUN
bianga	ADJ
biangah	ADJ
biangbiak	VERB
biangsum	NOUN
biangte	NOUN
biangten	NOUN
bibo	VERB
bibul	NOUN
bih	VERB
bihchian	VERB
bihchiang	VERB
bihchianna	NOUN
bihin	ADJ
bihna	NOUN
bihru	VERB
bihrù	VERB
bihruk	VERB
bihrûk	VERB
bihrukna	NOUN
bihrûkna	NOUN
bihrûknaa	NOUN
bihrûknaah	NOUN
bihruksan	VERB
bihrûksan	VERB
bihruksana	ADJ
bihruktir	VERB
bihthla	VERB
bihthlakna	NOUN
bîin	ADJ
bik	ADV
bîk	ADV
bika	ADJ
bîka	ADJ
bikah	ADJ
bîkah	ADJ
bikan	ADJ
bikana	ADJ
bikim	ADJ
bikima	ADJ
bikimin	ADJ
bikin	ADJ
bîkin	ADJ
biklo	ADJ
bikna	ADJ
bîkna	ADJ
bîknaah	ADJ
bikte	ADJ
bîkte	ADJ
biktu	NOUN
bikzia	ADJ
bîkzia	ADJ
bil	NOUN
bil	ADJ
bil	ADV
bila	ADJ
bilah	ADJ
bilh	VERB
bilhbawlawk	VERB
bilhbawlawk	ADJ
bilhbawlâwk	VERB
bilhpuan	NOUN
biling	ADJ
bilkhawthlirah	ADJ
billion	ADJ
bin	NOUN
bin	VERB
binawk	VERB
bing	NOUN
bing	VERB
bing	ADJ
bîng	VERB
bīng	NOUN
bingah	ADJ
bingbawlawl	ADJ
bingbilet	VERB
bingbilet	ADJ
bîngbilet	VERB
bingbiletin	ADJ
bingin	ADJ
bingna	NOUN
bingsângte	ADJ
bingsil	NOUN
bíngsil	NOUN
bīngsil	NOUN
bīngte	NOUN
bīngté	NOUN
binthluk	VERB
binthlûk	VERB
bir	VERB
bir	ADJ
birb	VERB
birh	VERB
biru	VERB
birû	VERB
birûa	ADJ
biruah	ADJ
birûah	ADJ
biruchūk	NOUN
biruin	ADJ
biruk	VERB
birukna	NOUN
birûte	ADJ
biskut	NOUN
bit	ADJ
bîte	ADJ
bithliah	VERB
bithliahin	VERB
bithliahna	NOUN
bitiam	VERB
bitna	NOUN
bituk	VERB
bitukah	ADJ
bitukna	NOUN
bitum	VERB
bitumate	NOUN
bitumin	VERB
bitumte	NOUN
bopil	ADJ
bopui	VERB
bopuiin	ADJ
bopuina	NOUN
boral	VERB
borala	NOUN
boralin	ADJ
boralna	NOUN
boralnaa	NOUN
boralnaah	NOUN
boralnain	ADJ
boralsan	VERB
boralsantu	NOUN
boralte	NOUN
boruak	NOUN
boruaka	ADJ
boruakah	ADJ
boruakahte	ADJ
boruakalhthei	NOUN
boruakin	ADJ
bosan	VERB
bosanin	ADJ
bosantute	NOUN
bote	NOUN
botir	VERB
botîr	VERB
botîra	ADJ
botirtu	NOUN
botuten	ADJ
bova	NOUN
bovah	ADJ
bua	VERB
buaa	ADJ
buah	ADJ
bûah	ADJ
buahte	ADJ
bûahte	ADJ
buai	ADJ
buaia	ADJ
buaichuar	ADJ
buaichung	ADJ
buaiha	ADJ
buaiin	ADJ
buaina	NOUN
buainaa	ADJ
buainaah	ADJ
buainah	ADJ
buainate	NOUN
buaipui	VERB
buai-pui	VERB
buaipuia	ADJ
buaipuiawm	ADJ
buaipuiin	ADJ
buaipuina	NOUN
buaipuite	NOUN
buaipuitu	NOUN
buaipuituah	NOUN
buaipuitute	NOUN
buaipuituten	NOUN
buaiten	ADJ
buaithlak	ADJ
buai-thlak	ADJ
buaithlâk	ADJ
buai-thlâk	ADJ
buaithlakin	ADJ
buaithlakna	ADJ
buaithlakzia	ADJ
buaitu	NOUN
buaitute	NOUN
buaizia	ADJ
buak	VERB
buak-lun	VERB
buak-lûn	VERB
buakna	NOUN
bual	VERB
buala	ADJ
bual-at	NOUN
bual-ât	NOUN
bual-chhe-lo	ADJ
bualfai	VERB
bualin	NOUN
bual-in	NOUN
bualinah	ADJ
bualna	NOUN
bualpui	VERB
bualpuiah	ADJ
bual-te	NOUN
bual-thlu	VERB
buan	VERB
buana	NOUN
buan-chak	ADJ
buang	ADJ
buanga	NOUN
buangah	ADJ
buang-ngeng	ADJ
buang-ngêng	ADJ
buang-tawng	NOUN
buangte	ADJ
buan-hrui-tlal	VERB
buanin	NOUN
buanna	NOUN
buante	NOUN
buar	NOUN
buara	NOUN
buarchuar	ADJ
buarin	ADJ
buarpui	ADJ
buar-pui	NOUN
buarte	ADJ
buar-te	NOUN
buar-thak	NOUN
buar-thâk	NOUN
buatsaih	VERB
buat-saih	VERB
buatsaiha	ADJ
buatsaihah	ADJ
buatsaihin	ADJ
buatsaihna	ADJ
buatsaihnaa	ADJ
buatsaihnaah	ADJ
buatsaihsaah	ADJ
buatsaihsak	VERB
buatsaihsaka	NOUN
buatsaihsakate	ADJ
buatsaihsakte	ADJ
buatsaihtîr	VERB
buatsaihtu	NOUN
buat-saih-tu	NOUN
buatsaihtute	NOUN
budelh	ADJ
bufal	ADJ
buh	NOUN
buh-a	NOUN
buh-â	NOUN
bu-hawm	VERB
bu-hâwm	VERB
buhbal	NOUN
buh-bal	NOUN
buhbâl	NOUN
buhbala	ADJ
buhbâlin	ADJ
buhbâlte	NOUN
buh-ban	NOUN
buh-bàn	NOUN
buh-bel	NOUN
buh-bêl	NOUN
buh-bial	NOUN
buh-bul	NOUN
buh-bûl	NOUN
buh-chang-kuang	NOUN
buhchangrumin	ADJ
buh-chhum	NOUN
buhchhun	NOUN
buhchi	NOUN
buhchî	NOUN
buhchiar	NOUN
buh-chiar	NOUN
buhchil	VERB
buhchîl	VERB
buhchîlna	NOUN
buhchium	NOUN
buh-da	NOUN
buh-dawh	NOUN
buhden	NOUN
buh-den-na	NOUN
buhding	NOUN
buh-du	NOUN
buh-du-hlei	NOUN
buh-ek	NOUN
buh-êk	NOUN
buhfai	NOUN
buh-fai	NOUN
buhfaia	ADJ
buhfaiah	ADJ
buhfaiin	ADJ
buh-fai-tham	NOUN
buhfang	NOUN
buh-fang	NOUN
buh-fâng	NOUN
buh-fun	NOUN
buhhawp	NOUN
buh-hawp	NOUN
buh-hâwp	NOUN
buh-hawp-khawp	NOUN
buh-hâwp-khâwp	NOUN
buhher	VERB
buhherna	ADJ
buhhernaah	ADJ
buh-hi	NOUN
buh-hî	NOUN
buh-hlim	NOUN
buhhmun	NOUN
buhhum	NOUN
buh-hum	NOUN
buh-hûm	NOUN
buh-hun	NOUN
buh-hûn	NOUN
buhin	ADJ
buh-kawm	NOUN
buh-kâwm	NOUN
buh-kawm-nei	NOUN
buhkem	NOUN
buh-kem	NOUN
buh-kheng	NOUN
buh-khu	NOUN
buhkuang	NOUN
buh-kung	NOUN
buh-lak	VERB
buh-la-khawh	NOUN
buh-lem	NOUN
buh-liang	NOUN
buh-lu	NOUN
buh-lung-sit	NOUN
buhmal	NOUN
buh-mam	NOUN
buh-mâm	NOUN
buh-mang	NOUN
buh-mâng	NOUN
buhpawl	NOUN
buhpâwl	NOUN
buhpâwlah	ADJ
buhpawlin	ADJ
buhpâwlin	ADJ
buhpawlte	NOUN
buhpâwlte	NOUN
buhphal	NOUN
buhphala	ADJ
buhphalte	NOUN
buhphu	NOUN
buhphù	NOUN
buhpui	NOUN
buhrang	NOUN
buhrawl	NOUN
buhrâwtsawmna	NOUN
buhrâwtsawmnaa	ADJ
buhsakhi	NOUN
buhsanghar	NOUN
buhsânghar	NOUN
buhseng	VERB
buhsengna	NOUN
buhsengtu	NOUN
buhsengtûah	ADJ
buhsengtuin	ADJ
buhsengtute	NOUN
buhsengtuten	ADJ
buhsi	NOUN
buhsî	NOUN
buhsîte	ADJ
buhtak	ADJ
buhtakte	ADJ
buhţawm	NOUN
buhte	ADJ
buhţhap	VERB
buhţhâp	VERB
buhthar	NOUN
buhthlei	VERB
buhthu	VERB
buhthû	VERB
buhtlang	NOUN
buhtlei	NOUN
buhtlu	VERB
buhtlù	VERB
buhtlû	VERB
buhtui	NOUN
buhtuihnang	NOUN
buhtuihnáng	NOUN
buhtuihnanga	ADJ
buhtun	NOUN
buhtunte	ADJ
buhvua	VERB
buhvuak	VERB
buhvuakna	NOUN
buhvui	NOUN
buhvûi	NOUN
buhzai	NOUN
buhzam	NOUN
buhzem	NOUN
buhzêm	NOUN
buhzêmah	ADJ
buhzemte	ADJ
buhzêmte	ADJ
bui	NOUN
buibiang	NOUN
buichhia	NOUN
buikelek	NOUN
builukham	NOUN
builukhampa	NOUN
builukhampá	NOUN
builukhampǎ	NOUN
buin	ADJ
bûin	ADJ
buipui	NOUN
buisen	NOUN
buk	NOUN
buk	VERB
buk	ADJ
bûk	NOUN
bûk	VERB
buka	ADJ
bûka	ADJ
bukah	ADJ
bûkah	ADJ
bukate	NOUN
bûkate	NOUN
bukin	ADJ
bûkin	ADJ
buklung	NOUN
bûklung	NOUN
bukna	NOUN
bùkna	NOUN
bûkna	NOUN
buknaa	ADJ
bûknaa	ADJ
buknaah	ADJ
bûknaah	ADJ
buknate	ADJ
bûksâa	ADJ
buksak	VERB
bûksak	VERB
bukte	NOUN
bûkte	NOUN
bûktê	NOUN
bukteah	ADJ
bûkthlênga	ADJ
bukthuah	VERB
buktir	VERB
bûktir	VERB
buktu	NOUN
bûktu	NOUN
buktura	NOUN
buktute	NOUN
bûktute	NOUN
buktuten	NOUN
bûktuten	NOUN
bul	NOUN
bul	VERB
bûl	NOUN
bula	ADJ
bulah	NOUN
bulah	ADJ
bulahte	ADJ
bulan	ADJ
bulbal	NOUN
bulbâl	NOUN
bulbǎl	NOUN
bulbawk	NOUN
bulbâwk	NOUN
bulbawr	NOUN
bulbâwr	NOUN
bulber	ADJ
bulchhut	VERB
bulchhût	VERB
bulfuk	ADJ
bulfûk	ADJ
bulh	VERB
bulhna	NOUN
bulhnai	ADJ
bulhnaiten	ADJ
bulhte	ADJ
bulina	ADJ
bullut	NOUN
bulpui	NOUN
bulpui	ADJ
bulpuiah	ADJ
bultan	VERB
bulţan	VERB
bulṭan	VERB
bulțan	VERB
bulṭanin	ADJ
bultanna	NOUN
bulṭanna	NOUN
bultannaah	ADJ
bulṭannaah	ADJ
bultansaktu	ADJ
bulte	ADJ
bulten	ADJ
bulthu	VERB
bulṭhu	VERB
bulthut	ADJ
bulṭhut	NOUN
bulṭhutah	ADJ
bulṭhutte	NOUN
bultum	NOUN
bultum	VERB
bultuma	ADJ
bultumin	ADJ
bultumtu	NOUN
bultumtute	NOUN
buluih	NOUN
buluk	VERB
buluk	ADJ
bum	NOUN
bum	VERB
bum	ADJ
buma	ADJ
bumboh	ADJ
bumbohna	NOUN
bumbohte	NOUN
bumhmang	NOUN
bumhmangte	NOUN
bumin	ADJ
bumnaa	NOUN
bumnaah	ADJ
bumnan	ADJ
bumnana	ADJ
bumro	VERB
bumro	ADJ
bumrote	NOUN
bumtu	NOUN
bumtuah	ADJ
bumtûah	ADJ
bun	NOUN
bun	VERB
buna	ADJ
bunah	ADJ
bunfel	VERB
bung	ADJ
bûng	NOUN
bunga	ADJ
bungah	ADJ
bungbel	NOUN
bungbêl	NOUN
bungbêlin	NOUN
bungbelte	NOUN
bungbêlte	NOUN
bungbu	VERB
bungbû	VERB
bungin	ADJ
bungkawna	ADJ
bungkawng	NOUN
bungna	ADJ
bûngna	ADJ
bungraw	NOUN
bungrua	NOUN
bungruaa	ADJ
bungruaah	ADJ
bungruain	ADJ
bungruate	NOUN
bungte	NOUN
bungthuama	ADJ
bungtinah	ADJ
bungtu	ADJ
bunin	ADJ
bunlawk	NOUN
bunlâwk	NOUN
bunna	NOUN
bunnaah	ADJ
bunnia	ADJ
bunpui	VERB
bunsak	VERB
bunte	ADJ
buntir	VERB
buntîr	VERB
buntîra	ADJ
buntîrte	ADJ
buntîrtu	NOUN
bupui	NOUN
bur	VERB
bur	ADV
búr	VERB
búr	ADV
bura	ADJ
búra	ADJ
bûra	ADJ
bûrah	ADJ
bûrbun	VERB
būrbun	VERB
burchut	ADJ
bùrchut	ADJ
būrfian	NOUN
burh	ADJ
bûrin	ADJ
burna	ADJ
bûrpui	ADJ
burthu	NOUN
burū	ADJ
buruk	NOUN
bu-thlangdar	NOUN
bu-thlangdâr	NOUN
bu-tuairam	NOUN
butual	NOUN
butuâl	NOUN
butut	NOUN
butut	ADJ
buvut	ADJ
buzawl	NOUN
buzâwl	NOUN
buzâwlah	ADJ
buzâwlte	ADJ
cbhimbudawl	VERB
cha	NOUN
cha	VERB
châ	NOUN
châ	VERB
chabet	NOUN
chabi	NOUN
chabite	NOUN
châbite	NOUN
chachhuah	VERB
chadūr	ADJ
chah	VERB
chah	X
chahbite	NOUN
chahchhuak	VERB
chahin	ADJ
chahna	NOUN
chahsak	ADJ
chahte	NOUN
chahtir	VERB
chai	NOUN
chai	VERB
chai	ADV
chaicheh	NOUN
chaicheha	ADJ
chaichehte	NOUN
chaichim	NOUN
chai-chim	NOUN
chaichîm	NOUN
chai-chîm	NOUN
chaichīm	NOUN
châi-chim	NOUN
châi-chîm	NOUN
chaih	VERB
chaihchun	NOUN
chaihchùn	NOUN
chaihna	NOUN
chai-hnu-thai	NOUN
chai-hnu-thài	NOUN
chai-hnû-thai	NOUN
chai-hnû-thài	NOUN
châi-hnu-thai	NOUN
châi-hnu-thài	NOUN
châi-hnû-thai	NOUN
châi-hnû-thài	NOUN
chaihtu	NOUN
chailang	ADJ
chain	VERB
chaite	NOUN
chaité	NOUN
chai-thlang	NOUN
chai-thlâng	NOUN
chak	NOUN
chak	VERB
chak	ADJ
chak	ADV
chák	ADJ
chàk	VERB
chàk	ADJ
châk	NOUN
châk	VERB
châk	ADJ
chaka	ADJ
châka	ADJ
chakah	ADJ
chakai	NOUN
chak-ai	NOUN
chakái	NOUN
chakâi	NOUN
chakaiafu	NOUN
chakaiafu	VERB
chak-ai-hawlh	VERB
chakai-hni	NOUN
chakate	ADJ
chak-awk	NOUN
cha-kawk	NOUN
chakawm	ADJ
châkawm	ADJ
chakcha	NOUN
chakchâ	NOUN
chakho	ADJ
chakhote	ADJ
chakin	ADJ
châkin	ADJ
chakkhai	NOUN
chak-khai	NOUN
chakkhái	NOUN
châkkhai	NOUN
châkkhai	ADJ
châkkhái	NOUN
châkkhâi	ADJ
chak-khai-tawl	VERB
chak-khai-tâwl	VERB
chaklo	ADJ
chak-lo	ADJ
chakloh	ADJ
chaklohna	ADJ
chaklohnaah	ADJ
chaklote	ADJ
chakna	NOUN
chak-na	NOUN
châkna	NOUN
chaknaa	ADJ
châknaa	ADJ
chaknaah	ADJ
châknaah	ADJ
chaknana	ADJ
chaknate	ADJ
châknate	ADJ
chakpui	ADJ
chakpuina	NOUN
chaksakhai	VERB
chaksakhái	VERB
châksakhai	VERB
châksakhái	VERB
chaktak	ADJ
chakte	ADJ
châkte	NOUN
chaktehna	NOUN
chakteho	NOUN
chaktir	VERB
chaktu	NOUN
chakvak	ADJ
chakzawkte	ADJ
chakzawng	ADJ
chakzia	ADJ
chal	NOUN
chal	ADJ
chal	ADV
chàl	ADV
châl	NOUN
chala	ADJ
chalah	ADJ
cha-lang	NOUN
cha-lâng	NOUN
chalawh	VERB
chalawh	ADJ
chal-beng	VERB
chal-bêng	VERB
chalcha-ek	VERB
chalcha-êk	VERB
chalchang	ADJ
chal-chang	VERB
chalchàng	ADJ
chalchâng	ADJ
chal-chik	NOUN
chal-chîk	NOUN
chaldar	NOUN
chal-dar	NOUN
chaldâr	NOUN
chal-dâr	NOUN
chaldârah	ADJ
chaldelh	VERB
chaldelh	ADJ
chaldelhna	NOUN
chal-dep	VERB
chal-dêp	VERB
chalfilh	NOUN
chalfilh	VERB
chalfilh	ADJ
chalhrên	NOUN
chalhrênah	ADJ
chalhrenna	NOUN
chalhrênnaa	ADJ
chalhrennate	ADJ
chalin	ADJ
chalkawlh	ADJ
chalkawlhah	ADJ
chal-ki	NOUN
chalkikhat	NOUN
challang	ADJ
chal-lang	ADJ
challangte	ADJ
challanna	NOUN
chal-lui	VERB
chal-mik	NOUN
chalngalh	VERB
chalngalh	ADJ
chalpang	NOUN
chalpâng	NOUN
chalpangkhirh	VERB
chalpângkhirh	VERB
chalrem	VERB
chal-rem	NOUN
chalsam	NOUN
chal-sam	NOUN
chal-sâm	NOUN
chalsiribuk	VERB
chaltawh	VERB
chal-tawng	ADJ
chalthei	NOUN
chalthuar	NOUN
chaltlai	ADJ
chal-tlai	ADJ
chaltlâi	ADJ
chal-tlai-huai	ADJ
chaltlaina	NOUN
chaltlaizia	ADJ
chaltlâizia	ADJ
cham	VERB
chám	VERB
chàm	VERB
châm	VERB
châma	ADJ
chamah	ADJ
châmah	ADJ
chaman	ADJ
chambang	ADJ
cham-bang	NOUN
cham-bâng	NOUN
châmbâng	ADJ
châmbângho	ADJ
chambangte	ADJ
châmbângte	ADJ
chambanna	NOUN
chamchi	ADJ
châmchî	ADJ
chamchilh	VERB
châmhmun	NOUN
chamin	ADJ
chamna	ADJ
champha	ADJ
champhaia	ADJ
champhaiah	ADJ
champhaphak	ADJ
champhaphâk	ADJ
chamtir	VERB
chan	NOUN
chan	VERB
chân	VERB
chana	NOUN
châna	NOUN
chanah	ADJ
chanai	NOUN
chanchin	NOUN
chanchina	ADJ
chanchinah	ADJ
chanchinbu	ADJ
chanchinbua	NOUN
chanchinbuah	ADJ
chanchinbuahte	ADJ
chanchinbuin	ADJ
chanchinbumi	NOUN
chanchinbumî	NOUN
chanchinbumiin	ADJ
chanchinbumite	NOUN
chanchinbute	NOUN
chanchinbuten	ADJ
chanchinin	ADJ
chanchinte	NOUN
chanchintha	NOUN
chanchinthar	NOUN
chanchuak	VERB
chandam	VERB
chandamna	NOUN
chang	NOUN
chang	VERB
chang	ADJ
cháng	VERB
chàng	NOUN
chàng	VERB
châng	NOUN
châng	VERB
chãng	VERB
changa	ADJ
chânga	ADJ
changah	ADJ
chângah	ADJ
changchawi	VERB
changchàwi	VERB
chángchàwi	VERB
chângchâwi	VERB
changchawia	ADJ
changchi	NOUN
changdam	NOUN
chângdam	NOUN
changder	VERB
changel	NOUN
changél	NOUN
changhang	NOUN
changhàng	NOUN
changhlawi	NOUN
changhlâwi	NOUN
changin	ADJ
chângin	ADJ
changkah	NOUN
changkalrīt	NOUN
changkan	ADJ
changkàn	ADJ
changkân	ADJ
changkang	ADJ
changkáng	ADJ
changkâng	ADJ
changkangah	ADJ
changkangna	NOUN
changkangte	NOUN
changkanna	NOUN
changkannain	ADJ
changkawi	VERB
changkàwi	VERB
changkawih	VERB
changkawr	NOUN
changkel	NOUN
changkèl	NOUN
changkha	NOUN
changkham	NOUN
changkhen	NOUN
changku	NOUN
changkual	VERB
changlawng	NOUN
changman	NOUN
chang-ngai	VERB
chàng-ngai	VERB
changpai	NOUN
changpâi	NOUN
changpat	NOUN
changpát	NOUN
changpât	NOUN
changpat-ek	NOUN
changpat-êk	NOUN
changpât-ek	NOUN
changpât-êk	NOUN
changpatin	ADJ
changpawl	NOUN
changpâwl	NOUN
changper	NOUN
changpèr	NOUN
changphut	NOUN
changpuidir	VERB
changpuidìr	VERB
changrelnaah	ADJ
chângru	VERB
chângrûin	ADJ
chângrutu	NOUN
changrutute	NOUN
chângrutute	NOUN
changrututen	NOUN
chângrututen	NOUN
changsen	NOUN
changte	NOUN
changthawp	NOUN
changthâwp	NOUN
changthir	NOUN
changthlan	NOUN
chângthlan	NOUN
changtlun	ADJ
changtlung	ADJ
changtlungna	NOUN
changtlunna	NOUN
changtu	NOUN
chângtu	NOUN
chang-tum	VERB
châng-tum	VERB
changtunu	NOUN
changtupa	NOUN
changtupaa	ADJ
changtupate	NOUN
changtute	NOUN
chângtute	NOUN
changvan-dawt	NOUN
changvan-dâwt	NOUN
changvawn	NOUN
chanhai	NOUN
chanhaite	NOUN
chanhim	VERB
chanhimtute	NOUN
chanin	ADJ
chânin	ADJ
chanmari	NOUN
chanmaria	ADJ
channa	NOUN
chânna	NOUN
channaa	NOUN
channaah	ADJ
chânnaah	ADJ
chanpual	NOUN
chanpuala	ADJ
chanpualah	ADJ
chanpualte	NOUN
chanpui	VERB
chânpui	VERB
chanpuite	NOUN
chanpuitu	NOUN
chânrûkna	NOUN
chansak	VERB
chantate	NOUN
chantawk	NOUN
chantâwk	ADJ
chantawka	ADJ
chante	NOUN
chantir	VERB
chantîr	VERB
chântîr	VERB
chantira	NOUN
chantîra	NOUN
chantirate	NOUN
chantirin	ADJ
chantîrin	ADJ
chantirna	NOUN
chantîrna	NOUN
chantîrnain	ADJ
chantirtu	NOUN
chantîrtu	NOUN
chantîrtute	NOUN
chanve	ADJ
chanvê	ADJ
chanveah	ADJ
chanvêah	ADJ
chanvein	ADJ
chanvote	NOUN
chanzia	ADJ
chap	VERB
chapchar	VERB
chapchir	VERB
chapo	ADJ
chaponain	NOUN
chaponate	NOUN
chapopui	VERB
chapote	NOUN
chapoten	NOUN
chapova	NOUN
chapovin	ADJ
chapozia	ADJ
char	NOUN
char	VERB
char	ADJ
châr	VERB
chara	NOUN
châra	NOUN
charah	ADJ
chârah	ADJ
char-chak	NOUN
char-chàk	NOUN
char-chang	NOUN
char-châng	NOUN
char-da-re	NOUN
char-da-rê	NOUN
char-ei	NOUN
charh	VERB
charhin	ADJ
char-hrui	NOUN
charin	ADJ
chârin	ADJ
char-khaw-na	NOUN
char-khaw-nâ	NOUN
charna	NOUN
char-na	NOUN
chârna	NOUN
charnaan	ADJ
char-phai	NOUN
char-po	ADJ
char-pui-no-khai	NOUN
char-sut	NOUN
chartirin	ADJ
chârtute	NOUN
chat	VERB
chat	ADJ
chât	VERB
chata	ADJ
chat-chhilh	VERB
chatin	ADJ
chat-la	NOUN
chatlak	VERB
chat-lak	VERB
chatthla	VERB
chat-thla	VERB
chat-tuan	NOUN
chatuan	ADJ
chatuana	ADJ
chatuanin	ADJ
chatuanthleng	ADJ
chau	VERB
chau	ADJ
châu	ADJ
chau-bang	NOUN
chau-bâng	NOUN
chauh	ADJ
chauhah	ADJ
chauhan	ADJ
chau-hau	ADJ
châu-hâu	ADJ
chauhin	ADJ
chauhna	ADJ
chauhnaah	ADJ
chau-hnap	VERB
chau-hnâp	VERB
chauhpui	ADJ
chauhte	ADJ
chauhthlak	ADJ
chauhthlâk	ADJ
chauhva	ADJ
chauhvah	ADJ
chauhvin	ADJ
chauhzia	ADJ
chauin	ADJ
chau-ngawih-ngawih	VERB
chau-ngâwih-ngâwih	VERB
chauva	ADJ
chauvin	ADJ
châuvin	ADJ
chavai	ADJ
chavâi	ADJ
chavaih	VERB
chaw	NOUN
châw	NOUN
chaw-bawl	VERB
chaw-bâwl	VERB
chaw-bel	NOUN
chaw-bêl	NOUN
chawchhum	NOUN
chaw-chhum	VERB
chawchhun	NOUN
chaw-chhun	NOUN
chawchhûn	NOUN
chaw-dawh	VERB
chaw-ei	VERB
chaw-ei-khawm	NOUN
chaw-ei-khâwm	NOUN
chaweina	NOUN
chawfai	NOUN
chawfak	VERB
chaw-fak	VERB
chaw-fàk	VERB
chawfâka	ADJ
chawfun	NOUN
chaw-fun	NOUN
chaw-fûn	NOUN
chawh	VERB
chawh	ADJ
chawhaitho	NOUN
chawhbuai	VERB
chawhcham	VERB
chawhchawrawi	ADJ
chawhchhiat	VERB
chawhchhiat	ADJ
chawhin	ADJ
chawhlui	NOUN
chawhluiah	ADJ
chawhluite	NOUN
chawhma	NOUN
chawhma	ADJ
chawhmaa	ADJ
chawhmeh	NOUN
chaw-hmeh	NOUN
chawhmehah	ADJ
chaw-hming	NOUN
chawhna	NOUN
chawhnu	NOUN
chawhnu	ADJ
chaw-hnu	NOUN
chawhnua	ADJ
chawhnuah	ADJ
chawhpawlh	VERB
chawhpâwlh	VERB
chawhpawlha	ADJ
chawhpawlhin	ADJ
chawhpawlhna	NOUN
chawhpawlhsak	VERB
chawhpawlhtu	NOUN
chaw-hrai	VERB
chaw-hrâi	VERB
chawhrual	ADJ
chawhruala	ADJ
chawhrualin	ADJ
chawhrualna	NOUN
chawhtawlh	NOUN
chawhtawlha	ADJ
chawhtawlhah	ADJ
chawhtawlhtê	NOUN
chawhte	NOUN
chawhte	PRON
chawhté	NOUN
chawhthawh	VERB
chawhthawhin	ADJ
chawhthawhsak	VERB
chawhtu	NOUN
chawi	VERB
cháwi	VERB
chàwi	VERB
châwi	VERB
chawia	PRON
châwia	PRON
châwiah	ADJ
chawiawiin	ADJ
chawih	VERB
chawih	ADJ
chawih	ADV
cháwih	ADV
châwih	ADJ
chawihna	NOUN
chawiin	ADJ
châwiin	ADJ
chawikan	VERB
chawikân	VERB
châwikân	VERB
chawikang	VERB
chawikâng	VERB
châwikâng	VERB
chawikânga	ADJ
chawikangtu	NOUN
chawikanin	ADJ
châwikânin	ADJ
chawikanna	NOUN
chawikânna	NOUN
chawikansak	VERB
chawilar	VERB
chawilung	NOUN
chawilung	PRON
chàwilung	NOUN
châwilung	NOUN
chawimawi	VERB
chawimâwi	VERB
châwimawi	VERB
châwimâwi	VERB
chawimawia	NOUN
châwimâwia	NOUN
chawimawiho	NOUN
chawimawiin	ADJ
chawimâwiin	ADJ
châwimâwiin	ADJ
chawimawina	NOUN
chawimâwina	NOUN
châwimawina	NOUN
châwimâwina	NOUN
chawimawinaa	NOUN
chawimawinaah	ADJ
châwimâwinaah	ADJ
chawimawinain	ADJ
chawimawinate	NOUN
châwimâwinate	NOUN
chawimawitîr	VERB
chawimawitlâk	ADJ
chawimawitu	NOUN
châwimâwitu	NOUN
chawin	ADJ
châwin	ADJ
chawina	NOUN
châwina	NOUN
chawinung	VERB
chawipui	VERB
chawisak	VERB
châwisak	VERB
chawisan	VERB
chawisân	VERB
châwisân	VERB
chawisana	NOUN
chawisâna	NOUN
châwisâna	NOUN
chawisang	VERB
chawisâng	VERB
châwisâng	VERB
chawisangin	ADJ
chawisanin	ADJ
chawisânin	ADJ
châwisânin	ADJ
chawisanna	NOUN
châwisânna	NOUN
chawisawntu	NOUN
chawite-hring	NOUN
chàwite-hring	NOUN
chawi-thal-fang	NOUN
chàwi-thal-fang	NOUN
chawitir	VERB
chawitîr	VERB
chàwitir	VERB
châwitîr	VERB
chawitu	NOUN
chawituah	ADJ
chawitute	NOUN
chawk	NOUN
chawk	VERB
chawk	ADV
châwk	NOUN
châwk	ADJ
châwk	ADV
chaw-ka	NOUN
chawkan	NOUN
chaw-kawm	NOUN
chaw-kâwm	NOUN
chawkawng	NOUN
chawkbuai	VERB
chawkbuaitu	NOUN
chawkcham	VERB
chawkchaweng	NOUN
chawkchaweng	ADJ
chawkchawm	VERB
chawkchawng	NOUN
chawkchhia	VERB
chawkchhuaktu	NOUN
chawke	NOUN
chawke	PRON
chaw-ke	NOUN
chawkê	PRON
chaw-kê	NOUN
chaw-keng	NOUN
chaw-kêng	NOUN
chawkhawn	VERB
chaw-khawn	VERB
chaw-khâwn	VERB
chaw-khe	NOUN
chaw-khing	NOUN
chaw-ki	NOUN
chawkkawi	VERB
chawkluh	VERB
chawkluhna	NOUN
chawkluhnaah	ADJ
chawkna	NOUN
chawkphur	VERB
chawkphûr	VERB
chawkphurin	ADJ
chawktho	VERB
chawkthotu	NOUN
chawktu	NOUN
chawl	NOUN
chawl	VERB
chàwl	VERB
châwl	VERB
chawla	ADJ
chaw-la	NOUN
chaw-lâ	NOUN
chaw-lai	NOUN
chaw-lâi	NOUN
chawlaiding	NOUN
chawlaiding	VERB
chaw-lai-rel	NOUN
chaw-lai-rêl	NOUN
chaw-lâi-rel	NOUN
chaw-lâi-rêl	NOUN
chaw-lak-na	NOUN
chaw-lâk-na	NOUN
chawlawl	VERB
chawlawl	ADJ
chaw-lawl	VERB
chawlâwl	VERB
chawlawlna	NOUN
chawlchham	VERB
chaw-leh-an	NOUN
chaw-lèh-an	NOUN
chawlh	VERB
chaw-lh	VERB
chawlha	ADJ
chawlhah	ADJ
chawlhal	VERB
chawlhbuk	NOUN
chawlhbûk	NOUN
chawlhchhung	ADJ
chawlhhahdam	VERB
chawlhhmun	NOUN
chawlhhmuna	ADJ
chawlhhmunah	ADJ
chawlhhun	ADJ
chawlhkar	NOUN
chawlhkar	ADJ
chawlhkâr	NOUN
chawlhkâr	ADJ
chawlhkfir	NOUN
chawlhlawk	VERB
chawlhlawk	ADJ
chawlhlâwk	VERB
chawlhlawkna	NOUN
chawlhlâwkna	NOUN
chawlhna	NOUN
chawlhnaa	ADJ
chawlhnaah	ADJ
chawlhni	NOUN
chawlhni	ADJ
chaw-lh-ni	NOUN
chawlhnî	ADJ
chawlhnia	ADJ
chawlhniah	ADJ
chawlhnîah	ADJ
chawlhniahte	ADJ
chawlhniin	ADJ
chawlhnite	ADJ
chawlhnîte	ADJ
chawlhnu	ADJ
chawlhsan	VERB
chawlhsanna	NOUN
chawlhtir	VERB
chawlhtîr	VERB
chawlhtira	ADJ
chawlhtirin	ADJ
chawlhtirna	NOUN
chawlhtîrna	NOUN
chaw-liam	VERB
chawl-khaw-thawng	VERB
chàwl-khaw-thawng	VERB
châwl-khaw-thawng	VERB
chawm	NOUN
chawm	VERB
chawm	ADJ
cháwm	VERB
cháwm	ADJ
chàwm	VERB
châwm	VERB
chawmai	NOUN
chawmal	NOUN
chaw-mam	NOUN
chaw-mâm	NOUN
chawmawlh	ADJ
chawmawm	ADJ
chawm-dawl	VERB
chawm-dâwl	VERB
chawmhlawm	NOUN
chawmhlawm	ADJ
chawm-hlawm	NOUN
chawmhlâwm	NOUN
chàwmhlàwm	NOUN
châwmhlâwm	NOUN
chawmin	ADJ
châwmin	ADJ
chawmna	NOUN
châwmna	NOUN
chawmnate	NOUN
chawmpangkar	NOUN
chawmpangkâr	NOUN
chàwmpangkar	NOUN
chàwmpangkâr	NOUN
chawmpangpar	NOUN
chawmpangpâr	NOUN
châwmsak	VERB
chawmthaute	NOUN
chawmtlei	VERB
chawmto	NOUN
chawmtu	NOUN
cháwmtu	NOUN
châwmtu	NOUN
chawmziate	ADJ
chawmzil	NOUN
chawmzîl	NOUN
châwmzil	NOUN
châwmzîl	NOUN
chawn	NOUN
chawn	VERB
chàwn	NOUN
chàwn	VERB
châwn	NOUN
châwn	VERB
chawnban	NOUN
chawnbán	NOUN
chàwnban	NOUN
chàwnbán	NOUN
châwnban	NOUN
châwnbán	NOUN
châwnbân	NOUN
chawnchhim	PRON
chawnchhimah	ADJ
chawng	ADJ
chaw-ngaw	NOUN
chaw-ngawng	VERB
chawngbawla	NOUN
chawngchen	ADJ
chawnghei	VERB
chaw-nghei	VERB
chawngheia	ADJ
châwngheia	ADJ
chawngheiin	ADJ
chawngheina	NOUN
chawngheinaah	ADJ
chawnghmunbel	NOUN
chawngkawr	NOUN
chawnglianan	ADJ
chawngmawii	NOUN
chawngnak	NOUN
chawngpereng	ADJ
chawngrawthei	NOUN
chawngte	PRON
chawngthu	PRON
chawngtlai	NOUN
chawngtlaiah	ADJ
chawngzawl	NOUN
chawngzawng	NOUN
chawngzawngin	ADJ
chawngzial	NOUN
chawnna	NOUN
chawnping	NOUN
chawnpíng	NOUN
chawnpìng	NOUN
chàwnping	NOUN
chàwnpíng	NOUN
chàwnpìng	NOUN
châwnping	NOUN
chawnpuar	NOUN
chawnpui	NOUN
chawn-pui	NOUN
chawnrai	NOUN
chawnrâi	NOUN
chàwnrai	NOUN
chàwnrâi	NOUN
châwnrâi	NOUN
chawn-tawi	NOUN
chawn-tâwi	NOUN
chawn-thep	VERB
chawn-thêp	VERB
chaw-nu	NOUN
chawnzawm	NOUN
chawnzāwm	NOUN
chàwnzāwm	NOUN
châwnzâwm	NOUN
chawnzial	NOUN
chàwnzial	NOUN
châwnzial	NOUN
chawp	ADJ
chawp	ADV
chawpa	ADJ
chawpah	ADJ
chawpai	VERB
chaw-pawh	VERB
chawpchiih	ADJ
chawpchilh	ADJ
chaw-phing	NOUN
chaw-phîng	NOUN
chawpin	ADJ
chawpin	ADP
chawplehchilh	ADJ
chawpna	NOUN
chawpte	NOUN
chawpten	NOUN
chawptu	NOUN
chaw-pui	NOUN
chawr	VERB
chawr	ADJ
chawra	NOUN
chawrai	NOUN
chawrai	ADJ
chawrawi	ADJ
chaw-rawp	ADJ
chawrche	ADJ
chawrchê	ADJ
chawrchē	ADJ
chawrchhuah	VERB
chawrchhuahna	NOUN
chawrdawh	ADJ
chawrehe	ADJ
chawrehê	ADJ
chawrh	ADJ
chawrhmawk	ADJ
chawrhna	NOUN
chawrhnawk	ADJ
chawrhnawk	ADV
chawrh-nawk	ADJ
chawri	NOUN
chawrna	NOUN
chawrno	NOUN
chawrno	VERB
chaw-rno	ADJ
chawrnô	NOUN
chawrnote	NOUN
chawrte	NOUN
chawrtir	VERB
chawrum	NOUN
chawrum	ADJ
chaw-sa-meh	NOUN
chaw-sawm	NOUN
chaw-sâwm	NOUN
chawt	ADJ
chawt	ADV
chawte	ADJ
chawtha	ADJ
chawthing	NOUN
chawthing	X
chaw-thing	NOUN
chawţhīng	NOUN
chaw-thlawh	NOUN
chaw-thleng	NOUN
chawthlêng	NOUN
chaw-thling	NOUN
chaw-thlîng	NOUN
chawtui	ADJ
chaw-tui	ADJ
chaw-tui-ber	NOUN
chaw-tui-hang	NOUN
chaw-tui-hâng	NOUN
chaw-vai	VERB
chbunparh	VERB
chd	ADJ
che	VERB
che	ADJ
che	ADV
che	PRON
che	PRON
chè	ADJ
chê	ADJ
chê	PRON
chê	PRON
cheah	ADJ
chechang	VERB
chechâng	VERB
chechhuak	VERB
cheh	VERB
cheha	ADJ
chehbehna	ADJ
chehmawi	ADJ
chehna	NOUN
chehrep	NOUN
chehrep	VERB
chehrualna	NOUN
chehsak	NOUN
chehvelte	ADJ
chei	VERB
chei	INTJ
cheibawl	VERB
cheibáwl	VERB
cheibâwl	VERB
cheibawlna	NOUN
cheihawi	VERB
cheihâwi	VERB
cheiin	VERB
cheimawi	VERB
cheimâwi	VERB
cheimawia	NOUN
cheimawiin	ADJ
cheimâwiin	ADJ
cheimawina	NOUN
cheimâwina	NOUN
cheimawinain	NOUN
cheimâwinain	NOUN
cheimawite	NOUN
cheimawitu	NOUN
cheimawizia	ADJ
chein	ADJ
cheina	NOUN
cheinaah	ADJ
cheinate	NOUN
cheite	NOUN
cheitharna	NOUN
cheithat	VERB
cheithatna	NOUN
cheitir	VERB
cheitu	NOUN
cheitute	NOUN
chek	NOUN
chek	VERB
chek	ADV
chêk	VERB
chekah	ADJ
chekawi	NOUN
chekawi	VERB
chekâwi	NOUN
chêkawi	NOUN
chêkâwi	NOUN
chekhnawk	ADJ
chekinawk	ADJ
chekkhum	VERB
chekngei	NOUN
chekngei	VERB
chekngei	ADJ
chêkngei	VERB
chêkngei	ADJ
cheksawlh	VERB
chêksawlh	VERB
cheksawlhin	ADJ
cheksawlhna	NOUN
chêktu	NOUN
chel	ADJ
chel	ADV
chelek	VERB
chelekin	ADJ
chelekna	NOUN
chelektute	NOUN
chelh	VERB
chelha	NOUN
chelhin	ADJ
chelhmektu	NOUN
chelhna	NOUN
chelhrual	ADJ
chelhsak	VERB
chelhthu	ADJ
chelhtîr	VERB
chelhtu	NOUN
chelhtute	NOUN
chelhtuten	ADJ
chelvak	NOUN
chelvak	ADV
chelvâk	NOUN
chem	NOUN
chema	ADJ
chemah	ADJ
chemhar	NOUN
chemhâr	NOUN
chemhrah	NOUN
chemhrah	ADJ
chemi	NOUN
chemi	ADV
chêmi	NOUN
chemkalna	ADJ
chemkalzawng	VERB
chemkalzâwng	VERB
chemkawm	NOUN
chempai	NOUN
chempuia	ADJ
chemsei	NOUN
chemsen	NOUN
chemsen	ADJ
chemsenin	ADJ
chemtahna	NOUN
chemte	NOUN
chemtê	NOUN
chemtea	ADJ
chemteah	ADJ
chemtêin	ADJ
chemtete	ADJ
chemtum	NOUN
chemtum	VERB
chen	VERB
chèn	VERB
chên	VERB
chena	ADJ
chêna	ADJ
chenah	ADJ
chenbeh	VERB
chenbeh	ADJ
chènbeh	ADJ
chênbeh	VERB
chenbuk	ADJ
chenchilh	VERB
chênchilh	VERB
chenchilhna	NOUN
chênchilhna	NOUN
chenchilhtu	NOUN
chênchilhtu	NOUN
chenfakawm	ADJ
cheng	NOUN
cheng	VERB
cheng	ADJ
chéng	VERB
chèng	VERB
chêng	NOUN
chêng	VERB
chêng	ADJ
chēng	NOUN
chēng	ADJ
chenga	ADV
chénga	ADV
chênga	ADJ
chênga	ADV
chengate	NOUN
chenghnawng	ADJ
chenghnáwng	ADJ
chenghnâwng	ADJ
chénghnawng	ADJ
chénghnáwng	ADJ
chênghnawng	ADJ
chênghnâwng	ADJ
chengho	VERB
chêngho	VERB
chenghote	NOUN
chênghote	NOUN
chengin	ADJ
chêngin	ADJ
chengkawl	NOUN
chèngkawl	NOUN
chêngkawl	NOUN
chengkek	NOUN
chèngkek	NOUN
chêngkek	NOUN
chengkhat	NUM
chengrang	NOUN
chengrang	VERB
cheng-rang	VERB
chengrâng	VERB
cheng-râng	VERB
chengte	NOUN
chêngte	NOUN
chengten	NOUN
chêngten	NOUN
chengtu	NOUN
chêngtu	NOUN
chengvawng	NOUN
chengvawng	VERB
cheng-vawng	VERB
chengvawnna	NOUN
chengza	VERB
chenhmun	NOUN
chenin	ADJ
chênin	ADJ
chenkhawmna	NOUN
chenkual	NOUN
chenkual	VERB
chenkuàl	NOUN
chenkuâl	NOUN
chènkual	NOUN
chènkuàl	NOUN
chènkuâl	NOUN
chenkualna	NOUN
chenna	NOUN
chènna	NOUN
chênna	NOUN
chennaah	ADJ
chênnaah	ADJ
chennate	NOUN
chennu	NOUN
chènnu	NOUN
chenpui	VERB
chênpui	VERB
chenpuite	NOUN
chênpuitu	NOUN
chenralpui	NOUN
chènralpui	NOUN
chentir	VERB
chentîr	VERB
chêntîr	VERB
chentirna	NOUN
chep	NOUN
chep	VERB
chêp	NOUN
chêp	VERB
chepa	NOUN
chepâ	NOUN
chepchep	NOUN
chepchep	ADJ
chêpchêp	NOUN
chêpin	ADJ
chepna	NOUN
chêpna	NOUN
chepnaah	ADJ
chepthang	NOUN
chepthang	ADJ
chêptute	NOUN
cher	VERB
cher	ADJ
chér	ADJ
chêr	ADJ
cherahte	ADJ
cheraw	NOUN
cherchimgkim	NOUN
cherchingkim	NOUN
cherchîngkim	NOUN
chereu	VERB
chereu	ADJ
cherêu	VERB
chereuna	NOUN
chereutu	NOUN
cherh	VERB
cherin	ADJ
chermawn	NOUN
chermawni	NOUN
cherna	NOUN
chêrna	NOUN
chêrte	NOUN
chertute	NOUN
cherubho	NOUN
chêrzia	ADJ
chesawn	VERB
chesual	VERB
chesuala	ADJ
chesualah	ADJ
chesualin	ADJ
chet	VERB
chêt	VERB
cheta	ADJ
chetchhiat	VERB
chetchhiatna	NOUN
chetchhuah	VERB
chetchhuahna	NOUN
chetdan	ADJ
chete	ADJ
chête	ADJ
chethei	ADJ
chethmang	ADJ
chêthmang	ADJ
chêtin	ADJ
chetla	VERB
chetlâ	VERB
chetna	NOUN
chêtna	NOUN
chetnaah	ADJ
chetphelhna	NOUN
chetpui	VERB
chetpui	ADJ
chêtpui	VERB
chêtsawn	VERB
chetsual	VERB
chêtsual	VERB
chetsuala	ADJ
chetsualna	NOUN
chêtsualna	NOUN
chetsualnaa	NOUN
chetsualnaah	ADJ
chetsualnate	NOUN
chêtsualpuitu	NOUN
chetsualtu	NOUN
chetthat	ADJ
chetthatna	NOUN
chetthatpui	VERB
chettir	VERB
chêttîr	VERB
chettirna	NOUN
chêttîrna	NOUN
chêttîrtu	NOUN
chettlat	VERB
chêttlat	VERB
chettlatna	NOUN
chetu	NOUN
chetvel	VERB
chetvelna	ADJ
chetzia	NOUN
chetzia	ADJ
chêtzia	NOUN
chêtzia	ADJ
chetziaa	ADJ
chêtziaa	ADJ
chetziaah	ADJ
chêtziaah	ADJ
cheu	ADJ
cheu	ADV
cheuah	ADJ
cheuh	VERB
chêuh	VERB
cheuva	ADJ
cheuvin	ADJ
chevel	ADJ
chezia	NOUN
chezia	VERB
chhah	VERB
chhah	ADJ
chhahin	ADJ
chhahna	NOUN
chhahsak	VERB
chhai	VERB
chhái	VERB
chhaih	VERB
chhaihbuai	VERB
chhaihhlawh	ADJ
chhaihkawlh	VERB
chhaikawlh	VERB
chhailaidi	NOUN
chhailai-di	NOUN
chhaina	NOUN
chhak	NOUN
chhak	VERB
chhak	ADJ
chhâk	VERB
chhaka	ADJ
chhakah	ADJ
chhakchhuah	VERB
chhakchhuak	NOUN
chhakchhuak	VERB
chhâkchhuak	VERB
chhâkkhum	VERB
chhaklam	ADJ
chhaklamah	ADJ
chhakna	NOUN
chhaktaa	ADJ
chhaktiang	ADJ
chhaktiangah	ADJ
chhaktu	NOUN
chhal	VERB
chhàl	VERB
chhâl	VERB
chhala	ADJ
chhâla	ADJ
chhal-ha	ADV
chhalin	ADJ
chhâlin	ADJ
chhalna	NOUN
chhaltu	NOUN
chham	NOUN
chham	VERB
chhâm	NOUN
chhâm	VERB
chhama	ADJ
chhambal	VERB
chhambal	ADJ
chham-ek	NOUN
chham-êk	NOUN
chhâm-ek	NOUN
chhâm-êk	NOUN
chhamin	VERB
chhamna	NOUN
chhamnaah	ADJ
chhampual	VERB
chhamtir	VERB
chhamtîr	VERB
chhamtîrin	ADJ
chhamtîrna	NOUN
chhamtirnaah	ADJ
chhan	VERB
chhan	ADJ
chhàn	VERB
chhân	VERB
chhana	ADJ
chhanah	ADJ
chhanchhuah	VERB
chhanchhuahin	ADJ
chhanchhuahna	NOUN
chhanchhuahte	NOUN
chhanchhuahtu	NOUN
chhanchhuak	VERB
chhanchhuaktu	NOUN
chhanchuah	VERB
chhandam	VERB
chhandamin	ADJ
chhandamna	NOUN
chhandamnaa	ADJ
chhandamnaah	ADJ
chhandamnain	ADJ
chhandamnan	ADJ
chhandamte	NOUN
chhandamtu	NOUN
chhandamtua	ADJ
chhandamtuah	ADJ
chhandamtute	NOUN
chhang	NOUN
chhang	VERB
chhang	ADP
chháng	VERB
chhâng	VERB
chhanga	ADJ
chhânga	ADJ
chhangah	ADJ
chhangahte	ADJ
chhangchhe	ADJ
chhangchhia	NOUN
chhangchhia	ADJ
chhangchhiat	VERB
chhangchhiat	ADJ
chhangdah	NOUN
chhangdo	NOUN
chhangdon	NOUN
chhangfun	NOUN
chhangfûn	NOUN
chhangin	VERB
chhângin	VERB
chhângín	VERB
chhangkham	NOUN
chhangkham	VERB
chhangkhei	NOUN
chhangkhei	X
chhanglet	VERB
chhangletin	ADJ
chhangp&r	NOUN
chhangpai	NOUN
chhangpài	NOUN
chhangpâi	NOUN
chhangper	NOUN
chhangpèr	NOUN
chhangpêr	NOUN
chhangpêrahte	ADJ
chhangperte	NOUN
chhangpêrte	NOUN
chhangphel	NOUN
chhangphi	NOUN
chhangphur	VERB
chhangphut	NOUN
chhangphutah	ADJ
chhangphutte	NOUN
chhangserh	ADJ
chhangsiamna	NOUN
chhangsiamtu	NOUN
chhangthawp	NOUN
chhangtháwp	NOUN
chhangthâwp	NOUN
chhangtu	NOUN
chhângtu	NOUN
chhangtute	NOUN
chhangurmi	NOUN
chhangurna	NOUN
chhanhim	VERB
chhanhima	NOUN
chhanhimin	ADJ
chhanhimna	NOUN
chhanhimsak	VERB
chhanhimtu	NOUN
chhanhimtua	NOUN
chhanhimtuah	ADJ
chhanhimzia	ADJ
chhanin	ADJ
chhanlet	VERB
chhanlêt	VERB
chhanletna	NOUN
chhanna	NOUN
chhànna	NOUN
chhânna	NOUN
chhannaa	ADJ
chhannaah	ADJ
chhànnaah	ADJ
chhânnaah	ADJ
chhãnnaah	ADJ
chhannain	ADJ
chhannate	ADJ
chhânnate	ADJ
chhânsak	VERB
chhânsakin	ADJ
chhante	NOUN
chhantea	PRON
chhantu	NOUN
chhanzia	ADJ
chhap	ADJ
chhap	ADV
chhapah	ADJ
chhar	VERB
chharin	ADJ
chhartu	NOUN
chhartute	NOUN
chhat	VERB
chhau	VERB
chhaw	ADJ
chhâw	ADJ
chhawhchhi	NOUN
chhawhlal	VERB
chhâwhlâl	VERB
chhawih	NOUN
chhawih	ADJ
chhawihfa	NOUN
chhawihfa	ADJ
chhawihin	ADJ
chhawihna	ADJ
chhawk	NOUN
chhawk	VERB
chhâwk	VERB
chhāwk	VERB
chhâwka	NOUN
chhawk-awlh	ADJ
chhawkhlei	NOUN
chhawkin	ADJ
chhawkna	NOUN
chhawknghawl	NOUN
chhawktir	VERB
chhâwktîr	VERB
chhawktu	NOUN
chhâwktu	NOUN
chhawkzangkhai	VERB
chhawl	NOUN
chhawl	ADJ
chhâwl	NOUN
chhâwl	ADJ
chhāwl	NOUN
chhawlbuk	NOUN
chhawlbûk	NOUN
chhâwlbuk	NOUN
chhâwlbûk	NOUN
chhāwlbuk	NOUN
chhāwlbûk	NOUN
chhâwlbukah	ADJ
chhâwlbûkah	ADJ
chhawlbukahte	ADJ
chhawlchhin	VERB
chhâwlchhin	VERB
chhawldai	NOUN
chhawldai	ADJ
chhâwldai	NOUN
chhāwldai	NOUN
chhāwlechhin	VERB
chhawlhal	ADJ
chhâwlhâl	ADJ
chhāwlhal	VERB
chhāwlhál	VERB
chhawlhring	NOUN
chhawlhring	VERB
chhāwlhring	NOUN
chhâwlin	ADJ
chhawlleng	ADJ
chhâwllêng	ADJ
chhawlthuai	VERB
chhâwlthuai	VERB
chhāwlthuai	VERB
chhāwlṭhuai	VERB
chhawm	VERB
chhawm	ADV
chhawma	ADJ
chhawmdawl	VERB
chhawmdâwl	VERB
chhawmdâwla	NOUN
chhawmdawlna	NOUN
chhawmdâwlna	NOUN
chhawmdawltu	NOUN
chhawmin	ADJ
chhawmnun	VERB
chhawmte	NOUN
chhawmtel	ADJ
chhawmtir	VERB
chhawmtîr	VERB
chhawn	NOUN
chhawn	VERB
chhawn	ADV
chhàwn	ADV
chhâwn	NOUN
chhâwn	VERB
chhawna	ADJ
chhawnah	ADJ
chhawnchhaih	VERB
chhawndawl	NOUN
chhâwndâwl	NOUN
chhawng	VERB
chhawng	ADJ
chhawng	ADV
chháwng	ADJ
chhâwng	NOUN
chhāwng	ADV
chhawngah	ADJ
chhawnghihnaah	ADJ
chhawngin	ADJ
chhawngkhatna	ADJ
chhawnin	VERB
chhawnna	NOUN
chhâwnna	NOUN
chhawnte	NOUN
chhawntir	VERB
chhâwntîr	VERB
chhawntirna	NOUN
chhawntu	NOUN
chhawntual	NOUN
chhawntual	VERB
chhâwntual	NOUN
chhawp	VERB
chhawp	ADV
chhawpa	ADJ
chhawpah	ADJ
chhawpchhuah	VERB
chhawpchhuak	VERB
chhawpna	NOUN
chhawpsak	VERB
chhawpte	NOUN
chhawr	NOUN
chhawr	VERB
chhawra	NOUN
chhawrbawk	VERB
chhawrbawkna	NOUN
chhawrbâwkna	NOUN
chhawrdawh	NOUN
chhawrin	ADJ
chhawrlai	ADJ
chhawrna	NOUN
chhawrnahawm	ADJ
chhawrte	NOUN
chhawrthla	NOUN
chhawrthlapui	NOUN
chhawrtlâk	ADJ
chhawrtu	NOUN
chhawrtute	NOUN
chhawrvel	NOUN
chhawrvêl	NOUN
chhawrvêl	ADJ
chhawrvelte	NOUN
chhe	NOUN
chhe	VERB
chhe	ADJ
chhê	ADJ
chhe/chhiat	ADV
chhebawrlawk	VERB
chhebawrlawk	ADJ
chhechham	VERB
chhechhama	NOUN
chhechhamin	ADJ
chhechhamna	NOUN
chhechhamte	NOUN
chhechhamtirtu	NOUN
chhechhamtîrtu	NOUN
chhechhamtu	NOUN
chhechhamtute	NOUN
chhechhham	VERB
chheh	VERB
chhehchhama	NOUN
chhehchhawl	VERB
chhehchhawl	INTJ
chhehhnawk	NOUN
chhehhnawk	INTJ
chhehkhangtui	X
chhehkhâwm	VERB
chhêhkhâwm	VERB
chhe-hlam	NOUN
chhe-hlo	NOUN
chhehna	NOUN
chhe-hnap	ADJ
chhehnawk	NOUN
chhehrelh	VERB
chhehrelhsakah	ADJ
chhehsak	VERB
chhehvel	ADJ
chhehvêl	ADJ
chhehvela	ADJ
chhehvêla	ADJ
chhehvelah	ADJ
chhehvêlah	ADJ
chhehvelte	ADJ
chhei	VERB
chheih	VERB
chheih	INTJ
chheihzai	NOUN
chheihzai	ADV
chhek	VERB
chhêk	VERB
chheka	ADJ
chhek-arbwm	NOUN
chhekin	ADJ
chhek-in	NOUN
chhêkin	ADJ
chhekkhawl	VERB
chhêkkhawl	VERB
chhêkkhâwl	VERB
chhêkkhâwm	VERB
chhekna	NOUN
chhêkna	NOUN
chhektu	NOUN
chhel	ADJ
chhelin	ADJ
chhelna	NOUN
chhelnaah	ADJ
chhelnate	NOUN
chhelo	ADJ
chhelzia	ADJ
chhem	VERB
chhêm	VERB
chhema	ADJ
chhêma	ADJ
chhêmalh	VERB
chhemdam	ADJ
chhem-dam	ADJ
chhemdamthli	NOUN
chhemdamthlî	NOUN
chhêmdamthli	NOUN
chhêmdamthlî	NOUN
chhemhur	NOUN
chhêmhur	NOUN
chhemin	ADJ
chhêmin	ADJ
chhemlen	NOUN
chhemlen	VERB
chhèmlèn	NOUN
chhemthei	NOUN
chhemthei	ADV
chhem-thei	NOUN
chhèmthei	NOUN
chhêmthei	NOUN
chhen	VERB
chhen	ADJ
chhen	ADV
chhên	ADJ
chhên	ADV
chhena	ADJ
chhen-ban	VERB
chhenden	VERB
chhenden	ADJ
chhenfakawm	ADJ
chhen-fak-awm	ADJ
chhenfâkawm	ADJ
chhenfâkawmzia	ADJ
chheng	NOUN
chheng	VERB
chheng	ADJ
chhêng	ADJ
chhengchhe	ADJ
chheng-chhe	ADJ
chhengchhia	ADJ
chheng-chhia	ADJ
chhengchhiaa	ADJ
chhengchhiat	VERB
chhengchhiat	ADJ
chhéngchhiat	ADJ
chhep	VERB
chhepchher	NOUN
chhepchher	VERB
chhepin	ADJ
chheprelh	VERB
chheprelhah	ADJ
chheprelhtu	NOUN
chheptute	NOUN
chher	VERB
chher	ADJ
chhera	ADJ
chherchawp	VERB
chherchhuah	VERB
chherchhuaha	ADJ
chherchhuak	VERB
chherchhuan	VERB
chher-chhuan	VERB
chherh	VERB
chherhchhuah	VERB
chherhchhuan	VERB
chherin	ADJ
chhermei	NOUN
chherna	NOUN
chhernaa	NOUN
chhersak	VERB
chherte	NOUN
chhertir	VERB
chhertîr	VERB
chhertu	NOUN
chhertuin	ADJ
chhertûin	ADJ
chhertute	NOUN
chhertuten	ADJ
chhesawp	ADJ
chhet	VERB
chhet	ADJ
chhêt	VERB
chhêt	ADJ
chhete	ADJ
chhetê	ADJ
chheti	ADJ
chhetute	NOUN
chheu	VERB
chheu	ADJ
chhêu	VERB
chhezawng	ADJ
chhhnbakfual	NOUN
chhi	NOUN
chhi	VERB
chhî	VERB
chhia	NOUN
chhia	VERB
chhia	ADJ
chhîa	ADJ
chhiaa	ADJ
chhiaah	ADJ
chhia-chham	VERB
chhiah	NOUN
chhiah	VERB
chhiah	PART
chhiaha	ADJ
chhiahah	ADJ
chhiahchawitu	NOUN
chhiahhhlawh	NOUN
chhiahhhlawhpa	NOUN
chhiahhlawh	NOUN
chhiahhlawhah	ADJ
chhiahhlawhho	ADJ
chhiahhlawhin	ADJ
chhiahhlawhnu	NOUN
chhiahhlawhpa	NOUN
chhiahhlawhte	NOUN
chhiahhlawhten	ADJ
chhiahin	ADJ
chhiahkhawn	NOUN
chhiahkhawn	VERB
chhiahkhawnna	NOUN
chhiahkhawntu	NOUN
chhiahlawh	NOUN
chhiahlawhah	ADJ
chhiahlawhin	ADJ
chhiahlawhnu	NOUN
chhiahlawhpa	NOUN
chhiahlawhte	NOUN
chhiahna	NOUN
chhiahsaka	ADJ
chhiahte	NOUN
chhiahtir	VERB
chhiahtlanga	ADJ
chhiahtu	NOUN
chhiar	NOUN
chhiar	VERB
chhiàr	NOUN
chhiàr	VERB
chhiâr	NOUN
chhiâr	VERB
chhiara	ADJ
chhiarah	ADJ
chhiarhote	NOUN
chhiarin	ADJ
chhiarkawp	NOUN
chhiarlai	NOUN
chhiarmi	NOUN
chhiarna	NOUN
chhiarnaa	ADJ
chhiarnaah	ADJ
chhiarpui	NOUN
chhiarpui	VERB
chhiarpuia	ADJ
chhiarsak	VERB
chhiarsen	ADJ
chhiarte	ADJ
chhiartir	VERB
chhiartîr	VERB
chhiartu	NOUN
chhiartuin	ADJ
chhiartute	NOUN
chhiartuten	NOUN
chhiarveka	ADJ
chhiat	NOUN
chhiat	VERB
chhiat	ADJ
chhiat	ADV
chhiát	VERB
chhiât	NOUN
chhiât	VERB
chhiat/chhe	VERB
chhiata	ADJ
chhiatbelh	ADJ
chhiate	ADJ
chhia-tha	NOUN
chhiathate	ADJ
chhiaṭhate	ADJ
chhiațhate	ADJ
chhiatkhum	VERB
chhiatna	NOUN
chhiat-na	NOUN
chhiâtna	NOUN
chhiatnaah	ADJ
chhiatnaahte	ADJ
chhiatnain	ADJ
chhiatnate	ADJ
chhiat-ni	NOUN
chhiatniah	ADJ
chhiatphah	ADJ
chhiatpui	ADJ
chhiatrupna	ADJ
chhiatsak	VERB
chhiatsan	VERB
chhiattawh	VERB
chhiattawk	NOUN
chhiat-tawk	VERB
chhiattâwk	NOUN
chhiatthlak	ADJ
chhiatthlâk	ADJ
chhiattir	ADJ
chhiattîr	ADJ
chhiattîrtu	NOUN
chhiatzia	ADJ
chhiava	ADJ
chhibung	NOUN
chhi-chhat	VERB
chhifit	VERB
chhih	VERB
chhihri	NOUN
chhi-hri	NOUN
chhiin	ADJ
chhîin	ADJ
chhilh	VERB
chhim	NOUN
chhim	VERB
chhima	ADJ
chhimah	ADJ
chhimbai	NOUN
chhimbakfual	NOUN
chhimbal	NOUN
chhim-bal	NOUN
chhimbál	NOUN
chhimbâl	NOUN
chhimbial	ADJ
chhimbudawi	VERB
chhimbudàwi	VERB
chhimbudâwi	VERB
chhimbuk	NOUN
chhim-buk	NOUN
chhimbukin	ADJ
chhimbuknote	NOUN
chhimbukte	NOUN
chhimchhak	ADJ
chhim-chhak	NOUN
chhimdulduk	NOUN
chhim-hml	NOUN
chhimhruk	NOUN
chhimkelak	NOUN
chhimkelek	NOUN
chhimkelêk	NOUN
chhimkun	NOUN
chhimkun	ADV
chhimlam	ADJ
chhimlamah	ADJ
chhimnghawngbal	NOUN
chhimnghawngbǎl	NOUN
chhimnghâwngbâl	NOUN
chhimnghâwngbǎl	NOUN
chhimtaivang	NOUN
chhimtaivâng	NOUN
chhim-tawp	NOUN
chhimthlang	ADJ
chhim-thlang	NOUN
chhimtiang	ADJ
chhimtir	NOUN
chhim-tir	NOUN
chhimtír	NOUN
chhimtîr	NOUN
chhimtu	NOUN
chhimtuipui	NOUN
chhimtute	NOUN
chhin	VERB
chhìn	VERB
chhîn	VERB
chhina	ADJ
chhinaa	ADJ
chhinah	ADJ
chhin-chhia	VERB
chhinchhiah	VERB
chhin-chhiah	VERB
chhinchhiaha	ADJ
chhinchhiahin	ADJ
chhinchhiahna	NOUN
chhinchhiahna	ADJ
chhin-chhiah-na	NOUN
chhinchhiahnaa	ADJ
chhinchhiahsak	ADJ
chhinchhiahtu	NOUN
chhinchhihna	NOUN
chhinchiah	VERB
chhinchiahna	NOUN
chhing	VERB
chhing	ADJ
chhîng	VERB
chhîng	ADJ
chhinga	PRON
chhingchhipah	ADJ
chhîngin	ADJ
chhingkhual	NOUN
chhingkhual	ADJ
chhing-khual	NOUN
chhingkhuâl	NOUN
chhîngkhual	NOUN
chhîngkhuâl	NOUN
chhingmit	NOUN
chhing-mit	NOUN
chhîngmit	NOUN
chhingtu	NOUN
chhinibal	NOUN
chhinin	ADJ
chhinkhup	NOUN
chhinlung	NOUN
chhinna	NOUN
chhinnain	ADJ
chhintîr	ADJ
chhin-up	VERB
chhip	NOUN
chhip	VERB
chhip	ADJ
chhîp	NOUN
chhîp	VERB
chhîp	ADJ
chhipa	ADJ
chhîpa	ADJ
chhipah	ADJ
chhîpah	ADJ
chhipahte	ADJ
chhîpahte	ADJ
chhipchhuah	VERB
chhîpchhuah	VERB
chhip-chuan	VERB
chhîpin	ADJ
chhipkbeng	VERB
chhipkbêng	VERB
chhîpkbeng	VERB
chhîpkbêng	VERB
chhipkheng	VERB
chhipkhêng	VERB
chhîpkheng	VERB
chhîpkhêng	VERB
chhipphira	ADJ
chhippui	ADJ
chhîpsam	NOUN
chhîpte	NOUN
chhip-thlak	VERB
chhip-thlâk	VERB
chhi-pui	NOUN
chhipvir	NOUN
chhipvir	VERB
chhîpvîr	NOUN
chhîpvîr	VERB
chhipzawl	NOUN
chhipzâwl	NOUN
chhîpzawl	NOUN
chhîpzâwl	NOUN
chhipzawn	NOUN
chhipzâwn	NOUN
chhîpzawn	NOUN
chhîpzâwn	NOUN
chhip-zawng	NOUN
chhip-zâwng	NOUN
chhipzum	NOUN
chhîpzum	NOUN
chhir	VERB
chhiraltawng	NOUN
chhirbi	NOUN
chhirhluik	NOUN
chhirhluìk	NOUN
chhirhthluk	NOUN
chhirhthlûk	NOUN
chhirna	NOUN
chhit	VERB
chhita	ADJ
chhitfibakfual	NOUN
chhitsak	ADJ
chhitu	NOUN
chho	VERB
chho	ADJ
chhoa	ADJ
chhoh	VERB
chho-hah-vei	NOUN
chho-he	NOUN
chho-hê	NOUN
chhohin	ADJ
chhohna	NOUN
chhohnaa	ADJ
chhohnaah	ADJ
chhohnain	ADJ
chhohpui	VERB
chhohpuiah	ADJ
chhohreivung	NOUN
chhohreivûng	NOUN
chhohreivungte	NOUN
chhohsan	ADJ
chhohte	NOUN
chhohtir	VERB
chhohtîr	VERB
chhohva	ADJ
chhotungturut	ADJ
chhotungturût	ADJ
chhozal	ADJ
chhozâl	ADJ
chhu	NOUN
chhu	VERB
chhû	NOUN
chhua	ADJ
chhuah	NOUN
chhuah	VERB
chhuaha	ADJ
chhuahah	ADJ
chhuahahte	ADJ
chhuahchhal	VERB
chhuah-chhal	VERB
chhuahchhâl	VERB
chhuahchhalh	VERB
chhuahchhalin	ADJ
chhuahchhhal	VERB
chhuahchhhâl	VERB
chhuahdan	ADJ
chhuahho	NOUN
chhuahhote	NOUN
chhuahin	ADJ
chhuahka	NOUN
chhuahkâ	NOUN
chhuahkhal	NOUN
chhuahkhalb	NOUN
chhuahkhalh	VERB
chhuahkhel	NOUN
chhuahkhêl	NOUN
chhuahlam	ADJ
chhuahna	NOUN
chhuahnaah	ADJ
chhuahnain	ADJ
chhuahnana	ADJ
chhuahnate	NOUN
chhuahpui	VERB
chhuahpuina	NOUN
chhuahpuitu	NOUN
chhuahsak	VERB
chhuahsakna	NOUN
chhuahsaktu	NOUN
chhuahsan	VERB
chhuahsana	ADJ
chhuahsanin	ADJ
chhuahsanna	NOUN
chhuahsante	NOUN
chhuahsantu	NOUN
chhuahsantute	NOUN
chhuahte	NOUN
chhuahteho	NOUN
chhuahtir	VERB
chhuahtîr	VERB
chhuahtîra	ADJ
chhuahtirin	ADJ
chhuahtîrin	ADJ
chhuahtirna	NOUN
chhuahtîrna	NOUN
chhuahtirtu	NOUN
chhuahtlâng	ADJ
chhuahtu	NOUN
chhuahtuina	NOUN
chhuahtute	NOUN
chhuahvah	NOUN
chhuahvah	VERB
chhuahvâh	VERB
chhuahvahnaa	ADJ
chhuahvai	NOUN
chhuahvâi	NOUN
chhuahvak	VERB
chhuahvâk	VERB
chhuahval	NOUN
chhuahvâl	NOUN
chhuahvawk	VERB
chhuahzia	ADJ
chhuahziate	ADJ
chhuak	VERB
chhuak	ADP
chhuaka	ADJ
chhuakah	NOUN
chhuakah	ADJ
chhuakahte	ADJ
chhuakate	ADJ
chhuakchho	VERB
chhuakho	ADJ
chhuakhote	ADJ
chhuakin	ADJ
chhuaklam	ADJ
chhuakleh	ADJ
chhuakna	NOUN
chhuaknaah	ADJ
chhuaktate	NOUN
chhuakte	NOUN
chhuakten	ADJ
chhuaktu	NOUN
chhuaktute	NOUN
chhuaktuten	ADJ
chhuakvak	VERB
chhuan	NOUN
chhuan	VERB
chhuana	ADJ
chhuanah	ADJ
chhuanawm	ADJ
chhuanawmloh	ADJ
chhuanchham	NOUN
chhuanchham	ADJ
chhuanchhamin	ADJ
chhuanchhamte	ADJ
chhuanchhan	NOUN
chhuanchhawng	ADJ
chhuanchhe	ADJ
chhuanchhia	ADJ
chhuanchhum	NOUN
chhuang	NOUN
chhuang	VERB
chhuanga	ADJ
chhuangin	ADJ
chhuangso	VERB
chhuangtu	NOUN
chhuangtuar	NOUN
chhuangtute	NOUN
chhuanhham	NOUN
chhuanhote	NOUN
chhuanin	ADJ
chhuanlam	NOUN
chhuanlam	ADJ
chhuanlama	ADJ
chhuanlamah	ADJ
chhuanlamin	ADJ
chhuanlamte	ADJ
chhuanlum	VERB
chhuanlumah	ADJ
chhuanmang	NOUN
chhuanmang	ADJ
chhuanna	NOUN
chhuannaah	ADJ
chhuansak	VERB
chhuantamlawl	NOUN
chhuantawlawl	NOUN
chhuantawlawl	ADJ
chhuante	ADJ
chhuantea	ADJ
chhuantuina	NOUN
chhuanvawr	NOUN
chhuanvawr	ADJ
chhuanvâwr	ADJ
chhuanvawra	ADJ
chhuanvâwra	ADJ
chhuanvâwrah	ADJ
chhuanzia	ADJ
chhuar	NOUN
chhuarah	ADJ
chhuarkua	NOUN
chhuarpui	NOUN
chhuat	NOUN
chhuât	NOUN
chhuata	ADJ
chhuatah	ADJ
chhuatnain	ADJ
chhuatphah	NOUN
chhuatphahna	NOUN
chhuatpuitah	NOUN
chhuâtpuitah	NOUN
chhuchhêt	VERB
chhuchhetin	ADJ
chhuchhetu	NOUN
chhuchhia	VERB
chhudawm	VERB
chhuh	VERB
chhuh	ADV
chhuhin	ADJ
chhuhkîr	VERB
chhuhlui	VERB
chhuhluiah	ADJ
chhuhluihsak	VERB
chhuhna	NOUN
chhu-hrawt	VERB
chhu-hrut	NOUN
chhu-hrût	NOUN
chhuhsain	ADJ
chhuhsak	VERB
chhuhsaka	ADJ
chhuhsakin	ADJ
chhuhsakna	NOUN
chhuhsakte	NOUN
chhuhsaktu	NOUN
chhuhsaktû	NOUN
chhu-hur	NOUN
chhui	VERB
chhuia	ADJ
chhuichhuah	VERB
chhuichhuahna	NOUN
chhuichhuaka	ADJ
chhuichian	VERB
chhuichiang	VERB
chhuih	VERB
chhuihin	ADJ
chhuiin	ADJ
chhuikir	VERB
chhuimite	NOUN
chhuina	NOUN
chhuinaa	ADJ
chhuinaah	ADJ
chhuitu	NOUN
chhuitute	NOUN
chhuituten	ADJ
chhuizui	VERB
chhuizuitu	NOUN
chhuk	VERB
chhuk	ADJ
chhuka	ADJ
chhukah	ADJ
chhukaw	NOUN
chhukchho	ADJ
chhukeh	VERB
chhukho	NOUN
chhukin	ADJ
chhukna	NOUN
chhuknaa	ADJ
chhukpui	VERB
chhukpuitute	NOUN
chhuksan	VERB
chhukte	NOUN
chhuktir	VERB
chhuktîr	VERB
chhuktu	NOUN
chhukzawnga	ADJ
chhul	NOUN
chhûl	NOUN
chhula	ADJ
chhûla	ADJ
chhulah	ADJ
chhûlah	ADJ
chhulchhuak	ADJ
chhulin	ADJ
chhûlin	ADJ
chhum	NOUN
chhum	VERB
chhum	ADV
chhùm	VERB
chhûm	NOUN
chhûm	ADV
chhuma	ADJ
chhûma	ADJ
chhumah	ADJ
chhûmah	ADJ
chhumahte	ADJ
chhumbung	VERB
chhumbung	ADJ
chhumchhia	ADJ
chhumchhiate	ADJ
chhumding	NOUN
chhumdingah	ADJ
chhumdingin	ADJ
chhumin	ADJ
chhûmin	ADJ
chhumkawi	ADJ
chhumkawia	ADJ
chhumna	ADJ
chhumpawlh	VERB
chhumpui	NOUN
chhûmpui	NOUN
chhumsak	VERB
chhumte	NOUN
chhûmte	NOUN
chhumtu	NOUN
chhûmtu	NOUN
chhumtuah	ADJ
chhumzing	NOUN
chhun	NOUN
chhun	VERB
chhun	ADJ
chhun	ADV
chhùn	NOUN
chhùn	VERB
chhûn	ADJ
chhuna	ADJ
chhûna	ADJ
chhunah	ADJ
chhûnah	ADJ
chhŭnah	ADJ
chhûnahte	ADJ
chhunate	ADJ
chhunbûr	VERB
chhunchawp	ADJ
chhunchhuah	VERB
chhunduk	NOUN
chhunfin	VERB
chhung	NOUN
chhung	VERB
chhung	ADV
chhúng	VERB
chhûng	NOUN
chhûng	VERB
chhûng	ADV
chhŭng	VERB
chhunga	ADJ
chhúnga	ADJ
chhûnga	ADJ
chhŭnga	ADJ
chhungah	ADJ
chhungah	ADV
chhúngah	ADJ
chhûngah	ADJ
chhûngah	ADV
chhungahte	ADJ
chhûngahte	ADJ
chhungan	ADJ
chhûngan	ADJ
chhungawng	VERB
chhu-ngawng	VERB
chhûngawng	VERB
chhûngho	NOUN
chhûnghote	NOUN
chhung-hung	NOUN
chhûng-hung	NOUN
chhungin	ADJ
chhungin	ADV
chhúngin	ADJ
chhûngin	ADJ
chhûngin	ADV
chhûngín	ADJ
chhungkaw	NOUN
chhúngkaw	NOUN
chhûngkaw	NOUN
chhungkawte	NOUN
chhungkawtin	ADJ
chhungkhat	NOUN
chhungkhat	ADJ
chhúngkhat	ADJ
chhûngkhat	NOUN
chhûngkhat	ADJ
chhungkhatte	NOUN
chhûngkhatte	NOUN
chhûngkhâwm	VERB
chhungkhung	VERB
chhûngkhung	VERB
chhungkhur	NOUN
chhungkhur	VERB
chhûngkhur	NOUN
chhungkhura	ADJ
chhungkua	NOUN
chhûngkua	NOUN
chhungkuaa	ADJ
chhûngkuaa	ADJ
chhungkuaah	ADJ
chhûngkuaah	ADJ
chhungkuain	ADJ
chhûngkuain	ADJ
chhungkuate	NOUN
chhûngkuate	NOUN
chhunglam	ADJ
chhûnglam	ADJ
chhunglamah	ADJ
chhûnglamah	ADJ
chhunglut	VERB
chhungmu	NOUN
chhungmu	ADJ
chhûngmû	NOUN
chhûngnîahte	ADJ
chhungnu	NOUN
chhûngnû	NOUN
chhungnung	ADJ
chhûngnung	ADJ
chhungnungah	ADJ
chhûngnungah	ADJ
chhungpa	NOUN
chhûngpa	NOUN
chhungpawng	NOUN
chhungpawng	VERB
chhungpáwng	VERB
chhungpâwng	VERB
chhúngpawng	VERB
chhúngpáwng	VERB
chhúngpâwng	VERB
chhungphum	NOUN
chhungphum	ADJ
chhûngphûm	NOUN
chhûngphûm	ADJ
chhungpui	ADJ
chhûngpui	ADJ
chhungpuinu	NOUN
chhungpuinu	ADJ
chhûngpuinu	NOUN
chhungpuipa	NOUN
chhûngpuipa	NOUN
chhungril	ADJ
chhûngril	ADJ
chhungrila	ADJ
chhûngrila	ADJ
chhungrilah	ADJ
chhûngrilah	ADJ
chhungrilahte	ADJ
chhûngrilahte	ADJ
chhungrual	NOUN
chhûngrual	NOUN
chhungte	NOUN
chhúngte	NOUN
chhûngte	NOUN
chhûngtea	ADJ
chhungteah	ADJ
chhûngteah	ADJ
chhûngteho	NOUN
chhungten	NOUN
chhûngten	NOUN
chhungthlak	NOUN
chhungthlak	VERB
chhungthlâk	NOUN
chhungthlâk	VERB
chhûngthlak	NOUN
chhûngthlak	VERB
chhûngthlâk	NOUN
chhûngthlâk	VERB
chhungthu	NOUN
chhungthuah	ADJ
chhungthuahna	NOUN
chhûngthuahna	NOUN
chhûngtûin	ADJ
chhungtum	VERB
chhûngtum	VERB
chhungzet	ADJ
chhunhan	NOUN
chhunhang	NOUN
chhunhlum	NOUN
chhunkalhna	NOUN
chhunkhalh	ADJ
chhunkhat	ADJ
chhunkun	VERB
chhunkun	ADJ
chhunlai	ADJ
chhûnlai	ADJ
chhunlawn	NOUN
chhunlâwn	NOUN
chhùnlawn	NOUN
chhùnlâwn	NOUN
chhunlawna	ADJ
chhunlen	VERB
chhunlèn	VERB
chhunlên	VERB
chhùnlen	VERB
chhùnlèn	VERB
chhunluh	ADJ
chhûnluh	VERB
chhunmut	VERB
chhùnmut	VERB
chhunna	NOUN
chhunparb	VERB
chhunparb	ADJ
chhunparh	VERB
chhunparh	ADJ
chhunpawn	VERB
chhunpàwn	VERB
chhunpâwn	VERB
chhûnpawn	VERB
chhûnpàwn	VERB
chhûnpâwn	ADJ
chhunpelh	VERB
chhunpêlh	VERB
chhûnpelh	VERB
chhûnpêlh	VERB
chhunral	NOUN
chhunrâl	NOUN
chhùnral	NOUN
chhùnrâl	NOUN
chhunsak	VERB
chhunte	NOUN
chhûnte	NOUN
chhunten	ADJ
chhuntiang	ADJ
chhûntîr	VERB
chhuntlang	ADJ
chhuntu	NOUN
chhuntute	NOUN
chhunzawl	NOUN
chhunzawm	VERB
chhunzawmin	ADJ
chhunzawmna	NOUN
chhunzawmpui	ADJ
chhur	ADJ
chhùr	ADJ
chhura	NOUN
chhûra	NOUN
chhusawm	VERB
chhut	VERB
chhut	ADJ
chhût	VERB
chhutbei	VERB
chhutchhiatna	NOUN
chhûtchian	VERB
chhûtchiangtu	NOUN
chhutin	VERB
chhûtin	VERB
chhutlawk	VERB
chhutlâwk	VERB
chhûtmi	NOUN
chhûtmite	NOUN
chhutna	NOUN
chhûtna	NOUN
chhutnaah	ADJ
chhutpui	VERB
chhûtpui	VERB
chhutpuiin	ADJ
chhutsak	VERB
chhutsawmna	NOUN
chhutsual	ADJ
chhutte	ADJ
chhuttlawk	VERB
chhuttlâwk	VERB
chhuttu	NOUN
chhûttu	NOUN
chhutu	NOUN
chhu-ur	VERB
chhu-ûr	VERB
chhuzuar	NOUN
chi	NOUN
chia	ADJ
chîa	ADJ
chiah	VERB
chiah	ADP
chiaha	ADJ
chiahah	ADJ
chiahhuh	VERB
chiahin	ADJ
chiahna	NOUN
chiahnghal	ADJ
chiahpiah	VERB
chiahpiah	ADJ
chiahpuam	NOUN
chiahpuamin	ADJ
chiahpuitu	NOUN
chiahte	NOUN
chiahtu	NOUN
chiai	VERB
chi-ai	VERB
chi-ái	VERB
chiaiin	ADJ
chiaina	NOUN
chial	ADJ
chial	ADV
chi-al	NOUN
chiam	VERB
chiam	ADV
chiâm	ADJ
chíam	ADJ
chiama	ADJ
chiamah	ADJ
chiamin	ADJ
chiamna	NOUN
chiamnaah	ADJ
chian	VERB
chiana	ADJ
chianahte	ADJ
chiang	VERB
chiang	ADJ
chiáng	VERB
chîang	ADJ
chianga	ADJ
chiangbal	VERB
chiangbal	ADV
chiangin	ADJ
chiangkuan	ADJ
chiangkuang	ADJ
chiangkuanglo	ADJ
chianglo	ADJ
chiangna	ADJ
chiangsa	ADJ
chiangtakin	ADJ
chiangtu	ADJ
chiangtute	NOUN
chianin	ADJ
chianna	NOUN
chiannaah	ADJ
chiannate	NOUN
chiansak	VERB
chiante	ADJ
chiantir	VERB
chiantîr	VERB
chiantirna	NOUN
chiap	VERB
chiap	ADJ
chiap	ADV
chiapcha	NOUN
chiapchâ	NOUN
chiar	VERB
chiàr	VERB
chiâr	VERB
chiarhiar	VERB
chiarru	NOUN
chiarru	VERB
chiârru	NOUN
chiat	VERB
chiat	ADV
chiât	ADV
chiau	VERB
chiauau	VERB
chiâuâu	VERB
chiauhiar	VERB
chiauriau	NOUN
chiauriau	VERB
chiâuriâu	VERB
chibai	NOUN
chibai	VERB
chi-bai	NOUN
chibaia	NOUN
chibaibuk	VERB
chi-bai-buk	VERB
chi-bai-bûk	VERB
chibaina	NOUN
chibawm	NOUN
chibuh	VERB
chîbuh	VERB
chibul	ADJ
chi-bur	NOUN
chi-bûr	NOUN
chicha	NOUN
chichâ	NOUN
chichai	NOUN
chichal	NOUN
chi-chat	VERB
chi-chât	VERB
chichawm	NOUN
chichawm	VERB
chíchawm	VERB
chîchawm	VERB
chi-chhiah	NOUN
chichhuah	VERB
chichhuar	NOUN
chih	VERB
chih	ADJ
chiha	ADJ
chihlawm	VERB
chihláwm	VERB
chihmui	NOUN
chi-hni	NOUN
chihrang	ADJ
chi-hrang	ADJ
chiiin	VERB
chîin	ADJ
chik	VERB
chik	ADJ
chik	ADV
chík	VERB
chîk	VERB
chîk	ADV
chīk	VERB
chi-kawm	ADJ
chî-kawm	ADJ
chikhat	ADJ
chi-khat	NOUN
chi-khawn	NOUN
chi-khâwn	NOUN
chik-hnam	NOUN
chîk-hnam	NOUN
chikhur	NOUN
chikhur	VERB
chikim	ADJ
chikima	ADJ
chikin	ADJ
chikmi	ADJ
chîkmi	NOUN
chikna	NOUN
chil	NOUN
chil	VERB
chîl	NOUN
chîl	VERB
chîla	VERB
chilah	ADJ
chilbawm	NOUN
chilbâwm	NOUN
chilchel	ADV
chilchèl	ADV
chilchêl	ADV
chil-chhak	VERB
chilchhakkhum	VERB
chilchhâkkhum	VERB
chilchik	VERB
chil-diah	VERB
chi-le	NOUN
chi-lê	NOUN
chilh	VERB
chilh	ADV
chilha	ADJ
chilhak	VERB
chilhâk	VERB
chilharh	VERB
chilhaw	VERB
chilháw	VERB
chilhbehna	NOUN
chilhbehnate	NOUN
chilhbelhna	NOUN
chilhharh	VERB
chilhin	ADJ
chilhna	NOUN
chilhtu	NOUN
chilia	VERB
chiliah	VERB
chilin	ADJ
chîlin	ADJ
chil-kang	VERB
chil-kâng	VERB
chilna	NOUN
chîlna	NOUN
chilper	NOUN
chilphuan	ADJ
chil-phuan	NOUN
chilphuante	ADJ
chilphul	VERB
chilphûl	VERB
chilput	VERB
chil-put	VERB
chilpût	VERB
chilrial	NOUN
chilrial	VERB
chilriàl	NOUN
chil-thi	NOUN
chilthli	NOUN
chilthli	ADJ
chilthlîte	ADJ
chilthuk	VERB
chîltîr	VERB
chiltu	NOUN
chîltu	NOUN
chil-wai	NOUN
chim	VERB
chîm	VERB
chima	ADJ
chimah	ADJ
chimawm	ADJ
chim-awm	ADJ
chimawmna	NOUN
chimbakfual	NOUN
chimbal	NOUN
chim-bal	NOUN
chimbuai	VERB
chim-buai	VERB
chîm-buai	VERB
chim-buak	VERB
chîm-buak	VERB
chimbuang	NOUN
chîmbuang	NOUN
chimchawk	NOUN
chimchawk	VERB
chimchawkpui	NOUN
chimchawkpui	VERB
chim-chawm	NOUN
chim-hak	NOUN
chim-hàk	NOUN
chimihna	NOUN
chimin	ADJ
chîmin	ADJ
chimit	NOUN
chimit	VERB
chi-mit	VERB
chimlim	ADJ
chim-lim	VERB
chîmlîm	ADJ
chimlimna	NOUN
chimpil	VERB
chim-pil	VERB
chîmpil	VERB
chîm-pil	VERB
chimpilnaahte	ADJ
chîmpiltîr	VERB
chim-ral	VERB
chîmral	VERB
chimralin	ADJ
chimralna	NOUN
chimring	NOUN
chîmsân	VERB
chimte	ADJ
chim-thaw	NOUN
chimtir	VERB
chîmtîr	VERB
chîmtu	NOUN
chin	NOUN
chin	VERB
chìn	VERB
chîn	NOUN
chîn	VERB
chîna	ADJ
chinaah	ADJ
chinah	ADJ
chinah	ADP
chinai	NOUN
chinaia	ADJ
chinaiin	ADJ
chinan	ADJ
chinchang	NOUN
chinchâng	NOUN
chinchheng	NOUN
chinchhêng	NOUN
chinchiah	VERB
chinchiah	ADV
chindan	ADJ
chinfel	VERB
chinfelna	NOUN
chinfelnaah	ADJ
chinfelsak	VERB
chinfeltu	NOUN
ching	NOUN
ching	VERB
ching	ADJ
chíng	VERB
chîng	NOUN
chîng	VERB
chînga	ADJ
chingal	NOUN
ching-al	NOUN
chîngal	NOUN
chîng-al	NOUN
chîngala	ADJ
chingalin	ADJ
chingchihlip	NOUN
chingchihlîp	NOUN
chingchip	NOUN
ching-chip	NOUN
chingchip-ral	NOUN
chingchip-râl	NOUN
chingchivet	VERB
chingchivèt	VERB
chingchivêt	VERB
chingfel	VERB
chinghne	NOUN
ching-hni	NOUN
chinghnia	NOUN
chinghniain	ADJ
chinghniate	ADJ
chíngho	VERB
chîngho	VERB
chingin	ADJ
chîngin	ADJ
chingit	NOUN
ching-it	NOUN
chingît	NOUN
chingitpui	NOUN
chingîtpui	NOUN
chingit-te	NOUN
chingit-tê	NOUN
chingît-te	NOUN
chingît-tê	NOUN
chingkim	NOUN
chingkim	VERB
chingkuan	NOUN
chingkuan	VERB
chingkuang	VERB
chingkuang	ADV
chingmi	NOUN
ching-ne	NOUN
ching-ngai	VERB
chingpen	VERB
chingpen	ADJ
chingpenin	ADJ
chingpentu	NOUN
ching-pir	NOUN
chingpirinu	NOUN
ching-pi-ri-nu	NOUN
chingpirinû	NOUN
chingpirinuin	NOUN
chingte	ADJ
chîngte	ADJ
chîngten	ADJ
chingtu	NOUN
chîngtu	NOUN
chingtute	NOUN
chîngtute	NOUN
chingtuten	NOUN
chi-ngu	NOUN
ching-zu	NOUN
chîng-zu	NOUN
chinlai	NOUN
chinn	VERB
chinna	NOUN
chînna	NOUN
chinrang	NOUN
chinrâng	NOUN
chînrang	NOUN
chînrâng	NOUN
chintawk	ADJ
chintir	NOUN
chip	NOUN
chip	VERB
chîp	NOUN
chîp	VERB
chipa	ADJ
chipah	ADJ
chipcham	VERB
chipcham	ADV
chîpcham	VERB
chip-chep	ADV
chipchiar	NOUN
chipchiar	ADJ
chip-chiar	ADJ
chipchiár	ADJ
chipchiara	ADJ
chipchiarin	ADJ
chi-per	NOUN
chipna	NOUN
chip-pui	NOUN
chíp-pui	NOUN
chîp-pui	NOUN
chipte	NOUN
chipté	NOUN
chiptê	NOUN
chîpte	NOUN
chîpté	NOUN
chîptê	NOUN
chipui	NOUN
chipui	ADJ
chi-pui	NOUN
chipuiho	ADJ
chipuite	ADJ
chipuiten	ADJ
chir	VERB
chi-rawt	VERB
chi-rawt-lung	NOUN
chi-ràwt-lung	NOUN
chi-râwt-lung	NOUN
chi-rawt-thleng	NOUN
chi-rawt-thlèng	NOUN
chi-ràwt-thleng	NOUN
chi-ràwt-thlèng	NOUN
chi-râwt-thleng	NOUN
chi-râwt-thlèng	NOUN
chirh	NOUN
chirha	ADJ
chirhah	ADJ
chirhdawt	NOUN
chirhdawt	VERB
chirhdâwt	NOUN
chirhdiak	NOUN
chirhdiák	NOUN
chirhdiaka	ADJ
chirhdiakah	ADJ
chirhdûm	ADJ
chirhdûmah	ADJ
chirhdup	NOUN
chirhdup	ADJ
chirhdûp	NOUN
chirhdûp	ADJ
chirhdupa	ADJ
chirhdûpah	ADJ
chirhdûpte	ADJ
chirhpuitur	NOUN
chirhpuitûr	NOUN
chirhsawh	NOUN
chirhsawh	VERB
chirhtheh	VERB
chirhthehnain	ADJ
chiri	NOUN
chiri	VERB
chir-i	NOUN
chirip	NOUN
chiseh	NOUN
chitak	NOUN
chite	NOUN
chitê	NOUN
chîte	NOUN
chiteho	NOUN
chiten	ADJ
chîten	ADJ
chi-teng	NOUN
chitha	NOUN
chitha	ADJ
chithlah	VERB
chi-thlah	NOUN
chithlahte	NOUN
chithlahten	NOUN
chithlahtu	NOUN
chithlahtu	VERB
chi-thlan	NOUN
chi-thlân	NOUN
chithlum	NOUN
chithluma	NOUN
chitin	ADJ
chitinrengte	ADJ
chitlum	NOUN
chiu	VERB
chîu	VERB
chi-uan	VERB
chiuhiah	NOUN
chiuna	NOUN
chnawng	VERB
cho	VERB
cho	ADV
choak	NOUN
cho-ak	NOUN
choâk	NOUN
choaka-thi	NOUN
choâka-thi	NOUN
choaka-um	NOUN
choaka-ûm	NOUN
choâka-um	NOUN
choâka-ûm	NOUN
choaka-van-um	NOUN
choaka-van-ûm	NOUN
choâka-van-um	NOUN
choâka-van-ûm	NOUN
choak-chuan	NOUN
choâk-chuan	NOUN
choakin	ADJ
choâkin	ADJ
choakte	ADJ
choâkte	ADJ
choâkten	ADJ
cho-chhuah	VERB
chokaah	ADJ
chorun	NOUN
chorun	CCONJ
chorûn	NOUN
chote	ADJ
chotuah	VERB
chotuah	ADJ
chova	ADJ
chtnna	NOUN
chu	VERB
chu	ADV
chu	PRON
chu	PART
chu!	INTJ
chuachhapah	ADJ
chu-achhapah	CCONJ
chuaha	ADJ
chuahin	ADJ
chuahna	NOUN
chuahnaa	ADJ
chuahpui	VERB
chuahsak	VERB
chuahsan	VERB
chuahtir	VERB
chuahtu	NOUN
chuai	NOUN
chuai	VERB
chuai	ADJ
chuai	ADV
chuâi	ADJ
chuâi	ADV
chuailo	ADJ
chuai-lo	NOUN
chuailopar	NOUN
chuak	VERB
chual	ADV
chuam	VERB
chuam	ADJ
chuan	NOUN
chuan	VERB
chuan	ADV
chuan	CCONJ
chuan	ADP
chùan	CCONJ
chûan	CCONJ
chuana	CCONJ
chuanah	CCONJ
chuanan	CCONJ
chuanchawnawk	NOUN
chuanchawnâwk	NOUN
chuanchung	NOUN
chuanchung	ADV
chuang	VERB
chuang	ADJ
chuang	ADV
chuâng	ADJ
chuanga	ADJ
chuangah	ADJ
chuangbang	ADJ
chuangchho	VERB
chuangho	NOUN
chuanghote	NOUN
chuangin	ADJ
chuangkai	VERB
chuangliam	ADJ
chuang-liam	ADJ
chuanglo	ADJ
chua-ngo	NOUN
chuangte	ADJ
chuangten	ADJ
chuang-thiam	NOUN
chuangtlai	ADJ
chuangzet	ADJ
chuanhnuai	ADJ
chuanin	CCONJ
chuankai	VERB
chuankaina	NOUN
chuankaitir	VERB
chuanna	NOUN
chuanpuite	NOUN
chuantir	VERB
chuantìr	VERB
chuantîr	VERB
chuantirin	ADJ
chuantîrin	ADJ
chuantirna	NOUN
chuap	NOUN
chuap	VERB
chuap	ADJ
chuap	ADV
chuâp	VERB
chuâp	ADJ
chuâp	ADV
chuapa	ADJ
chuapah	ADJ
chuar	ADJ
chuar	ADV
chuat	ADJ
chuauhang	NOUN
chuauhâng	NOUN
chuaungo	NOUN
chubâk	CCONJ
chubakah	ADJ
chubâkah	ADJ
chuh	VERB
chuh	ADV
chuhhauh	VERB
chuhhauh	ADV
chuhhelh	VERB
chuhin	ADJ
chuhna	NOUN
chuhpui	VERB
chuhpuitute	NOUN
chuhsak	VERB
chuhse	VERB
chuhtir	VERB
chuhtu	NOUN
chuhtute	NOUN
chuhvela	ADJ
chuk	VERB
chúk	VERB
chûk	VERB
chukchu	NOUN
chukchû	NOUN
chukchu-kurh	NOUN
chukchu-kûrh	NOUN
chukchuru	NOUN
chukchuruduniku	NOUN
chukchurudûniku	NOUN
chukchuruduninu	NOUN
chukchurudûninu	NOUN
chukchurudurinu	NOUN
chukchuru-kurh	NOUN
chukchuru-kûrh	NOUN
chukha	VERB
chu-kha	VERB
chu-khâ	VERB
chû-kha	VERB
chû-khâ	VERB
chukna	NOUN
chukpui	VERB
chuktuah	VERB
chuktuah	ADJ
chuktuaha	ADJ
chuktuahah	ADJ
chuktuahin	ADJ
chuktuahna	ADJ
chuktuahte	ADJ
chul	NOUN
chul	VERB
chul	ADJ
chul	ADV
chûl	VERB
chûl	ADJ
chûl	ADV
chulai	ADJ
chulam	ADJ
chul-beraw	NOUN
chulcham	VERB
chûlcham	VERB
chu-leh-chen	ADV
chulh	VERB
chulh	ADJ
chulh	ADV
chulha	ADJ
chulhna	NOUN
chulhtu	NOUN
chulmam	VERB
chul-mam	VERB
chul-mâm	VERB
chûl-mam	VERB
chûl-mâm	VERB
chulnel	VERB
chulnêl	VERB
chûlnel	VERB
chûlnêl	VERB
chulovah	CCONJ
chul-ram	NOUN
chulrih	VERB
chulrit	VERB
chulrît	VERB
chulsak	VERB
chûlsak	VERB
chum	NOUN
chum	VERB
chum	ADJ
chûm	NOUN
chûm	VERB
chuma	ADJ
chumai	CCONJ
chumchi	NOUN
chumchiap	ADJ
chumchiapina	ADJ
chumi	CCONJ
chumî	CCONJ
chûmi	CCONJ
chumia	CCONJ
chumiah	CCONJ
chumin	ADJ
chûmin	ADJ
chumina	ADJ
chumite	CCONJ
chumpha	NOUN
chumpui	NOUN
chûmpui	NOUN
chun	NOUN
chun	ADV
chûn	NOUN
chuna	ADJ
chunah	ADJ
chung	NOUN
chung	ADJ
chung	ADV
chûng	CCONJ
chunga	ADJ
chûnga	ADJ
chungah	ADJ
chungah	ADV
chûngah	ADJ
chungahte	ADJ
chungchang	NOUN
chungchang	ADJ
chungcháng	ADJ
chungchâng	NOUN
chungchâng	ADJ
chungchanga	ADJ
chungchánga	ADJ
chungchânga	ADJ
chungchangah	ADJ
chungchángah	ADJ
chungchângah	ADJ
chungchângahte	ADJ
chungchangte	ADJ
chungchângte	ADJ
chungchuang	ADJ
chungchuanga	ADJ
chungchuangah	ADJ
chungchuangte	NOUN
chungchuanna	NOUN
chungchung	ADJ
chungchûng	ADJ
chungdal	NOUN
chungdâl	NOUN
chungdup	NOUN
chungdûp	NOUN
chungho	ADJ
chûngho	CCONJ
chunghote	NOUN
chûnghote	NOUN
chunghri	NOUN
chungin	ADJ
chungin	ADV
chûngin	ADJ
chungkhat	NOUN
chungkhuh	ADJ
chungkhuhna	NOUN
chunglai	CCONJ
chûnglai	CCONJ
chunglam	NOUN
chunglam	ADJ
chunglama	ADJ
chunglamah	ADJ
chunglang	ADJ
chunglanga	ADJ
chunglawn	ADJ
chungleng	NOUN
chungleng	ADJ
chunglêng	NOUN
chunglêng	ADJ
chungnun	ADJ
chungnung	ADJ
chungnunga	ADJ
chungnungah	ADJ
chungnungber	ADJ
chungnungbera	NOUN
chungnungbera	ADJ
chungnungberan	ADJ
chungnungberin	ADJ
chungnungera	NOUN
chungnungho	NOUN
chungnungte	NOUN
chungnungtir	VERB
chungnunna	NOUN
chungnunnain	ADJ
chungnunzia	ADJ
chungpik	VERB
chungpik	ADJ
chungpikna	NOUN
chungte	ADJ
chûngte	ADJ
chungthu	NOUN
chungthu	ADJ
chungthû	ADJ
chungthûa	ADJ
chungthûah	ADJ
chungtlak	VERB
chungtlak	ADJ
chungtlâk	VERB
chungtlâk	ADJ
chungu	NOUN
chungú	NOUN
chungû	NOUN
chungzâwl	ADJ
chungzâwlah	ADJ
chûnnu	NOUN
chup	VERB
chur	ADJ
churh	VERB
chut	ADJ
chutah	ADV
chutah	CCONJ
chûtah	CCONJ
chuti	NOUN
chuti	ADV
chutia	CCONJ
chutiang	ADJ
chutiang	ADV
chutiang	CCONJ
chûtiang	CCONJ
chutianga	CCONJ
chutiangah	ADJ
chutiangin	ADJ
chutiangte	CCONJ
chutichuan	CCONJ
chutih	CCONJ
chutihchuan	CCONJ
chutihlai	CCONJ
chutin	CCONJ
chuvang	CCONJ
chuvâng	CCONJ
chuvânga	CCONJ
chuvangin	CCONJ
chuvàngin	CCONJ
chuvângin	CCONJ
da	NOUN
da	VERB
da	ADJ
da	ADV
dà	VERB
dâ	NOUN
dâ	VERB
dâ	ADJ
dâ	ADV
dah	VERB
dah	ADV
daha	ADJ
dahah	ADJ
dahbawm	NOUN
dahbelhin	ADJ
dahbo	VERB
dahchhan	ADJ
dahchhuak	VERB
dahchhuakin	ADJ
dahfel	VERB
dahfin	VERB
dahhote	NOUN
dahhran	ADJ
dah-hul	VERB
dahin	ADJ
dahkham	NOUN
dahkham	VERB
dahkhamah	ADJ
dahkhamna	NOUN
dahkhamte	NOUN
dahkhamtu	NOUN
dahkhamtute	NOUN
dahkhat	VERB
dahkhawl	VERB
dah-khawl	VERB
dah-khâwl	VERB
dahkhawlna	NOUN
dahkhâwlna	NOUN
dahkhawm	VERB
dahkhâwm	VERB
dahkhawmna	NOUN
dahkhâwmna	NOUN
dahkhawmnate	NOUN
dahkhawmte	NOUN
dahkhâwmte	NOUN
dahkîr	VERB
dahlau	ADJ
dahlawmaw	ADV
dahlâwmaw	ADV
dahluh	VERB
dahlutin	ADJ
dahna	NOUN
dahnaa	ADJ
dahnaah	ADJ
dahnate	ADJ
dahnaten	ADJ
dahrawk	NOUN
dahrem	VERB
dah-ro	VERB
dahsa	ADJ
dahsak	VERB
dahsawn	VERB
dahsawnna	NOUN
dahte	NOUN
dahtha	VERB
dahṭha	VERB
dahthat	VERB
dahṭhat	VERB
dahthatna	VERB
dahṭhatna	VERB
dahthla	VERB
dahtu	NOUN
dahtute	NOUN
dai	NOUN
dai	VERB
dài	VERB
dâi	NOUN
dâi	VERB
daia	ADJ
dâia	ADJ
daiah	ADJ
dâiah	ADJ
daiahte	ADJ
daibawl	NOUN
daibàwl	NOUN
daibâwl	NOUN
dàibawl	NOUN
dàibâwl	NOUN
dâibawl	NOUN
dâibàwl	NOUN
daibul	NOUN
daichhak	NOUN
daichiau	VERB
daichiâu	VERB
dàichiau	VERB
dàichiâu	VERB
dâichiâu	VERB
daichikchihling	NOUN
daidan	VERB
daidang	VERB
daidangtu	NOUN
daidanna	NOUN
daidansak	NOUN
daidar	NOUN
daidar	VERB
daidaw	NOUN
daideng	NOUN
daidêng	NOUN
daidep	NOUN
daidêp	NOUN
dàidep	NOUN
dàidêp	NOUN
daidepte	NOUN
daidêpte	NOUN
daido	NOUN
dâido	NOUN
daidu	NOUN
daidû	NOUN
daidul	NOUN
daidul	ADJ
daidûl	NOUN
dâidul	NOUN
dâidûl	NOUN
daifem	NOUN
daifem	ADJ
daifêm	NOUN
daifêm	ADJ
daifema	ADJ
daifêma	ADJ
daifemah	ADJ
daifêmah	ADJ
daifemte	NOUN
daifim	NOUN
daifîm	NOUN
dàifim	NOUN
dàifîm	NOUN
daifîmin	ADJ
daifimte	ADJ
daifîmte	ADJ
daih	VERB
daih	ADJ
daih	ADV
daiha	ADJ
daihah	ADJ
daihan	ADJ
daihin	ADJ
daihlim	NOUN
daihlim	ADJ
daihlima	ADJ
daihlimah	ADJ
daihna	NOUN
daihte	ADJ
daihtu	NOUN
daihuah	NOUN
daihzai	VERB
daihzai	ADJ
daihzâi	VERB
daihzat	VERB
daiin	ADJ
dâiin	ADJ
dâikâi	VERB
daikal	VERB
daikat	NOUN
daikiang	NOUN
daikiang	VERB
daikianga	ADJ
daikiangah	ADJ
daikilkara	ADJ
daileng	VERB
dailêng	VERB
dailenna	NOUN
dailhlim	ADJ
dailuah	NOUN
dailut	VERB
daina	NOUN
daingul	NOUN
daingûl	NOUN
daipawn	NOUN
daipawn	ADJ
daipâwn	ADJ
daipawna	ADJ
daipâwna	ADJ
daipawnah	ADJ
daipâwnah	ADJ
daipui	NOUN
daipui	ADJ
dairial	ADJ
daisakuh	NOUN
daisakuh	VERB
daitam	NOUN
daitâm	NOUN
daite	NOUN
daitein	ADJ
daitheu	VERB
daithêu	VERB
daithlang	NOUN
daithlang	ADJ
daitu	NOUN
daivak	VERB
daivak	ADJ
daivâk	VERB
daivau	NOUN
daivau	VERB
daivàu	NOUN
daivâu	NOUN
daivel	VERB
daivêl	VERB
daivelte	NOUN
daivêlte	NOUN
dak	NOUN
dak	VERB
dak	ADJ
dák	NOUN
dák	ADJ
dâk	NOUN
dâk	VERB
dâk	ADJ
daka	NOUN
dakah	ADJ
dakbabu	NOUN
dakbabu	ADJ
dâkbabu	NOUN
dakdalek	NOUN
dakdalek	ADV
dakdalék	NOUN
dakdalêk	NOUN
dak-in	NOUN
dakla	NOUN
dáklá	NOUN
dâklâ	NOUN
dakpu	NOUN
dákpu	NOUN
dâkpu	NOUN
daktawr	NOUN
dáktawr	NOUN
daktawrho	NOUN
daktawrina	ADJ
daktawrte	NOUN
dâktawrte	NOUN
dakthei	ADJ
dal	NOUN
dal	VERB
dal	ADJ
dál	VERB
dál	ADJ
dâl	VERB
dala	ADJ
dalin	ADJ
dâlin	ADJ
dalna	NOUN
dálna	NOUN
dâlsak	ADJ
dalsaktu	NOUN
daltirna	NOUN
daltu	NOUN
dáltu	NOUN
dâltu	NOUN
dâltua	ADJ
dâltûah	ADJ
daltute	NOUN
dam	VERB
dam	ADJ
dam	ADV
dàm	VERB
dàm	ADJ
dâm	VERB
dâm	ADJ
damah	ADJ
damchhan	ADJ
damchhuak	VERB
damchhuakte	VERB
damchhun	ADJ
damchhung	NOUN
damchhung	ADJ
damchhûng	NOUN
damchhûng	ADJ
damchhunga	ADJ
damchhûnga	ADJ
damchhungin	ADJ
damchhunte	NOUN
damdawi	NOUN
damdâwi	NOUN
damdawia	NOUN
damdawiin	ADJ
damdawiina	ADJ
damdawiinah	ADJ
damdawite	NOUN
damdiai	NOUN
damdiái	NOUN
damhlo	NOUN
damin	ADJ
damkawr	ADJ
damkawrna	NOUN
damkhan	VERB
damlai	ADJ
damlaia	ADJ
damlaiin	ADJ
damlo	NOUN
damlo	ADJ
damloa	ADJ
damloh	ADJ
damlohna	ADJ
damlote	ADJ
damloten	ADJ
damlovin	ADJ
dam-man-awm	ADJ
dammawh	ADJ
damna	NOUN
dampui	VERB
damrei	ADJ
damreina	NOUN
damsam	ADJ
damte	NOUN
damtha	ADJ
damthat	ADJ
damtir	VERB
damtîr	VERB
damzia	ADJ
dan	NOUN
dan	VERB
dan	ADJ
dân	NOUN
dân	VERB
danah	ADJ
dànah	ADJ
dânah	ADJ
danahte	ADJ
dânahte	ADJ
danbawhchhepa	NOUN
dânbawhchhepa	NOUN
danchah	VERB
danchah	ADJ
dânchah	VERB
dānchah	VERB
danchahna	NOUN
danchhah	VERB
dang	NOUN
dang	VERB
dang	ADJ
dâng	NOUN
dâng	VERB
dâng	ADJ
danga	ADJ
dangah	ADJ
dangahte	ADJ
dangate	ADJ
dangawk	VERB
dangâwk	VERB
dangâwk	ADJ
dangawkte	ADJ
dangbnuai	NOUN
dangbul	NOUN
dangchar	NOUN
dangchar	VERB
dangchâr	VERB
dangchârin	ADJ
dangchat	VERB
dangchattu	NOUN
dangda	NOUN
dangda	ADJ
dangdá	ADJ
dangdai	ADJ
dangdâi	ADJ
dangdang	ADJ
danghnawn	NOUN
danghnawn	VERB
danghnâwn	NOUN
danghnuai	NOUN
dangin	ADJ
dangina	ADJ
dangkha	NOUN
dangkhar	VERB
dangkhar	ADJ
dangkhâr	VERB
dangkil	NOUN
dangkir	VERB
dangkîr	VERB
dangkirtute	NOUN
dangkîrtute	NOUN
danglam	ADJ
danglama	ADJ
danglambik	ADJ
danglambîk	ADJ
danglamin	ADJ
danglamna	ADJ
danglamnate	ADJ
danglamte	ADJ
danglamtu	NOUN
dangmawn	NOUN
dangmawn	ADJ
dangmâwn	NOUN
dangmlwn	NOUN
dangnâi	ADJ
dangnal	ADJ
dangnál	ADJ
dangnâl	ADJ
dangnalna	ADJ
dangpui	NOUN
dangpui	VERB
dângpui	NOUN
dangpuithq	NOUN
dangpuithu	NOUN
dangpuithû	NOUN
dângpuithu	NOUN
dângpuithû	NOUN
dangral	NOUN
dangral	ADJ
dangro	VERB
dangruh	NOUN
dangruh	VERB
dangte	ADJ
dangten	ADJ
dangthla	VERB
dangthlâ	VERB
dangthli	VERB
dangtu	NOUN
dangtuah	ADJ
dangtute	ADJ
dan-hrai	NOUN
dan-hraí	NOUN
dân-hrai	NOUN
dân-hraí	NOUN
danhremi	NOUN
dánhremi	NOUN
dânhremi	NOUN
danin	ADJ
dânin	ADJ
dankawt	NOUN
dânkawt	NOUN
dânkhat	ADJ
dankir	VERB
dânlo	ADJ
danna	NOUN
dannaa	ADJ
dannate	NOUN
danpui	NOUN
dânpui	NOUN
danpuia	ADJ
danpuiah	ADJ
danpuiin	ADJ
dansak	VERB
dânte	NOUN
dan-um	NOUN
dan-ûm	NOUN
dàn-um	NOUN
dàn-ûm	NOUN
dân-um	NOUN
danzia	ADJ
dap	NOUN
dap	VERB
dap	ADV
dáp	NOUN
dáp	VERB
dâp	NOUN
dâp	VERB
dapa	ADJ
dapawh	VERB
dapchawp	VERB
dapchhuah	VERB
dap-chi	NOUN
dap-chí	NOUN
dáp-chi	NOUN
dáp-chí	NOUN
dâp-chi	NOUN
dapin	ADJ
dâpin	ADJ
dapkhawmin	ADJ
dapna	NOUN
dapnaah	ADJ
dappawp	VERB
dappawp	ADJ
dappui	VERB
daptute	NOUN
dap-vel	VERB
dap-vêl	VERB
dar	NOUN
dar	ADJ
dár	NOUN
dâr	NOUN
dâr	ADJ
darah	ADJ
dârah	ADJ
darap	NOUN
daráp	NOUN
darâp	NOUN
darbak	NOUN
darbak	ADJ
dàrbak	NOUN
dârbak	ADJ
darbakah	ADJ
dârbakah	ADJ
darbakna	NOUN
dârbakna	NOUN
darbel	NOUN
darbêl	NOUN
dârbel	NOUN
dârbêla	ADJ
darbenthek	NOUN
dârbenthek	NOUN
darbenthekte	NOUN
dârbenthekte	NOUN
darbet	NOUN
darbêt	NOUN
darbu	NOUN
darchangfuala	NOUN
darchangtuala	NOUN
dârfei	ADJ
darh	NOUN
darh	VERB
darhah	ADJ
darhai	NOUN
dârhâi	NOUN
darhhote	NOUN
darhil	NOUN
darhin	ADJ
darhlo	NOUN
dârhlo	NOUN
darhna	NOUN
darhnaah	ADJ
darhrai	NOUN
dârhrai	NOUN
darhsarh	VERB
darhsarh	ADJ
darhsarhin	ADJ
darhsarhna	NOUN
darhte	ADJ
darhtir	VERB
darhtîr	VERB
darhtu	NOUN
darhtute	NOUN
darhzau	ADJ
darin	ADJ
dârin	ADJ
darkai	ADJ
darkar	NOUN
darkar	ADJ
darkâr	ADJ
dârkar	ADJ
dârkâr	NOUN
dârkâr	ADJ
dârkârah	ADJ
dârkawl	ADJ
darkawr	ADJ
darkhuang	NOUN
dârkhuang	NOUN
darkhur	NOUN
dàrkhur	NOUN
dârkhur	NOUN
darlai	NOUN
dârlâi	NOUN
darlak	ADJ
darlawi	NOUN
dârlâwi	NOUN
darlawna	ADJ
darlawnah	ADJ
darlawng	NOUN
darlâwng	NOUN
dàrlawng	NOUN
dàrlâwng	NOUN
dârlawng	NOUN
darlukhumte	NOUN
darmang	NOUN
darmum	NOUN
darmûm	NOUN
dârmum	NOUN
dârmûm	NOUN
darngawn	NOUN
darngâwn	NOUN
dàrngawn	NOUN
dàrngâwn	NOUN
dârngâwn	NOUN
darngiau	NOUN
darngiáu	NOUN
dárngiáu	NOUN
dârngiau	NOUN
dârngiáu	NOUN
darpai	NOUN
dârpâi	NOUN
darpharh	NOUN
dârpharh	NOUN
darpheng	NOUN
darphêng	NOUN
dàrpheng	NOUN
dàrphêng	NOUN
dârpheng	NOUN
dârphêng	NOUN
darruh	NOUN
dàrruh	NOUN
darsen	NOUN
dàrsen	NOUN
dârsen	NOUN
darsethi	NOUN
darseṭhi	NOUN
dârsethi	NOUN
dârseṭhi	NOUN
darsi	NOUN
dârsi	NOUN
darsiai	NOUN
dârsiai	NOUN
darsumsel	NOUN
darsumsêl	NOUN
dârsumsel	NOUN
dârsumsêl	NOUN
dartawnsuk	NOUN
dartawnsûk	NOUN
dârtawnsuk	NOUN
dârtawnsûk	NOUN
darthalalang	NOUN
dârthalalang	NOUN
darthlalang	NOUN
dârthlalang	NOUN
darthlalanga	ADJ
dârthlalanga	ADJ
darthlalangah	ADJ
dârthlalangah	ADJ
darthlalangin	ADJ
dârthlalangin	ADJ
darthlalangte	ADJ
dartle	NOUN
dartlê	NOUN
dârtle	NOUN
dârtlê	NOUN
dartuithawl	NOUN
dârtuithâwl	NOUN
darvai	NOUN
dârvai	NOUN
darvaibel	NOUN
darvaibêl	NOUN
dârvaibel	NOUN
dârvaibêl	NOUN
darvir	NOUN
dârvir	NOUN
darzai	NOUN
dârzâi	NOUN
darzau	NOUN
darzokai	NOUN
darzubel	NOUN
dat	VERB
dau	ADJ
dava	ADJ
dava	ADV
davâ	ADJ
davâ	ADV
dàva	ADJ
dàva	ADV
dàvâ	ADJ
dàvâ	ADV
daw	VERB
dawh	NOUN
dawh	VERB
dawhâte	NOUN
daw-hawih	VERB
daw-hâwih	VERB
dawhchho	VERB
dawhchhuah	VERB
dawheh	ADJ
dâwheh	ADJ
dawhehte	ADJ
dawhin	ADJ
dawhkan	NOUN
dawhkàn	NOUN
dawhkân	NOUN
dâwhkân	NOUN
dawhkana	ADJ
dawhkâna	ADJ
dawhkanah	ADJ
dawhkânah	ADJ
dawhkanahte	ADJ
dawhkang	ADJ
dawhkante	NOUN
dawhkânte	NOUN
dawhkilh	NOUN
dawhkilh	VERB
dawhlâwk	VERB
dawhna	NOUN
dawhsan	NOUN
dawhsân	NOUN
dawhsanah	ADJ
dawhsânah	ADJ
dawhsang	VERB
dawhsânte	NOUN
dawhte	NOUN
dawhthei	ADJ
dawhtheia	ADJ
dawhtheih	ADJ
dawhtheihna	NOUN
dawhtheihnaa	ADJ
dawhtheihnaah	ADJ
dawhtheihnain	ADJ
dawhtheihzia	ADJ
dawhtheiin	ADJ
dawhtheite	NOUN
dawhthleng	NOUN
dawhthlêng	NOUN
dawhtir	VERB
dawhtu	NOUN
dawhtute	NOUN
dawhvannei	NOUN
dawhzawl	VERB
dawhzâwl	VERB
dawhzawm	VERB
dawi	NOUN
dawi	VERB
dâwi	NOUN
dâwi	VERB
dawidim	NOUN
dâwidim	NOUN
dawidima	ADJ
dâwidima	ADJ
dawidimhlui	ADJ
dawih	ADJ
dâwih	ADJ
dawihte	ADJ
dawihzep	ADJ
dâwihzep	ADJ
dawihzepna	NOUN
dawina	NOUN
dawino	NOUN
dâwino	NOUN
dawipawnah	ADJ
dawisa	NOUN
dâwisa	NOUN
dawite	ADJ
dawithiam	NOUN
dâwithiam	NOUN
dawithiamah	ADJ
dâwithiamho	NOUN
dawithiamhote	NOUN
dâwithiamhote	NOUN
dawithiamna	NOUN
dâwithiamna	NOUN
dawithiamnate	NOUN
dawithiamnu	NOUN
dâwithiamnu	NOUN
dawithiamte	NOUN
dâwithiamte	NOUN
dawitindawm	VERB
dâwitindawm	VERB
dawitute	NOUN
dâwivaih	ADJ
dawivaihthiam	ADJ
dawizep	ADJ
dawizepte	ADJ
dawk	VERB
dawk	ADJ
dâwk	VERB
dâwk	ADJ
dawkchhuak	VERB
dâwkchhuak	VERB
dawkdawlak	NOUN
dawkdawlâk	NOUN
dawkek	NOUN
dawklak	VERB
dawklak	ADJ
dawktawr	NOUN
dawl	NOUN
dawl	VERB
dâwl	VERB
dawldang	ADJ
dawldâng	ADJ
dâwldâng	ADJ
dawlduap	VERB
dawlduap	ADJ
dawlh	VERB
dawlhkai	ADJ
dawlna	NOUN
dawlpawl	NOUN
dâwlpâwl	NOUN
dawlrem	NOUN
dawlrêm	NOUN
dawlrep	NOUN
dawlrêp	NOUN
dawltawm	NOUN
dawltâwm	NOUN
dawlthei	NOUN
dawlthei	VERB
dâwlthei	VERB
dawltu	NOUN
dawltu	ADJ
dâwltu	NOUN
dawltute	NOUN
dawlzik	NOUN
dawlzik	VERB
dawlzîk	NOUN
dawm	VERB
dâwm	VERB
dawmfung	NOUN
dawmhlumtu	NOUN
dawmin	ADJ
dawmkan	VERB
dâwmkân	VERB
dawmkang	VERB
dawmkangtu	NOUN
dawmkanna	NOUN
dawmna	NOUN
dawmsak	NOUN
dawmtir	VERB
dawmtu	NOUN
dawn	NOUN
dawn	VERB
dàwn	VERB
dâwn	NOUN
dâwn	VERB
dawna	ADJ
dâwna	ADJ
dawnah	ADJ
dâwnah	ADJ
dawnfawh	NOUN
dawng	VERB
dawng	ADJ
dâwng	VERB
dâwng	ADJ
dawngah	ADJ
dawngdah	ADJ
dâwngdah	ADJ
dawngdahna	NOUN
dâwngdahna	NOUN
dawngdahnain	ADJ
dâwngdahte	NOUN
dâwngdahtîr	VERB
dawngfek	NOUN
dâwngfek	NOUN
dawngin	ADJ
dawngnu	ADJ
dawngpui	NOUN
dâwngpui	NOUN
dawngrawl	ADJ
dawngràwl	ADJ
dawngsawng	VERB
dâwngsâwng	VERB
dawngsawnga	ADJ
dawngsawngin	ADJ
dawngsawngtu	NOUN
dawngte	NOUN
dawngte	ADJ
dawngtê	NOUN
dâwngte	NOUN
dâwngtê	NOUN
dawngtea	ADJ
dawngthlek	NOUN
dâwngthlek	NOUN
dawngtu	NOUN
dawngtua	ADJ
dawngtûa	ADJ
dawngtuah	ADJ
dawngtûah	ADJ
dawngtur	ADJ
dawngtute	NOUN
dawnin	ADJ
dâwnin	ADJ
dawnkawn	NOUN
dâwnkâwn	NOUN
dawnlo	ADJ
dawnna	NOUN
dawnnia	ADJ
dawnpui	ADJ
dâwnpui	ADJ
dawnsak	ADJ
dawnsawn	VERB
dawnsawngtu	NOUN
dawntawi	ADJ
dawnte	ADJ
dawnthlawn	VERB
dâwnthlawn	VERB
dawnthleng	NOUN
dawnthleng	ADV
dawnthlêng	NOUN
dawnthlêng	ADJ
dawnțial	NOUN
dâwnțial	NOUN
dawntir	VERB
dawntîr	VERB
dawntirtu	NOUN
dawntirtuah	ADJ
dawntliang	NOUN
dawntliang	VERB
dâwntliâng	NOUN
dawntu	ADJ
dâwnvêla	VERB
dawnzem	NOUN
dâwnzem	NOUN
dawp	NOUN
dawp	VERB
dâwp	NOUN
dâwp	VERB
dawpa	ADJ
dawpin	VERB
dawptu	NOUN
dawr	NOUN
dawr	VERB
dawr	ADJ
dawr	ADV
dàwr	VERB
dâwr	VERB
dawra	ADJ
dâwra	ADJ
dawrah	ADJ
dawrawm	NOUN
dawrawm	ADJ
dâwrâwm	NOUN
dawrawn	NOUN
dawrawn	ADV
dawrh	NOUN
dawrh	VERB
dawrh	ADV
dâwrh	VERB
dâwrh	ADJ
dâwrh	ADV
dawrhtir	VERB
dawrin	ADJ
dawrkai	NOUN
dawrkai	ADJ
dawrkâi	ADJ
dâwrkai	ADJ
dâwrkâi	NOUN
dâwrkâi	ADJ
dàwrkaipa	NOUN
dâwrkaipa	NOUN
dâwrkâite	NOUN
dawrkaiten	ADJ
dawrna	NOUN
dawrnget	NOUN
dawrnget	ADV
dawrngêt	NOUN
dâwrnget	NOUN
dâwrngêt	NOUN
dawrpui	NOUN
dawrpui	VERB
dâwrpui	NOUN
dawrpuia	ADJ
dawrte	ADJ
dawrten	ADJ
dawrtu	NOUN
dâwrtu	NOUN
dawrtute	NOUN
dawrzawn	NUM
dawt	NOUN
dawt	VERB
dawt	ADJ
dâwt	NOUN
dâwt	VERB
dâwt	ADJ
dawta	ADJ
dâwta	ADJ
dawtah	ADJ
dâwtah	ADJ
dawtchiah	ADJ
dawthei	ADJ
dawtheiah	ADJ
dawtheiho	ADJ
dawtheiin	ADJ
dawtheite	ADJ
dawtin	ADJ
dâwtin	ADJ
dawtmai	ADJ
dawtmuhlum	NOUN
dawtmuhlum	VERB
dawtmuhlûm	NOUN
dâwtmuhlum	NOUN
dâwtmuhlûm	NOUN
dawtna	ADJ
dawtpa	NOUN
dâwtpa	NOUN
dawtsawi	VERB
dâwtsawi	VERB
dawtte	NOUN
dâwtte	NOUN
dawtthu	ADJ
dawtthû	ADJ
dâwtthu	ADJ
dâwtthû	ADJ
dâwtthuin	ADJ
dawttir	VERB
dâwttir	VERB
dawttu	ADJ
dawttuah	ADJ
dawtu	ADJ
dawvan	NOUN
dawvàn	NOUN
dawvankai	VERB
dawvankai	ADJ
dawvankâi	VERB
dawvànkai	VERB
dawvànkâi	VERB
dawvinkai	VERB
dazai	ADJ
dazâtna	NOUN
de	VERB
de	ADJ
dé	VERB
deh	NOUN
deh	VERB
dehchhuah	NOUN
dehchhuahte	NOUN
dehchi	NOUN
dehhlumna	NOUN
dehkhirh	ADJ
dehkhirhin	ADJ
dehmawh	NOUN
dehmawh	ADJ
dehmi	NOUN
dehna	NOUN
dehnuam	ADJ
dehnuam	ADV
dehsak	ADJ
dehserh	NOUN
dehserh	VERB
dehtir	VERB
dehtîr	VERB
dehtute	NOUN
dei	NOUN
dek	NOUN
dek	VERB
dek	ADJ
dek	ADV
dék	NOUN
dêk	VERB
dêk	ADJ
dêk	ADV
dêka	ADJ
dekchi	ADJ
dekin	ADJ
dêkin	ADJ
dekkhawih	VERB
dektu	NOUN
del	VERB
del	ADJ
del	ADV
delh	VERB
delha	ADJ
delhbeha	ADJ
delhhlum	VERB
delhhlumte	NOUN
delhin	ADJ
delhkilh	VERB
delhkilh	ADJ
delhkilhin	ADJ
delhkilhna	NOUN
delhkilhtu	NOUN
delhphah	NOUN
delhtu	NOUN
delna	NOUN
delsak	NOUN
delte	NOUN
dem	VERB
dem	ADJ
demawm	VERB
demawm	ADJ
demawmna	NOUN
dembur	VERB
dembûr	VERB
demchi	ADJ
demkai	VERB
demkâi	VERB
demkâi	ADJ
demsak	VERB
demtlak	ADJ
demtlâk	ADJ
demtu	NOUN
den	VERB
den	ADJ
den	ADV
denchhen	VERB
denchhen	ADJ
denchhena	ADJ
denchhenin	ADJ
deng	VERB
dêng	VERB
denga	ADJ
dengchhuanate	ADJ
denghlum	VERB
denghlumtu	NOUN
dênghlumtu	NOUN
dengin	ADJ
dêngin	ADJ
dengkhawng	ADJ
dêngkhâwng	ADJ
dengtu	NOUN
dêngtu	NOUN
dengtute	NOUN
dêngtute	NOUN
denhlum	VERB
denin	ADJ
denlung	ADJ
denna	NOUN
denna	VERB
dentir	VERB
dentîr	VERB
dentîrin	ADJ
dep	NOUN
dep	VERB
dep	ADV
dép	VERB
depa	ADJ
depah	ADJ
depde	ADJ
depdé	ADJ
depdet	VERB
depdet	ADJ
depdêt	VERB
depdi	ADJ
depin	ADJ
deptu	NOUN
der	NOUN
der	VERB
der	ADJ
der	ADV
dêr	ADV
dera	ADJ
dêra	ADJ
derah	ADJ
derdep	ADJ
derdêp	ADJ
dere	NOUN
dereuh	NOUN
dereuh	VERB
derh	ADJ
derh	ADV
derhken	NOUN
derhken	VERB
derho	ADJ
derna	NOUN
dêrna	NOUN
derten	ADJ
derthawn	ADJ
derthawng	ADJ
derthâwng	ADJ
derthawngah	ADJ
dertu	NOUN
desur	ADJ
det	VERB
dét	VERB
dêt	VERB
detzawk	VERB
deu	NOUN
deu	VERB
dêu	NOUN
deuh	ADJ
deuh	ADV
dêuh	ADJ
deuhah	ADJ
deuhhleka	ADJ
deuhin	ADJ
deuhna	ADJ
deuhnaah	ADJ
deuhsawh	VERB
deuhsawhin	ADJ
deuhsawhna	NOUN
deuhte	ADJ
deuhtein	ADJ
deuhten	ADJ
deuhthaw	ADJ
deuhthâw	ADJ
deuhtu	NOUN
deuhva	ADJ
deuhvah	ADJ
deuhvin	ADJ
deusawh	VERB
dèusawh	VERB
deusawhna	NOUN
deusawhtu	NOUN
devan	NOUN
devàn	NOUN
dezawk	VERB
dezawr	VERB
di	NOUN
di	VERB
di	ADJ
diah	ADJ
diah	ADV
diai	VERB
diai	ADJ
diai	ADV
diái	ADV
diak	NOUN
diak	VERB
diak	ADJ
diaka	ADJ
diakah	ADJ
diakahte	ADJ
diaknaah	ADJ
diam	ADJ
diama	ADJ
diamin	ADJ
diamte	ADJ
diamthu	ADJ
diar	NOUN
diar	ADJ
diàr	NOUN
diarkhim	ADJ
diarte	ADJ
diau	ADJ
diau	ADV
dichim	VERB
dichim	ADJ
dichimawm	VERB
dichip	NOUN
dih	VERB
dihmun	ADJ
dihmunah	ADJ
dik	ADJ
dika	ADJ
dikah	ADJ
dikan	ADJ
dikbial	ADJ
dikdak	NOUN
dikdak	VERB
dikhlel	ADJ
dikhlelh	ADJ
dikhlelhna	NOUN
dikin	ADJ
diklo	ADJ
dikloh	ADJ
diklohna	ADJ
diklohnaah	ADJ
diklohnain	ADJ
diklote	ADJ
dikna	NOUN
diknaa	NOUN
diknaah	ADJ
diknate	ADJ
diktak	ADJ
diktaka	ADJ
diktakah	ADJ
diktawk	ADJ
diktawn	NOUN
dikte	ADJ
dikten	ADJ
diktir	VERB
diktîr	VERB
diktîrtu	NOUN
dikzia	ADJ
dil	NOUN
dil	VERB
dîl	NOUN
dîl	VERB
dîla	ADJ
dilah	ADJ
dîlah	ADJ
dilahte	ADJ
dilchhut	VERB
dilchhut	ADJ
dîlchhût	ADJ
dilin	ADJ
dîlin	ADJ
dilna	NOUN
dîlna	NOUN
dilnaa	ADJ
dilnaah	ADJ
dilnate	ADJ
dîlnate	ADJ
dîlpuitu	NOUN
dilsak	VERB
dîlsak	VERB
dîlsaka	ADJ
dilsakna	NOUN
dîlsakna	NOUN
dilsaktu	NOUN
dilte	ADJ
dîlte	ADJ
dîltîr	VERB
diltu	NOUN
dîltu	NOUN
diltute	NOUN
dîltute	NOUN
dim	VERB
dim	ADJ
dimdawi	VERB
dimdawì	VERB
dimdâwi	VERB
dimdâwì	VERB
dimdawih	VERB
dimdawina	NOUN
dimdem	VERB
dimdem	ADV
dimdêm	ADV
dimdiam	ADV
dimdiám	ADV
dîmdiam	ADV
dîmdiám	ADV
din	VERB
dinchan	VERB
dinchan	ADJ
dinchanin	ADJ
dinchanna	NOUN
dinchhan	ADJ
dinchhante	NOUN
dinchhuah	VERB
dinchhuahna	NOUN
dinchhuahpui	VERB
dinchhuahtirtu	NOUN
dinchhuaktu	NOUN
dinchilh	VERB
ding	VERB
ding	ADJ
dîng	ADJ
dingah	ADJ
dingchang	VERB
dingchar	VERB
dingchhuak	VERB
dingchhuakin	ADJ
dingdi	NOUN
dingdi	ADJ
dingdihlip	VERB
dingdihlîp	VERB
dingdihlipa	ADJ
dingho	VERB
dinghote	NOUN
dingin	ADJ
dingkhawr	NOUN
dingkhup	ADJ
dinglai	ADJ
dinglaiin	ADJ
dinglam	ADJ
dinglama	ADJ
dinglamah	ADJ
dinglamin	ADJ
dingte	ADJ
dingten	ADJ
dingtu	NOUN
dingtute	NOUN
dinhmun	NOUN
dinhmun	ADJ
dinhmuna	ADJ
dinhmunah	ADJ
dinhmunin	ADJ
dinhmunsan	ADJ
dinhmunte	ADJ
dinkhawmna	NOUN
dinlek	NOUN
dinlek	VERB
dinna	NOUN
dinnaa	ADJ
dinnaah	ADJ
dinngheh	ADJ
dinnghet	ADJ
dinni	ADJ
dinpui	VERB
dinpuitu	NOUN
dinsa	ADJ
dinsak	VERB
dinsaktu	NOUN
dinte	ADJ
dinthar	VERB
dinṭhatu	NOUN
dintir	VERB
dintîr	VERB
dintirh	ADJ
dintirin	ADJ
dintîrin	ADJ
dintirna	NOUN
dintu	NOUN
dintupa	NOUN
dintute	NOUN
dip	NOUN
dip	VERB
dîp	VERB
dipdal	VERB
dipdâl	VERB
dipdaltu	NOUN
dîpdâltu	NOUN
dipin	VERB
diplawk	VERB
diplâwk	VERB
dîplawk	VERB
dîplâwk	VERB
dipna	NOUN
dipral	VERB
diptak	ADJ
diptîr	VERB
diptu	NOUN
dir	NOUN
dir	VERB
dír	VERB
dirhak	NOUN
diriam	VERB
diriama	ADJ
diriamaawm	VERB
diriamawm	VERB
diriamin	ADJ
diriammawm	VERB
diriamna	NOUN
diriamtir	VERB
diriamtu	NOUN
diriamtuten	ADJ
dîrin	ADJ
diso	NOUN
diso	ADV
dit	VERB
dît	VERB
ditawn	NOUN
ditchuai	VERB
dithlafarfem	NOUN
dithlafarfêm	NOUN
dithli	NOUN
dithlifar	NOUN
dithlifarfem	NOUN
ditip	NOUN
ditip	ADV
ditzawr	VERB
dizungthi	NOUN
dizungthî	NOUN
dizungṭhi	NOUN
dizungṭhî	NOUN
do	NOUN
do	VERB
do	ADV
dodal	VERB
dodâl	VERB
dodala	ADJ
dodâla	ADJ
dodalin	ADJ
dodâlin	ADJ
dodalna	NOUN
dodâlna	NOUN
dodalnaah	ADJ
dodalnate	NOUN
dodaltu	NOUN
dodâltu	NOUN
dodaltuah	ADJ
dodaltute	NOUN
dodâltute	NOUN
dohal	NOUN
dolatu	NOUN
dolatu	ADV
dolet	VERB
doletna	NOUN
dolung	NOUN
donaa	ADJ
dopui	VERB
dopuia	ADJ
dopuiah	ADJ
dopuitu	NOUN
doral	NOUN
dorâl	NOUN
dorâlah	NOUN
dorâlte	NOUN
dosak	VERB
dosal	VERB
dotir	VERB
dotîr	VERB
dotûah	ADJ
dotuten	ADJ
duah	ADJ
duahin	ADJ
duahna	NOUN
duai	ADJ
duaia	ADJ
duaiah	ADJ
duaiin	ADJ
duailo	ADJ
duak	ADJ
duaka	ADJ
dualnaa	ADJ
dualnaah	ADJ
dualtute	NOUN
duan	ADJ
duana	ADJ
duanchhuah	VERB
duang	VERB
duanga	ADJ
duangtu	NOUN
duanlawk	ADJ
duanlâwk	ADJ
duansak	NOUN
duante	NOUN
duanzia	ADJ
duap	ADJ
duar	ADJ
duat	VERB
duata	ADJ
duatna	VERB
duattu	NOUN
duhaisâm	ADJ
duham	ADJ
duhâm	ADJ
duhama	ADJ
duhamna	NOUN
duhâmna	NOUN
duhâmnaah	ADJ
duhamnain	ADJ
duhâmnain	ADJ
duhamte	NOUN
duhâmte	ADJ
duhâmten	ADJ
duhawm	ADJ
duhâwm	ADJ
duhawmin	ADJ
duhawmlo	ADJ
duhawmna	NOUN
duhawmnain	ADJ
duhawmte	NOUN
duhawmtu	NOUN
duhber	ADJ
duhdah	ADJ
duhdan	ADJ
duhdân	ADJ
duhdanin	ADJ
duhduhin	ADJ
duhho	ADJ
duhin	ADJ
duhkhawp	ADJ
duhlai	ADJ
duhlaite	ADJ
duhlian	ADJ
duhlo	ADJ
duhloh	ADJ
duhlohna	NOUN
duhlote	ADJ
duhlotu	NOUN
duhlotute	NOUN
duhmi	NOUN
duhna	NOUN
duhnaah	ADJ
duhnate	NOUN
duhpui	VERB
duhpuina	NOUN
duhsak	VERB
duhsaka	ADJ
duhsakin	ADJ
duhsakna	NOUN
duhsaknaa	NOUN
duhsaknaah	ADJ
duhsaknain	ADJ
duhsaknate	ADJ
duhsakpui	ADJ
duhsakte	ADJ
duhsaktîr	VERB
duhsaktu	NOUN
duhsaktute	NOUN
duhsakzia	ADJ
duhsam	ADJ
duhsâm	ADJ
duhtak	ADJ
duhtaka	ADJ
duhtakin	ADJ
duhtakte	NOUN
duhtawk	ADJ
duhtâwk	ADJ
duhtawka	ADJ
duhtawkin	ADJ
duhtawkna	NOUN
duhte	NOUN
duhten	ADJ
duhthala	ADJ
duhthawh	ADJ
duhthlan	ADJ
duhthlân	VERB
duhthlanna	NOUN
duhthlannaah	ADJ
duhthlannate	NOUN
duhthu	ADJ
duhthû	ADJ
duhthua	ADJ
duhthûa	ADJ
duhthusam	ADJ
duhthusâm	ADJ
duhthusama	ADJ
duhthusâma	ADJ
duhthusamin	ADJ
duhthusamna	NOUN
duhthusamnaah	ADJ
duhthusamte	NOUN
duhtui	ADJ
duhtuina	NOUN
duhtute	NOUN
duhtuten	ADJ
duhzawk	ADJ
duhzawng	ADJ
duhzâwng	ADJ
duhzawnga	ADJ
duhzâwnga	ADJ
duhzâwngin	ADJ
duhzawngte	ADJ
duhzâwngte	ADJ
duhzia	ADJ
dukdak	ADJ
dulah	ADJ
duli	ADJ
dulin	ADJ
dulkiar	ADJ
dulna	ADJ
dulpum	ADJ
dulte	ADJ
dulthuar	NOUN
dulthuâr	NOUN
dulvir	NOUN
dulvir	ADV
dum	NOUN
dum	VERB
dum	ADJ
dum	ADV
dúm	NOUN
dúm	ADJ
dúm	ADV
dûm	VERB
dûm	ADJ
dûm	ADV
duma	ADJ
dumah	ADJ
dumahte	ADJ
dumbawm	NOUN
dumda	NOUN
dumde	NOUN
dumdé	NOUN
dumdut	NOUN
dumei	NOUN
dumin	ADJ
dumkawr	NOUN
dumkawr	ADV
dumpawl	ADJ
dumpâwl	ADJ
dumpawla	ADJ
dumpâwla	ADJ
dumpâwlin	ADJ
dumrawng	ADJ
dumte	NOUN
dumte	ADJ
dûmte	ADJ
dumtu	NOUN
dun	ADJ
dun	ADV
dun	PRON
dûn	ADJ
dûn	ADV
duna	ADJ
dung	ADJ
dunglam	ADJ
dungleh	ADJ
dunglena	ADJ
dungte	ADJ
dungthlun	ADJ
dungtluanin	ADJ
dungzui	ADJ
dungzuia	ADJ
dungzuiin	ADJ
dunin	ADJ
dunna	ADJ
dunpui	ADJ
dunte	ADJ
duntir	ADJ
duntîr	ADJ
dup	ADJ
dup	ADV
dupangthuam	NOUN
dupangṭhuam	NOUN
dupângthuam	NOUN
dupângṭhuam	NOUN
dupin	ADJ
dur	NOUN
dur	VERB
dur	ADJ
dur	ADV
dúr	NOUN
dúr	ADJ
durah	ADJ
dûrah	ADJ
durahte	ADJ
durh	VERB
durh	ADJ
durh	ADV
dûrh	ADJ
dûrh	ADV
durhah	ADJ
durhte	ADJ
dûrin	ADJ
durmit	NOUN
durna	ADJ
durtlanga	ADJ
du-ru-suih	VERB
dû-ru-suih	VERB
dut	VERB
dut	ADJ
dut	ADV
dut	INTJ
dút	ADV
dût	VERB
dût	ADJ
e	VERB
eden	NOUN
eden	PART
eh	VERB
eh	INTJ
ehei	INTJ
ei	NOUN
ei	VERB
ei	CCONJ
ei	PART
eiah	ADJ
eibâng	ADJ
eibar	NOUN
eichawp	NOUN
eichhe	VERB
eichhia	NOUN
eichhia	VERB
eichhiat	VERB
eichhiatna	NOUN
eichhiatsak	VERB
eichhin	VERB
eih	NOUN
eih	ADV
eihma	ADJ
eiin	ADJ
eikham	ADJ
eikhama	ADJ
eikhamah	ADJ
eikhawmna	NOUN
eikhawmnaah	ADJ
eikhawp	ADJ
ei-lai	NOUN
ei-lawk-pa	NOUN
ei-lâwk-pâ	NOUN
eina	NOUN
einate	NOUN
eipuar	VERB
eipui	NOUN
eipui	VERB
eipuiah	ADJ
eiral	VERB
eirala	VERB
eiralin	VERB
eiralsak	VERB
eiraltu	NOUN
eirawng	NOUN
eirawngbawl	VERB
eirawngbawlna	NOUN
ei-rawng-bawltu	NOUN
eirelna	NOUN
eirêlna	NOUN
eiru	NOUN
ei-ru	NOUN
ei-rù	NOUN
eirua	NOUN
eiruk	VERB
eiruka	ADJ
ei-ruk-hmang	NOUN
ei-rûk-hmang	NOUN
eirukna	NOUN
eirûkna	NOUN
eirûknain	ADJ
eisak	VERB
eisiam	NOUN
eisiamna	NOUN
eisual	VERB
eitheih	NOUN
eiṭhin	ADJ
eitir	VERB
eitîr	VERB
eitîrin	ADJ
eitirna	ADJ
eitling	ADJ
eitu	NOUN
eituin	ADJ
eitur	NOUN
eitûr	NOUN
eitura	ADJ
eituten	ADJ
eizawn	ADJ
eizawng	ADJ
eizawngte	NOUN
eizawngten	ADJ
eizawngtu	NOUN
eizawngtute	NOUN
eizawnna	NOUN
eizawnnaah	ADJ
eizawnnain	ADJ
ek	NOUN
ek	VERB
ék	VERB
êk	NOUN
êk	VERB
ek-awk	ADJ
ek-awk	ADV
ek-âwk	ADJ
ek-âwk	ADV
ék-awk	ADV
ék-âwk	ADV
èk-awk	ADJ
èk-awk	ADV
èk-âwk	ADJ
èk-âwk	ADV
êk-awk	ADJ
êk-awk	ADV
êk-âwk	ADJ
êk-âwk	ADV
ek-awng	NOUN
ek-âwng	NOUN
ék-awng	NOUN
ék-âwng	NOUN
êk-awng	NOUN
êk-âwng	NOUN
ekbawm	NOUN
ekbeng	VERB
êkbeng	VERB
ekcheh	VERB
êkcheh	VERB
êkchhe	ADJ
ekchheng	VERB
êkchheng	VERB
ekchhia	NOUN
êkchhia	NOUN
ekchhiaah	NOUN
êkchhiaah	NOUN
ek-chhuak	VERB
êk-chhuak	VERB
ekdur	NOUN
ekdûr	NOUN
êkdur	NOUN
êkdûr	NOUN
ekdûra	ADJ
ekfun	VERB
êkfun	VERB
ekin	NOUN
ek-lung	NOUN
êklung	NOUN
êk-lung	NOUN
ekpaih	NOUN
ekpaih	VERB
êkpaih	NOUN
ek-rih	VERB
êk-rih	VERB
eksukbel	NOUN
eksûkbel	NOUN
êksukbêl	NOUN
êksûkbêl	NOUN
ektu	NOUN
ekzam	VERB
el	NOUN
el	VERB
el	ADV
êl	NOUN
êl	ADV
elaw	INTJ
el-awl	ADJ
el-àwl	ADJ
èl-awl	ADJ
èl-àwl	ADJ
êl-awl	ADJ
êl-àwl	ADJ
el-eu	ADJ
el-eu	ADV
êl-eu	ADJ
êl-eu	ADV
elh	VERB
elhbun	NOUN
elhbung	VERB
elh-kual	VERB
elh-kul	VERB
elh-kûl	VERB
elhtliah	VERB
elhtliak	VERB
elh-tliak	VERB
elkun	VERB
elkùn	VERB
elkûn	VERB
êlkun	VERB
êlkùn	VERB
êlkûn	VERB
elo	PART
elpuite	ADJ
elrel	VERB
elrelna	NOUN
elrêlna	NOUN
elsen	VERB
elsèn	VERB
eltiang	ADJ
eltiang	ADV
eltu	NOUN
em	NOUN
em	VERB
em	PART
èm	NOUN
emah	INTJ
êmah	INTJ
emai	INTJ
emaw	CCONJ
emaw	INTJ
emaw	PART
emâw	INTJ
êmaw	INTJ
emawin	ADJ
êmin	INTJ
em-lem	NOUN
èm-lem	NOUN
empai	NOUN
empâi	NOUN
èmpai	NOUN
èmpâi	NOUN
emping	NOUN
èmping	NOUN
em-ro	VERB
emte	INTJ
êmte	INTJ
emtu	NOUN
êmtu	NOUN
en	VERB
en	ADV
èn	VERB
enah	ADJ
ênah	ADJ
enbel	VERB
enbel	ADJ
enbik	NOUN
enbik	VERB
enbîk	VERB
enbingna	NOUN
enchhin	VERB
enchhinin	ADJ
enchhinna	NOUN
enchhinnaa	NOUN
enchhinnate	NOUN
enchho	VERB
enchian	VERB
enchiang	VERB
enchiangin	ADJ
enchim	ADJ
enchimloh	ADJ
endan	VERB
endân	VERB
endawng	VERB
endawngna	NOUN
endik	VERB
endika	VERB
endikah	ADJ
endikin	ADJ
endikmek	VERB
endikna	NOUN
endiksak	VERB
endiktir	VERB
endiktu	NOUN
endiktua	NOUN
endiktute	NOUN
enfel	VERB
enfiah	VERB
enfiaha	ADJ
enfiahin	ADJ
enfiahna	NOUN
enfiahnaah	ADJ
enfiahtu	NOUN
enfiahtute	NOUN
eng	NOUN
eng	VERB
eng	ADJ
eng	PART
éng	NOUN
éng	VERB
êng	VERB
engah	ADJ
êngah	ADJ
engahmah	ADJ
engahnge	ADJ
engahte	ADJ
enghelh	VERB
enghelhna	NOUN
êngho	ADJ
engilo	NOUN
êngin	ADJ
engkhaw	ADJ
engkim	NOUN
engkim	ADJ
engkima	ADJ
engkimah	ADJ
engkimin	ADJ
engkimtithei	ADJ
engkimtitheia	NOUN
engkimtitheian	NOUN
englai	ADJ
englo	NOUN
englo	PRON
ênglo	PRON
engmah	ADJ
êngmah	ADJ
engmaha	ADJ
engmahah	ADJ
engmahin	ADJ
engmahlova	ADJ
engmahlovah	ADJ
engmawi	ADJ
engpawh	ADJ
êngpawh	ADJ
engpawhah	ADJ
engphiarin	ADJ
engphiarin	ADV
engtak	ADJ
engte	ADJ
êngte	ADJ
engthawl	VERB
engthawl	ADJ
engthâwl	VERB
engthâwl	ADJ
engthawla	ADJ
engthâwlho	ADJ
engthawlin	ADJ
engthawlna	NOUN
êngthawlna	NOUN
engti	NOUN
engti	ADJ
engtî	NOUN
engtia	ADJ
engtia	PART
engtiang	ADJ
engtianga	ADJ
engtiangah	ADJ
engtiangin	ADJ
engtih	ADJ
engtihna	NOUN
engtik	ADJ
êngtik	ADJ
engtika	ADJ
engtikah	ADJ
engtikahmah	ADJ
engtiklai	ADJ
engtin	ADJ
engtin	PART
engtinnge	ADJ
engtizia	ADJ
engtizia	ADV
êngtizia	ADJ
engtiziaa	ADJ
engto	NOUN
engto	ADJ
engtu	ADJ
êngtu	ADJ
engvang	ADJ
engvâng	ADJ
engvanga	ADJ
engvânga	ADJ
engvangin	PRON
engvângin	PRON
engzat	PRON
engzât	PRON
engzata	PRON
engzatah	PRON
engzâtah	PRON
engzual	ADJ
enhlatna	NOUN
enhlawh	ADJ
enhran	ADJ
enhrang	ADJ
enin	ADJ
enkawl	ADJ
enkawla	ADJ
enkawlah	ADJ
enkawlin	ADJ
enkawlna	NOUN
enkawlnaah	ADJ
enkawlpui	ADJ
enkawlsak	VERB
enkawltîr	VERB
enkawltu	NOUN
enkawltû	NOUN
enkawltuah	ADJ
enkawltûah	ADJ
enkawltuahte	ADJ
enkawltuho	NOUN
enkawltuin	ADJ
enkawltunu	NOUN
enkawltupa	NOUN
enkawltute	NOUN
enkawltuten	ADJ
enkawlzui	VERB
enkawtu	NOUN
enkhalh	VERB
enkhalhna	NOUN
enkhalhthei	ADJ
enkhalhtu	NOUN
enkual	VERB
enlai	ADJ
enlen	NOUN
enlenna	NOUN
enlennaa	ADJ
enliam	VERB
enlova	ADJ
enmawh	NOUN
enna	NOUN
ênna	NOUN
ennawm	ADJ
ennâwm	ADJ
ennawma	ADJ
ennawmah	ADJ
ennawn	VERB
ennâwn	VERB
ennawnin	ADJ
enngun	VERB
ennin	ADJ
enpawvawh	VERB
enpui	VERB
enpuiin	ADJ
enpuina	NOUN
enrawh	VERB
enremna	NOUN
enru	VERB
enrutu	NOUN
enrutu	VERB
ensak	VERB
ensan	VERB
entawh	VERB
entawn	VERB
entawna	ADJ
entawnin	ADJ
entawnna	NOUN
entawntlak	ADJ
entawntlâk	ADJ
entawntlaka	ADJ
entawntu	NOUN
entha	VERB
enṭha	VERB
enthat	VERB
enthei	VERB
entheihzia	ADJ
enthiam	ADJ
enthithlai	VERB
enthithlái	VERB
enthîthlai	VERB
enthîthlái	VERB
enthla	VERB
enthlâ	VERB
enthlaa	ADJ
enthlâa	ADJ
enthlak	VERB
enthlâk	VERB
enthlaka	ADJ
enthlakna	NOUN
enthlaktir	VERB
en-thlangtlawm	VERB
en-thlangtlâwm	VERB
enthlatu	NOUN
enthlatua	ADJ
enthlatuah	ADJ
enthlatûah	ADJ
enthlatute	NOUN
enthlithlai	VERB
enthlîthlai	VERB
enthlîthlâi	VERB
enthlithlaina	NOUN
entir	VERB
entîr	VERB
êntîr	VERB
entira	ADJ
entîra	ADJ
entirin	ADJ
entirna	NOUN
entîrna	NOUN
entirnaah	ADJ
entîrnaah	ADJ
entirnan	ADJ
entîrnate	NOUN
entirsiak	VERB
entirsiakna	NOUN
entirtu	NOUN
entlang	NOUN
entleu	VERB
entlêu	VERB
entu	NOUN
èntu	NOUN
êntu	NOUN
êntû	NOUN
entuah	ADJ
êntuahte	ADJ
entuin	ADJ
entuten	ADJ
enzak	ADJ
enzawh	VERB
enzawk	VERB
enzawlna	NOUN
enzawn	VERB
enzawnna	NOUN
enzui	VERB
en-zui	VERB
enzuia	ADJ
enzuiin	ADJ
ep	NOUN
ep	VERB
ep	ADJ
epah	ADJ
epin	ADJ
eptu	NOUN
eptuten	ADJ
er	VERB
erfu	NOUN
erfû	NOUN
erh	VERB
erh	ADV
êrh	ADV
eu	VERB
èu	VERB
euh	NOUN
euh	VERB
evi	NOUN
evi	VERB
fa	NOUN
fa	ADJ
fa	ADV
fà	ADJ
fà	ADV
fâ	NOUN
fâ	ADJ
fâ	ADV
faahte	ADJ
fa-chhawng	NOUN
fachuam	NOUN
fa-chuam	NOUN
fa-dam	VERB
fafu	NOUN
fafû	NOUN
fah	NOUN
fah	VERB
fahmiang	ADV
fahna	NOUN
fahngai	NOUN
fahrah	NOUN
fahrah	ADJ
fahraha	ADJ
fahrahin	ADJ
fahrah-puan-hlai	X
fahrahte	NOUN
fahrahten	ADJ
fahran	NOUN
fahran	ADV
fahrawn	NOUN
fahrawn	VERB
fahrin	ADJ
fai	VERB
fai	ADJ
fai	ADV
fái	VERB
fái	ADJ
fâi	VERB
făi	VERB
fai)	VERB
faia	ADJ
faiah	ADJ
faibe	NOUN
faifere	NOUN
faifuk	VERB
faifûk	VERB
faifûkin	ADJ
faihawt	NOUN
fáihawt	NOUN
fai-ip	NOUN
fái-ip	NOUN
faikelh	NOUN
faikelh	VERB
faikêlh	VERB
fáikelh	VERB
fáikêlh	VERB
faikhiat	NOUN
fâin	ADJ
faina	ADJ
fairel	NOUN
fairèl	NOUN
fairêl	NOUN
fàirel	NOUN
fàirèl	NOUN
faisa	NOUN
fáisa	NOUN
faisafu	NOUN
faisafu	ADV
faisafû	NOUN
fáisafu	NOUN
fáisafû	NOUN
faisak	VERB
fâisak	VERB
faisaka	ADJ
faisa-zu	NOUN
faisa-zû	NOUN
fáisa-zu	NOUN
fáisa-zû	NOUN
faitam	NOUN
faite	ADJ
faithlak	NOUN
faithlak	X
faithlâk	NOUN
fáithlak	NOUN
fáithlâk	NOUN
faitu	NOUN
fâitu	NOUN
faivek	ADJ
fak	NOUN
fak	VERB
fak	ADV
fâk	NOUN
fâk	VERB
faka	ADJ
fakang	NOUN
fakang	ADV
fakau	ADJ
fakau	ADV
fakauva	ADJ
fakauvin	ADJ
fakawih	VERB
fakawih	ADJ
fakâwih	ADJ
fakawm	ADJ
fakawma	ADJ
fakawmna	NOUN
fakawmzia	ADJ
fak-chak	NOUN
fâk-châk	NOUN
fakder	VERB
fakdera	ADJ
fakderna	ADJ
fakdernaah	ADJ
fakdernain	ADJ
fakdertu	NOUN
fak-hlawh	VERB
fakin	ADJ
faklâwm	VERB
faknaa	ADJ
faknaah	ADJ
faknate	NOUN
fakpui	VERB
fakselna	NOUN
fakte	ADJ
fak-tlak	VERB
faktlâk	ADJ
fak-tlâk	VERB
faktlâka	ADJ
faktu	NOUN
faktute	NOUN
fal	NOUN
fal	ADJ
fal	ADV
fâl	ADJ
fâl	ADV
falak	NOUN
falak	ADJ
falâk	ADJ
falakho	ADJ
falin	ADJ
falkawna	ADJ
falkawnah	ADJ
falna	NOUN
falpui	NOUN
fâlpui	VERB
fa-lung	NOUN
fam	VERB
fâm	VERB
famdawm	VERB
famhnim	VERB
famkim	ADJ
famkim	ADV
famkima	ADJ
famkimah	ADJ
famkimin	ADJ
famkimna	NOUN
famkimnaa	ADJ
famkimnaah	ADJ
famkimte	NOUN
famkimtu	NOUN
fan	VERB
fan	ADV
fân	VERB
fana	ADJ
fanai	NOUN
fânâi	NOUN
fanau	NOUN
fanaute	NOUN
fanautê	NOUN
fanâute	NOUN
fanauten	ADJ
fanauva	ADJ
fanchhan	NOUN
fang	NOUN
fang	VERB
fang	ADJ
fang	ADV
fâng	NOUN
fâng	VERB
fâng	ADJ
fanga	ADJ
fangfaawi	NOUN
fangfaàwi	NOUN
fângfaawi	NOUN
fângfaàwi	NOUN
fângfaâwi	NOUN
fangfar	NOUN
fângfar	NOUN
fangfial	NOUN
fanghma	NOUN
fanghmate	NOUN
fanghma-thar-ko	NOUN
fanghmir	NOUN
fanghmir	VERB
fanghmîrte	NOUN
fangin	ADJ
fangkaipui	VERB
fangkal	ADJ
fangkhat	ADJ
fangra	NOUN
fangrâ	NOUN
fangrawng	NOUN
fângrawng	NOUN
fangri	NOUN
fangte	ADJ
fangtu	ADJ
fanil	NOUN
fanin	ADJ
fanna	NOUN
fânna	NOUN
fannaahte	ADJ
fanpui	VERB
fantute	NOUN
fanu	NOUN
fanua	ADJ
fanuah	ADJ
fanuho	NOUN
fanuin	ADJ
fanute	NOUN
fanuteho	NOUN
fanutein	ADJ
fanuten	ADJ
fapa	NOUN
fapaa	NOUN
fapaah	NOUN
fapaho	NOUN
fapate	ADJ
fapâte	ADJ
fapateho	ADJ
fapaten	ADJ
faphir	VERB
faphir	ADJ
far	NOUN
far	VERB
far	ADJ
far	ADV
fâr	NOUN
fardawn	NOUN
fare	NOUN
farel	NOUN
farêl	NOUN
farete	NOUN
faretê	NOUN
farfêm	ADJ
fârin	ADJ
faring	NOUN
farisai	NOUN
farisaite	NOUN
farkawm	VERB
farkawn	NOUN
fârkâwn	NOUN
farlawng	ADJ
farna	NOUN
farnu	NOUN
farnuin	ADJ
farnute	NOUN
farnuten	ADJ
farsak	VERB
fartir	VERB
fartîr	VERB
fartuah	NOUN
fartuah	ADJ
farṭuah	NOUN
fasâwn	ADJ
fasente	ADJ
fasênte	ADJ
fasuar	NOUN
fatawi	NOUN
fatâwi	NOUN
fate	NOUN
faté	NOUN
fatê	NOUN
fâte	NOUN
fateah	ADJ
fâteah	ADJ
fateho	ADJ
faten	ADJ
fathang	NOUN
fatir	ADJ
fa-tir	NOUN
fatîr	ADJ
fa-tîr	NOUN
fatirah	ADJ
fatîrin	ADJ
fatling	ADJ
fatlum	ADJ
fa-tlum	NOUN
fatu	NOUN
fatumbu	NOUN
favah	NOUN
favaha	ADJ
favai	NOUN
favâi	NOUN
favang	NOUN
favàng	NOUN
favâng	NOUN
favanga	ADJ
fawh	VERB
fawh-bur	NOUN
fawh-bûr	NOUN
fawhdep	NOUN
fawhdêp	NOUN
fawhkai	NOUN
fawhkai	VERB
fawhkâi	NOUN
fawhkaian	ADJ
fawhkal	NOUN
fawhna	NOUN
fawhnate	NOUN
fawhtîr	VERB
fawhtu	NOUN
fawk	VERB
fâwk	VERB
fawkfei	NOUN
fawkin	ADJ
fawkkhawm	VERB
fâwkkhâwm	VERB
fawkkhawmin	ADJ
fawm	VERB
fâwm	VERB
fawmin	ADJ
fâwmin	ADJ
fawmkem	VERB
fawmkêm	VERB
fâwmkem	VERB
fâwmkêm	VERB
fawmkhawm	VERB
fawmpuitu	NOUN
fawmte	NOUN
fawmtu	NOUN
fawmtuah	ADJ
fawn	VERB
fâwn	VERB
fawnah	ADJ
fawng	NOUN
fawng	ADJ
fawnga	ADJ
fawngah	ADJ
fawngbun	NOUN
fawngbun	VERB
fawngfai	VERB
fawngpui	NOUN
fawngpui	VERB
fawngte	NOUN
fawngtê	NOUN
fawngthuai	NOUN
fawngthuâi	NOUN
fawnin	ADJ
fâwnin	ADJ
fawnte	NOUN
fâwnvêl	ADJ
fawp	VERB
fâwp	VERB
fawpfawh	VERB
fawpin	ADJ
fâwpin	ADJ
fawptu	NOUN
fâwptu	NOUN
fawr	VERB
fawr	ADV
fawrna	NOUN
fawrpui	VERB
fazai	NOUN
fazai	ADV
fazâi	NOUN
fazu	NOUN
fazû	NOUN
fe	NOUN
fe	ADV
fê	NOUN
fê	ADV
feh	VERB
fehchhuah	VERB
fehchhuahpui	VERB
fehchhuak	VERB
feh-em	ADV
feh-êm	ADV
fehkawng	ADJ
feh-kawng	NOUN
fehkhawng	NOUN
fehnaah	ADJ
fehreh	NOUN
fehrehsan	NOUN
fehrehsân	NOUN
fehsan	ADJ
fei	NOUN
fei	VERB
fei	ADJ
feiah	ADJ
feiaihthei	NOUN
feiaiththei	NOUN
feialhthei	NOUN
feibengnei	NOUN
feichhawr	NOUN
feihna	NOUN
feiin	ADJ
feikibar	NOUN
feikibâr	NOUN
feikibara	ADJ
fêin	ADJ
feina	NOUN
feingul	NOUN
feite	NOUN
feitein	ADJ
feizawn	NOUN
feizáwn	NOUN
feizâwn	NOUN
fek	VERB
fek	ADJ
fek	ADV
fêk	ADJ
fek-fawn	ADJ
fêk-fawn	ADJ
fel	VERB
fel	ADJ
fêl	VERB
felah	ADJ
felfai	ADJ
felfâi	ADJ
felhlel	ADJ
felhlelhna	NOUN
felhlelhnate	NOUN
felin	ADJ
fellohna	NOUN
felna	NOUN
felnaa	ADJ
felnaah	ADJ
felnate	NOUN
felpui	VERB
felsak	VERB
felsaka	ADJ
feltaka	ADJ
felte	NOUN
felten	ADJ
feltîr	VERB
feltu	NOUN
felzia	ADJ
fem	NOUN
fem	VERB
fêm	NOUN
fema	ADJ
femah	ADJ
fêmah	ADJ
femahte	ADJ
femte	ADJ
fen	VERB
fen	ADJ
fèn	VERB
fên	VERB
fên	ADJ
fen-arh	NOUN
fên-arh	NOUN
fen-chhing	NOUN
fen-chhîng	NOUN
fên-chhing	NOUN
fên-chhîng	NOUN
fenfual	ADJ
fenfualah	ADJ
feng	VERB
feng	ADV
féng	VERB
fêng	VERB
fênga	ADJ
fengin	ADJ
fêngin	ADJ
fenhlim	NOUN
fenhlîm	NOUN
fênhlim	NOUN
fênhlîm	NOUN
fenhnuai	NOUN
fenhnuai	ADJ
fênhnuai	NOUN
fenngo	NOUN
fênngo	NOUN
fenthli	NOUN
fenthliar	NOUN
fenthlir	NOUN
fênthlir	NOUN
fenthuah	NOUN
fênthuah	NOUN
fenthuahte	ADJ
fep	NOUN
fep	VERB
fêp	NOUN
fêp	VERB
fer	NOUN
fer	ADJ
fer	ADV
fér	ADJ
fér	ADV
fêr	NOUN
fêr	ADJ
fêr	ADV
fere	ADJ
feré	ADJ
ferê	ADJ
fêrê	ADJ
feren	NOUN
fet	NOUN
fet	VERB
fet	ADJ
fet	ADV
fét	ADV
fêt	ADJ
fêt	ADV
fi	VERB
fia	VERB
fiah	VERB
fiah	ADJ
fiaha	ADJ
fiahin	ADJ
fiahlo	ADJ
fiahloh	ADJ
fiahna	NOUN
fiahnaa	ADJ
fiahnaah	ADJ
fiahnate	NOUN
fiahsak	VERB
fiahthiam	ADJ
fiahtir	VERB
fiahtîr	VERB
fiahtu	NOUN
fiak	VERB
fiak	ADJ
fiam	VERB
fiâm	VERB
fiamna	NOUN
fiamthu	NOUN
fiamthû	NOUN
fiâmthu	NOUN
fiamthua	NOUN
fiamthuah	ADJ
fiamthuduh	ADJ
fiamthuin	ADJ
fiamthute	ADJ
fian	NOUN
fianin	ADJ
fianlian	ADJ
fianpui	VERB
fianrial	ADJ
fianriala	ADJ
fianrialah	ADJ
fianrialahte	ADJ
fianrialte	ADJ
fianrlal	ADJ
fiante	NOUN
fianthlir	NOUN
fiarkawn	NOUN
fiarkâwn	NOUN
fîarkawn	NOUN
fîarkâwn	NOUN
fihlim	VERB
fihlîm	VERB
fihlimna	NOUN
fihlîmna	NOUN
fihlimpui	VERB
fihlimsan	VERB
fihlimsân	VERB
fihlimtir	VERB
fihlîmzia	ADJ
fik	NOUN
fik	VERB
fik	ADV
fikian	ADV
fikiang	ADJ
fikiang	ADV
fikuau	VERB
filawr	NOUN
filawr	VERB
filawr	ADJ
filh	ADJ
fim	VERB
fim	ADJ
fîm	ADJ
fima	ADJ
fimin	ADJ
fimkhur	VERB
fimkhur	ADJ
fîmkhur	ADJ
fîmkhura	ADJ
fimkhurna	NOUN
fimkhurpui	VERB
fimkhurzia	ADJ
fimpuitla	VERB
fin	VERB
fina	ADJ
finchhuah	VERB
finchhuaha	ADJ
finchhuahna	NOUN
finchhuahtu	NOUN
finfiah	VERB
finfiahin	ADJ
finfiahna	NOUN
finfiahnate	NOUN
fing	NOUN
fing	VERB
fing	ADJ
finga	ADJ
fingah	ADJ
fingate	ADJ
finghote	NOUN
fingin	ADJ
finglote	ADJ
fingte	ADJ
fingten	ADJ
fingtu	NOUN
fingvar	NOUN
fingvâr	NOUN
fingvâra	NOUN
finin	ADJ
finkhawmin	ADJ
finlawr	ADJ
finna	NOUN
finnaa	ADJ
finnaah	ADJ
finnate	ADJ
finrawl	NOUN
finrawl	ADJ
finrâwl	NOUN
finrâwl	ADJ
finte	ADJ
finthlak	ADJ
finthlâk	ADJ
fintu	NOUN
finvar	ADJ
finvâr	ADJ
finvarna	NOUN
finvàrna	NOUN
finvârna	NOUN
finvervekna	NOUN
finvervekna	ADJ
finvervêkna	NOUN
finzia	ADJ
finziate	ADJ
fip	ADJ
fip	ADV
fir	ADJ
fir	ADV
firfiak	NOUN
firfiak	VERB
firfiaka	ADJ
firfiakah	ADJ
firfiakna	NOUN
firfiakte	NOUN
firfiakten	ADJ
firh	ADV
firna	NOUN
firuau	ADJ
fit	ADV
fithla	ADJ
fithla	ADV
fithlà	ADV
fo	ADJ
fo	ADV
fu	NOUN
fu	VERB
fu	ADJ
fu	ADV
fù	NOUN
fù	VERB
fù	ADV
fua	VERB
fua	ADV
fual	ADJ
fuál	ADJ
fualte	ADJ
fuan	VERB
fuán	VERB
fuanhawr	NOUN
fuànhàwr	NOUN
fuankhawm	VERB
fuankhawmna	NOUN
fuanna	NOUN
fuantute	NOUN
fuat	NOUN
fuât	NOUN
fuh	VERB
fuh	ADJ
fuhchho	ADJ
fuherkhawl	NOUN
fuherkhâwl	NOUN
fuhfang	NOUN
fuhfang	VERB
fuhfâng	NOUN
fuhin	ADJ
fuhlo	ADJ
fuhna	NOUN
fuhte	ADJ
fuhzet	ADJ
fuih	VERB
fuihin	ADJ
fuihlungpuam	ADJ
fuihna	NOUN
fuihpawrh	VERB
fuihpawrha	ADJ
fuihpawrhna	NOUN
fuihpawrhtu	NOUN
fuihtu	NOUN
fuk	VERB
fuk	ADV
fûk	VERB
fûk	ADV
fuke	NOUN
fukè	NOUN
fukna	NOUN
fûkna	NOUN
fukte	ADJ
fukthleng	NOUN
fukthlêng	NOUN
fûkthleng	NOUN
fûkthlêng	NOUN
fuktir	VERB
fuliafate	NOUN
fum	VERB
fum	ADV
fûm	VERB
fumfe	ADJ
fun	VERB
fun	ADV
fûn	VERB
funa	ADJ
fundan	ADJ
fung	NOUN
fung	ADJ
fungki	NOUN
fungo	NOUN
funlo	ADJ
funna	NOUN
fûnna	NOUN
funnan	ADJ
funpui	NOUN
fûnpui	NOUN
funtê	NOUN
fûnte	NOUN
funtu	NOUN
fupui	NOUN
fur	NOUN
fur	ADJ
fur	ADV
fûr	NOUN
fûr	ADJ
fûr	ADV
fura	ADJ
furah	ADJ
furin	ADJ
furpui	ADJ
furpuiah	ADJ
furtui	NOUN
fusen	NOUN
fut	ADV
fût	ADV
fûte	ADJ
futhing	NOUN
futial	NOUN
fuṭial	NOUN
fuzal	NOUN
fuzâl	NOUN
fuzâl	VERB
gabriela	NOUN
gabriela	ADV
galawn	NOUN
galeri	NOUN
gambling	NOUN
garden	NOUN
gas	NOUN
gate	NOUN
gawl	NOUN
gawm	NOUN
gazet	NOUN
gehena	NOUN
gilat	NOUN
gitar	NOUN
grep	NOUN
ha	NOUN
ha	VERB
ha	ADV
ha	X
hà	VERB
hâ	NOUN
hâ	VERB
hâ	ADV
hachhek	NOUN
hachhek	ADJ
hah	VERB
hah	ADJ
hah	ADV
hahchawl	VERB
hahchàwl	VERB
hahchâwl	VERB
hahchawlh	VERB
hahchawlhna	NOUN
hahchawlhtir	VERB
hahchawlhtîr	VERB
hahchhawlhna	NOUN
hahchhiau	VERB
hahdam	VERB
hahdam	ADJ
hahdama	ADJ
hahdamin	ADJ
hahdamna	NOUN
hahdampui	VERB
hahdamthlak	ADJ
hahdamthlâk	ADJ
hahdamtir	VERB
hahdamtîr	VERB
hahin	ADJ
hahip	ADJ
hahipin	ADJ
hahipin	ADV
hahîpin	ADV
ha-hlam	NOUN
ha-hmai	NOUN
ha-hmái	NOUN
ha-hmâi	NOUN
hahna	NOUN
hahnem	ADJ
ha-hni	NOUN
hahnîte	ADJ
hahpui	VERB
hahpui	ADJ
hahpuina	NOUN
hahpuizia	ADJ
hahte	ADJ
hahthiau	VERB
hahthlak	ADJ
hahthlâk	ADJ
ha-hum	NOUN
há-hum	NOUN
hâhum	ADJ
hahzia	ADJ
hah-zu	NOUN
hah-zû	NOUN
hai	VERB
hai	ADJ
hai	ADV
hâi	VERB
haichhuah	VERB
haichhuahna	NOUN
haichhuak	VERB
haidai	NOUN
haidài	NOUN
hâidai	NOUN
hâidài	NOUN
hâidâi	NOUN
haider	VERB
haidera	ADJ
haiderin	ADJ
hai-favang	NOUN
hai-favàng	NOUN
hâi-favang	NOUN
hâi-favàng	NOUN
hâi-favâng	NOUN
haih	VERB
hai-haih	VERB
hâihawng	VERB
haihawt	ADJ
haihawtzia	ADJ
haihchham	VERB
haihchham	ADJ
haihchhamtir	VERB
hâiin	VERB
hailan	VERB
hailana	ADJ
hailang	VERB
hâilang	VERB
hailanna	NOUN
hailuh	VERB
hailuhna	NOUN
hai-lungmawl	NOUN
hâi-lungmâwl	NOUN
hailut	VERB
hailût	VERB
hâin	ADJ
haina	ADJ
hainaah	ADJ
hâisak	VERB
haite	NOUN
haite	VERB
haitê	NOUN
hâite	NOUN
hâitê	NOUN
haitham	ADJ
haitho	ADJ
haivahmim	NOUN
haivahmim	ADV
haivahmîm	NOUN
hâivahmim	NOUN
hâivahmîm	NOUN
haivuak	VERB
hâivuâk	VERB
hak	NOUN
hak	VERB
hak	ADV
hâk	NOUN
hâk	VERB
hâk	ADV
haka	ADJ
hâkah	ADJ
hak-chham	VERB
hâk-chham	VERB
hak-fawng	NOUN
hâk-fawng	NOUN
hakin	ADJ
haklai	ADJ
haknaah	ADJ
hakte	ADJ
haktir	VERB
haktîr	VERB
hâktir	VERB
hâktîr	VERB
hâktîra	ADJ
hâktîrin	ADJ
ha-kuh	NOUN
hal	NOUN
hal	VERB
hal	ADV
hâl	NOUN
hâl	VERB
hâla	ADJ
halah	ADJ
ha-lam	NOUN
hâlbûr	ADJ
hâlbûrin	ADJ
hâlbûrte	ADJ
haldarh	VERB
halh	ADJ
halhlum	VERB
hâlhlum	VERB
hâlhlumin	ADJ
halhmun	ADJ
halin	ADJ
hâlin	ADJ
hâlkhum	VERB
hâlkhung	VERB
halleluia	INTJ
halleluiah	INTJ
halna	NOUN
hâlna	NOUN
halnaah	ADJ
halpuah	NOUN
hàlpuah	NOUN
hâlpuah	NOUN
halral	VERB
halrâl	VERB
hâlral	VERB
halrala	ADJ
hâlrala	ADJ
hâlralah	ADJ
halralin	ADJ
hâlralna	ADJ
halsak	VERB
hâlsak	VERB
halte	ADJ
haltu	NOUN
hâltu	NOUN
haltua	ADJ
haltuah	ADJ
haltute	NOUN
ham	NOUN
ham	VERB
hàm	NOUN
hàm	VERB
hâm	NOUN
hâm	VERB
hamda	NOUN
hamhai	VERB
hamhai	ADV
hamhâi	VERB
hamhaih	VERB
hamhaih	ADJ
hamhaihin	ADJ
hamhaihna	NOUN
hamhrulh	NOUN
hamin	ADJ
hâmin	ADJ
hampuar	NOUN
hampuar	VERB
hampuàr	VERB
hampuâr	NOUN
hamri	ADJ
hamrik	NOUN
hamrik	ADV
hamrîk	NOUN
hamrikna	NOUN
hamsaa	ADJ
hamsate	ADJ
hamtha	NOUN
hamtha	VERB
hamtha	ADJ
hamṭha	NOUN
hamṭha	VERB
hamṭha	ADJ
hamțha	NOUN
hamțha	VERB
hamthal	NOUN
hamtharna	ADJ
hamthat	VERB
hamthat	ADJ
hamṭhat	VERB
hamṭhat	ADJ
hamțhat	VERB
hamthatna	NOUN
hamṭhatna	NOUN
hamtir	VERB
hamtîr	VERB
hamtu	NOUN
hâmtu	NOUN
hamtute	NOUN
hâmtute	NOUN
han	NOUN
han	VERB
han	ADV
han	PART
hàn	VERB
hân	VERB
hang	NOUN
hang	VERB
hang	ADJ
hàng	ADJ
hâng	NOUN
hâng	VERB
hâng	ADJ
hangdak	NOUN
hângdak	NOUN
hangin	ADJ
hângin	ADJ
hangtam	NOUN
hangṭam	NOUN
hângtam	NOUN
hangthar	ADJ
hap	VERB
hap	ADJ
hapoh	VERB
hapta	NOUN
hapui	NOUN
har	NOUN
har	VERB
har	ADJ
hár	NOUN
hàr	NOUN
hâr	NOUN
harh	VERB
harhchhuah	VERB
harhchhuahna	NOUN
harhchhuak	VERB
harhfim	ADJ
harhfim	ADV
harhfîm	ADJ
harhfimna	NOUN
harhfîmte	NOUN
harhho	NOUN
harhna	NOUN
harhtharna	NOUN
harhvang	ADJ
harhvâng	ADJ
harhvanna	NOUN
harin	ADJ
hârin	ADJ
harsa	VERB
harsa	ADJ
harsaa	ADJ
harsaah	ADJ
harsat	ADJ
harsate	ADJ
harsatna	NOUN
harsatnaah	ADJ
harsatnain	ADJ
harsatnate	NOUN
harsatzia	ADJ
harual	NOUN
hâte	NOUN
hatein	ADJ
haten	ADJ
haṭhial	VERB
ha-tim-damdawi	NOUN
ha-ṭim-damdawi	NOUN
ha-țim-damdawi	NOUN
hau	NOUN
hau	VERB
hau	ADJ
hau	ADV
hâu	VERB
haub	VERB
haubulh	NOUN
hauh	VERB
hauha	NOUN
hauhâ	NOUN
hauhai	NOUN
hauhaii	NOUN
hauhin	ADJ
hauhlawk	VERB
hauhloh	ADJ
hauhna	NOUN
hauhnaah	ADJ
hauhnar	NOUN
hauhnâr	NOUN
hàuhnar	NOUN
hàuhnâr	NOUN
hâuhnâr	NOUN
hauhpha	ADJ
hauhsak	NOUN
hauhsaktu	NOUN
hauhtu	NOUN
hauhuk	NOUN
hauhúk	NOUN
hauhûk	NOUN
hauhulh	NOUN
ha-ui-ngho	NOUN
hauna	ADJ
hausa	NOUN
hausa	VERB
hausaa	ADJ
hausaah	ADJ
hausaho	ADJ
hausak	NOUN
hausak	VERB
hausak	ADJ
hausaka	ADJ
hausakah	ADJ
hausakna	NOUN
hausaknaah	ADJ
hausaknain	ADJ
hausaknate	NOUN
hausakpui	ADJ
hausakte	ADJ
hausakzia	ADJ
hausate	ADJ
hausâte	ADJ
hausaten	ADJ
hautak	ADJ
háutak	ADJ
hautakah	ADJ
hautakin	ADJ
hautakna	NOUN
hautakzia	ADJ
hauvin	ADJ
haw	NOUN
haw	VERB
haw	ADJ
háw	NOUN
háw	VERB
hawh	VERB
hawh	INTJ
hawhin	ADJ
hawhlet	VERB
hawhna	NOUN
hawhsak	VERB
hawhtir	VERB
hawhtîr	VERB
hawhtira	ADJ
hawhtirtu	NOUN
hawhtu	NOUN
hawhtute	NOUN
hawi	NOUN
hawi	VERB
hawî	NOUN
hâwi	VERB
hawiah	ADJ
hawichhuak	VERB
hawih	VERB
hawihai	VERB
hawihâi	VERB
hawihaih	VERB
hawiher	NOUN
hawiher	ADJ
hawihhawm	ADJ
hawihhâwm	ADJ
hawihhawmlo	ADJ
hawihhâwmlo	ADJ
hawihhawmna	NOUN
hawihhâwmnain	ADJ
hawihhâwmte	ADJ
hawiin	ADJ
hawikir	VERB
hawikîr	VERB
hawikirtir	VERB
hawikîrtîr	VERB
hawilo	NOUN
hawilo	ADV
hawilopar	NOUN
hawina	NOUN
hawirau	VERB
hawirau	ADJ
hawiràu	VERB
hawirâu	VERB
hawisan	VERB
hawisana	NOUN
hawisang	ADJ
hawisâng	VERB
hawisanin	ADJ
hawisanna	NOUN
hawisantir	VERB
hawisantîr	VERB
hawisantu	NOUN
hawisantû	NOUN
hawisantute	NOUN
hawitir	VERB
hawitîr	VERB
hawk	VERB
hâwk	VERB
hawkdak	ADJ
hâwkdâk	ADJ
hawki	NOUN
hawklak	ADJ
hawl	NOUN
hawl	VERB
hâwl	VERB
hawlam	ADJ
hawldar	NOUN
hawleh	ADJ
hawlh	VERB
hawlhbet	VERB
hawlhfing	VERB
hawlhfung	ADJ
hawlhna	NOUN
hawlhtlang	VERB
hawlin	ADJ
hawlkimin	ADJ
hawllopar	NOUN
hawlna	NOUN
hawlphum	NOUN
hawlphum	ADV
hawlphùm	NOUN
hawlphûm	NOUN
hawlphûm	VERB
hawlrivap	NOUN
hawlriváp	NOUN
hawlrivâp	NOUN
hawltu	NOUN
hawn	VERB
hàwn	VERB
hâwn	VERB
hawna	ADJ
hâwna	ADJ
hawng	NOUN
hawng	VERB
hâwng	NOUN
hâwng	VERB
hawnga	ADJ
hâwnga	ADJ
hawngin	ADJ
hâwngin	ADJ
hawngte	NOUN
hawngtu	NOUN
hawnin	ADJ
hâwnin	ADJ
hawnna	NOUN
hâwnna	NOUN
hawnnaah	ADJ
hawnpui	VERB
hàwnpui	VERB
hâwnpui	VERB
hawnsak	VERB
hâwnsak	VERB
hawnsaktu	NOUN
hawnsakziate	NOUN
hawnsan	VERB
hâwnsan	VERB
hawntir	VERB
hawntîr	VERB
hàwntir	VERB
hàwntîr	VERB
hâwntir	VERB
hâwntîr	VERB
hawp	NOUN
hawp	VERB
hàwp	NOUN
hâwp	NOUN
hâwp	VERB
hâwpna	NOUN
hawpui	VERB
hâwpui	VERB
hawr	VERB
hàwr	VERB
hawrawp	NOUN
hawrawp	ADJ
hawrawpa	ADJ
hawrawppui	ADJ
hawrawppuia	ADJ
hawrawppuiin	ADJ
hawrawpte	ADJ
hawrh	NOUN
hawrh	VERB
hawrh-zawk	NOUN
hâwrkhâwm	VERB
hâwsak	VERB
hawsan	VERB
hâwsan	VERB
hawt	VERB
hawt	ADV
hawte	VERB
hawtir	VERB
hawtîr	VERB
hâwtîr	VERB
hawtîrte	NOUN
hawtpui	VERB
hawttir	VERB
hawttir	ADV
hawttîr	ADV
hawtu	NOUN
hawtute	NOUN
hawtuten	NOUN
he	VERB
he	ADJ
he	PRON
he	INTJ
hé	VERB
he!	INTJ
heh	NOUN
heh	VERB
he-heu	VERB
he-hêu	VERB
hehho	NOUN
hehlo	ADJ
hehlohna	NOUN
hehna	NOUN
hehnaah	ADJ
hehte	ADJ
hei	PRON
hei	CCONJ
hei	INTJ
heih	CCONJ
heih	INTJ
hek	VERB
hek	ADJ
hek	CCONJ
hèk	VERB
hêk	VERB
hêka	ADJ
hekin	ADJ
hêkin	ADJ
heklo	ADJ
hekna	NOUN
hêkna	NOUN
hêknaah	ADJ
heknate	NOUN
hêknate	NOUN
heksak	ADJ
hêksak	ADJ
hêkthil	ADJ
hektu	NOUN
hêktu	NOUN
hêktûah	ADJ
hektute	NOUN
hêktute	NOUN
hêktuten	ADJ
hel	NOUN
hel	VERB
hel	ADJ
hel	ADV
hél	VERB
hêl	VERB
hêl	ADV
helai	ADJ
helaia	ADJ
helaiah	ADJ
helam	ADJ
helama	ADJ
helamah	ADJ
helh	VERB
helhhawlh	NOUN
helhhawlh	ADJ
helhkam	VERB
helhmang	ADJ
hel-hmang	ADJ
helhmangho	ADJ
helhmanghote	ADJ
helhmangte	NOUN
helhote	NOUN
helhovin	ADJ
helhzia	ADJ
helin	ADJ
hêlin	ADJ
helkual	ADJ
hêlkualtir	VERB
helna	NOUN
hêlna	NOUN
helnaah	ADJ
helpui	ADJ
helsan	ADJ
helsanin	ADJ
helte	ADJ
heltir	VERB
heltu	NOUN
heltuina	NOUN
helua	NOUN
hem	NOUN
hem	VERB
hêm	NOUN
hêm	VERB
hemhmin	ADJ
hemiah	ADJ
hemîah	ADJ
hemite	ADJ
hen	VERB
heng	NOUN
heng	VERB
heng	ADJ
hêng	NOUN
hêng	VERB
hêng	ADJ
henga	ADJ
hênga	ADJ
hengah	ADJ
hêngah	ADJ
hengahte	ADJ
hengho	ADJ
hêngho	ADJ
henghote	ADJ
hênghote	ADJ
hênghoten	ADJ
henglai	ADJ
hengte	ADJ
hêngte	ADJ
hepa	ADJ
her	VERB
her	ADV
hèr	ADV
herawt	NOUN
herâwt	NOUN
herchhuah	ADJ
herchhuahna	NOUN
herchhuak	VERB
herh	NOUN
herh	VERB
herh	ADJ
herhin	ADJ
herhna	NOUN
herhsawp	NOUN
herhsawp	VERB
herhsàwp	NOUN
herhse	NOUN
herhse	ADJ
herhte	NOUN
herkhawl	NOUN
hertir	VERB
hertîr	VERB
heta	ADJ
heta	ADV
heti	ADJ
hetia	ADJ
hetiang	ADJ
hêtiang	ADJ
hetianga	ADJ
hetiangah	ADJ
hetiangin	ADJ
hetiangin	ADV
hetiangte	ADJ
hetih	ADJ
hetin	ADJ
heu	VERB
heu	ADJ
hêu	VERB
hēu	VERB
hi	ADJ
hi	INTJ
hiah	VERB
hiah	ADJ
hiah	ADV
hial	ADJ
hial	ADV
hiâl	ADV
hiala	ADJ
hialah	ADJ
hialin	ADJ
hialna	NOUN
hiam	ADJ
hian	ADJ
hian	ADV
hiang	ADJ
hianin	ADJ
hiar	ADJ
hiara	ADJ
hiat	VERB
hiât	VERB
hiata	ADJ
hiatah	ADJ
hiatin	ADJ
hiau	ADJ
hiau	ADV
hiâu	ADV
hid	ADV
hie	ADV
hih	VERB
hih	ADJ
hihrui	NOUN
hik	VERB
hík	VERB
hîk	VERB
hikna	NOUN
hil	ADJ
hil	ADV
him	VERB
himlo	ADJ
himtu	ADJ
hin	VERB
hîn	VERB
hina	ADJ
hinah	ADJ
hing	NOUN
hing	VERB
hìng	VERB
hîng	VERB
hint	NOUN
hintu	ADJ
hintute	ADJ
hip	NOUN
hip	VERB
hîp	NOUN
hîp	VERB
hîpa	ADJ
hiplût	ADJ
hîplût	VERB
hipna	NOUN
hîpna	NOUN
hîpnaa	NOUN
hipsak	VERB
hîpte	ADJ
hipthei	ADJ
hiptheihna	NOUN
hiptu	NOUN
hirat	ADJ
hisap	VERB
hisâp	VERB
hisapa	ADJ
hisâpa	ADJ
hisapin	ADJ
hisapna	NOUN
hisaptu	NOUN
hit	NOUN
hit	VERB
hla	NOUN
hla	ADJ
hlá	ADJ
hlâ	ADJ
hlaa	ADJ
hlâa	ADJ
hlaah	ADJ
hlâah	ADJ
hlabu	ADJ
hlabuah	ADJ
hlado	NOUN
hlado	VERB
hlah	VERB
hlah	ADJ
hlahin	ADJ
hlahkhem	ADJ
hlahlo	ADJ
hlahril	ADJ
hlahte	ADJ
hlahtha	NOUN
hlahtha	ADV
hlahthâ	NOUN
hlahthlam	ADJ
hlahthlem	VERB
hlahthlem	ADJ
hlai	NOUN
hlai	VERB
hlai	ADJ
hlái	NOUN
hlái	VERB
hlâi	VERB
hlâi	ADJ
hlaiba	NOUN
hlaibâ	NOUN
hláiba	NOUN
hláibâ	NOUN
hlaingo	NOUN
hlàingo	NOUN
hlaivanwm	NOUN
hlâivanwm	NOUN
hlaivawm	NOUN
hlàivawm	NOUN
hlaivur	NOUN
hlaivûr	NOUN
hlàivur	NOUN
hlàivûr	NOUN
hlak	ADJ
hlak	ADV
hlaka	ADJ
hlakin	ADJ
hlam	NOUN
hlamawi	ADJ
hlamchhiah	VERB
hlamchhiah	ADJ
hlamchhiaha	ADJ
hlamchhiahin	ADJ
hlamchhiahtîr	VERB
hlamchhiahzia	ADJ
hlamzuih	NOUN
hlamzuih	VERB
hlamzuiha	ADJ
hlamzuihtir	VERB
hlan	NOUN
hlan	VERB
hlan	ADV
hlàn	NOUN
hlàn	VERB
hlàn	ADV
hlana	ADJ
hlâna	ADJ
hlanah	ADJ
hlanahte	ADJ
hlandawh	VERB
hlàndawh	VERB
hlang	NOUN
hlang	VERB
hlang	ADJ
hlâng	NOUN
hlâng	VERB
hlǎng	NOUN
hlanga	ADJ
hlangin	ADJ
hlangkai	VERB
hlângkai	VERB
hlângkâi	VERB
hlangna	NOUN
hlangpui	NOUN
hlángpui	NOUN
hlângpui	NOUN
hlanin	ADJ
hlanin	ADV
hlànin	ADV
hlânin	ADJ
hlanka	VERB
hlânkâ	VERB
hlankai	VERB
hlânkai	VERB
hlanna	NOUN
hlannaa	NOUN
hlannaah	ADJ
hlannate	NOUN
hlanpui	ADJ
hlansak	ADJ
hlansaktu	NOUN
hlantai	NOUN
hlantai	ADV
hlantâi	NOUN
hlàntai	NOUN
hlàntâi	NOUN
hlante	ADJ
hlantu	NOUN
hlântu	NOUN
hlantuin	ADJ
hlântuin	ADJ
hlantute	NOUN
hlântute	NOUN
hlântuten	ADJ
hlânvêltu	NOUN
hlanzia	ADJ
hlaphuah	ADJ
hlaphuahthiam	ADJ
hlaphuahtu	NOUN
hlaphuahtute	NOUN
hlaptu	NOUN
hlapui	ADJ
hlarh	ADJ
hlasatute	NOUN
hlata	ADJ
hlatah	ADJ
hlatak	ADJ
hlate	ADJ
hlâte	ADJ
hlatna	NOUN
hlatnaah	ADJ
hlatsak	ADJ
hlatsan	ADJ
hlattir	VERB
hlau	VERB
hláu	VERB
hlâu	ADJ
hlauh	ADJ
hlauh	ADV
hlâuh	ADJ
hlauhawm	ADJ
hlauhawma	ADJ
hlauhawmah	ADJ
hlauhawmahte	ADJ
hlauhawmho	ADJ
hlauhawmin	ADJ
hlauhawmna	NOUN
hlauhawmnaa	ADJ
hlauhawmnain	ADJ
hlauhawmnate	ADJ
hlauhawmte	ADJ
hlauhawmtu	NOUN
hlauhawmzia	ADJ
hlauhna	NOUN
hlauhnaah	ADJ
hlauhnain	ADJ
hlauhnate	NOUN
hlauhpui	VERB
hlauhpui	ADJ
hlauhsak	VERB
hlauhte	ADJ
hlauhthawn	VERB
hlauhthawn	ADJ
hlauhthâwn	VERB
hlauhthâwn	ADJ
hlauhthâwna	ADJ
hlauhthawnawm	NOUN
hlauhthawnawm	VERB
hlauhthâwnawm	NOUN
hlauhthâwnawm	VERB
hlauhthawnawma	ADJ
hlauhthawng	VERB
hlauhthâwng	VERB
hlauhthawnna	NOUN
hlauhthawnnain	ADJ
hlauhthawnpui	VERB
hlauhthawnpui	ADJ
hlauhthâwnpui	VERB
hlauhthawnpuiawm	VERB
hlauhthâwnpuiawm	VERB
hlauhthawnsak	VERB
hlauhthawnsak	ADV
hlauhthâwnsak	VERB
hlauhthawnzia	ADJ
hlauhzawng	ADJ
hlauhzâwng	ADJ
hlauhzawngte	ADJ
hlauhzia	ADJ
hlauin	ADJ
hlausak	ADJ
hlauthawn	ADJ
hlauthawng	ADJ
hlauthâwng	ADJ
hlâuthawng	ADJ
hlâuthâwng	ADJ
hlauthawngah	ADJ
hlauthawngin	ADJ
hlauthawngte	ADJ
hlauthawngtu	NOUN
hlauthawnna	NOUN
hlâuthâwnna	NOUN
hlautu	NOUN
hlauva	ADJ
hlâuva	ADJ
hlauvin	ADJ
hlâuvin	ADJ
hlawh	NOUN
hlawhah	ADJ
hlawhbi	ADJ
hlawhchham	VERB
hlawhchham	ADJ
hlawhchhamah	ADJ
hlawhchhamin	ADJ
hlawhchhamna	NOUN
hlawhchhamnaah	ADJ
hlawhchhamnate	NOUN
hlawhchhamtir	VERB
hlawhchhamtîr	VERB
hlawhchhamzia	ADJ
hlawhchhuah	VERB
hlawhchhuak	VERB
hlawhchhuaktu	NOUN
hlawhfa	NOUN
hlawhfa	PRON
hlawhfâ	PRON
hlawhfaa	ADJ
hlawhfate	ADJ
hlawhhlam	NOUN
hlawhhlawm	NOUN
hlawhhlâwm	NOUN
hlawhin	ADJ
hlawhna	NOUN
hlawhte	NOUN
hlawhthling	VERB
hlawhtir	VERB
hlawhtîr	VERB
hlawhtira	ADJ
hlawhtlin	VERB
hlawhtlin	ADJ
hlawhtlinain	ADJ
hlawhtling	VERB
hlawhtlinga	ADJ
hlawhtlingna	NOUN
hlawhtlingte	ADJ
hlawhtlingzui	VERB
hlawhtlinin	ADJ
hlawhtlinna	NOUN
hlawhtlinnaa	NOUN
hlawhtlinnaah	ADJ
hlawhtlinnain	ADJ
hlawhtlinnate	ADJ
hlawhtlinnna	NOUN
hlawhtlinpui	VERB
hlawhtlintir	VERB
hlawhtlintîr	VERB
hlawhtu	NOUN
hlawhzat	ADJ
hlawi	VERB
hlâwi	VERB
hlawiin	ADJ
hlawk	VERB
hlawk	ADJ
hlâwk	VERB
hlâwk	ADJ
hlawkna	NOUN
hlâwkna	NOUN
hlawknaa	ADJ
hlawknaah	ADJ
hlawknate	NOUN
hlawkpui	VERB
hlâwkpui	VERB
hlawkpuina	NOUN
hlâwkpuina	NOUN
hlâwkpuizia	ADJ
hlawkthlak	ADJ
hlawl	ADJ
hlawl	ADV
hlawm	VERB
hlawm	ADV
hlâwm	VERB
hlawma	ADJ
hlâwma	ADJ
hlâwmah	ADJ
hlâwmho	ADJ
hlawmin	ADJ
hlâwmin	ADJ
hlawmna	NOUN
hlawng	VERB
hlawng	ADJ
hlawp	ADJ
hlawp	ADV
hlawpa	ADJ
hlawpin	ADJ
hlawt	ADJ
hlawt	ADV
hle	ADV
hleh	VERB
hlehthlak	VERB
hlehthlak	ADV
hlei	ADJ
hlei	ADV
hléi	ADJ
hléi	ADV
hleih	NOUN
hleih	ADJ
hleihluak	ADJ
hleihluak	ADV
hleihluâk	ADV
hleihluaka	ADJ
hleihluakah	ADJ
hleihluakin	ADJ
hleihluakna	NOUN
hleihna	NOUN
hleihneihna	NOUN
hleihneihnain	ADJ
hleihtheih	ADJ
hleihtheihah	ADJ
hleihzia	NOUN
hleihzia	ADJ
hleikapsen	NOUN
hleilenna	NOUN
hleilubial	NOUN
hleimualrang	NOUN
hlein	ADJ
hlêin	ADJ
hleinem	ADJ
hleinem	ADV
hleiném	ADV
hleinêm	ADJ
hleinga	ADJ
hleite	NOUN
hleité	NOUN
hleiten	ADJ
hleithei	ADJ
hleitheilo	ADJ
hleitling	ADJ
hleiubial	NOUN
hlei-zawng	NOUN
hlei-zâwng	NOUN
hlek	ADJ
hlek	ADV
hleka	ADJ
hlekah	ADJ
hlekin	ADJ
hlel	VERB
hlel	ADV
hlelh	NOUN
hlelh	VERB
hlelhawm	ADJ
hlelna	NOUN
hlemhle	ADJ
hlemhlé	ADJ
hlen	VERB
hlen	ADJ
hlen	ADV
hlên	VERB
hlên	ADJ
hlên	ADV
hlena	ADJ
hlenchhuah	VERB
hlenchhuahna	NOUN
hlenchhuak	VERB
hlenchhuaktu	NOUN
hleng	NOUN
hleng	VERB
hlenna	NOUN
hlensak	VERB
hlensaktu	NOUN
hlentir	VERB
hlentu	NOUN
hlentua	ADJ
hlep	VERB
hlep	ADJ
hlêp	ADJ
hlepna	NOUN
hlêpna	NOUN
hlepruk	ADJ
hleprûk	VERB
hlêprûk	VERB
hleprukna	NOUN
hleprûkna	NOUN
hlêprûksak	VERB
hleprute	NOUN
hleprutu	NOUN
hlêpthu	ADJ
hlet	NOUN
hlet	ADJ
hlet	ADV
hlêt	NOUN
hlêt	ADJ
hlete	NOUN
hleté	NOUN
hleuh	VERB
hleuhtu	NOUN
hleuhva	ADJ
hleuhvin	ADJ
hli	NOUN
hlî	NOUN
hliah	VERB
hlîah	VERB
hliaha	ADJ
hliahin	ADJ
hliahkhuh	VERB
hlîahkhuh	VERB
hliahkhuhin	ADJ
hliahkhuhna	NOUN
hliahkhuhsaka	ADJ
hliahkhuhtu	NOUN
hliahna	NOUN
hliahsak	VERB
hliahtir	VERB
hliahtîr	VERB
hliahtu	NOUN
hliam	VERB
hlîam	VERB
hliamah	ADJ
hliamate	NOUN
hliamho	NOUN
hliamin	ADJ
hliamna	NOUN
hliamnate	NOUN
hliampui	VERB
hliamsak	VERB
hliamte	NOUN
hliamteah	ADJ
hliamtu	NOUN
hliap	VERB
hliap	ADJ
hliâp	VERB
hliapin	ADJ
hliapna	NOUN
hliapzar	VERB
hliau	VERB
hliau	ADJ
hliau	ADV
hliâu	VERB
hliauna	NOUN
hliauvin	ADJ
hlih	VERB
hlihna	NOUN
hlihsak	VERB
hlihsaka	ADJ
hlihsakin	ADJ
hlihsaktu	NOUN
hlihsaktute	NOUN
hlihtir	VERB
hlim	NOUN
hlim	VERB
hlim	ADJ
hlim	ADV
hlím	VERB
hlîm	VERB
hlîm	ADJ
hlima	ADJ
hlimah	ADJ
hlimawm	VERB
hlimawm	ADJ
hlimchhawn	ADV
hlimchhawng	ADJ
hlimchhawng	ADV
hlimchháwng	ADV
hlimchhâwng	ADV
hlimchhuah	VERB
hlimhlap	NOUN
hlimhlap	VERB
hlimhlawl	ADV
hlimhlawp	NOUN
hlimhlawp	ADJ
hlimhlawphmun	ADJ
hlimhlawpna	NOUN
hlimhlawt	ADJ
hlimhlawt	ADV
hlimin	ADJ
hlimin	ADV
hlimlohna	NOUN
hlimna	NOUN
hlimnaa	ADJ
hlimnaah	ADJ
hlimnate	NOUN
hlimpui	VERB
hlimpuitute	NOUN
hlimsak	ADJ
hlîmsak	ADJ
hlîmsakin	ADJ
hlimtakin	ADJ
hlimte	ADJ
hlimthei	ADJ
hlimthla	ADJ
hlimthlâ	ADJ
hlimthlaah	ADJ
hlimthlain	ADJ
hlimthlâin	ADJ
hlimthlak	ADJ
hlimthlâk	ADJ
hlimtu	NOUN
hlimzia	ADJ
hlin	VERB
hlina	ADJ
hling	NOUN
hling	VERB
hlîng	NOUN
hlîng	VERB
hlingah	ADJ
hlîngah	ADJ
hlingbawn	NOUN
hlîngbawn	NOUN
hlîngbawn	ADJ
hlîngbuk	ADJ
hlingchaicheh	NOUN
hlîngchaicheh	NOUN
hlingin	ADJ
hlîngin	ADJ
hlingkhang	NOUN
hlîngkhang	NOUN
hlîngkung	NOUN
hlingnei	ADJ
hlîngnei	ADJ
hlîngneiin	ADJ
hlingpal	NOUN
hlîngpal	NOUN
hlingphung	NOUN
hlîngphung	NOUN
hlingsi	NOUN
hlingsi	VERB
hlîngsî	NOUN
hlingvawm	NOUN
hlingvawm	VERB
hlîngvawm	NOUN
hlinkhawmna	NOUN
hlinna	NOUN
hlip	VERB
hlip	ADJ
hlîp	VERB
hlîp	ADJ
hlîpin	ADJ
hlir	VERB
hlir	ADJ
hlir	ADV
hlír	VERB
hlír	ADV
hlîr	VERB
hlîr	ADJ
hlîr	ADV
hlira	ADJ
hlîra	ADJ
hlirah	ADJ
hlîrah	ADJ
hlirhlak	ADJ
hlirin	ADJ
hlîrin	ADJ
hlit	NOUN
hlit	VERB
hlît	NOUN
hlo	NOUN
hlo	ADJ
hlo	ADV
hló	ADJ
hlo-arlei	NOUN
hlobet	NOUN
hlobetin	ADJ
hlobette	NOUN
hlochangvawm	NOUN
hlochângvawm	NOUN
hloh	VERB
hloh	ADJ
hlohar	NOUN
hlohin	ADJ
hlohna	NOUN
hlohnaah	ADJ
hlohnate	NOUN
hlohtir	VERB
hlohtu	NOUN
hlohvin	ADJ
hlo-kei-bi	NOUN
hlo-kei-bî	NOUN
hlo-kei-lei	NOUN
hlo-ni-en	NOUN
hlonuar	NOUN
hlo-nuar	NOUN
hlote	NOUN
hloté	NOUN
hlothlawh	ADJ
hlotung	NOUN
hlova	ADJ
hlovah	ADJ
hlovin	ADJ
hlo-zak-thei	NOUN
hlu	VERB
hlu	ADJ
hlû	VERB
hlûa	ADJ
hluai	ADJ
hluaia	ADJ
hluam	ADJ
hluan	ADJ
hluan	ADP
hluar	VERB
hluar	ADJ
hluara	ADJ
hluarna	NOUN
hlu-hlang	VERB
hlu-hlâng	VERB
hlui	VERB
hlui	ADJ
hlûi	ADJ
hluia	ADJ
hluiah	ADJ
hluiahte	ADJ
hluihlawn	VERB
hluihlâwn	VERB
hluihlawna	ADJ
hluihlawnah	ADJ
hluiin	ADJ
hluin	ADJ
hluingo	NOUN
hluingo	VERB
hluisen	NOUN
hluite	ADJ
hluk	NOUN
hluk-chawm	VERB
hluk-chàwm	VERB
hluk-châwm	VERB
hlukral	NOUN
hlukrâl	NOUN
hlum	NOUN
hlum	VERB
hlum	ADV
hlúm	NOUN
hlùm	VERB
hlûm	NOUN
hlûm	VERB
hluma	ADJ
hlumbel	NOUN
hlumbêl	NOUN
hlumbelin	ADJ
hlumin	ADJ
hlumkha	NOUN
hlumna	NOUN
hlumnêm	ADJ
hlumte	ADJ
hlûmte	ADJ
hlumtîr	VERB
hlumtu	NOUN
hlun	ADJ
hluna	ADJ
hlung	VERB
hlunte	ADJ
hlunzia	ADJ
hlup	ADJ
hlut	VERB
hlutdan	ADJ
hlutdân	ADJ
hlûte	ADJ
hlutein	ADJ
hlutin	ADJ
hlutna	NOUN
hlutnate	NOUN
hlutsak	VERB
hlutzia	ADJ
hma	NOUN
hma	ADJ
hmaa	VERB
hmaa	ADJ
hmaâ	ADJ
hmâa	ADJ
hmaah	ADJ
hmâah	ADJ
hmaahte	ADJ
hmâahte	ADJ
hmaan	ADJ
hmâan	ADJ
hmabak	NOUN
hmabak	ADJ
hmabâk	NOUN
hmabâk	ADJ
hmabaka	ADJ
hmabâka	ADJ
hmabakah	ADJ
hmabakin	ADJ
hmabâkin	ADJ
hmabakte	ADJ
hmabâkte	ADJ
hmabaktir	VERB
hmabing	NOUN
hmachhawm	VERB
hmâchhawm	VERB
hmachhawn	VERB
hmachhawna	ADJ
hmachhawnin	ADJ
hmachhawnna	NOUN
hmachhawnnaah	ADJ
hmachhawnpui	VERB
hmachhawntîr	VERB
hmachhawntu	NOUN
hmachhawp	ADJ
hmachhawpte	ADJ
hmachhuah	NOUN
hmachhuah	VERB
hmachhuan	VERB
hmachhuan	ADJ
hmachhuanin	ADJ
hmachirawt-lung	NOUN
hmachirâwt-lung	NOUN
hmahliah	NOUN
hmahliah	ADJ
hmahruai	VERB
hmahruaiah	ADJ
hmahruaina	NOUN
hmahruaitu	NOUN
hmahruaituah	ADJ
hmahruaitute	NOUN
hmai	NOUN
hmai	VERB
hmái	NOUN
hmâi	PRON
hmaia	ADJ
hmâia	ADJ
hmaiah	ADJ
hmâiah	ADJ
hmaiahte	ADJ
hmaichhan	ADJ
hmaichhana	ADJ
hmaichhanah	ADJ
hmâichhanah	ADJ
hmaichhanin	NOUN
hmaichhanin	ADV
hmáichhanin	ADV
hmaichik	ADJ
hmaichik	ADV
hmáichik	ADJ
hmaidungseia	NOUN
hmaifang	NOUN
hmáifang	NOUN
hmaih	VERB
hmaihma	ADJ
hmaihmâ	ADJ
hmâihmâ	ADJ
hmaihmaah	NOUN
hmaihmaah	ADV
hmaihmâah	ADJ
hmaihmawk	NOUN
hmaihmâwk	NOUN
hmáihmawk	NOUN
hmáihmâwk	NOUN
hmaihna	NOUN
hmaihte	ADJ
hmaihthelh	ADJ
hmaihuh	NOUN
hmaiin	ADJ
hmaikawr	NOUN
hmaikhuh	NOUN
hmaikhuhna	NOUN
hmaikhuhnain	ADJ
hmain	ADV
hmâin	ADJ
hmaiphih	VERB
hmaiphim	VERB
hmáiphim	VERB
hmaiphum	VERB
hmáiphum	VERB
hmaisen	ADJ
hmaite	ADJ
hmaithinghawn	ADV
hmaithinghàwn	ADV
hmáithinghawn	ADV
hmáithingháwn	ADV
hmáithinghàwn	ADV
hmaithuar	NOUN
hmaithuàr	NOUN
hmaithuâr	NOUN
hmáithuar	NOUN
hmáithuàr	NOUN
hmáithuâr	NOUN
hmaizab	NOUN
hmaizâb	NOUN
hmáizab	NOUN
hmáizâb	NOUN
hmaizah	NOUN
hmáizah	NOUN
hmaizaha	NOUN
hmaizap	NOUN
hmak	ADJ
hmaka	ADJ
hmakawng	ADJ
hmakel	NOUN
hmakel	VERB
hmakèl	NOUN
hmakêl	NOUN
hmakelrang	NOUN
hmakelrang	VERB
hmakelrâng	NOUN
hmakèlrang	NOUN
hmakèlrâng	NOUN
hmakêlrang	NOUN
hmakêlrâng	NOUN
hmakhalh	VERB
hmakhalhna	NOUN
hmakhalhtu	NOUN
hmakhaw	ADJ
hmakhawngai	VERB
hmakhawngâi	VERB
hmakhawngaia	ADJ
hmakhawngaih	VERB
hmakhawsâng	ADJ
hmakhawsânga	ADJ
hmâkhawsânga	ADJ
hmakhua	NOUN
hmakhua	ADJ
hmakhuà	NOUN
hmâkhua	NOUN
hmâkhua	ADJ
hmâkhuà	NOUN
hmalak	VERB
hmalâk	VERB
hmalakho	ADJ
hmalakna	NOUN
hmalâkna	NOUN
hmalaknaa	ADJ
hmalaknaah	ADJ
hmalaknain	ADJ
hmalâknain	ADJ
hmalaknate	NOUN
hmalakpui	VERB
hmalakpuia	ADJ
hmalakpuina	NOUN
hmalaksak	VERB
hmalakte	NOUN
hmalam	NOUN
hmalam	ADJ
hmalama	ADJ
hmalamah	ADJ
hmalatute	NOUN
hmalawi	NOUN
hmalawi	ADJ
hmalawî	NOUN
hmalàwi	NOUN
hmalàwî	NOUN
hmalâwi	NOUN
hmalungsut	NOUN
hman	NOUN
hman	VERB
hman	ADJ
hmân	VERB
hmana	ADJ
hmâna	ADJ
hmanah	ADJ
hmanah	ADV
hmânah	ADJ
hmandan	ADJ
hmang	VERB
hmanga	ADJ
hmangah	ADJ
hmangah	ADV
hmangai	ADJ
hmangaia	ADJ
hmangaih	VERB
hmangaihawm	NOUN
hmangaihawm	ADJ
hmangaihin	ADJ
hmangaihna	NOUN
hmangaihnaa	NOUN
hmangaihnaah	ADJ
hmangaihnain	ADJ
hmangaihnate	NOUN
hmangaihte	ADJ
hmangaihten	ADJ
hmangaihtir	VERB
hmangaihtu	NOUN
hmangaihtute	NOUN
hmangaihtuten	ADJ
hmangaihzia	ADJ
hmangaihziate	ADJ
hmangaitute	NOUN
hmangchang	ADJ
hmangchâng	ADJ
hmangho	ADJ
hmangin	ADJ
hmangin	ADV
hmangral	VERB
hmangte	ADJ
hmangten	ADJ
hmangthiam	ADJ
hmangtu	NOUN
hmangtuin	NOUN
hmangturin	ADJ
hmangtute	NOUN
hmangtuten	ADJ
hmanhlel	VERB
hmanhlel	ADJ
hmanhmang	VERB
hmanhmawh	VERB
hmanhmawh	ADJ
hmanhmawhna	ADJ
hmanhmawhpui	ADJ
hmanhmawhte	NOUN
hmanhmawhthlak	ADJ
hmanhmawhthlâk	ADJ
hmanhmawhtir	VERB
hmanin	ADJ
hmanlai	NOUN
hmanlai	ADJ
hmanlâi	ADJ
hmânlai	ADJ
hmanlaia	ADJ
hmânlaia	ADJ
hmanlaiin	ADJ
hmanlaiin	ADV
hmánlaiin	ADV
hmanlaina	NOUN
hmanlo	ADJ
hmanna	NOUN
hmannaa	ADJ
hmannaah	ADJ
hmanni	NOUN
hmanni	ADJ
hmannia	ADJ
hmanniah	ADJ
hmanpui	VERB
hmanpuiah	ADJ
hmanpuiin	ADJ
hmanpuina	NOUN
hmanpuinaa	ADJ
hmanpuinaah	ADJ
hmanpuitu	NOUN
hmanral	VERB
hmanralna	NOUN
hmanralnaah	ADJ
hmanraw	NOUN
hmanrua	NOUN
hmanruâ	NOUN
hmanruaa	ADJ
hmanruaah	ADJ
hmanruain	ADJ
hmanruate	NOUN
hmansak	VERB
hmansual	VERB
hmansualah	ADJ
hmansualna	NOUN
hmansualnaah	ADJ
hmansualte	ADJ
hmante	ADJ
hmanten	ADJ
hmantir	VERB
hmantlak	ADJ
hmantlâk	ADJ
hmantlakna	NOUN
hmanzat	ADJ
hmapui	NOUN
hmar	NOUN
hmar	ADJ
hmâr	NOUN
hmâr	ADJ
hmarah	ADJ
hmârah	ADJ
hmar-am	NOUN
hmâr-âm	NOUN
hmarcha	NOUN
hmarcha	ADJ
hmarchapui	NOUN
hmarchate	NOUN
hmarchatê	NOUN
hmarchatepui	NOUN
hmarchhak	NOUN
hmarchhak	ADJ
hmarchhaka	ADJ
hmarchhakah	ADJ
hmarchhakte	ADJ
hmarchung	NOUN
hmarlam	ADJ
hmârlam	ADJ
hmarphir	NOUN
hmarphir	ADV
hmarsai	NOUN
hmarsai	ADV
hmartawng	NOUN
hmârtawp	ADJ
hmarthlang	NOUN
hmarthlang	ADJ
hmârthlang	ADJ
hmarthlanga	ADJ
hmasa	ADV
hmasâa	ADJ
hmasaah	ADJ
hmasaber	ADJ
hmasabera	ADJ
hmasaberah	ADJ
hmasâin	ADJ
hmasak	VERB
hmasak	ADV
hmasaka	ADJ
hmasakah	ADJ
hmasakber	ADJ
hmasakna	NOUN
hmasaksan	VERB
hmasakte	ADJ
hmasaktir	VERB
hmasaktîr	VERB
hmasang	NOUN
hmasang	ADJ
hmasâng	NOUN
hmasâng	ADJ
hmâsang	ADJ
hmâsâng	ADJ
hmasângin	ADJ
hmâsangin	ADJ
hmasate	ADJ
hmasâte	ADJ
hmasaten	ADJ
hmasatena	ADJ
hmasatute	ADJ
hmasawn	VERB
hmasâwn	VERB
hmasawna	ADJ
hmasawnna	NOUN
hmasâwnna	NOUN
hmasawnnaa	ADJ
hmasawnnaah	ADJ
hmasawnnain	ADJ
hmasâwnpui	VERB
hmasawnte	ADJ
hmasawntir	VERB
hmasawntira	ADJ
hmasâwnzia	ADJ
hmasial	VERB
hmasial	ADJ
hmasialah	ADJ
hmasialna	NOUN
hmasialte	ADJ
hmatawn	NOUN
hmatawn	VERB
hmatawng	VERB
hmatawng	ADJ
hmatâwng	ADJ
hmatawnga	ADJ
hmatawngah	ADJ
hmatâwnghote	ADJ
hmatawngtu	NOUN
hmatawntir	NOUN
hmate	NOUN
hmate	ADJ
hmâte	ADJ
hmathatna	NOUN
hmatheh	ADJ
hmatheha	ADJ
hmathehah	ADJ
hmathen	VERB
hmathlak	VERB
hmathlâk	VERB
hmathlep	VERB
hmathlir	ADJ
hmathlirna	NOUN
hmatiam	VERB
hmatiam	ADJ
hmatiang	ADJ
hmatîang	ADJ
hmatun	VERB
hmatun	ADV
hmatung	VERB
hmatung	ADV
hmavir	ADJ
hmawchhawn	VERB
hmawk	NOUN
hmawk	ADV
hmawlh	NOUN
hmawlh	ADJ
hmawlha	ADJ
hmawlhah	ADJ
hmawlhin	ADJ
hmawlhte	NOUN
hmawlhte	VERB
hmawm	VERB
hmawmiawm	NOUN
hmawmsawm	NOUN
hmawmsawm	ADJ
hmawn	NOUN
hmawn	VERB
hmawng	NOUN
hmawng	VERB
hmâwng	NOUN
hmâwng	VERB
hmawngbu	ADJ
hmawngkir	NOUN
hmâwngkir	NOUN
hmawng-thir	NOUN
hmawng-thîr	NOUN
hmâwng-thir	NOUN
hmâwng-thîr	NOUN
hmawr	NOUN
hmawr	ADJ
hmâwr	ADJ
hmawra	ADJ
hmâwra	ADJ
hmawrah	ADJ
hmâwrah	ADJ
hmawrbang	NOUN
hmawrbawk	VERB
hmawrbawkah	ADJ
hmawrbawktu	NOUN
hmawrhmuh	VERB
hmawrin	ADJ
hmawrker	NOUN
hmawrtawng	ADJ
hmâwrtawng	ADJ
hmawrtawnga	ADJ
hmawrtawngte	ADJ
hmawrte	ADJ
hmawrzum	ADJ
hmazau	NOUN
hmazawn	NOUN
hmazawn	ADJ
hmazâwn	ADJ
hmazâwna	ADJ
hmazâwnah	ADJ
hmazâwng	ADJ
hmazâwnga	ADJ
hmazil	NOUN
hmazil	VERB
hmeh	VERB
hmeha	ADJ
hmehah	ADJ
hmehbel	NOUN
hmehbel	ADJ
hmehbelna	NOUN
hmehkehrep	NOUN
hmehkhep	ADJ
hmehna	NOUN
hmehnaa	ADJ
hmehpuah	ADJ
hmehrek	NOUN
hmehrik	ADJ
hmehsak	VERB
hmehte	ADJ
hmei	NOUN
hmeia	ADJ
hmeiah	ADJ
hmeichhe	NOUN
hmeichheho	ADJ
hmeichhia	NOUN
hmeichhia	VERB
hmeichhiaa	ADJ
hmeichhiaah	ADJ
hmeichhiain	ADJ
hmeichhiat	ADJ
hmeichhiate	ADJ
hmeichhiaten	ADJ
hmeichhiatna	NOUN
hmeichhiatnaah	ADJ
hmeichhiatpui	NOUN
hmeichhiatpui	ADJ
hmeichhlatpui	NOUN
hmeiho	NOUN
hmeihote	NOUN
hmeiin	ADJ
hmeinu	NOUN
hmeite	ADJ
hmeiten	ADJ
hmeithai	NOUN
hmeithâi	NOUN
hmeithaia	ADJ
hmeithaiah	ADJ
hmeithaiin	ADJ
hmeithaina	NOUN
hmeithainu	NOUN
hmeithaite	NOUN
hmeithâite	NOUN
hmeithaiten	ADJ
hmeithai-thei	NOUN
hmeithal	NOUN
hmel	NOUN
hmêl	NOUN
hmela	ADJ
hmêla	ADJ
hmelah	ADJ
hmêlah	ADJ
hmelchhe	VERB
hmelchhe	ADJ
hmêlchhe	VERB
hmêlchhe	ADJ
hmelchhia	VERB
hmelchhia	ADJ
hmêlchhia	VERB
hmêlchhia	ADJ
hmelchhiat	ADJ
hmelchia	ADJ
hmêlchia	ADJ
hmel-duh	VERB
hmêl-duh	VERB
hmelhem	VERB
hmelhem	ADJ
hmêlhem	VERB
hmêlhem	ADJ
hmelhemlo	ADJ
hmelhemna	NOUN
hmêlhemna	NOUN
hmelhma	NOUN
hmêlhma	NOUN
hmelhmang	ADJ
hmêlhmang	ADJ
hmelhriat	NOUN
hmelhriat	ADJ
hmêlhriat	NOUN
hmêlhriat	ADJ
hmelhriata	ADJ
hmêlhriatho	ADJ
hmelhriatin	ADJ
hmêlhriatloh	ADJ
hmelhriatte	ADJ
hmêlhriatte	ADJ
hmelhriattir	NOUN
hmelhriattir	VERB
hmelhriattîr	NOUN
hmêlhriattir	NOUN
hmêlhriattir	VERB
hmêlhriattîr	NOUN
hmêlhriattîr	VERB
hmelhuatna	NOUN
hmelin	ADJ
hmêlin	ADJ
hmelma	NOUN
hmêlma	NOUN
hmêlmâ	NOUN
hmelmaa	ADJ
hmêlmaa	ADJ
hmêlmâa	ADJ
hmelmaah	ADJ
hmêlmaah	ADJ
hmêlmâah	ADJ
hmêlmaho	NOUN
hmelmak	VERB
hmelmak	ADJ
hmelmâk	VERB
hmêlmak	VERB
hmêlmâk	VERB
hmelmakna	NOUN
hmêlmâkna	NOUN
hmêlmaknain	ADJ
hmêlmapa	NOUN
hmêlmapâ	NOUN
hmelmate	NOUN
hmelmâte	NOUN
hmêlmate	NOUN
hmêlmâte	NOUN
hmêlmâteho	NOUN
hmelmaten	ADJ
hmêlmaten	ADJ
hmêlmâten	ADJ
hmelte	ADJ
hmêlte	ADJ
hmeltha	ADJ
hmelṭha	ADJ
hmelṭhâ	ADJ
hmêltha	ADJ
hmêlṭha	ADJ
hmêlṭhâ	ADJ
hmelthaa	ADJ
hmelthar	ADJ
hmelthat	ADJ
hmelṭhat	ADJ
hmêlthat	ADJ
hmêlṭhat	ADJ
hmelthate	ADJ
hmelthatna	NOUN
hmêlṭhatna	NOUN
hmelthatnain	ADJ
hmelthatzia	ADJ
hmêlṭhatzia	ADJ
hmem	ADV
hmemthei	NOUN
hmer	NOUN
hmer	VERB
hmer	ADV
hmera	ADJ
hmerh	VERB
hmerha	ADJ
hmerhin	ADJ
hmerhna	NOUN
hmerin	ADJ
hmerna	NOUN
hmertel	VERB
hmet	VERB
hmetchhuah	VERB
hmetchhuak	VERB
hmetpuak	VERB
hmetpuakah	ADJ
hmetpuakin	ADJ
hmi	NOUN
hmî	NOUN
hmiah	ADJ
hmiai	VERB
hmiai	ADV
hmiang	ADJ
hmiang	ADV
hmimbung	NOUN
hmimbûng	NOUN
hmin	VERB
hmin	ADJ
hmina	ADJ
hming	NOUN
hmingchhal	VERB
hmingchhe	VERB
hmingchhia	ADJ
hmingchhiat	ADJ
hmingchhiatna	NOUN
hmingchhutna	NOUN
hminghliau	VERB
hminghliau	ADJ
hminghliâu	VERB
hminghliauna	NOUN
hminghmel	NOUN
hminghmêl	NOUN
hminghmerh	ADJ
hminghmerha	ADJ
hmingin	ADJ
hmingin	ADV
hminglam	VERB
hminglem	ADJ
hminglianin	ADJ
hmingmawina	NOUN
hmingnei	ADJ
hmingnemna	NOUN
hmingpua	ADJ
hmingpui	NOUN
hmingpui	ADJ
hmingpuin	ADJ
hmingput	ADJ
hmingputu	NOUN
hmingte	ADJ
hmingtha	VERB
hmingtha	ADJ
hmingṭha	VERB
hmingṭha	ADJ
hmingṭhâ	ADJ
hmingthan	VERB
hmingthang	VERB
hmingthangte	ADJ
hmingthanna	NOUN
hmingthannaah	ADJ
hmingthannain	ADJ
hmingthanzia	ADJ
hmingthat	VERB
hmingthat	ADJ
hmingṭhat	VERB
hmingṭhat	ADJ
hmingthate	ADJ
hmingthatna	NOUN
hmingṭhatna	NOUN
hmingțhatna	NOUN
hmingvuah	VERB
hminlo	ADJ
hminna	NOUN
hminte	ADJ
hminten	ADJ
hmintu	NOUN
hmo	VERB
hmo	ADJ
hmu	VERB
hmuah	VERB
hmuahma	NOUN
hmuahma	VERB
hmuahmâ	NOUN
hmuahmâ	VERB
hmuahna	NOUN
hmuai	NOUN
hmuai	ADV
hmuak	VERB
hmuaka	ADJ
hmuakin	ADJ
hmuaktu	NOUN
hmual	ADJ
hmuam	VERB
hmuâm	VERB
hmuama	ADJ
hmuamhma	ADJ
hmuamhmâ	ADJ
hmuamna	NOUN
hmuamral	NOUN
hmuamral	VERB
hmuàmral	NOUN
hmuamtelel	NOUN
hmuâmtelel	NOUN
hmuan	ADJ
hmuar	VERB
hmuar	ADJ
hmuâr	VERB
hmuarnain	ADJ
hmubial	NOUN
hmubial	VERB
hmuchhuak	VERB
hmuchhuaka	ADJ
hmuchhuaktu	NOUN
hmuchiang	ADJ
hmufiah	ADJ
hmuh	VERB
hmuhah	ADJ
hmuhan	ADJ
hmuhbelh	ADJ
hmuhchhuah	VERB
hmuhchhuahah	ADJ
hmuhchhuahna	NOUN
hmuhchhuahte	ADJ
hmuhdante	ADJ
hmuhho	ADJ
hmuhil	VERB
hmuhin	ADJ
hmuhlet	VERB
hmuhmawh	VERB
hmuhmawh	ADJ
hmuhna	NOUN
hmuhnaah	ADJ
hmuh-nau	VERB
hmuhnawm	NOUN
hmuhnawm	ADJ
hmuhnawmah	ADJ
hmuhnawmzia	ADJ
hmuhpui	VERB
hmuhsak	VERB
hmuhsaktute	NOUN
hmuhsita	ADJ
hmuhsitawm	ADJ
hmuhsitawma	ADJ
hmuhsitawmah	ADJ
hmuhsitawmna	NOUN
hmuhsitawmnaah	ADJ
hmuhsitawmte	NOUN
hmuhsitin	ADJ
hmuhsitna	NOUN
hmuhsitnaah	ADJ
hmuhsitzia	ADJ
hmuhte	ADJ
hmuhtheiha	ADJ
hmuhtheihna	NOUN
hmuhtir	VERB
hmuhtîr	VERB
hmuhtirte	ADJ
hmuhtirtu	NOUN
hmuhtîrtu	NOUN
hmuhtlak	ADJ
hmuhtlang	ADJ
hmuhtu	NOUN
hmuhtur	ADJ
hmuhtûr	ADJ
hmuhzat	ADJ
hmuhzawng	ADJ
hmuhzia	ADJ
hmui	NOUN
hmui	VERB
hmui	ADJ
hmùi	NOUN
hmûi	VERB
hmuia	ADJ
hmûia	ADJ
hmuiah	ADJ
hmûiah	ADJ
hmuichukchurudulinu	NOUN
hmuichukchuruduninu	NOUN
hmûichukchuruduninu	NOUN
hmuifang	NOUN
hmuifâng	NOUN
hmuifangah	ADJ
hmuifarial	NOUN
hmuifaril	NOUN
hmuih	VERB
hmuih	ADV
hmuihmai	ADJ
hmuihmer	NOUN
hmuihmer	ADJ
hmuihmir	NOUN
hmuihmir	VERB
hmuihmul	NOUN
hmuihmul	ADJ
hmuiin	ADJ
hmûiin	ADJ
hmuikherh	NOUN
hmuikherh	ADJ
hmuikulep	NOUN
hmuikulêp	NOUN
hmuikum	VERB
hmui-lung	NOUN
hmui-mim-chip	NOUN
hmui-mîm-chip	NOUN
hmui-mim-chip-zum	ADJ
hmui-mîm-chip-zum	ADJ
hmûi-mim-chip-zum	ADJ
hmûi-mîm-chip-zum	ADJ
hmuin	ADJ
hmûin	ADJ
hmuingil	ADJ
hmuingîl	ADJ
hmuingîla	ADJ
hmuingîlin	ADJ
hmuingilna	NOUN
hmuingîlna	NOUN
hmuiphun	ADJ
hmuipui	VERB
hmuiral	NOUN
hmuiral	VERB
hmuite	NOUN
hmuiten	ADJ
hmuithal	NOUN
hmuithd	NOUN
hmuithla	NOUN
hmuithlâ	NOUN
hmuithlur	NOUN
hmuithlûr	NOUN
hmuizubel	NOUN
hmuizubêl	NOUN
hmuk	ADJ
hmuka	ADJ
hmul	NOUN
hmul	ADJ
hmula	ADJ
hmulah	ADJ
hmulahte	ADJ
hmulchhia	NOUN
hmulchhia	VERB
hmulet	VERB
hmulêt	VERB
hmulfaril	NOUN
hmulin	ADJ
hmulmehna	NOUN
hmulpul	VERB
hmulrip	VERB
hmulte	ADJ
hmulthi	NOUN
hmulthî	NOUN
hmum	ADJ
hmumawh	VERB
hmun	NOUN
hmun	ADJ
hmuna	ADJ
hmunah	ADJ
hmunah	ADV
hmunahte	ADJ
hmu-nau	VERB
hmunawl	ADJ
hmun-awl	NOUN
hmun-âwl	NOUN
hmunbial	ADJ
hmundang	ADJ
hmundanga	ADJ
hmundangah	ADJ
hmung	VERB
hmungah	ADJ
hmunhlui	ADJ
hmunhma	NOUN
hmunhma	ADJ
hmunhmâ	ADJ
hmunhmate	ADJ
hmunhnawk	NOUN
hmunin	ADJ
hmunkhat	NOUN
hmunkhat	ADJ
hmunkhata	ADJ
hmunkhatah	ADJ
hmunkhatin	ADJ
hmunphiah	NOUN
hmunphiah	VERB
hmunphiahin	ADJ
hmunphiat	VERB
hmunpui	ADJ
hmunpuiah	ADJ
hmunpuite	ADJ
hmunro	ADJ
hmunruak	ADJ
hmunsang	ADJ
hmunsâng	ADJ
hmunsângahte	ADJ
hmunsangte	ADJ
hmunsângte	ADJ
hmunsawmtir	VERB
hmunte	ADJ
hmuntha	NOUN
hmunthianghlim	NOUN
hmunthu	NOUN
hmunthû	NOUN
hmunṭhu	NOUN
hmunṭhû	NOUN
hmuntin	ADJ
hmuntinah	ADJ
hmunu	NOUN
hmunû	NOUN
hmupa	NOUN
hmu-pawl	NOUN
hmu-páwl	NOUN
hmur	VERB
hmur	ADJ
hmur	ADV
hmûr	VERB
hmurpĥir	NOUN
hmurpĥîr	NOUN
hmûrpĥir	NOUN
hmûrpĥîr	NOUN
hmursawp	NOUN
hmursâwp	NOUN
hmûrsawp	NOUN
hmûrsâwp	NOUN
hmusit	VERB
hmusita	ADJ
hmusitate	NOUN
hmusitawm	ADJ
hmusitin	ADJ
hmusitna	NOUN
hmusitnaah	ADJ
hmusitnain	ADJ
hmusittu	NOUN
hmusittua	ADJ
hmusittûa	ADJ
hmusittuho	NOUN
hmusittute	NOUN
hmusittuten	ADJ
hmutau	NOUN
hmutâu	NOUN
hmuṭau	NOUN
hmuṭâu	NOUN
hmuten	ADJ
hmutheitu	NOUN
hmutheitûa	ADJ
hmutheitute	NOUN
hmutlang	ADJ
hmutu	NOUN
hmutu	VERB
hmutûin	ADJ
hmutute	ADJ
hmututen	ADJ
hna	NOUN
hna	VERB
hná	VERB
hnà	NOUN
hnâ	NOUN
hnâ	VERB
hnaa	ADJ
hnaah	ADJ
hnâah	ADJ
hnah	NOUN
hnaha	ADJ
hnahbawr	NOUN
hnahbâwr	NOUN
hnahchang	NOUN
hnahchawi	NOUN
hnahchawi	ADJ
hnahchàwi	NOUN
hnahchhah	NOUN
hnahchhawl	NOUN
hnahchhâwl	NOUN
hna-heh	VERB
hnahfin	NOUN
hnahfîn	NOUN
hnahhliu	NOUN
hnahhlui	NOUN
hnahhlun	NOUN
hnahhrat	NOUN
hnahhrât	NOUN
hnahkhar	NOUN
hnahkhár	NOUN
hnahkhat	NOUN
hnahkhat	ADJ
hnahkhauh	NOUN
hnahkhawr	NOUN
hnahkhâwr	NOUN
hnahkiah	NOUN
hnahlana	ADJ
hnahmawi	NOUN
hnahmâwi	NOUN
hnahnem	NOUN
hnahnêm	NOUN
hnahpui	ADJ
hnahsin	ADJ
hnahte	ADJ
hnahthak	NOUN
hnahthaksuak	NOUN
hnahthap	NOUN
hnahthel	NOUN
hnahthial	NOUN
hnahthial	VERB
hnahthiala	ADJ
hnahthingthawng	NOUN
hnahthlak	NOUN
hnahthlak	ADJ
hnahthlâk	NOUN
hnahthlâk	ADJ
hnahthlakte	ADJ
hnah-tum	NOUN
hnahzur	NOUN
hnahzûr	NOUN
hnai	NOUN
hnai	VERB
hnai	ADJ
hnai	PART
hnâi	ADJ
hnaia	ADJ
hnâia	ADJ
hnaiah	ADJ
hnâiah	ADJ
hnaiahte	ADJ
hnaiber	ADJ
hnaih	VERB
hnaih	ADJ
hnaiha	ADJ
hnaihah	ADJ
hnaihchilh	VERB
hnaihchilha	ADJ
hnaihchilhin	ADJ
hnaihin	ADJ
hnaihna	NOUN
hnaihpui	ADJ
hnaihte	ADJ
hnaihtîr	ADJ
hnaihtîrte	ADJ
hnaihtu	NOUN
hnaihtuahte	ADJ
hnaihturte	ADJ
hnaihtute	NOUN
hnaiin	ADJ
hnailtute	ADJ
hnâin	ADJ
hnaisai	ADJ
hnaite	ADJ
hnâite	ADJ
hnaitea	ADJ
hnaiteah	ADJ
hnaitu	NOUN
hnaivai	ADJ
hnâivâi	ADJ
hnaivaia	ADJ
hnâivâia	ADJ
hnaivaiah	ADJ
hnaivâiahte	ADJ
hnak	ADJ
hnakak	NOUN
hnakâk	NOUN
hna-kin	VERB
hnal	ADJ
hnam	NOUN
hnam	VERB
hnam	ADJ
hnâm	VERB
hnâm	ADJ
hnama	ADJ
hnamah	ADJ
hnambeh	VERB
hnambet	VERB
hnambet	ADJ
hnambil	ADJ
hnamchawm	NOUN
hnamchawm	ADJ
hnamchawmten	ADJ
hnamdang	ADJ
hnamdangin	ADJ
hnamdangte	ADJ
hnamhnawih	ADJ
hnamho	ADJ
hnamhoten	ADJ
hnamin	ADJ
hnamkai	VERB
hnamkâi	VERB
hnamlam	ADJ
hnampa	ADJ
hnampui	NOUN
hnampui	ADJ
hnampuite	ADJ
hnamsai	NOUN
hnamsâi	NOUN
hnam-tawng	NOUN
hnam-ṭawng	NOUN
hnamte	NOUN
hnamte	ADJ
hnamtê	NOUN
hnamten	ADJ
hnamtin	ADJ
hnamtur	NOUN
hnamtûr	NOUN
hnâmtur	NOUN
hnâmtûr	NOUN
hnamzia	ADJ
hnan	VERB
hnan	ADJ
hnan	ADV
hnàn	ADJ
hnân	VERB
hnana	ADJ
hnanah	ADJ
hnang	NOUN
hnang	VERB
hnang	ADJ
hnáng	VERB
hnâng	NOUN
hnâng	VERB
hnâng	ADJ
hnanga	ADJ
hnangdil	NOUN
hnangdîl	NOUN
hnângdil	NOUN
hnângdîl	NOUN
hnangtawm	NOUN
hnangṭawm	NOUN
hnângtawm	NOUN
hnângṭawm	NOUN
hnanin	ADJ
hnanna	NOUN
hnap	NOUN
hnâp	NOUN
hnaphkir	NOUN
hnaphkîr	NOUN
hna-pin	NOUN
hnapkhawn	NOUN
hnapkhâwn	NOUN
hnapkhir	NOUN
hnapkhîr	NOUN
hnapsut	VERB
hnapsût	VERB
hnapthleng	NOUN
hnapthlêng	NOUN
hnaptui	NOUN
hnar	NOUN
hnar	VERB
hnâr	NOUN
hnâr	VERB
hnara	ADJ
hnâra	ADJ
hnarah	ADJ
hnârah	ADJ
hnarahte	ADJ
hnarin	ADJ
hnârin	ADJ
hnarkaitu	NOUN
hnarkàitu	NOUN
hnârkaitu	NOUN
hnârkàitu	NOUN
hnârkâitu	NOUN
hnarkaituah	ADJ
hnarkawn	NOUN
hnarkáwn	NOUN
hnârkawn	NOUN
hnârkáwn	NOUN
hnârkâwn	NOUN
hnarkhik	NOUN
hnarkhik	VERB
hnârkhik	VERB
hnarkin	NOUN
hnârkin	NOUN
hnarkir	VERB
hnarkua	NOUN
hnârkua	NOUN
hnarrial	NOUN
hnarrial	VERB
hnârrial	NOUN
hnârriâl	NOUN
hnarte	NOUN
hnarte-ngeng	NOUN
hnârte-ngeng	NOUN
hnarverh	VERB
hnârvuah	ADJ
hnate	NOUN
hnâte	NOUN
hnathawh	VERB
hnathawhah	ADJ
hnathawhin	ADJ
hnathawhna	NOUN
hnathawhnaa	ADJ
hnathawhnaah	ADJ
hnathawhnain	ADJ
hnathawhpui	VERB
hnathawhpuite	NOUN
hnathawhte	NOUN
hnathawhtea	ADJ
hnathawk	VERB
hnathawka	ADJ
hnathawkah	ADJ
hnathawkho	NOUN
hnathawkin	ADJ
hnathawkte	NOUN
hnathawkten	ADJ
hnathawktu	NOUN
hnathawktuin	ADJ
hnathawktute	NOUN
hnathawktuten	ADJ
hnathiam	ADJ
hnathlâk	ADJ
hnatlan	NOUN
hnatlàn	NOUN
hnatlân	NOUN
hnatlang	NOUN
hnatlang	VERB
hnatlâng	NOUN
hnatlangpui	VERB
hnatlangpuia	ADJ
hnatlangpuiin	ADJ
hnatlanna	NOUN
hnawh	VERB
hnâwh	VERB
hnawhbote	NOUN
hnawhchepin	ADJ
hnawhchepnaah	ADJ
hnawhchhuah	ADJ
hnawhchhuaha	ADJ
hnawhchhuahho	ADJ
hnawhchhuahin	ADJ
hnawhchhuahsak	VERB
hnawhchhuahte	NOUN
hnawhdarhna	NOUN
hnawhin	ADJ
hnawhkhah	VERB
hnawhkhat	VERB
hnawhkian	VERB
hnawhna	NOUN
hnawhphui	VERB
hnawhping	VERB
hnawhsak	VERB
hnawhsarum	VERB
hnawhsarum	ADJ
hnawhsaruma	ADJ
hnawhte	ADJ
hnawih	VERB
hnâwih	VERB
hnawiha	ADJ
hnawihah	ADJ
hnawihin	ADJ
hnawihna	NOUN
hnawihnaah	ADJ
hnawihsak	VERB
hnawihsen	VERB
hnawihte	NOUN
hnawihtute	NOUN
hnawk	NOUN
hnawk	ADJ
hnawka	ADJ
hnawkah	ADJ
hnawkal	NOUN
hnawkal	VERB
hnawkhnai	NOUN
hnawkhnai	ADJ
hnawkhnâi	ADJ
hnawkin	ADJ
hnawkna	NOUN
hnawksak	VERB
hnawksaka	ADJ
hnawksakah	ADJ
hnawkte	NOUN
hnawl	NOUN
hnawl	VERB
hnâwl	NOUN
hnâwl	VERB
hnawla	ADJ
hnâwla	ADJ
hnawlhak	VERB
hnawlhâk	VERB
hnâwlhâk	VERB
hnâwlin	ADJ
hnawlna	NOUN
hnawlsak	VERB
hnâwlsak	VERB
hnâwlsaka	ADJ
hnawlsakin	ADJ
hnawlte	NOUN
hnâwlthlâk	ADJ
hnawltu	NOUN
hnâwltu	NOUN
hnawltute	NOUN
hnâwltute	NOUN
hnawm	VERB
hnawm	ADJ
hnawm	ADV
hnâwm	ADJ
hnawma	ADJ
hnawmbnawk	NOUN
hnâwmbnawk	NOUN
hnawmhnawk	NOUN
hnawmhnawk	ADJ
hnàwmhnawk	NOUN
hnâwmhnawk	ADJ
hnâwmhnawka	ADJ
hnawmhnawkah	ADJ
hnawmhne	NOUN
hnawmhne	ADJ
hnawmhné	NOUN
hnawmhnê	ADJ
hnàwmhne	NOUN
hnàwmhné	NOUN
hnâwmhnê	ADJ
hnawmhneah	ADJ
hnâwmhnêah	ADJ
hnawmin	ADJ
hnawmna	NOUN
hnawmtam	NOUN
hnawmtàm	NOUN
hnawmtinphurinu	NOUN
hnawmtinphurinu	VERB
hnawmtinpuhurinu	NOUN
hnawn	NOUN
hnawn	VERB
hnàwn	NOUN
hnàwn	VERB
hnâwn	VERB
hnawng	NOUN
hnawng	VERB
hnawng	ADJ
hnawng	ADV
hnâwng	NOUN
hnâwng	ADJ
hnawngin	ADJ
hnâwngin	ADJ
hnawngvawt	ADJ
hnawnna	NOUN
hnawntir	VERB
hnawntîr	VERB
hnawt	VERB
hnawtchawp	VERB
hnawtchhuak	VERB
hnawtchhuaktu	NOUN
hnawttiau	VERB
hne	VERB
hne	ADV
hnè	VERB
hnê	VERB
hně	VERB
hnē	VERB
hneah	ADJ
hneawm	ADJ
hneh	VERB
hneh	ADV
hneha	ADJ
hnehah	ADJ
hnehate	ADJ
hnehbân	ADJ
hnehchhiah	VERB
hnehchhiaha	ADJ
hnehchhiahho	NOUN
hnehchhiahin	ADJ
hnehchhiahna	NOUN
hnehchhiahnaa	ADJ
hnehchhiahnain	ADJ
hnehchhiahnate	NOUN
hnehchhiahte	NOUN
hnehchhiahtu	NOUN
hnehchhiahtute	NOUN
hnehchhiahzia	ADJ
hnehchhiattu	NOUN
hnehchhuh	VERB
hnehchhuhin	ADJ
hnehchhuhtu	NOUN
hnehin	ADJ
hnehlak	VERB
hnehlâk	VERB
hnehna	NOUN
hnêhna	NOUN
hnehnaa	ADJ
hnehnaah	ADJ
hnehnate	NOUN
hnehpui	VERB
hnehsak	VERB
hnehsaktu	NOUN
hnehsawh	VERB
hnehsawh	ADJ
hnehsualtu	NOUN
hnehtir	VERB
hnehtîr	VERB
hnehtu	NOUN
hnehtua	ADJ
hnehtuah	ADJ
hnehtute	NOUN
hnehzia	ADJ
hnek	VERB
hnek	ADV
hnek	CCONJ
hnêk	VERB
hnêk	ADV
hnêk	CCONJ
hněk	VERB
hneka	ADJ
hneka	ADP
hnekchhuak	VERB
hnekin	ADJ
hnekin	ADV
hnekin	CCONJ
hnêkin	ADJ
hnêkin	ADV
hnêkin	CCONJ
hnekna	NOUN
hnektir	VERB
hnektîr	VERB
hnêktir	VERB
hnêktîr	VERB
hnem	VERB
hnem	ADJ
hnèm	VERB
hnèm	ADJ
hnêm	ADJ
hnemhnan	ADJ
hnemhnang	VERB
hnemhnang	ADJ
hnemhnâng	VERB
hnemhnanna	NOUN
hnemhnànna	NOUN
hnemhnânna	NOUN
hnemhnanpui	VERB
hnemhnanpui	ADJ
hnemhnànpui	VERB
hnemhnanpuiin	ADJ
hnemin	ADJ
hneminu	NOUN
hnemna	NOUN
hnemtîr	VERB
hnemtu	NOUN
hnêmtu	NOUN
hnemzia	ADJ
hnen	ADJ
hnen	ADP
hnên	ADJ
hnên	ADP
hnena	ADJ
hnêna	ADJ
hnenaa	ADJ
hnênaah	ADJ
hnenah	ADJ
hnênah	ADJ
hnenahte	ADJ
hnênahte	ADJ
hnenan	ADJ
hnênan	ADJ
hnenghnuang	ADJ
hnep	VERB
hnêp	VERB
hnêpa	ADJ
hnephnawl	NOUN
hnephnawl	X
hnêpin	ADJ
hni	NOUN
hnî	NOUN
hniak	NOUN
hniak	VERB
hniâk	NOUN
hniaka	ADJ
hniakhnû	ADJ
hniakhnung	ADJ
hniakhnungah	ADJ
hniakrep	VERB
hniakrép	VERB
hniakrêp	VERB
hniâkrep	VERB
hniâkrép	VERB
hniâkrêp	VERB
hniakte	NOUN
hniak-tla	NOUN
hniâk-tla	NOUN
hnial	NOUN
hnial	VERB
hniál	NOUN
hniâl	NOUN
hnialfung	ADJ
hnialfunga	ADJ
hnialhrat	ADJ
hnialhrât	ADJ
hnialhratna	NOUN
hnialhratte	NOUN
hnialin	ADJ
hnialkalh	VERB
hnialkalhin	ADJ
hnialkalhna	NOUN
hnialkalhtu	NOUN
hniallo	ADJ
hnialna	NOUN
hnialnaah	NOUN
hnialnate	NOUN
hnialthla	VERB
hnialtu	NOUN
hnialtute	NOUN
hniam	ADJ
hniám	ADJ
hniama	ADJ
hniamah	ADJ
hniamin	ADJ
hniamna	NOUN
hniamte	ADJ
hniamtir	VERB
hniamtu	NOUN
hniamzawk	ADJ
hniang	ADJ
hnianghnar	ADJ
hnianghnâr	ADJ
hniánghnár	ADJ
hnianghnara	ADJ
hnianghnâra	ADJ
hnianghnarin	ADJ
hnianghnarna	NOUN
hniar	VERB
hniar	ADJ
hniár	VERB
hnifen	NOUN
hnifên	NOUN
hnih	VERB
hnih	ADJ
hnihin	ADJ
hnihna	ADJ
hnihnaa	ADJ
hnihnaah	ADJ
hnihte	ADJ
hnihthum	ADJ
hnik	VERB
hník	VERB
hnîk	VERB
hnim	NOUN
hnim	VERB
hnîm	VERB
hnīm	VERB
hnima	ADJ
hnimbuk	NOUN
hnimbuka	ADJ
hnimbukah	ADJ
hnimhlîng	NOUN
hnimhlingnei	ADJ
hnimhlîngnei	ADJ
hnimhlingneite	ADJ
hnimhlum	NOUN
hnimhnah	NOUN
hnimhnai	VERB
hnimhring	NOUN
hnimhringte	NOUN
hnimin	ADJ
hnimphum	VERB
hnimphûm	VERB
hnimphūm	VERB
hnimte	NOUN
hnimtu	NOUN
hning	NOUN
hnîng	NOUN
hnip	NOUN
hnip	ADJ
hnit	VERB
hnît	VERB
hnīt	VERB
hno	VERB
hnu	NOUN
hnu	VERB
hnu	ADV
hnua	ADJ
hnûa	ADJ
hnuah	ADJ
hnuah	ADV
hnûah	ADJ
hnuahte	ADJ
hnuai	NOUN
hnuai	ADJ
hnuaia	ADJ
hnuaiah	ADJ
hnuaiah	ADV
hnuaiahte	ADJ
hnuaian	ADJ
hnuaichhiah	VERB
hnuaichhiahna	NOUN
hnuaichhiahtu	NOUN
hnuaihnung	ADJ
hnuaihnunga	ADJ
hnuaihnungah	ADJ
hnuaihnungahte	ADJ
hnuaihnungte	ADJ
hnuailam	ADJ
hnuailamah	ADJ
hnuaileng	NOUN
hnuaileng	VERB
hnuailêng	NOUN
hnuailengte	ADJ
hnuaipui	NOUN
hnuaipui	VERB
hnuaite	ADJ
hnuaivak	NOUN
hnuaivak	VERB
hnuaivâk	NOUN
hnual	VERB
hnual	ADJ
hnuál	VERB
hnuâl	VERB
hnualsuat	VERB
hnualsùat	VERB
hnuâlsuat	VERB
hnuâlsùat	VERB
hnualsuatna	NOUN
hnualsùatna	NOUN
hnuâlsuatna	NOUN
hnuâlsuâtna	NOUN
hnuâlsùatna	NOUN
hnubal	NOUN
hnubâl	NOUN
hnuchham	NOUN
hnuchham	VERB
hnuchhawn	VERB
hnuchhawna	ADJ
hnuchhawnho	NOUN
hnuchhawnin	ADJ
hnuchhawnsan	VERB
hnuchhawntu	NOUN
hnuchhhiah	VERB
hnuchhiah	VERB
hnuchhui	VERB
hnuchhuina	NOUN
hnudal	NOUN
hnudal	VERB
hnudâl	VERB
hnudâlho	NOUN
hnudaltu	NOUN
hnudaltute	NOUN
hnudo	VERB
hnufen	NOUN
hnufên	NOUN
hnufual	ADJ
hnufualna	NOUN
hnufualna	VERB
hnufuàlna	NOUN
hnufuàlna	VERB
hnufuâlna	NOUN
hnufuâlna	VERB
hnufualte	ADJ
hnufum	VERB
hnufum	ADJ
hnufúm	VERB
hnufûm	VERB
hnufumna	NOUN
hnufun	NOUN
hnuh	NOUN
hnuh	VERB
hnuhhram	NOUN
hnuhhrâm	NOUN
hnuhkir	VERB
hnuhluh	VERB
hnuhma	NOUN
hnûhmâ	ADJ
hnuhmâah	ADJ
hnuhmate	NOUN
hnuhmâte	NOUN
hnuhna	NOUN
hnuhnawh	ADJ
hnu-hnawh	VERB
hnuhnun	VERB
hnuhnun	ADJ
hnuhnûn	VERB
hnuhnûn	ADJ
hnuhnung	VERB
hnuhnung	ADJ
hnuhnúng	VERB
hnuhnûng	VERB
hnuhnûng	ADJ
hnuhnunga	ADJ
hnuhnungah	ADJ
hnuhnûngah	ADJ
hnuhnungahte	ADJ
hnuhnûngahte	ADJ
hnuhnungber	ADJ
hnuhnungbera	ADJ
hnuhnungte	ADJ
hnuhnunpui	NOUN
hnuhnùnpui	NOUN
hnuhnûnpui	NOUN
hnuhpui	NOUN
hnuhtawlh	ADJ
hnuhthial	NOUN
hnuhthual	NOUN
hnuhtîr	VERB
hnuin	ADJ
hnûin	ADJ
hnuk	NOUN
hnuk	VERB
hnuk	ADV
hnûk	VERB
hnûka	ADJ
hnukchah	VERB
hnukchah	ADJ
hnukchat	VERB
hnukchhah	VERB
hnukchhat	VERB
hnukchhawlh	NOUN
hnukchhawlh	ADJ
hnukchhuak	VERB
hnukdawk	VERB
hnukhawi	NOUN
hnukhawi	ADJ
hnukhâwi	NOUN
hnukhâwia	ADJ
hnukhnan	VERB
hnukhnàn	VERB
hnûkhnan	VERB
hnûkhnàn	VERB
hnukhnang	VERB
hnukhnáng	VERB
hnukhnâng	VERB
hnukhná́ng	VERB
hnûkhnang	VERB
hnûkhnáng	VERB
hnûkhnâng	VERB
hnûkhná́ng	VERB
hnukhniam	VERB
hnûkhniam	VERB
hnukhuh	ADJ
hnukkhar	NOUN
hnukkhâr	NOUN
hnukkir	VERB
hnukkîr	VERB
hnûklût	VERB
hnukpui	ADJ
hnuktu	NOUN
hnûktu	NOUN
hnukulh	NOUN
hnukulh	VERB
hnulam	ADJ
hnulamah	ADJ
hnuleh	ADJ
hnu-leh	NOUN
hnuleha	ADJ
hnum	NOUN
hnum	ADJ
hnûm	NOUN
hnûm	ADJ
hnumna	NOUN
hnûmna	NOUN
hnun	NOUN
hnun	ADJ
hnùn	NOUN
hnûn	NOUN
hnûn	ADJ
hnŭn	NOUN
hnuna	ADJ
hnung	NOUN
hnung	ADJ
hnunga	ADJ
hnungah	ADJ
hnungah	ADV
hnungchhawn	VERB
hnungkhirh	VERB
hnungkhirhin	ADJ
hnunglam	ADJ
hnunglama	ADJ
hnunglamah	ADJ
hnunglehah	ADJ
hnungpuak	VERB
hnungpuâk	VERB
hnungpuakin	ADJ
hnungtawlh	VERB
hnungtawlha	ADJ
hnungtawlhin	ADJ
hnungtawlhna	NOUN
hnungtawlhnate	NOUN
hnungtawlhsan	VERB
hnungtawlhtu	NOUN
hnungte	ADJ
hnungzang	NOUN
hnungzang	ADJ
hnungzâng	NOUN
hnungzâng	ADJ
hnungzangah	ADJ
hnungzângah	ADJ
hnungzangruhthling	NOUN
hnungzangruhthlîng	NOUN
hnungzângruhthling	NOUN
hnungzângruhthlîng	NOUN
hnungzui	NOUN
hnungzui	VERB
hnungzuiin	ADJ
hnungzuite	NOUN
hnungzuitu	NOUN
hnungzuitute	NOUN
hnunthlum	NOUN
hnûnthlum	NOUN
hnûnthlûm	NOUN
hnûp	ADJ
hnur	VERB
hnur	ADJ
hnur	ADV
hnûr	VERB
hnûr	ADJ
hnûr	ADV
hnutchhiah	VERB
hnutchhiaha	ADJ
hnutchhiahho	ADJ
hnutchhiahin	ADJ
hnutchhiahte	ADJ
hnutchhiahtu	NOUN
hnute	NOUN
hnuté	NOUN
hnutê	NOUN
hnûte	NOUN
hnuteah	ADJ
hnuteahte	ADJ
hnutebu	NOUN
hnutedak	NOUN
hnutehmur	ADJ
hnutein	ADJ
hnutêin	ADJ
hnutete	ADJ
hnutête	ADJ
hnuteten	ADJ
hnutetui	NOUN
hnutetui	ADJ
hnutetuia	ADJ
hnutetuiin	ADJ
hnutiang	ADJ
hnuvak	NOUN
hnuvâk	NOUN
hnuval	NOUN
hnuvâl	NOUN
hnuzui	VERB
hnuzul	VERB
ho	VERB
ho	ADJ
ho	ADV
ho	PART
holam	ADJ
hote	NOUN
hotunu	NOUN
hotupa	NOUN
hovin	VERB
hovin	ADV
hra-arsi	NOUN
hrahlak	VERB
hrah-lak	VERB
hrahlâk	VERB
hrah-lâk	VERB
hrahliam	NOUN
hrai	NOUN
hrai	VERB
hrái	NOUN
hrâi	VERB
hraichawite	NOUN
hraite	NOUN
hrakai	NOUN
hrakâi	NOUN
hrakailun	NOUN
hrakawng	NOUN
hrakâwng	NOUN
hralh	VERB
hrálh	VERB
hrâlh	VERB
hralha	ADJ
hralhchhuah	VERB
hralhchhuahna	NOUN
hralhchhuak	VERB
hralhin	ADJ
hralhna	NOUN
hralhnaah	ADJ
hralhnain	ADJ
hralhruk	ADJ
hralhte	NOUN
hralhtu	NOUN
hralhtuin	ADJ
hralhtur	ADJ
hralhtute	NOUN
hram	NOUN
hram	VERB
hram	ADJ
hram	ADV
hrám	VERB
hrám	ADV
hrâm	NOUN
hrâm	VERB
hrâm	ADV
hrama	ADJ
hrâma	ADJ
hrâmin	ADJ
hramkawn	NOUN
hramkawn	VERB
hramkâwn	NOUN
hramna	NOUN
hrâmna	NOUN
hramte	ADJ
hrâmte	ADJ
hramtu	NOUN
hrâmtu	NOUN
hran	NOUN
hran	VERB
hran	ADJ
hràn	VERB
hrân	VERB
hrana	ADJ
hrâna	ADJ
hranah	ADJ
hrang	NOUN
hrang	VERB
hrang	ADJ
hrâng	VERB
hrâng	ADJ
hranga	ADJ
hrangah	ADJ
hrangchal	NOUN
hrângchal	NOUN
hrangchhuana	NOUN
hrângchhuana	NOUN
hranghlui	ADJ
hrângho	ADJ
hranghrual	NOUN
hrânghrual	NOUN
hrangin	ADJ
hrangkir	NOUN
hrangkir	ADJ
hrângkir	ADJ
hranglung	NOUN
hrânglung	NOUN
hrangte	ADJ
hrangteah	ADJ
hrangten	ADJ
hrangtu	ADJ
hrangzia	ADJ
hranhmun	ADJ
hranin	ADJ
hranna	NOUN
hrannaah	ADJ
hrannate	NOUN
hranpa	ADJ
hranpà	ADJ
hranpâ	ADJ
hranpaa	ADJ
hranpui	ADJ
hransak	ADJ
hransakte	ADJ
hransan	VERB
hransana	ADJ
hransanzia	ADJ
hrante	ADJ
hranthawl	NOUN
hranthâwl	NOUN
hránthawl	NOUN
hránthâwl	NOUN
hrànthawl	NOUN
hrànthâwl	NOUN
hrantir	VERB
hrantîr	VERB
hranzia	ADJ
hrapui	NOUN
hrapui	VERB
hrareng	NOUN
hrareng	VERB
hrat	NOUN
hrat	ADJ
hrat	ADV
hrât	NOUN
hrât	ADJ
hrâtho	ADJ
hratin	ADJ
hratkhawkheng	ADJ
hratkhawkhêng	ADJ
hrâtkhawkheng	ADJ
hrâtkhawkhêng	ADJ
hratlak	NOUN
hratlak	VERB
hrat-lak	VERB
hrâtlâk	VERB
hrât-lâk	VERB
hratlum	NOUN
hratna	ADJ
hratpar	NOUN
hrâtpâr	NOUN
hrâtte	ADJ
hrattir	VERB
hratzang	NOUN
hratzang	VERB
hrâtzang	NOUN
hraum	NOUN
hravarung	NOUN
hraw	ADJ
hrawg	VERB
hrâwg	VERB
hrawih	ADJ
hrawk	NOUN
hrawk	VERB
hrâwk	VERB
hrawka	ADJ
hrawkah	ADJ
hrawkchawm	VERB
hrawkchâwm	VERB
hrawkhput	VERB
hrawkhpût	VERB
hrawkhrawl	NOUN
hrawkhrawl	ADJ
hrawkhrui	VERB
hrawkhrui	ADJ
hrawkin	ADJ
hrawkna	NOUN
hrâwkna	NOUN
hrawkphut	VERB
hrawkphût	VERB
hrawkpu	VERB
hrawkpuar	VERB
hrawkput	VERB
hrawkthip	ADJ
hrawl	ADJ
hrawlpui	ADJ
hrawm	VERB
hrâwm	VERB
hrâwm	ADJ
hrawmhraw	ADJ
hrawn	VERB
hrawng	VERB
hrawng	ADJ
hrâwng	VERB
hrawt	VERB
hrawtin	ADJ
hrawtna	NOUN
hrazawngtah	NOUN
hrazungchhui	NOUN
hre	VERB
hre	ADV
hreawm	ADJ
hreawmin	ADJ
hreawmna	NOUN
hreawmnain	ADJ
hreawmnate	NOUN
hreawmzia	ADJ
hreawmziate	ADJ
hrebel	ADJ
hrechak	ADJ
hrechhuak	VERB
hrechhuakin	ADJ
hrechiang	ADJ
hrechianga	ADJ
hrechiangin	ADJ
hrechiangte	ADJ
hrechiangtu	NOUN
hrechiangtute	NOUN
hredik	ADJ
hrefiah	ADJ
hreh	VERB
hrehawm	ADJ
hrehawma	ADJ
hrehawmin	ADJ
hrehawmna	NOUN
hrehawmnaah	ADJ
hrehawmnain	ADJ
hrehawmnate	NOUN
hrehawmte	NOUN
hrehawmzia	ADJ
hrehin	ADJ
hrehmi	NOUN
hrehna	NOUN
hrei	NOUN
hreifang	NOUN
hreiin	ADJ
hreikawl	NOUN
hreikawl	ADJ
hreipui	NOUN
hreipuia	ADJ
hreipuiin	ADJ
hreipuitein	ADJ
hreirawt	NOUN
hreirâwt	NOUN
hreitak	NOUN
hreite	NOUN
hreitê	NOUN
hrek	NOUN
hrek	VERB
hrek	ADJ
hrek	ADV
hrék	VERB
hrêk	VERB
hrêkbet	VERB
hrêkin	ADJ
hrekna	NOUN
hrem	VERB
hrema	ADJ
hremhmun	NOUN
hremhmun	ADJ
hremhmuna	ADJ
hremhmunah	ADJ
hremin	ADJ
hremna	NOUN
hremnaa	NOUN
hremnaah	ADJ
hremnân	ADJ
hremnate	NOUN
hremte	ADJ
hremtu	NOUN
hremtûah	ADJ
hremzia	ADJ
hren	NOUN
hren	VERB
hrèn	NOUN
hrèn	VERB
hrên	VERB
hrena	ADJ
hrenawn	ADJ
hrenbeh	VERB
hreng	VERB
hreng	ADJ
hrêng	VERB
hrēng	VERB
hrenga	ADJ
hrengah	ADJ
hrengai	ADJ
hrengin	ADJ
hrêngin	ADJ
hrengtu	NOUN
hrêngtu	NOUN
hrenin	ADJ
hrenna	NOUN
hrènna	NOUN
hrênna	NOUN
hrênnaa	ADJ
hrenpereng	NOUN
hrenpuan	NOUN
hrênpuan	NOUN
hrensak	VERB
hrènsak	VERB
hrênsak	VERB
hrêntîr	VERB
hrep	ADJ
hrep	ADV
hrepa	ADJ
hrepnaah	ADJ
hrereng	ADJ
hrerengin	ADJ
hrerututen	ADJ
hresa	ADJ
hresual	ADJ
hreta	ADJ
hretah	ADJ
hrethar	ADJ
hrethei	ADJ
hretheite	ADJ
hrethiam	VERB
hrethiamin	ADJ
hrethiamlo	ADJ
hrethiamte	ADJ
hrethiamtu	NOUN
hretin	ADJ
hretu	NOUN
hretua	ADJ
hretuah	ADJ
hretuin	ADJ
hretute	NOUN
hretuten	ADJ
hreu	NOUN
hreu	ADJ
hréu	NOUN
hréu	ADJ
hreuh	VERB
hrfik	VERB
hri	NOUN
hri	VERB
hria	VERB
hrîa	VERB
hriaa	ADJ
hriaah	ADJ
hriaan	ADJ
hriak	ADJ
hriaka	ADJ
hriakah	ADJ
hriakin	ADJ
hriakna	NOUN
hriakte	NOUN
hriakthih	VERB
hriakthiha	ADJ
hriakthihate	ADJ
hriakthihin	ADJ
hriakthihna	NOUN
hrial	VERB
hrialhrek	NOUN
hrialhrek	VERB
hrialhrêk	VERB
hriam	NOUN
hriam	ADJ
hriâm	NOUN
hriâm	ADJ
hriama	ADJ
hriamhrei	NOUN
hriamhreia	ADJ
hriamhreiin	ADJ
hriamhreite	NOUN
hriamin	ADJ
hriamlo	ADJ
hriamna	NOUN
hriamte	ADJ
hriamtir	VERB
hriamtîr	VERB
hriang	NOUN
hriang	ADJ
hriâng	NOUN
hriangpui	NOUN
hriângpui	NOUN
hriangzau	NOUN
hriangzau	VERB
hriat	VERB
hriát	VERB
hriât	VERB
hriat/hre	VERB
hriata	ADJ
hriatah	ADJ
hriatahte	ADJ
hriatchhuah	VERB
hriatchhuahtir	VERB
hriatchhuahtîr	VERB
hriatchian	ADJ
hriate	ADJ
hriaten	ADJ
hriatfiah	ADJ
hriatfiahna	NOUN
hriatfiahtir	NOUN
hriatfiahtir	VERB
hriathiamna	NOUN
hriathlawh	ADJ
hriatin	ADJ
hriatlar	ADJ
hriatloh	ADJ
hriatna	NOUN
hriatnaa	ADJ
hriatnaah	ADJ
hriatnain	ADJ
hriatnate	ADJ
hriatphak	ADJ
hriatpui	VERB
hriatpui	ADJ
hriatpuia	ADJ
hriatpuiin	ADJ
hriatpuina	NOUN
hriatpuinaa	ADJ
hriatpuinaah	ADJ
hriatpuinain	ADJ
hriatpuitu	NOUN
hriatpuitua	ADJ
hriatpuitûah	ADJ
hriatpuitute	NOUN
hriatreng	ADJ
hriatrenga	ADJ
hriatrengin	ADJ
hriatrengna	NOUN
hriatrengnaah	ADJ
hriatrengnain	ADJ
hriatrengnate	NOUN
hriatsa	NOUN
hriatsa	VERB
hriatsak	VERB
hriatsaka	ADJ
hriatsate	ADJ
hriatsual	ADJ
hriatsualna	NOUN
hriatte	ADJ
hriatten	ADJ
hriattheih	ADJ
hriattheihna	NOUN
hriattheihnain	ADJ
hriatthiam	VERB
hriatthiam	ADJ
hriatthiamna	NOUN
hriatthiamnaa	ADJ
hriatthiamnain	ADJ
hriatthiamnâte	ADJ
hriatthiampui	VERB
hriatthiamtîr	VERB
hriattir	VERB
hriattîr	VERB
hriattira	ADJ
hriattîra	ADJ
hriattirin	ADJ
hriattîrin	ADJ
hriattirna	NOUN
hriattîrna	NOUN
hriattirnaa	ADJ
hriattirnaah	ADJ
hriattirnate	NOUN
hriattîrnate	NOUN
hriattirte	NOUN
hriattîrte	NOUN
hriattirtu	NOUN
hriattîrtu	NOUN
hriattlak	ADJ
hriattur	ADJ
hriatzauna	NOUN
hriatzâuna	NOUN
hriatzia	ADJ
hriau	NOUN
hriauhmawrbawk	NOUN
hriauhmâwrbâwk	NOUN
hribil	NOUN
hribil	ADV
hrichhia	NOUN
hrichhia	ADJ
hridanna	NOUN
hrih	VERB
hrih	ADV
hriin	ADJ
hrîin	ADJ
hrik	NOUN
hrik	VERB
hrîk	VERB
hrikah	ADJ
hrikai	ADJ
hrikhmi	NOUN
hrikhmi	VERB
hrikhmî	NOUN
hrikhrah	NOUN
hrikhrah	ADJ
hrikhru	NOUN
hrikhrû	NOUN
hrikin	ADJ
hrikna	NOUN
hrikpui	NOUN
hrikthah	NOUN
hriḳthah	NOUN
hriḳṭhah	NOUN
hrikthlak	VERB
hrîkthlak	VERB
hrîkthlâk	VERB
hrikthlakin	ADJ
hrikthlakna	NOUN
hrîkthlâkna	NOUN
hriktla	VERB
hriktlâ	VERB
hrîktla	VERB
hrîktlâ	VERB
hril	VERB
hrilah	ADJ
hrilawn	VERB
hrileng	VERB
hrileng	ADJ
hrilêng	VERB
hrilêng	ADJ
hrilengin	ADJ
hrilfak	NOUN
hrilfâk	NOUN
hrilfiah	NOUN
hrilh	NOUN
hrilh	VERB
hrilha	ADJ
hrilhai	VERB
hrilhaithlak	VERB
hrilhaithlak	ADV
hrilhaithlâk	VERB
hrilhchhawn	VERB
hrilhchhâwn	VERB
hrilhfak	VERB
hrilhfâk	VERB
hrilhfâk	ADJ
hrilhfakawm	ADJ
hrilhfâkawm	ADJ
hrilhfiah	VERB
hrilhfiah	ADJ
hrilhfiahbu	NOUN
hrilhfiahin	ADJ
hrilhfiahna	NOUN
hrilhfiahnaah	ADJ
hrilhfiahnate	ADJ
hrilhfiahsak	VERB
hrilhfiahtu	NOUN
hrilhfiahtute	NOUN
hrilhhai	ADJ
hrilhhaina	NOUN
hrilhhaithlak	ADJ
hrilhhria	VERB
hrilhhriat	ADJ
hrilhhriatna	NOUN
hrilhin	ADJ
hrilhlawk	VERB
hrilhlâwk	VERB
hrilhlawkna	NOUN
hrilhlâwkna	NOUN
hrilhlawknate	NOUN
hrilhlâwknate	NOUN
hrilhlâwktu	NOUN
hrilhlawktute	NOUN
hrilhlâwktute	NOUN
hrilhna	NOUN
hrilhnate	NOUN
hrilhru	VERB
hrilhsak	ADJ
hrilhte	ADJ
hrilhtir	VERB
hrilhtîr	VERB
hrilhtu	NOUN
hrilhtuin	ADJ
hrilhtute	NOUN
hrilin	ADJ
hrillâwk	VERB
hrillawktu	NOUN
hrilna	NOUN
hrilte	ADJ
hrilthui	ADJ
hriltir	VERB
hriltu	ADJ
hriltuah	ADJ
hriltute	NOUN
hrilzia	ADJ
hrim	ADJ
hrim	ADV
hrima	ADJ
hrimah	ADJ
hrimin	ADJ
hrimte	ADJ
hrin	VERB
hrina	ADJ
hrinah	ADJ
hrinchhuah	VERB
hring	NOUN
hring	VERB
hring	ADJ
hríng	VERB
hrîng	VERB
hringa	ADJ
hringah	VERB
hringah	ADJ
hringat	VERB
hringchar	NOUN
hringchâr	NOUN
hringduk	ADJ
hringei	NOUN
hringei	ADJ
hringfa	ADJ
hringfate	NOUN
hringhran	NOUN
hringhrual	NOUN
hringin	ADJ
hringkir	NOUN
hringkir	VERB
hringkîr	NOUN
hringmi	NOUN
hringnun	ADJ
hringnuna	ADJ
hringnunah	ADJ
hringpui	NOUN
hringrawl	VERB
hringte	ADJ
hringthau	ADJ
hringthâu	ADJ
hringtu	NOUN
hringtuidawn	NOUN
hringtunu	NOUN
hringtute	NOUN
hrinin	ADJ
hrinna	NOUN
hrinnaah	ADJ
hrinsak	VERB
hrinsaka	ADJ
hrinsakate	ADJ
hrinsakte	ADJ
hrinte	NOUN
hrinthawl	NOUN
hrintir	VERB
hrintîr	VERB
hrintîrtu	NOUN
hripui	NOUN
hripui	ADJ
hrîpui	NOUN
hripuiah	ADJ
hripuiin	ADJ
hripuite	ADJ
hripuitea	ADJ
hrisa	NOUN
hrisel	ADJ
hrisêl	ADJ
hriselin	ADJ
hriselna	NOUN
hrisêlna	NOUN
hriselnaah	ADJ
hrisêlnaah	ADJ
hriselnain	ADJ
hriselnate	NOUN
hriselte	ADJ
hrisêlte	ADJ
hrisen	NOUN
hrisen	VERB
hrite	ADJ
hrîtein	ADJ
hrithla	VERB
hrithlâ	VERB
hrithlâa	ADJ
hrithlâin	ADJ
hrithlatu	NOUN
hritla	VERB
hritlâ	VERB
hritlan	VERB
hritlan	ADJ
hritlàn	VERB
hritlang	VERB
hritlang	ADJ
hritlâng	VERB
hritlâng	ADJ
hritlangin	ADJ
hritlangpui	ADJ
hritlanna	NOUN
hrivei	VERB
hro	VERB
hrohrangchhe	ADJ
hrohrángchhe	ADJ
hrohrangchhia	ADJ
hrohrángchhia	ADJ
hrohrangchhiat	ADJ
hrohrángchhiat	ADJ
hru	NOUN
hru	VERB
hru	ADJ
hru	ADV
hrû	NOUN
hruai	NOUN
hruai	VERB
hruaiah	ADJ
hruaiate	NOUN
hruaibo	VERB
hruaibotu	NOUN
hruaichhuah	VERB
hruaichhuak	VERB
hruaichhuaktu	NOUN
hruaihawsak	VERB
hruaiho	NOUN
hruaihote	NOUN
hruaiin	ADJ
hruaikai	VERB
hruaikawi	VERB
hruaikawitu	NOUN
hruaikhawm	VERB
hruaikhâwm	VERB
hruaikir	VERB
hruaikîr	VERB
hruailut	VERB
hruailût	VERB
hruailuttute	NOUN
hruaina	NOUN
hruaipui	VERB
hruaisak	VERB
hruaisualtu	NOUN
hruaitaa	ADJ
hruaite	NOUN
hruaitir	VERB
hruaitîr	VERB
hruaitu	NOUN
hruaituah	ADJ
hruaitûah	ADJ
hruaituho	NOUN
hruaituin	ADJ
hruaitute	NOUN
hruaituteah	ADJ
hruaituten	ADJ
hruaizel	VERB
hrual	VERB
hrualhruite	NOUN
hrualin	ADJ
hrualkawp	ADJ
hrualna	NOUN
hrualtu	NOUN
hrualtute	NOUN
hruanghrau	VERB
hruanghrau	ADJ
hrufai	VERB
hrufaiin	ADJ
hrui	NOUN
hruia	ADJ
hruiah	ADJ
hruiawk	NOUN
hruiâwk	NOUN
hruiawlc	NOUN
hruibawn	NOUN
hruichun	NOUN
hruichun	ADJ
hruichùn	NOUN
hruiduk	NOUN
hruifawng	NOUN
hruih	NOUN
hruih	ADJ
hruih	ADV
hruihlingnei	NOUN
hruihlîngnei	NOUN
hruihnang	ADJ
hruihram	ADJ
hruihrual	NOUN
hruihruala	ADJ
hruihrualin	ADJ
hruihrualte	NOUN
hruiin	ADJ
hruikhau	NOUN
hruikhâu	NOUN
hruipawnro	NOUN
hruipui	VERB
hruite	NOUN
hruithui	NOUN
hruithui	VERB
hruithul	NOUN
hruithûl	NOUN
hruitung	NOUN
hruitung	ADJ
hruivakep	NOUN
hruivalh	VERB
hruivaube	NOUN
hruivaubê	NOUN
hruivâube	NOUN
hruivâubê	NOUN
hruivawm	NOUN
hruizaizawh	NOUN
hruizam	ADJ
hruizâm	NOUN
hruizawl	NOUN
hruizâwl	NOUN
hruizâwl	ADJ
hruizâwla	ADJ
hruizen	NOUN
hruizên	NOUN
hruizena	NOUN
hruizenin	ADJ
hruk	NOUN
hruk	VERB
hrûk	NOUN
hrûk	VERB
hrukfai	VERB
hrukhula	ADJ
hrukna	NOUN
hrukpuan	NOUN
hrûksak	VERB
hrûksaktu	NOUN
hrul	NOUN
hrul	ADJ
hrûl	NOUN
hrûl	ADJ
hrula	ADJ
hrûla	ADJ
hrulah	ADJ
hrûlah	ADJ
hrultun	NOUN
hrûltun	NOUN
hrum	NOUN
hrum	VERB
hrúm	NOUN
hrumhriau	NOUN
hrumhriâu	NOUN
hrut	VERB
hrut	ADJ
hrût	VERB
hrût	ADJ
hrutchim	ADJ
hrutna	ADJ
hruttu	NOUN
hrutu	NOUN
hu	NOUN
hu	VERB
hu	ADJ
hu	ADV
hù	NOUN
hû	NOUN
hû	ADJ
hû	ADV
hua	VERB
huah	VERB
huai	NOUN
huai	VERB
huai	ADJ
huai	ADV
huái	NOUN
huâi	VERB
huâi	ADJ
huâi	ADV
huaiah	ADJ
huaibak	VERB
huaibak	ADJ
huâibâk	VERB
huaihawt	VERB
huaihawta	ADJ
huaihawtah	ADJ
huaihawtin	ADJ
huaihawtna	NOUN
huaihawtnaah	NOUN
huaihawtte	NOUN
huaihawttu	NOUN
huaihawttute	NOUN
huaiin	ADJ
huaikawm	ADJ
huaikawmbawl	VERB
huaina	NOUN
huaisar	ADJ
huâisâr	ADJ
huaisen	ADJ
huaisenah	ADJ
huaisenho	NOUN
huaisenhote	NOUN
huaisenna	NOUN
huaisente	NOUN
huaisenthlâk	ADJ
huaisenzia	ADJ
huaisual	VERB
huaisual	ADJ
huâisuâl	VERB
huaite	ADJ
huaitu	NOUN
huaizia	ADJ
hual	VERB
hual	ADJ
huâl	VERB
hualbeh	ADJ
hualbeha	ADJ
hualbet	VERB
hualchêpin	ADJ
hualchhung	ADJ
hualchhûng	ADJ
hualchungah	ADJ
hualhang	NOUN
hualhâng	NOUN
hualhim	ADJ
hualhimtu	NOUN
hualin	ADJ
hualna	NOUN
hualnaah	NOUN
hualngo	NOUN
hualreu	VERB
hualrêu	VERB
huâlreu	VERB
huâlrêu	VERB
hualsak	ADJ
hualte	ADJ
hualtir	VERB
hualtîr	VERB
hualtu	NOUN
hualtupi	NOUN
hualtute	NOUN
hualtuten	ADJ
hualvel	ADJ
hualvêl	ADJ
hualvelin	ADJ
hualvêltute	NOUN
huam	VERB
huam	ADJ
huâm	VERB
huama	ADJ
huamchhung	ADJ
huamchhunga	ADJ
huamchhungah	ADJ
huamhap	ADJ
huâmhap	ADJ
huamhauh	ADJ
huâmhauh	ADJ
huamhauhna	NOUN
huamin	ADJ
huamna	NOUN
huampha	ADJ
huamphak	ADJ
huamtel	ADJ
huamten	ADJ
huamtir	VERB
huan	NOUN
huân	NOUN
huana	ADJ
huanah	ADJ
huanahte	ADJ
huang	NOUN
huang	ADJ
huâng	NOUN
hûang	NOUN
huanga	ADJ
hûanga	ADJ
huangah	ADJ
hûangah	ADJ
huangchhûng	ADJ
huangchhunga	ADJ
huangchhungah	ADJ
huangtau	ADJ
huângtâu	ADJ
huangte	ADJ
huangzau	ADJ
huanna	NOUN
huanpu	NOUN
huânpu	NOUN
huanpute	NOUN
huante	NOUN
huanthlai	NOUN
huap	VERB
huap	ADJ
huâp	VERB
huapa	ADJ
huapah	ADJ
huapin	ADJ
huapzau	ADJ
huat	NOUN
huat	VERB
huat	ADJ
huat	ADV
huát	ADV
huât	NOUN
huât	VERB
huata	ADJ
huatate	NOUN
huatin	ADJ
huatmelh	VERB
huâtmelh	VERB
huatna	NOUN
huâtna	NOUN
huatnaah	ADJ
huatte	ADJ
huatthla	ADJ
huatthlak	ADJ
huatthlâk	ADJ
huatthlala	VERB
huatthlala	ADJ
huatthlalâ	ADJ
huâtthlala	VERB
huatthlalâah	ADJ
huatthlalaawm	ADJ
huatthlalak	VERB
huatthlalak	ADJ
huâtthlalâk	VERB
huatthu	NOUN
huatthu	ADJ
huâtthu	NOUN
huatthûah	ADJ
huattir	VERB
huattîr	VERB
huatzawng	ADJ
huatzâwng	ADJ
huatzawngte	ADJ
huatzia	ADJ
huau	ADJ
huau	ADV
huâu	ADJ
huâu	ADV
huauin	ADJ
huawmtam	NOUN
huàwmtàm	NOUN
huh	NOUN
huh	VERB
huh	ADJ
huh	ADV
huhang	ADJ
huhang	ADV
huhâng	ADJ
huhin	ADJ
huhna	NOUN
huho	ADJ
huhoa	ADJ
huhova	ADJ
huhovin	ADJ
huhsak	ADJ
hu-hup	NOUN
hû-hup	NOUN
hui	VERB
hui	ADJ
hùi	VERB
hûi	VERB
huih	NOUN
huih	ADJ
huihchhukhthli	NOUN
huihchhukhthlî	NOUN
huihna	NOUN
huihphai	ADJ
huikhawma	ADJ
huiluh	ADJ
huimawite	ADJ
huin	ADJ
hûin	ADJ
huipui	NOUN
huk	NOUN
hûk	NOUN
hukna	ADJ
hul	VERB
hul	ADJ
hul	ADV
hulhar	ADJ
hulhâr	ADJ
hulhliap	NOUN
hulhliap	ADJ
hulhliapa	ADJ
hulhliapah	ADJ
hulhliapte	NOUN
hul-hu	NOUN
hul-hù	NOUN
hulhual	ADJ
hulhual	ADV
hulhuâl	ADV
hulhualah	ADJ
hulhualna	NOUN
hulhualtu	NOUN
hul-hu-pa	NOUN
hulin	ADJ
hulliap	ADJ
hulna	NOUN
hulsak	ADJ
hulum	NOUN
hulum	ADJ
hulûm	NOUN
hulûm	ADJ
hum	NOUN
hum	VERB
húm	VERB
hùm	VERB
humah	ADJ
humbeh	ADJ
humhalh	VERB
humhalha	ADJ
humhalhin	ADJ
humhalhna	NOUN
humhalhnaah	NOUN
humhalhsak	VERB
humhalhte	NOUN
humhalhtu	NOUN
humhalhtuin	ADJ
humhalhtute	NOUN
humhalhtuten	NOUN
humhim	VERB
humhimate	NOUN
humhimin	ADJ
humhimna	NOUN
humhimtu	NOUN
humin	ADJ
humping	NOUN
humsak	ADJ
humsaka	ADJ
humsual	ADJ
humthei	ADJ
humtir	VERB
humtir	ADJ
hûmtîr	VERB
humtu	NOUN
humtute	NOUN
hun	NOUN
hun	VERB
hun	ADJ
hun	ADV
hùn	VERB
huna	ADJ
hunah	ADJ
hunahte	ADJ
hunawl	ADJ
hunawla	ADJ
hunawlna	NOUN
hunbi	NOUN
hunbi	ADJ
hunbî	ADJ
hunbia	ADJ
hunbîa	ADJ
hunbiah	ADJ
hunbîah	ADJ
hunbite	ADJ
hunbîte	NOUN
hunchhan	ADJ
hûnchhan	ADJ
hunchhanah	ADJ
hunchhanahte	ADJ
hunchhung	ADJ
hung	NOUN
hung	VERB
hung	ADV
hùng	VERB
hûng	VERB
hunga	ADJ
hungah	ADJ
hungchhung	NOUN
hungchhung	ADJ
hungchhûng	NOUN
hungchhûng	ADJ
hungchhûngnung	ADJ
hunghnan	ADJ
hungin	ADJ
hungna	NOUN
hûngna	NOUN
hûngtu	NOUN
hunhim	ADJ
hûnhnan	ADJ
hunin	ADJ
hunlai	ADJ
hunlaia	ADJ
hunlaiah	ADJ
hunlaiin	ADJ
hunna	NOUN
hûnna	NOUN
hunnaah	ADJ
hûnnaah	ADJ
hunpui	ADJ
hunpuia	ADJ
hunpuiah	ADJ
hunrei	ADJ
hunsak	ADJ
hûnsak	ADJ
hunserh	ADJ
huntawn	ADJ
huntawp	ADJ
hunte	ADJ
huntein	ADJ
huntha	ADJ
hunthar	ADJ
huntharin	ADJ
hup	VERB
hup	ADV
huphurh	VERB
huphurh	ADJ
huphurhawm	ADJ
huphurhna	NOUN
hupin	ADJ
hupna	NOUN
hupsak	VERB
hupsan	ADJ
huptu	NOUN
hupurh	ADJ
hur	ADJ
hur	ADV
hurherh	ADJ
hurhherna	NOUN
hurin	ADJ
hurna	NOUN
hurnaah	ADJ
hurnate	NOUN
hurni	NOUN
hurpui	ADJ
husual	NOUN
husuâl	NOUN
hut	NOUN
hut	ADJ
hut	ADV
hût	ADJ
hût	ADV
huthup	NOUN
huthup	VERB
hutin	ADJ
huvang	NOUN
huvâng	NOUN
huzah	VERB
huzap	VERB
huzap	ADJ
huzâp	VERB
i	NOUN
i	PRON
i	PART
i	CCONJ
ia	PRON
iai	NOUN
iai	VERB
iaiawm	VERB
iaiawm	ADJ
iaina	NOUN
iaina	ADV
iak	VERB
iang	VERB
iang	ADV
iar	NOUN
iar	ADV
iari	VERB
i-e	INTJ
ih	NOUN
ih	ADV
'i-he-na	NOUN
i-hi	INTJ
i-khaw-lo	ADV
i-khâw-lo	ADV
iksik	VERB
îksîk	VERB
ila	CCONJ
ilang	CCONJ
ilangin	CCONJ
ilo	NOUN
ilo	VERB
in	NOUN
in	VERB
in	ADJ
in	ADV
in	PART
in	CCONJ
in	ADP
i'n	CCONJ
inah	ADJ
inahpui	VERB
inahte	ADJ
in-ai-hal	VERB
in-ai-pawl	NOUN
in-ak	VERB
in-am	VERB
in-âm	VERB
inan	VERB
inang	VERB
inang	ADJ
inanga	ADJ
inangah	ADJ
inangin	ADJ
inanglo	ADJ
inanlohna	NOUN
in-anna	NOUN
inari	VERB
in-au	VERB
inauh	VERB
inauvate	NOUN
inawi	VERB
inâwi	VERB
inawkhlum	VERB
inâwkhlum	VERB
inawkhluma	ADJ
in-awl	VERB
in-âwl	VERB
inawlna	NOUN
inawm	ADJ
in-awm	NOUN
in-awm	VERB
inawma	ADJ
inawmah	ADJ
inawmin	ADJ
in-awmlem	VERB
inawmna	NOUN
inawmpawlh	ADJ
inawmpawlhho	ADJ
inawmtleina	NOUN
inawp	VERB
in-awp	VERB
inawpbeh	VERB
inawpbehna	NOUN
inawpna	NOUN
inawt	VERB
inbah	VERB
inbahna	NOUN
inbahsiak	VERB
inbahzawmna	NOUN
inbaisiak	VERB
inbàisiak	VERB
inbâisiak	VERB
inbakkaih	VERB
inbakkaih	ADJ
inban	VERB
inbàn	VERB
inbân	VERB
inbang	VERB
inbâng	VERB
inbanna	NOUN
inbantirna	NOUN
inbar	NOUN
inbar	VERB
inbâr	VERB
inbarakhaihna	NOUN
inbarh	VERB
inbartir	VERB
inbartîr	VERB
inbat	VERB
inbât	VERB
inbauh	VERB
inbawh	VERB
inbawk	VERB
inbâwk	VERB
inbawkna	NOUN
inbawl	VERB
inbâwl	VERB
inbâwlsak	VERB
inbawr	VERB
inbàwr	VERB
inbâwr	VERB
inbe	VERB
inbei	VERB
inbeidawng	ADJ
inbeih	VERB
inbeihna	NOUN
inbeihnaah	ADJ
inbeihpui	NOUN
inbeihpui	VERB
inbeihtir	VERB
inbeiin	ADJ
inbeina	NOUN
inbeinaa	ADJ
inbeinaahte	ADJ
inbeisei	ADJ
inbeiseina	NOUN
inbekbawr	VERB
inbel	VERB
inbela	ADJ
inbelchawp	VERB
inbelh	VERB
inbelhbawm	VERB
inbelhbawm	ADJ
inbelhbâwm	ADJ
inbelhbawmtir	VERB
inbelhchhah	ADJ
inbelhchhahna	NOUN
inbelin	ADJ
inbelte	ADJ
inbenbel	VERB
inbenbelna	NOUN
inbeng	VERB
inbengbel	VERB
inbêngbel	VERB
inbengberek	VERB
inbêngberek	VERB
inbengdai	VERB
inbengdâi	VERB
inbengin	ADJ
inbengna	NOUN
inberawn	VERB
inberâwn	VERB
inberawnin	ADJ
inbia	VERB
inbiaa	ADJ
inbiak	VERB
inbiaka	ADJ
inbiakin	ADJ
inbiakna	NOUN
inbiaknaa	ADJ
inbiaknaah	ADJ
inbiakpawh	VERB
inbiakpawhna	NOUN
inbiakpawhnaah	ADJ
inbiakrawn	VERB
inbiakrâwn	VERB
inbiakrawnna	NOUN
inbiakrâwnna	NOUN
inbiakrem	VERB
inbiakremna	NOUN
inbial	VERB
inbiala	ADJ
inbih	VERB
inbihchian	VERB
inbihruksiak	VERB
inbihruksiâk	VERB
inbihrûksiak	VERB
inbihrûksiâk	VERB
inbin	VERB
inbinthluk	NOUN
inbinthlûk	NOUN
inbitum	VERB
inbnangfak	VERB
inboral	ADJ
inbuai	VERB
inbuaipui	VERB
inbual	VERB
inbuala	ADJ
inbualdunte	ADJ
inbualfai	VERB
inbualin	ADJ
inbualna	NOUN
inbualnaah	ADJ
inbualpui	VERB
inbualte	ADJ
inbualtir	VERB
inbuan	VERB
inbuanmi	VERB
inbuanna	NOUN
inbuatsaih	VERB
inbuatsaihin	VERB
inbuatsaihna	NOUN
inbuatsaihnaah	ADJ
inbuatsaihnate	ADJ
inbuhvawr	VERB
inbuhvâwr	VERB
inbuk	VERB
inbûk	VERB
inbukna	NOUN
inbûkna	NOUN
inbuktawk	ADJ
inbukthuah	VERB
inbum	VERB
inbuma	ADJ
inbumin	ADJ
inbumna	NOUN
inbumnain	ADJ
inbumtawn	VERB
inbumtîr	VERB
inbun	VERB
inbunin	ADJ
inbunruak	ADJ
inburbun	VERB
inbûrbun	VERB
inburbuntir	VERB
inburbuntîr	VERB
inbûrbuntir	VERB
inbûrbuntîr	VERB
inchah	VERB
inchahna	NOUN
inchai	VERB
inchaia	ADJ
inchaih	VERB
inchaimi	NOUN
inchaina	NOUN
inchaldelhna	NOUN
inchan	VERB
inchan	ADJ
inchanfir	VERB
inchang	VERB
inchâng	VERB
inchâng	ADJ
inchansem	VERB
inchantir	VERB
inchantîr	VERB
inchantirna	NOUN
inchapcharna	NOUN
inchar	VERB
inchâr	VERB
incharna	NOUN
inchau	VERB
inchawh	VERB
inchawhchawrawi	NOUN
inchawhchawrawi	VERB
inchawhchawrâwi	VERB
inchawhna	NOUN
inchawhpawlh	VERB
inchawhpawlhho	ADJ
inchawhrual	ADJ
inchawi	VERB
inchâwi	VERB
inchawia	ADJ
inchawih	VERB
inchawih	ADJ
inchawihna	NOUN
inchawihtir	VERB
inchawihzia	ADJ
inchawikan	VERB
inchawimawi	VERB
inchâwimâwi	VERB
inchawimawina	NOUN
inchawina	NOUN
inchawinaah	ADJ
inchâwisân	VERB
inchawisâng	VERB
inchâwisâng	VERB
inchâwisânna	NOUN
inchawisiakah	ADJ
inchawitirna	NOUN
inchawk	VERB
inchawkphur	VERB
inchawkpurh	VERB
inchawkpûrh	VERB
inchawktho	VERB
inchawlhtir	VERB
inchawm	VERB
inchâwm	VERB
inchawma	ADJ
inchawmna	NOUN
inchawmte	ADJ
inchâwmtîr	VERB
inchawp	VERB
inchei	VERB
incheia	ADJ
incheidawr	NOUN
incheiin	ADJ
incheimawina	NOUN
incheimâwina	NOUN
incheimawinate	NOUN
incheimâwinate	NOUN
incheimi	PRON
incheina	NOUN
incheinaa	ADJ
incheinate	NOUN
incheinatea	ADJ
inchelh	VERB
inchemhár	VERB
inchemhâr	VERB
inchen	ADJ
inchenchilh	VERB
inchhaih	VERB
inchhaihna	NOUN
inchhal	VERB
inchhâl	VERB
inchhala	ADJ
inchhâla	ADJ
inchhalah	ADJ
inchhalh	VERB
inchhalin	ADJ
inchhâlin	ADJ
inchhalna	NOUN
inchham	VERB
inchhan	VERB
inchhân	VERB
inchhandam	VERB
inchhandamna	NOUN
inchhang	VERB
inchhâng	VERB
inchhangbung	VERB
inchhangbung	ADJ
inchhangkham	VERB
inchhanglet	VERB
inchhangte	ADJ
inchhanhim	VERB
inchhanhimna	NOUN
inchhanna	NOUN
inchhar	VERB
inchhawk	VERB
inchhâwk	VERB
inchhawka	ADJ
inchhâwkin	ADJ
inchhawkte	ADJ
inchhâwktîr	VERB
inchhawlhluai	NOUN
inchhâwlhluai	NOUN
inchhawm	VERB
inchhâwmdâwl	VERB
inchhawn	VERB
inchhâwn	VERB
inchhawna	ADJ
inchhâwna	ADJ
inchhawng	VERB
inchhâwng	VERB
inchhawnga	ADJ
inchhawp	VERB
inchhawpna	NOUN
inchhawr	VERB
inchhawrdawh	ADJ
inchheh	VERB
inchhek	VERB
inchhêk	VERB
inchhem	VERB
inchhêm	VERB
inchheng	VERB
inchher	VERB
inchherchhuan	VERB
inchherchhuân	VERB
inchherhriam	VERB
inchhiaah	ADJ
inchhiah	ADJ
inchhiar	VERB
inchhiarin	ADJ
inchhiarna	NOUN
inchhiarnaa	ADJ
inchhiarnaah	ADJ
inchhilh	VERB
inchhilhnaah	ADJ
inchhin	VERB
inchhir	VERB
inchhîr	VERB
inchhirawm	ADJ
inchhîrawm	ADJ
inchhirin	ADJ
inchhîrin	ADJ
inchhirna	NOUN
inchhîrna	NOUN
inchhirnain	ADJ
inchhirthlak	ADJ
inchhirthlâk	ADJ
inchhu	VERB
inchhuah	VERB
inchhuahna	NOUN
inchhuan	VERB
inchhuân	VERB
inchhuang	VERB
inchhuâng	VERB
inchhuanga	ADJ
inchhuangte	ADJ
inchhuanna	NOUN
inchhuannain	ADJ
inchhuannate	NOUN
inchhuh	VERB
inchhuhna	NOUN
inchhuhsak	VERB
inchhui	VERB
inchhuih	VERB
inchhun	NOUN
inchhun	VERB
inchhùn	VERB
inchhung	VERB
inchhûng	VERB
inchhunga	ADJ
inchhûnga	ADJ
inchhungah	ADJ
inchhûngah	ADJ
inchhûngawng	VERB
inchhungkhat	VERB
inchhûngkhat	VERB
inchhungkhawm	VERB
inchhungkhâwm	VERB
inchhûngkhawm	VERB
inchhûngkhâwm	VERB
inchhungkhur	NOUN
inchhungkhur	ADJ
inchhûngkhur	NOUN
inchhûngkhura	ADJ
inchhunglum	NOUN
inchhunglum	ADJ
inchhûnglum	NOUN
inchhûngte	ADJ
inchhunkhawm	VERB
inchhunkhâwm	VERB
inchhùnkhawm	VERB
inchhùnkhâwm	VERB
inchhunkhawmna	NOUN
inchhunna	NOUN
inchhunte	ADJ
inchhunzawm	ADV
inchhut	VERB
inchhût	VERB
inchi	VERB
inchiah	VERB
inchiahpiah	VERB
inchiahpiah	ADJ
inchiáhpiah	VERB
inchian	VERB
inchibaina	NOUN
inchik	VERB
inchîk	VERB
inchikin	ADJ
inchil	VERB
inchîl	VERB
inchim	VERB
inchîm	VERB
inchin	VERB
inching	VERB
inchingchivet	VERB
inchingchivêt	VERB
inchip	VERB
inchirhtheh	VERB
inchiu	VERB
inchiuna	NOUN
inchiute	NOUN
incho	VERB
inchotuah	VERB
inchuh	VERB
inchuhin	ADJ
inchuhna	NOUN
inchuhnaah	ADJ
inchuhnain	ADJ
inchuhte	NOUN
inchuk	VERB
inchuktuah	VERB
inchuktuaha	ADJ
inchuktuahna	NOUN
inchul	VERB
inchûl	VERB
inchulh	VERB
inchulha	ADJ
inchulnel	VERB
inchum	VERB
inchûm	VERB
inchumin	ADJ
inchumna	NOUN
inchung	ADJ
inchunga	ADJ
inchungah	ADJ
inchungte	ADJ
indah	VERB
indahin	ADJ
indahlal	VERB
indahna	NOUN
indahsâng	VERB
indahsanzia	ADJ
indaidan	VERB
indaidanna	NOUN
indaih	VERB
indaih	ADJ
indaihloh	ADJ
indaihlohna	NOUN
indaihlohnaah	ADJ
indaihlohnate	NOUN
indaihzai	ADJ
indaihzâi	ADJ
indal	VERB
indâl	VERB
indan	VERB
indang	VERB
indangin	ADJ
indanna	NOUN
indap	VERB
indawh	VERB
indawhtawna	ADJ
indawi	VERB
indâwi	VERB
indâwivaih	VERB
indawl	VERB
indâwl	VERB
indawlh	VERB
indawm	VERB
indâwm	VERB
indawmhlumna	NOUN
indawmkun	VERB
indawn	NOUN
indawn	VERB
indawna	ADJ
indawnna	NOUN
indawnna	VERB
indawntîr	VERB
indawp	VERB
indâwp	VERB
indawr	VERB
indâwr	VERB
indawrin	ADJ
indawrna	NOUN
indawrnaah	ADJ
indawt	VERB
indawt	ADJ
indâwt	VERB
indawta	ADJ
indawtin	ADJ
indawtin	ADV
indawtna	NOUN
indclh	VERB
indeh	VERB
indehna	NOUN
indek	VERB
indêk	VERB
indekserh	ADJ
indelh	VERB
indelhkilh	VERB
indem	VERB
indemna	NOUN
inden	VERB
indeng	VERB
indêng	VERB
indenna	NOUN
indep	VERB
indêp	VERB
indeu	VERB
indêu	VERB
indi	VERB
indî	VERB
indih	VERB
indil	VERB
indîl	VERB
indim	VERB
indimdawi	VERB
indimdâwi	VERB
indimdawih	VERB
indin	VERB
indina	ADJ
indinchhuahna	NOUN
indinchilh	VERB
indinsaktute	NOUN
indinte	ADJ
indintír	VERB
indip	VERB
indîp	VERB
indipdalna	NOUN
indîpdalna	NOUN
indip-ria	VERB
indîp-ria	VERB
indiriam	VERB
indiriamna	NOUN
indit	VERB
indît	VERB
indo	VERB
indo-lem	VERB
indona	NOUN
indona	VERB
indonaa	ADJ
indonaah	ADJ
indonaahte	ADJ
indonate	NOUN
indonna	NOUN
indopui	ADJ
indote	ADJ
indotîr	VERB
indovin	ADJ
induan	VERB
induàn	VERB
induang	VERB
induáng	VERB
induh	VERB
induhna	VERB
induhnate	NOUN
induhsak	ADJ
induhsakna	NOUN
induhsaktawnna	NOUN
induhtawk	VERB
induhtâwk	VERB
induhzia	ADJ
induk	VERB
inei	VERB
ineisiak	VERB
ineitawn	VERB
inel	VERB
inelna	NOUN
inelnaa	ADJ
inelnaah	ADJ
inelpui	VERB
inelrel	VERB
inelsenna	NOUN
inelthil	ADJ
inen	VERB
inên	VERB
inenchiang	VERB
inendik	VERB
inenfiah	VERB
inenfiahin	ADJ
inenfiahna	NOUN
inenkawl	VERB
inenkawlna	NOUN
inenkawlnaah	ADJ
inenkawlte	NOUN
inenkawltu	NOUN
inenlet	VERB
inenna	NOUN
inennawn	VERB
inensan	VERB
inensanna	NOUN
inentawn	VERB
inentheihna	NOUN
inenthla	VERB
inenthlakna	NOUN
inentir	VERB
inentîr	VERB
inentirna	NOUN
inep	VERB
inepin	ADJ
inepna	NOUN
iner	VERB
inerna	NOUN
inertawn	ADJ
infak	VERB
infakderna	NOUN
infakin	ADJ
infakmawinaah	ADJ
infakna	NOUN
infan	ADJ
infangkham	VERB
infawh	VERB
infawhna	NOUN
infawk	VERB
infawp	VERB
infâwp	VERB
infâwpin	ADJ
infiah	VERB
infiahna	NOUN
infiam	VERB
infiamin	ADJ
infiammite	NOUN
infiammiten	NOUN
infiamna	NOUN
infiamnaa	NOUN
infiamnaah	ADJ
infiamnate	ADJ
infiamnna	NOUN
infiampui	VERB
infiampuia	ADJ
infiamtual	NOUN
infim	VERB
infin	VERB
infina	ADJ
infinfiah	VERB
infinkhawm	VERB
infinkhâwm	VERB
infinlo	ADJ
infinna	NOUN
infuih	VERB
infuihna	NOUN
infuihtîr	VERB
infun	VERB
inhai	VERB
inhaivur	VERB
inhaivûr	VERB
inhaivurna	NOUN
inhak	VERB
inhal	VERB
inhâl	VERB
inhâlkhum	VERB
inhalna	NOUN
inham	VERB
inhambuai	VERB
inhampuar	VERB
inhâmpuar	VERB
inhampuarna	NOUN
inhamtan	VERB
inhamtang	VERB
inhau	VERB
inhâu	VERB
inhauh	VERB
inhauhbuaina	NOUN
inhauhna	NOUN
inhauna	NOUN
inhaw	VERB
inhawh	VERB
inhawhsak	VERB
inhawi	VERB
inhawisan	VERB
inhawisanna	NOUN
inhawitawn	ADJ
inhawitir	VERB
inhawk	VERB
inhawl	VERB
inhâwl	VERB
inhawlh	VERB
inhawn	VERB
inhawng	VERB
inhâwng	VERB
inhawnga	ADJ
inhawngah	ADJ
inhawngin	ADJ
inhawngte	ADJ
inhawnna	NOUN
inhawr	VERB
inhâwr	VERB
inhawrkhawm	VERB
inhâwrkhawm	VERB
inhâwrkhâwm	VERB
inhawrkhawma	ADJ
inhawt	VERB
inhd	VERB
inhdl	VERB
inhek	VERB
inhêk	VERB
inhekna	NOUN
inhel	VERB
inhél	VERB
inhelna	NOUN
inhem	VERB
inhemna	NOUN
inhen	VERB
inhen	ADJ
inher	VERB
inherchhuah	VERB
inherchhuak	VERB
inherh	VERB
inherhna	NOUN
inherin	VERB
inherna	NOUN
inherrem	ADJ
inhiah	VERB
inhil	VERB
inhip	VERB
inhîp	VERB
inhipna	NOUN
inhlai	VERB
inhlái	VERB
inhlamchhiah	VERB
inhlamsiak	VERB
inhlan	VERB
inhlàn	VERB
inhlân	VERB
inhlana	ADJ
inhlanah	ADJ
inhlanchawn	VERB
inhlanchhawn	VERB
inhlang	VERB
inhlâng	VERB
inhlangkai	VERB
inhlangkaiin	ADJ
inhlanna	NOUN
inhlannate	NOUN
inhlat	VERB
inhlata	ADJ
inhlatah	ADJ
inhlatin	ADJ
inhlatna	NOUN
inhlatzawng	ADJ
inhlawh	VERB
inhlawhfa	NOUN
inhlawhfa	VERB
inhlawhfâ	NOUN
inhlawhfaho	ADJ
inhlawhfain	ADJ
inhlawhfak	VERB
inhlawhfakna	NOUN
inhlawhfâkna	NOUN
inhlawhfate	ADJ
inhlawhna	NOUN
inhlawi	VERB
inhlâwi	VERB
inhlawkna	NOUN
inhlawm	VERB
inhláwm	VERB
inhlâwm	VERB
inhlawmkhawm	VERB
inhlawng	VERB
inhldwm	VERB
inhleh	VERB
inhlei	ADJ
inhlep	VERB
inhleuhsiak	VERB
inhliahkhuh	VERB
inhliahkhuhna	NOUN
inhliahna	NOUN
inhliam	VERB
inhliamin	ADJ
inhliamna	NOUN
inhliamnate	NOUN
inhlih	VERB
inhlim	VERB
inhlîm	VERB
inhlimchhuah	VERB
inhlin	VERB
inhling	VERB
inhlîng	VERB
inhlîng	ADJ
inhlingin	ADJ
inhlip	VERB
inhlip	ADJ
inhlîp	VERB
inhlu	ADJ
inhmaah	ADJ
inhmachhawn	VERB
inhmachhawnin	ADJ
inhmachhawnin	ADV
inhmachhawnna	NOUN
inhmahkhua	VERB
inhmaizah	VERB
inhmáizah	VERB
inhmakhalh	ADJ
inhmakhawsuih	VERB
inhmakhua	VERB
inhmakhuaah	ADJ
inhmalakna	NOUN
inhman	VERB
inhmanfawm	VERB
inhmang	VERB
inhmanga	ADJ
inhmangaih	ADJ
inhmangaihna	NOUN
inhmangaihnaah	ADJ
inhmangaihtu	NOUN
inhmangaihtute	NOUN
inhmangral	VERB
inhmangte	NOUN
inhmanna	NOUN
inhmanpawlh	ADJ
inhmanpawlhin	ADJ
inhmantawm	VERB
inhmantâwm	VERB
inhmanṭawm	VERB
inhmanṭâwm	VERB
inhmatawn	ADJ
inhmatawna	ADJ
inhmatawnin	ADJ
inhmatawnin	ADV
inhmawr	ADJ
inhmawrhmuh	VERB
inhmeh	VERB
inhmeh	ADJ
inhmehin	ADJ
inhmehna	NOUN
inhmehtir	VERB
inhmelhria	VERB
inhmêlhria	VERB
inhmelhriat	VERB
inhmêlhriat	VERB
inhmelhriatna	NOUN
inhmelhriattir	VERB
inhmêlhuat	VERB
inhmelma	VERB
inhmelma	ADJ
inhmêlma	VERB
inhmelmak	VERB
inhmelmâk	VERB
inhmêlmak	VERB
inhmêlmâk	VERB
inhmelmakna	NOUN
inhmelmâkna	NOUN
inhmêlmakna	NOUN
inhmêlmâkna	NOUN
inhmêlmâktîr	VERB
inhmelmate	NOUN
inhmer	VERB
inhmet	VERB
inhmiai	VERB
inhmíai	VERB
inhmin	VERB
inhmîn	VERB
inhmu	VERB
inhmû	VERB
inhmuahna	NOUN
inhmuh	VERB
inhmuhchhuah	VERB
inhmuhchhuak	VERB
inhmuhin	VERB
inhmuhkhawm	ADJ
inhmuhkhawmna	NOUN
inhmuhlenna	NOUN
inhmuhna	NOUN
inhmuhsitna	NOUN
inhmuhthiam	VERB
inhmuin	ADJ
inhmukhawm	ADJ
inhmukhâwm	ADJ
inhmukhawmin	ADJ
inhmukhawmna	NOUN
inhmukhawmnaah	ADJ
inhmun	NOUN
inhmunah	ADJ
inhmusitin	ADJ
inhmusitna	NOUN
inhmuthiam	ADJ
inhnai	VERB
inhnai	ADJ
inhnaih	VERB
inhnaih	ADJ
inhnaihchilh	ADJ
inhnamhnawih	VERB
inhnamhnawiha	ADJ
inhnamhnawihna	NOUN
inhnamhnawihte	NOUN
inhnangfak	VERB
inhnangfâk	VERB
inhnarna	NOUN
inhnawh	VERB
inhnawhin	ADJ
inhnawhtawt	ADJ
inhnawih	VERB
inhnawihna	NOUN
inhnawk	VERB
inhnawn	VERB
inhnawn	ADV
inhnawng	VERB
inhndm	VERB
inhne	VERB
inhneh	VERB
inhnehchhiahin	ADJ
inhnehchhiahna	NOUN
inhnehchhuhna	NOUN
inhnehna	NOUN
inhnehsawh	ADJ
inhnehsawhna	NOUN
inhnehtawk	ADJ
inhnehtawkin	ADJ
inhnehtawkpui	VERB
inhnehtir	VERB
inhnehtîr	VERB
inhnek	VERB
inhnêk	VERB
inhnekna	NOUN
inhnektawk	ADJ
inhnem	VERB
inhnèm	VERB
inhnêm	VERB
inhnemna	NOUN
inhnena	ADJ
inhnêna	ADJ
inhnenah	ADJ
inhnerèm	ADJ
inhnial	VERB
inhnial	ADJ
inhniala	ADJ
inhnialna	NOUN
inhnialnaah	ADJ
inhnialnate	NOUN
inhnialtu	NOUN
inhniam	VERB
inhniamna	NOUN
inhnik	VERB
inhnim	VERB
inhnima	ADJ
inhnim-hnai	VERB
inhnimhnaite	NOUN
inhnimna	NOUN
inhnip	VERB
inhnit	VERB
inhnît	VERB
inhnitna	NOUN
inhnuai	VERB
inhnuaiah	ADJ
inhnuaichhiah	VERB
inhnuchhawn	VERB
inhnuh	VERB
inhnuhdawh	VERB
inhnuhhniam	VERB
inhnuk	VERB
inhnûk	VERB
inhnukdawk	VERB
inhnukdâwk	VERB
inhnûkdawk	VERB
inhnûkdâwk	VERB
inhnungchhawn	VERB
inhnutchhiah	VERB
inhonaah	ADJ
inhrai	VERB
inhrâi	VERB
inhralh	VERB
inhran	ADJ
inhrawk	VERB
inhrâwk	VERB
inhrawm	VERB
inhrâwm	VERB
inhrawn	VERB
inhrawt	VERB
inhre	VERB
inhrechang	VERB
inhrechhuak	VERB
inhrechiang	VERB
inhrek	VERB
inhrêk	VERB
inhrekna	NOUN
inhrem	VERB
inhremna	NOUN
inhren	VERB
inhreng	VERB
inhrêng	VERB
inhrenga	ADJ
inhrengin	ADJ
inhrethiam	VERB
inhri	VERB
inhria	VERB
inhriaa	ADJ
inhriat	VERB
inhriat	ADJ
inhriât	VERB
inhriata	ADJ
inhriatchhuah	VERB
inhriatchian	VERB
inhriatchianna	NOUN
inhriate	NOUN
inhriatin	ADJ
inhriatna	NOUN
inhriatnate	NOUN
inhriatpawh	VERB
inhriatpui	VERB
inhriatpuina	NOUN
inhriatsak	VERB
inhriatthiam	VERB
inhriatthiamna	NOUN
inhriattir	VERB
inhriattîr	VERB
inhriattirna	NOUN
inhrik-en	VERB
inhrîkthlak	VERB
inhrîkthlâk	VERB
inhrikthlakna	NOUN
inhril	VERB
inhrilh	VERB
inhrilhfiah	VERB
inhrilhflah	VERB
inhrilhhre	VERB
inhrilhhriat	VERB
inhrilhin	ADJ
inhrilhna	NOUN
inhring	VERB
inhrîng	VERB
inhro	VERB
inhrosa	VERB
inhrosain	ADJ
inhrosak	VERB
inhrosakna	NOUN
inhru	NOUN
inhru	VERB
inhruai	VERB
inhruaina	NOUN
inhrual	VERB
inhruipawhna	NOUN
inhruk	VERB
inhrûk	VERB
inhrukna	NOUN
inhrûkna	NOUN
inhrukpuan	NOUN
inhrukpuan	VERB
inhu	NOUN
inhu	VERB
inhua	VERB
inhual	VERB
inhualna	NOUN
inhualnaah	ADJ
inhualtir	VERB
inhualtîr	VERB
inhuam	VERB
inhuam	ADJ
inhuâm	VERB
inhuamna	NOUN
inhuamzia	ADJ
inhuan	VERB
inhuang	VERB
inhuanna	NOUN
inhuanna	VERB
inhuat	VERB
inhuât	VERB
inhuatna	NOUN
inhuâtna	NOUN
inhuatnain	ADJ
inhuattir	VERB
inhuatzia	ADJ
inhuh	VERB
inhui	VERB
inhûi	VERB
inhuih	VERB
inhuîh	VERB
inhulum	VERB
inhulûm	VERB
inhum	VERB
inhumhim	VERB
inhumhima	ADJ
inhumhimna	NOUN
inhumin	ADJ
inhumna	NOUN
inhumruh	VERB
inhumrüh	VERB
inhúmruh	VERB
inhúmrüh	VERB
inhun	VERB
inhùn	VERB
inhung	VERB
inhûng	VERB
inhungna	NOUN
inhungte	NOUN
inhûnna	NOUN
inhup	VERB
inhuphurh	VERB
iniai	VERB
iniái	VERB
iniâi	VERB
inîai	VERB
inîái	VERB
inîâi	VERB
in-ip	VERB
in-îp	VERB
initsik	VERB
initsîk	VERB
initsika	ADJ
initsikna	NOUN
inîtsîkna	NOUN
inkah	VERB
inkahhai	ADJ
inkahna	NOUN
inkahnaa	ADJ
inkahnaah	ADJ
inkahpuk	X
inkai	VERB
inkaichhawn	VERB
inkâichhâwn	VERB
inkaichhuak	VERB
inkaih	VERB
inkaiharh	VERB
inkaihhnawih	ADJ
inkaihhnawihna	NOUN
inkaihhruai	VERB
inkaihhruaia	ADJ
inkaihhruaina	NOUN
inkaihkap	VERB
inkaihkep	VERB
inkaihkêp	VERB
inkaihruaina	NOUN
inkalchhawk	VERB
inkalh	VERB
inkalh	ADJ
inkalhkhung	VERB
inkalhna	NOUN
inkalpawh	VERB
inkalpawhna	NOUN
inkalpawhnate	NOUN
inkalpawlh	VERB
inkalsanna	NOUN
inkam	VERB
inkamkhatna	NOUN
inkang	VERB
inkanna	NOUN
inkap	VERB
inkâp	VERB
inkaphlum	VERB
inkaplem	VERB
inkâplem	VERB
inkar	NOUN
inkar	ADJ
inkâr	NOUN
inkâr	ADJ
inkara	ADJ
inkâra	ADJ
inkarah	NOUN
inkarah	ADJ
inkârah	NOUN
inkârah	ADJ
inkarahte	ADJ
inkarakik	VERB
inkarakîk	VERB
inkarchhia	VERB
inkarki	VERB
inkarna	NOUN
inkarte	ADJ
inkarthlak	NOUN
inkarthlak	VERB
inkârthlâk	VERB
inkârthlâk	ADJ
inkarthlaka	ADJ
inkârthlâkin	ADJ
inkarthlaktir	VERB
inkarthlaktîr	VERB
inkârthlâktir	VERB
inkârthlâktîr	VERB
inkau	VERB
inkâu	VERB
inkawh	VERB
inkawhhmuh	VERB
inkawhhmuhin	ADJ
inkawhhmuhna	NOUN
inkawi	NOUN
inkâwi	NOUN
inkawibah	NOUN
inkâwibah	NOUN
inkawibruipawh	NOUN
inkâwibruipawh	NOUN
inkawihnak	NOUN
inkâwihnak	NOUN
inkawihnawk	NOUN
inkawihnawk	VERB
inkawihruipawh	NOUN
inkâwihruipawh	NOUN
inkawina	NOUN
inkâwina	NOUN
inkawkak	VERB
inkawkâk	VERB
inkawkalh	VERB
inkawkalha	ADJ
inkawkflk	VERB
inkawl	VERB
inkawllungvawr	NOUN
inkâwllungvâwr	NOUN
inkawlsak	VERB
inkawltir	VERB
inkawltirna	NOUN
inkawltuk	VERB
inkawltukna	NOUN
inkawlvawr	NOUN
inkâwlvâwr	NOUN
inkawlyawr	NOUN
inkâwlyâwr	NOUN
inkawm	VERB
inkâwm	VERB
inkawma	ADJ
inkâwma	ADJ
inkawmhonaah	ADJ
inkawmin	ADJ
inkawmna	NOUN
inkawmnaah	ADJ
inkawmngeih	VERB
inkawmngeih	ADJ
inkàwmngeih	VERB
inkâwmngeih	VERB
inkâwmngeih	ADJ
inkawmngeihna	NOUN
inkawmngeihtir	VERB
inkawmpui	VERB
inkawmserhna	NOUN
inkawp	VERB
inkawpa	ADJ
inkawpin	ADJ
inkawpkim	VERB
inkawpna	NOUN
inkawprem	ADJ
inkawpte	ADJ
inkawt	VERB
inkawt-an	VERB
inkawt-àn	VERB
inkeh	VERB
inkeih	VERB
inkek	VERB
inkêk	VERB
inken	VERB
inkeng	VERB
inkengkawh	VERB
inkenkawh	VERB
inkenna	NOUN
inkep	VERB
inkêp	VERB
inkepral	VERB
inkêpral	VERB
inkerchawp	VERB
inkeu	VERB
inkeuh	NOUN
inkeuh	VERB
inkhachhuan	VERB
inkhai	VERB
inkhâi	VERB
inkhaichhuahna	NOUN
inkhaichhuak	VERB
inkhaidiat	VERB
inkhaidiat	ADJ
inkhaiding	VERB
inkhaidîng	VERB
inkhaih	VERB
inkhaihlak	VERB
inkhaihlakin	ADV
inkhaihlum	VERB
inkhâihlum	VERB
inkhaikhawm	VERB
inkhâikhâwm	VERB
inkhaikhawmna	NOUN
inkhâikhâwmna	NOUN
inkhaikhin	VERB
inkhaina	NOUN
inkhairei	VERB
inkhairual	ADJ
inkhaithli	VERB
inkhak	VERB
inkhal	VERB
inkhalh	VERB
inkhalhin	ADJ
inkham	VERB
inkhamthu	VERB
inkhan	VERB
inkhana	NOUN
inkhang	VERB
inkhâng	VERB
inkhanna	NOUN
inkhap	VERB
inkhapthlu	VERB
inkhapthlukna	NOUN
inkhar	VERB
inkhâr	VERB
inkharin	ADJ
inkharkhiapna	NOUN
inkharkhip	VERB
inkhârkhip	VERB
inkharkhipna	NOUN
inkharkhum	VERB
inkhârkhum	VERB
inkharna	NOUN
inkhat	VERB
inkhaw	VERB
inkhâw	VERB
inkhawh	VERB
inkhawhkar	NOUN
inkhawhkar	VERB
inkhawhral	VERB
inkhawih	VERB
inkhawihna	NOUN
inkhawihsak	VERB
inkhawk	VERB
inkhâwk	VERB
inkhawl	VERB
inkhâwl	VERB
inkhawlohna	NOUN
inkhawm	VERB
inkhâwm	VERB
inkhawma	ADJ
inkhawmah	ADJ
inkhâwmah	ADJ
inkhawmahte	ADJ
inkhawmho	ADJ
inkhâwmho	ADJ
inkhawmhonaah	ADJ
inkhawmhote	ADJ
inkhâwmhote	ADJ
inkhâwmhovin	ADJ
inkhawmhruai	ADJ
inkhawmin	ADJ
inkhâwmin	ADJ
inkhawmna	NOUN
inkhâwmna	NOUN
inkhawmnaa	ADJ
inkhâwmnaa	ADJ
inkhawmnaah	ADJ
inkhâwmnaah	ADJ
inkhawmnaahte	ADJ
inkhâwmnaahte	ADJ
inkhawmpui	NOUN
inkhawmpui	VERB
inkhâwmpui	NOUN
inkhâwmpui	VERB
inkhawmpuia	ADJ
inkhâwmpuia	ADJ
inkhawmpuiah	ADJ
inkhawmpuina	NOUN
inkhawmpuinaa	ADJ
inkhâwmpuinaah	ADJ
inkhawmpuite	NOUN
inkhâwmpuite	NOUN
inkhawmte	NOUN
inkhâwmte	NOUN
inkhâwmtîra	ADJ
inkhawn	VERB
inkhawng	VERB
inkhâwng	VERB
inkhawngaih	VERB
inkhawngaihin	ADJ
inkhawngaihna	NOUN
inkheh	VERB
inkhei	VERB
inkhek	VERB
inkhêk	VERB
inkhel	VERB
inkhèl	VERB
inkhêl	VERB
inkhela	ADJ
inkhelah	ADJ
inkhelh	VERB
inkhelhna	NOUN
inkhelhnaa	ADJ
inkhelhnaah	ADJ
inkhelhpui	VERB
inkhelin	ADJ
inkhelna	NOUN
inkhelte	NOUN
inkhen	VERB
inkheng	VERB
inkhêng	VERB
inkhengbet	VERB
inkhep	VERB
inkhêp	VERB
inkher	VERB
inkherh	VERB
inkheuh	VERB
inkhi	VERB
inkhih	VERB
inkhim	VERB
inkhîm	VERB
inkhin	VERB
inkhinbuainaah	ADJ
inkhing	VERB
inkhîng	VERB
inkhingin	ADJ
inkhingte	NOUN
inkhinna	NOUN
inkhinnaa	NOUN
inkhinnate	NOUN
inkhinte	NOUN
inkhir	VERB
inkhîr	VERB
inkholh	VERB
inkhu	VERB
inkhû	VERB
inkhua	NOUN
inkhuahkhirh	VERB
inkhuahkhirhna	NOUN
inkhuai	VERB
inkhualtelem	NOUN
inkhualtelem	VERB
inkhualtelemna	NOUN
inkhuangrual	ADJ
inkhuar	VERB
inkhuarna	NOUN
inkhuh	VERB
inkhuhna	NOUN
inkhuih	VERB
inkhum	VERB
inkhûm	VERB
inkhung	VERB
inkhunghrang	VERB
inkhup	VERB
inkhurkhung	VERB
inkhûrkhung	VERB
inkhurkkhung	VERB
inkhûrkkhung	VERB
inkian	VERB
inkilhna	NOUN
inkiltawih	VERB
inkiltawihna	NOUN
inkim	VERB
inkir	VERB
inkîr	VERB
inko	VERB
inkoh	VERB
inkohduatna	NOUN
inkohkhâwmna	NOUN
inkohna	NOUN
inkokhawm	VERB
inkokhâwm	VERB
inkozan	VERB
inkozàn	VERB
inkozân	VERB
inkuah	VERB
inkuahin	ADJ
inkuahkhirh	VERB
inkuahna	NOUN
inkuahnaa	ADJ
inkual	VERB
inkuangkuah	VERB
inkulh	VERB
inkulhna	NOUN
inkung	VERB
inkungkaih	VERB
inkungkaih	ADJ
inkûngkaih	VERB
inkungkaihin	ADJ
inkungkaihna	NOUN
inkûngkaihna	NOUN
inkungkaihtir	VERB
inkutin	ADJ
inkutsuihin	ADJ
inla	VERB
inla-hlei	VERB
inlahrang	VERB
inlaichin	VERB
inlaichîn	VERB
inlaichinna	NOUN
inlaichînna	NOUN
inlaichinnaah	ADJ
inlainat	VERB
inlaizawnna	NOUN
inlak	VERB
inlâk	VERB
inlâkchhâwn	VERB
inlakhleih	VERB
inlâkhleih	VERB
inlakhran	VERB
inlaklawn	VERB
inlâklawn	VERB
inlaksak	VERB
inlaksakna	NOUN
inlakzam	VERB
inlâkzam	VERB
inlalawn	VERB
inlalâwn	VERB
inlalian	VERB
inlam	NOUN
inlam	VERB
inlam	ADJ
inlàm	NOUN
inlàm	VERB
inlamah	ADJ
inlambunna	NOUN
inlamhnai	VERB
inlamlet	VERB
inlamlêt	VERB
inlamlêtin	ADJ
inlamlêtna	NOUN
inlamlêtte	NOUN
inlamlêttîr	VERB
inlamrel	VERB
inlamrèl	VERB
inlamrêl	VERB
inlamuk	VERB
inlamukin	ADJ
inlan	VERB
inlân	VERB
inlanin	ADJ
inlanna	NOUN
inlannaah	ADJ
inlante	NOUN
inlantir	VERB
inlantîr	VERB
inlantîrna	NOUN
inlar	VERB
inlâr	VERB
inlara	ADJ
inlâra	ADJ
inlarin	ADJ
inlârin	ADJ
inlarna	NOUN
inlârna	NOUN
inlârnaa	ADJ
inlarnaah	ADJ
inlârnaah	ADJ
inlârnaahte	ADJ
inlarnain	ADJ
inlârnain	ADJ
inlarnate	NOUN
inlârnate	NOUN
inlartir	VERB
inlârtîr	VERB
inlawh	VERB
inlawhin	ADJ
inlawhna	NOUN
inlawi	VERB
inlàwi	VERB
inlâwi	VERB
inlawm	VERB
inlâwm	VERB
inlawma	ADJ
inlawmluh	VERB
inlawmna	NOUN
inlawmpuina	NOUN
inlawmpuithil	NOUN
inlawr	VERB
inlâwr	VERB
inlazam	VERB
inleh	VERB
inlehburh	VERB
inlehna	NOUN
inlehse	VERB
inlehthal	VERB
inlehtir	VERB
inlei	VERB
inleih	VERB
inleina	NOUN
inleisak	VERB
inleisaknaa	ADJ
inlek	VERB
inlem	NOUN
inlem	VERB
inlemtekhual	NOUN
inlemtekhual	VERB
inlen	VERB
inleng	NOUN
inlêng	NOUN
inlēng	NOUN
inlengte	NOUN
inlêngte	NOUN
inlenhleih	ADJ
inlenthul	NOUN
inlenthûl	NOUN
inlepse	VERB
inlet	VERB
inlêt	VERB
inleta	NOUN
inlfim	VERB
inli	VERB
inliah	VERB
inliak	VERB
inlih	VERB
inlihna	NOUN
inlik	VERB
inlim	VERB
inlin	VERB
inling	VERB
inlip	VERB
inlu	VERB
inluaha	ADJ
inluahlan	VERB
inluahlàn	VERB
inluahlân	VERB
inluahman	NOUN
inluhkhalh	VERB
inluhkhung	VERB
inluhna	NOUN
inluk	VERB
inlukhhalh	VERB
inlukhkhung	VERB
inlukhuh	VERB
inlukhuhin	ADJ
inlukhup	NOUN
inlukhup	VERB
inlukhûp	VERB
inlulin	VERB
inluling	VERB
inlulingah	ADJ
inlulingte	NOUN
inlulinna	NOUN
inlum	ADJ
inluma	ADJ
inlumlam	VERB
inlumlâm	VERB
inlúmlam	VERB
inlúmlâm	VERB
inlûmlam	VERB
inlûmlâm	VERB
inlumleh	VERB
inlumlet	VERB
inlumlêt	VERB
inlungdensiak	NOUN
inlungdensiak	VERB
inlungrual	VERB
inlungrual	ADJ
inlungruala	ADJ
inlungrualna	NOUN
inlungten	VERB
inmak	VERB
inmâk	VERB
inmakna	NOUN
inmâkna	NOUN
inmal	VERB
inmalbeih	VERB
inmalsai	VERB
inmalsài	VERB
inmamawh	VERB
inmamawh	ADJ
inman	VERB
inmang	VERB
inmangtha	VERB
inmangṭha	VERB
inmanna	NOUN
inmantir	VERB
inmantîr	VERB
inmawgvawm	VERB
inmawhchhiat	VERB
inmawhchhiát	VERB
inmawhchhiât	VERB
inmawhchhîat	VERB
inmawhchhîât	VERB
inmawhpuh	VERB
inmawi	VERB
inmàwi	VERB
inmâwi	VERB
inmawm	VERB
inmawngvawm	VERB
inmeh	VERB
inmelh	VERB
inmensiak	VERB
inmensiâk	VERB
inmet	VERB
inmêt	VERB
inmihrang	VERB
inmihranin	ADJ
inmihrantu	VERB
inmikhual	VERB
inmil	VERB
inmil	ADJ
inmila	ADJ
inmillo	ADJ
inmillohna	NOUN
inmilna	NOUN
inmitsir	VERB
inmualpho	VERB
inmuh	VERB
inmun	VERB
inmung	VERB
inmungte	ADJ
inmut	VERB
inmût	VERB
inna	NOUN
innam	VERB
innamnul	VERB
innan	VERB
innanchin	VERB
innang	VERB
innangching	VERB
innau	VERB
innàu	VERB
innawh	VERB
innawhna	NOUN
innawk	VERB
innâwk	VERB
innawr	VERB
innawrna	NOUN
innawrnaah	NOUN
innawt	VERB
innâwt	VERB
innei	NOUN
innei	VERB
inneih	VERB
inneiha	ADJ
inneihlam	ADJ
inneihna	NOUN
inneihna	VERB
inneihnaa	ADJ
inneihnaah	ADJ
inneihnain	ADJ
inneihpawlh	VERB
inneihtir	VERB
inneihtîr	VERB
inneihzia	ADJ
inneiin	ADJ
inneitu	NOUN
innek	VERB
innêk	VERB
innêkchêpna	NOUN
innel	VERB
innêl	VERB
innelna	NOUN
innem	VERB
innep	VERB
innêp	VERB
innêptawn	ADJ
innfel	VERB
inngai	VERB
inngaia	ADJ
inngaidam	ADJ
inngaider	ADJ
inngaih	ADJ
inngaiha	ADJ
inngaihbel	VERB
inngaihdam	VERB
inngaihhlut	VERB
inngaihhlutna	NOUN
inngaihhruina	NOUN
inngaihlu	VERB
inngaihlua	ADJ
inngaihluih	VERB
inngaihlut	VERB
inngaihlûte	NOUN
inngaihmelh	VERB
inngaihna	NOUN
inngaihnaa	ADJ
inngaihnate	ADJ
inngâihote	NOUN
inngaihsak	VERB
inngaihsakna	NOUN
inngaihsaknaah	ADJ
inngaihsaktu	NOUN
inngaihsaktute	NOUN
inngaihsan	VERB
inngaihte	NOUN
inngaihthlak	ADJ
inngaihthlâk	ADJ
inngaihtlawm	ADJ
inngaihtlâwm	ADJ
inngaihtlawmna	NOUN
inngaihtlâwmna	NOUN
inngaihtuah	VERB
inngaihtuahna	NOUN
inngaihzawn	VERB
inngaihzâwn	VERB
inngaihzawng	VERB
inngaihzawnna	NOUN
inngaihzawntir	VERB
inngaiin	ADJ
inngaina	NOUN
inngainatna	NOUN
inngaisang	VERB
inngaisâng	VERB
inngaite	NOUN
inngaithuah	VERB
inngaitlawm	VERB
inngaitlâwm	VERB
inngaitlâwma	ADJ
inngaitlâwmin	ADJ
inngaitlawmte	NOUN
inngaitlâwmte	NOUN
inngaitlâwmten	ADJ
inngaizawng	VERB
inngam	ADJ
inngamtlâk	ADJ
inngei	VERB
inngeih	ADJ
inngeihna	NOUN
inngen	VERB
innghah	VERB
innghahbul	ADJ
innghahchhan	ADJ
innghahna	NOUN
innghahnaa	NOUN
innghahnaahte	NOUN
innghahnate	NOUN
innghahtir	VERB
innghaisaho	ADJ
innghaisakna	NOUN
innghak	VERB
innghâk	VERB
innghat	VERB
innghata	ADJ
innghatin	ADJ
innghatte	ADJ
innghatten	ADJ
innghawk	VERB
innghen	VERB
inngheng	VERB
innghêng	VERB
innghengin	ADV
innghirngho	VERB
innghirnghona	NOUN
innin	VERB
innín	VERB
inning	VERB
inning	ADJ
innuai	VERB
innufa	NOUN
innufa	VERB
innufana	NOUN
innuih	VERB
innuihsawhna	NOUN
innupa	VERB
innupana	NOUN
inpa	NOUN
inpâ	NOUN
inpafa	VERB
inpafana	NOUN
inpafana	VERB
inpahin	ADJ
inpaih	VERB
inpaihsakna	NOUN
inpaihthawl	VERB
inpal	VERB
inpalai	VERB
inpalthlu	VERB
inpaltlang	VERB
inpalzutna	NOUN
inpan	VERB
inpanglawi	NOUN
inpanglâwi	NOUN
inpapek	VERB
inpapêk	VERB
inpathian	VERB
inpaw	VERB
inpawh	VERB
inpawhna	NOUN
inpawhnate	NOUN
inpawhtawn	VERB
inpawi	VERB
inpawisak	VERB
inpawl	VERB
inpâwl	VERB
inpawlh	ADJ
inpâwlh	ADJ
inpawlhah	ADJ
inpâwlho	ADJ
inpawlhsawp	VERB
inpawlhsawp	ADJ
inpâwlhsawp	ADJ
inpawlhsawpho	ADJ
inpawlin	ADJ
inpâwlkhâwm	VERB
inpawlna	NOUN
inpâwlna	NOUN
inpawlnaa	NOUN
inpawltir	VERB
inpâwltîr	VERB
inpawm	VERB
inpâwm	VERB
inpawmchilh	VERB
inpawmna	NOUN
inpâwngchîlna	NOUN
inpawngnekna	NOUN
inpawngnêkna	NOUN
inpâwngnêkna	NOUN
inpâwngnêknain	ADJ
inpawngsual	VERB
inpâwngsual	VERB
inpawt	VERB
inpe	VERB
inpê	VERB
inpeh	VERB
inpeho	NOUN
inpehote	NOUN
inpeih	VERB
inpeihna	NOUN
inpeihsa	ADJ
inpeihsain	ADJ
inpeihzia	ADJ
inpein	ADJ
inpeipun	VERB
inpeipung	VERB
inpeizawn	VERB
inpeizâwn	VERB
inpeiziwn	VERB
inpek	VERB
inpêk	VERB
inpêka	NOUN
inpekna	NOUN
inpékna	NOUN
inpèkna	NOUN
inpêkna	NOUN
inpêkzia	ADJ
inpel	VERB
inpelh	VERB
inpelhsawlh	ADJ
inpen	VERB
inpeng	VERB
inpêng	VERB
inpenhleh	VERB
inpènhleh	VERB
inpensan	VERB
inperh	VERB
inperhsan	ADJ
inpersan	VERB
inpersan	ADJ
inpersanna	NOUN
inpet	VERB
inpêt	VERB
inpete	ADJ
inpête	ADJ
inpeten	ADJ
inpêten	ADJ
inpetu	NOUN
inphah	VERB
inphahhniam	VERB
inphahhnuai	VERB
inphahna	NOUN
inphak	VERB
inphâk	VERB
inphal	VERB
inphal	ADJ
inphalna	NOUN
inphalnaa	NOUN
inphalrai	NOUN
inphalraiin	ADJ
inphalraina	NOUN
inphalzia	ADJ
inphaman	VERB
inphaman	ADJ
inphamanin	ADV
inphan	VERB
inpharh	VERB
inphat	VERB
inphatna	NOUN
inphatsan	VERB
inphatsanna	NOUN
inphawi	VERB
inphâwi	VERB
inphawrhtir	VERB
inpheh	VERB
inphekphelen	VERB
inphekphelèn	VERB
inphel	NOUN
inphel	VERB
inphelh	VERB
inphelhna	NOUN
inphen	VERB
inphèn	VERB
inphên	VERB
inphenna	NOUN
inphet	VERB
inphhiarrukna	NOUN
inphiar	VERB
inphiarna	NOUN
inphiarrûk	NOUN
inphih	VERB
inphil	VERB
inphin	VERB
inphín	VERB
inpho	VERB
inphochhuah	VERB
inpholanna	NOUN
inphu	VERB
inphu	ADJ
inphû	VERB
inphuah	VERB
inphuahsiak	VERB
inphuar	VERB
inphuarkhâwmin	ADJ
inphuarna	NOUN
inphu-deh	NOUN
inphû-deh	NOUN
inphuh	VERB
inphuhna	NOUN
inphuhru	VERB
inphuhruk	VERB
inphul	VERB
inphum	VERB
inphúm	VERB
inphûm	VERB
inphumna	NOUN
inphûmna	NOUN
inphûmnaah	ADJ
inphumru	VERB
inphumte	VERB
inphun	VERB
inphungbawm	VERB
inphungchang	VERB
inphungchâng	VERB
inphur	VERB
inphurh	VERB
inphurhsak	VERB
inphurhtir	VERB
inphurhtîrtu	NOUN
inphut	VERB
inphút	VERB
inphût	VERB
inpu	VERB
inpua	VERB
inpuahchah	VERB
inpuahchahna	NOUN
inpuak	VERB
inpuan	VERB
inpuanchhuahna	NOUN
inpuang	VERB
inpuanga	ADJ
inpuangtu	NOUN
inpuanna	NOUN
inpuh	VERB
inpuhchhiatna	NOUN
inpuhmawh	VERB
inpuhna	NOUN
inpuhtawnna	NOUN
inpui	VERB
inpuibawm	VERB
inpuibàwm	VERB
inpuibâwm	VERB
inpuih	VERB
inpuihbawmna	NOUN
inpuihtawnna	NOUN
inpuk	VERB
inpûk	VERB
inpûktir	VERB
inpul	VERB
inpulbawm	VERB
inpum	ADJ
inpumkhat	ADJ
inpumkhata	ADJ
inpumkhatin	ADJ
inpumkhatna	NOUN
inpumkhatnaah	ADJ
inpumkhatte	ADJ
inpumpek	VERB
inpumpêk	VERB
inpumpekin	ADJ
inpumpêkin	ADJ
inpumpekna	NOUN
inpumpekte	ADJ
inpun	VERB
inpunkhâwm	VERB
inpunkhawma	ADJ
inpunkhâwmho	NOUN
inpuntir	VERB
inpurtir	VERB
input	VERB
inrah	VERB
inrahbeh	VERB
inrahbehna	NOUN
inrai	VERB
inraina	NOUN
inral	VERB
inrâl	VERB
inrâlbâwlna	NOUN
inraldehna	NOUN
inralkah	VERB
inrâlkah	VERB
inralmuan	VERB
inralna	NOUN
inrâlna	NOUN
inralrin	VERB
inrâlrin	VERB
inralring	VERB
inrâlring	VERB
inralringa	VERB
inralrinna	NOUN
inrâlrinna	NOUN
inralsai	VERB
inralthuam	VERB
inrâlthuam	VERB
inrâlthuama	ADJ
inrâlthuamho	NOUN
inralthuamin	ADJ
inrâlthuamin	ADJ
inralthuamna	NOUN
inrâlthuamna	NOUN
inralthuamnate	NOUN
inrap	VERB
inrapbet	VERB
inrawih	VERB
inrawk	VERB
inrawkna	NOUN
inrawknaa	ADJ
inrawknain	ADJ
inrawlh	VERB
inrawlhin	ADJ
inrawlhna	NOUN
inrawlhte	NOUN
inrawlhtir	VERB
inrawlhtu	NOUN
inrawlruk	VERB
inrawlrûk	VERB
inrâwlruk	VERB
inrâwlrûk	VERB
inrawlrukna	NOUN
inrawlrûkna	NOUN
inrâwlrukna	NOUN
inrâwlrûkna	NOUN
inrawn	VERB
inrâwn	VERB
inrawnkhawm	VERB
inrâwnkhâwmin	ADJ
inrawnkhawmna	NOUN
inrawnkhawmnaa	ADJ
inrawnna	NOUN
inrâwnnaah	ADJ
inrehna	NOUN
inrek	VERB
inrêk	VERB
inrekral	VERB
inrel	VERB
inrêl	VERB
inrelbawl	VERB
inrêlbâwl	VERB
inrelbawlna	NOUN
inrélbawlna	NOUN
inrèlbàwlna	NOUN
inrelbawlnate	NOUN
inrelna	NOUN
inrelsakna	NOUN
inrem	VERB
inrema	ADJ
inremchem	ADJ
inremdan	ADJ
inremin	ADJ
inremleh	ADJ
inremlehna	NOUN
inremlohna	NOUN
inremna	NOUN
inremnaah	ADJ
inremnate	NOUN
inremnna	NOUN
inrempui	VERB
inrempuitu	NOUN
inremsiamna	NOUN
inremte	NOUN
inremtir	VERB
inremtîr	VERB
inremtu	NOUN
inren	VERB
inrenchem	VERB
inrenchemna	NOUN
inrenna	NOUN
inrep	VERB
inrép	VERB
inrêp	VERB
inri	VERB
inrî	VERB
inriah	VERB
inrial	VERB
inrihvur	VERB
inrihvûr	VERB
inriin	ADJ
inrîin	ADJ
inrikrap	VERB
inrikrâp	VERB
inrikrapna	NOUN
inrikrâpna	NOUN
inrîkrâpna	NOUN
inrim	VERB
inrîm	VERB
inrimna	NOUN
inrin	VERB
inrina	NOUN
inrîna	NOUN
inrinaah	ADJ
inrînaah	ADJ
inrinchhan	ADJ
inring	VERB
inringa	ADJ
inringhlel	VERB
inringral	VERB
inringtawk	ADJ
inringtâwk	ADJ
inrinhlelh	ADJ
inrinhlelhna	NOUN
inrinkrapna	NOUN
inrinlawk	VERB
inrinlawkna	NOUN
inrinlâwkna	NOUN
inrinna	NOUN
inrinni	NOUN
inrinni	ADJ
inrinnia	ADJ
inrinniah	ADJ
inrinral	VERB
inrinsiak	VERB
inrinsiakah	ADJ
inrinsiakna	NOUN
inrintawk	ADJ
inrintawkna	NOUN
inrintâwkna	NOUN
inrintawknaah	ADJ
inrintawknain	ADJ
inrintir	VERB
inrip	VERB
inrochun	VERB
inropui	NOUN
inru	VERB
inruahman	VERB
inruahmanna	NOUN
inruai	VERB
inrual	VERB
inrualkhai	VERB
inrualrem	VERB
inruan	VERB
inruat	VERB
inruh	VERB
inruk	VERB
inruksak	VERB
inrûksak	VERB
inrul	VERB
inrùl	VERB
inrûl	VERB
inrun	VERB
inrûn	VERB
inrunna	NOUN
inrûnna	NOUN
inrut	VERB
inrût	VERB
insah	VERB
insai	VERB
insâi	VERB
insak	NOUN
insakna	NOUN
insam	VERB
insám	VERB
insâm	VERB
insamlam	VERB
insamna	NOUN
insâmna	NOUN
insamsak	VERB
insan	VERB
insang	VERB
insang	ADJ
insâng	ADJ
insânga	ADJ
insângah	ADJ
insangmar	VERB
insangphek	VERB
insângte	VERB
insanmar	VERB
insaseng	VERB
insasengna	NOUN
insat	VERB
insât	VERB
insathahhneh	VERB
insathahneh	VERB
insatute	NOUN
insatuten	ADJ
insawa	VERB
insawh	VERB
insawhngheh	VERB
insawhnghehna	NOUN
insawhnghet	VERB
insawi	VERB
insâwi	VERB
insawia	ADJ
insawichhe	VERB
insawichhiat	VERB
insawichhiatna	NOUN
insawifiah	VERB
insawifiahin	ADJ
insawifiahna	NOUN
insawifihlim	VERB
insawiin	ADJ
insawimawi	VERB
insawimawite	ADJ
insawimâwite	ADJ
insawina	NOUN
insawirem	VERB
insawisa	VERB
insawisak	VERB
insawisel	VERB
insawiselna	NOUN
insawiṭhaihna	NOUN
insawițhaihna	NOUN
insawithiamna	NOUN
insawiven	VERB
insawizawi	VERB
insâwizawi	VERB
insawizawimi	NOUN
insawizawina	NOUN
insawizawitir	VERB
insawizel	VERB
insawlpawn	VERB
insawlpàwn	VERB
insâwlpawn	VERB
insâwlpàwn	VERB
insâwlpâwn	VERB
insawm	VERB
insâwm	VERB
insâwmsak	ADJ
insâwmtu	NOUN
insawn	VERB
insawnchhuah	VERB
insawngbawl	VERB
insawngbàwl	VERB
insáwngbawl	VERB
insáwngbàwl	VERB
insâwngbawl	VERB
insâwngbàwl	VERB
insawnglai	VERB
insawnglài	VERB
insawnglâi	VERB
insawnglal	VERB
insawnglàl	VERB
insawnin	ADJ
insawnna	NOUN
insawntir	VERB
insawntîr	VERB
insawp	VERB
insawr	VERB
insâwr	VERB
insawrbing	VERB
insawrbîng	VERB
insàwrbing	VERB
insàwrbîng	VERB
insâwrbing	VERB
insâwrbîng	VERB
insawt	VERB
insàwt	VERB
insâwt	VERB
inse	VERB
insê	VERB
inseh	VERB
insehruh	VERB
insel	VERB
insem	VERB
insema	ADJ
insemdarhna	NOUN
insemin	ADJ
insemtute	NOUN
insemzai	VERB
insemzâi	VERB
insen	VERB
insèn	VERB
insên	VERB
inseng	VERB
insêng	VERB
insengah	ADJ
insengso	ADJ
insêngso	ADJ
insensothlak	VERB
insensothlâk	VERB
insènsothlak	VERB
insènsothlâk	VERB
insênsothlak	VERB
insênsothlâk	VERB
insep	VERB
insêp	VERB
inserh	VERB
inserhhranna	NOUN
inserhna	NOUN
insi	VERB
insiak	VERB
insial	VERB
insiál	VERB
insiâl	VERB
insiam	VERB
insiamchawp	VERB
insiamin	VERB
insiamna	NOUN
insiamrem	VERB
insiamremna	NOUN
insiamsak	VERB
insiamtawn	ADJ
insiamte	ADJ
insiamtha	VERB
insiamṭha	VERB
insiamthat	ADJ
insiamṭhat	ADJ
insiamthatna	NOUN
insiamṭhatna	NOUN
insiamtir	VERB
insiamtu	NOUN
insihna	NOUN
insiin	ADJ
insik	VERB
insîk	VERB
insiksawi	VERB
insil	VERB
insilfai	VERB
insilfaina	NOUN
insilin	ADJ
insilna	NOUN
insilsak	VERB
insingsa	VERB
insingsak	VERB
insit	VERB
insitin	ADJ
insitnain	ADJ
insu	VERB
insuah	VERB
insual	VERB
insuala	ADJ
insualin	ADJ
insualna	NOUN
insualnaah	ADJ
insualnate	NOUN
insualte	NOUN
insualtîr	VERB
insuam	VERB
insuâm	VERB
insuamna	NOUN
insuan	VERB
insuangtuah	VERB
insuanin	ADJ
insuanluhpui	VERB
insuasam	VERB
insuat	VERB
insuât	VERB
insuatna	NOUN
insuattîr	VERB
insuih	VERB
insuihkhawm	VERB
insuihkhâwm	VERB
insuihkhawma	ADJ
insuihkhâwmna	NOUN
insuihkhâwmtir	VERB
insuihna	NOUN
insuihrem	VERB
insuk	VERB
insûk	VERB
insuk-herh	NOUN
insul	VERB
insûl	VERB
insult	VERB
insum	VERB
insûm	VERB
insûma	ADJ
insumdawn	NOUN
insumkar	ADJ
insumkarna	NOUN
insûmkârna	NOUN
insumlohnain	ADJ
insumna	NOUN
insûmna	NOUN
insumnaah	ADJ
insûmnaah	ADJ
insumthei	ADJ
insumtheihna	NOUN
insûmtheihna	NOUN
insûn	VERB
insut	VERB
insût	VERB
insutna	NOUN
insutnaah	ADJ
insuttir	VERB
insuttîr	VERB
intah	VERB
inṭah	VERB
ințah	VERB
intahkhum	VERB
intahkhum	ADV
inṭahkhum	VERB
intahpui	VERB
inṭahpui	VERB
intahtawlin	VERB
intahtawlin	ADV
intai	VERB
intái	VERB
intâi	VERB
inṭai	VERB
intaina	NOUN
intaithlêrtu	NOUN
intak	VERB
intaksa	NOUN
intal	VERB
intál	VERB
intaltan	VERB
intam	VERB
intam	ADJ
inṭam	VERB
intamchhuah	VERB
intâmchhuah	VERB
inṭamchhuah	VERB
inṭâmchhuah	VERB
intan	VERB
intan	ADJ
inṭan	VERB
inṭan	ADJ
intangkaipui	VERB
intangkâipui	VERB
inṭangkaipui	VERB
inṭangkâipui	VERB
intangkham	VERB
intângkham	VERB
inṭangkham	VERB
inṭângkham	VERB
intanin	ADJ
intanna	NOUN
inṭanna	NOUN
intannaah	ADJ
intanpui	VERB
inṭanpui	VERB
intantir	VERB
intar	VERB
intâr	VERB
intârlang	VERB
intat	VERB
intât	VERB
intathriam	VERB
intauh	VERB
intauhna	NOUN
intawh	VERB
intawhchilh	VERB
intawhchilhna	NOUN
intawhkhawm	VERB
intawhkhawmna	NOUN
intawhna	NOUN
intawi	VERB
intawina	NOUN
intawk	VERB
intâwk	VERB
intawklawi	VERB
intâwklâwi	VERB
intawksir	VERB
intawktarh	VERB
intâwl	VERB
intawlh	VERB
intâwllên	VERB
intawllenna	NOUN
intawm	VERB
intâwm	VERB
inṭawm	VERB
inṭâwm	VERB
inṭâwmin	ADJ
intawmna	NOUN
intawmtute	NOUN
intawn	VERB
intâwn	VERB
inṭawn	VERB
inṭâwn	VERB
intawng	VERB
intàwng	VERB
intâwng	VERB
intawng-awk	VERB
intawng-âwk	VERB
inṭawng-awk	VERB
inṭawng-âwk	VERB
intawngchilh	VERB
inṭawngchilh	VERB
intawng-el	VERB
inṭawng-el	VERB
intawngin	ADJ
intawngtaisak	VERB
inṭawngṭaisak	VERB
intê	ADJ
inteh	VERB
intehin	ADJ
intehkhin	VERB
intehkhinin	ADJ
intek	VERB
inṭek	VERB
intel	VERB
intêl	VERB
intelh	VERB
intelkhawm	VERB
intêlkhâwm	VERB
intelkhawmna	NOUN
intelkhawmte	NOUN
intêlkhâwmte	NOUN
intelna	NOUN
inten	VERB
intepeng	VERB
inthabat	VERB
inthah	VERB
inthahna	NOUN
inthahtir	VERB
intham	VERB
inthâm	VERB
inṭham	VERB
inṭhâm	VERB
inthamna	NOUN
inthansan	VERB
inṭhansan	VERB
inthap	VERB
inthâp	VERB
inṭhap	VERB
inṭhâp	VERB
inthat	VERB
inthathen	VERB
inṭhathen	VERB
inṭhaṭhen	VERB
inthatin	ADJ
inthatna	NOUN
inthawh	VERB
inthawhna	NOUN
inthawhţawm	NOUN
inthawhṭawm	NOUN
inthawhtir	VERB
inthawi	VERB
inthâwi	VERB
inthawia	NOUN
inthâwia	NOUN
inthawiin	VERB
inthâwiin	VERB
inthawina	NOUN
inthâwina	NOUN
inthawinaa	ADJ
inthawinaah	ADJ
inthâwinaah	ADJ
inthawinaahte	ADJ
inthawinain	ADJ
inthawinan	ADJ
inthawinana	ADJ
inthawinate	NOUN
inthâwinate	ADJ
inthawinatein	ADJ
inthâwinaten	ADJ
inthawitu	NOUN
inthawitute	NOUN
inthawlh	VERB
inṭhawlh	VERB
inthawlhin	ADJ
inthawn	VERB
inthawnna	NOUN
inthawnte	NOUN
inthazawh	VERB
inthazo	VERB
intheh	VERB
inṭheh	VERB
inthehthil	VERB
inthei	VERB
inṭhei	VERB
intheih	VERB
intheihnghilh	VERB
inthelh	VERB
inṭhelh	VERB
inthelthaw	VERB
inthelthâw	VERB
inṭhelṭhaw	VERB
inṭhelṭhâw	VERB
inthemthiam	VERB
inthemthiama	NOUN
inthemthiamna	NOUN
inthemthiamnaa	ADJ
inthen	VERB
inthên	VERB
inṭhen	VERB
inṭhên	VERB
inthena	ADJ
inṭhena	ADJ
inthenawm	NOUN
inṭhenawm	VERB
inthenawmna	NOUN
inthenawmte	NOUN
inthendarh	VERB
inthenfai	VERB
inthenfaina	NOUN
inthenhrang	VERB
inthenhranna	NOUN
inthenin	VERB
inṭhenin	ADJ
inthenna	NOUN
inṭhenna	NOUN
inthennaah	ADJ
inṭhennaah	ADJ
inthennain	ADJ
inthentir	VERB
inthethuna	NOUN
inthial	VERB
inthialna	NOUN
inṭhialna	NOUN
inthiam	VERB
inthian	VERB
inṭhian	VERB
inthianfai	VERB
inthianho	NOUN
inthianin	ADJ
inthianna	NOUN
inṭhianna	NOUN
inṭhianṭhat	VERB
inthianthatna	NOUN
inṭhianṭhatna	NOUN
inthiar	VERB
inthiarfihlim	VERB
inthiarfihlîm	VERB
inthiarfîhlîm	VERB
inthiarfihlima	NOUN
inthiarna	NOUN
inthiarnaah	ADJ
inthiat	VERB
inthih	VERB
inthihchilh	VERB
inthik	VERB
inthîk	VERB
inthilfir	VERB
inthilfîr	VERB
inthilphal	VERB
inthiltihte	NOUN
inthin	VERB
inthing	VERB
inthlah	VERB
inthlahchhawn	ADJ
inthlahchhâwn	ADJ
inthlahchhawng	VERB
inthlahdah	VERB
inthlahdah	ADJ
inthlahdahna	NOUN
inthlahdulna	NOUN
inthlahna	NOUN
inthlahpung	VERB
inthlahpunna	NOUN
inthlahrun	VERB
inthlahrunawm	ADJ
inthlahrung	VERB
inthlahrunglo	ADJ
inthlahrunna	NOUN
inthlahte	NOUN
inthlahthlam	VERB
inthlahthlamna	NOUN
inthlahtute	NOUN
inthlahtuten	ADJ
inthlak	VERB
inthlâk	VERB
inthlakah	ADJ
inthlakin	ADJ
inthlakna	NOUN
inthlâkna	NOUN
inthlâknate	NOUN
inthlakthleng	VERB
inthlâkthleng	VERB
inthlaktir	VERB
inthlamuan	VERB
inthlan	VERB
inthlana	NOUN
inthlanah	ADJ
inthlanei	NOUN
inthlang	VERB
inthlanin	ADJ
inthlanna	NOUN
inthlannaa	ADJ
inthlannaah	ADJ
inthlannah	ADJ
inthlanpui	NOUN
inthlanpuia	NOUN
inthlanpuiah	ADJ
inthlante	NOUN
inthlau	ADJ
inthlauh	ADJ
inthlauhna	NOUN
inthlauhzia	ADJ
inthlauthla	VERB
inthlauthlâ	VERB
inthlauthlak	VERB
inthlauthlâk	VERB
inthlawp	VERB
inthlawp	ADJ
inthlâwp	VERB
inthlâwp	ADJ
inthlawr	VERB
inthlei	VERB
inthleihranna	NOUN
inthlemna	NOUN
inthlen	VERB
inthleng	VERB
inthlengin	ADJ
inthlengna	NOUN
inthlep	VERB
inthlepa	VERB
inthlepte	NOUN
inthli	VERB
inthliar	VERB
inthliarhranna	NOUN
inthliarna	NOUN
inthlifîm	VERB
inthlifîmin	ADJ
inthlithlawr	VERB
inthlun	VERB
inthlung	VERB
inthlungkhâwm	VERB
inthlunna	NOUN
inthlunzawm	VERB
inthlunzawmna	NOUN
inthu	ADJ
inthuah	VERB
inthuah	ADJ
inthuaha	ADJ
inthuahin	ADJ
inthuahthip	VERB
inthuahthip	ADJ
inthuahthîp	VERB
inthuai	VERB
inthuam	VERB
inthuama	ADJ
inthuamho	NOUN
inthuamin	ADJ
inthuamna	NOUN
inthuamnaah	ADJ
inthuamte	ADJ
inthuamtîr	VERB
inthuhmun	ADJ
inthuhruk	VERB
inthuhrûk	NOUN
inthuhrûk	VERB
inthui	VERB
inṭhuizawmna	NOUN
inthukphûm	VERB
inthukru	VERB
inthukruk	VERB
inthukrûk	VERB
inthum	ADJ
inthumkara	NOUN
inthumkâra	NOUN
inthumrawn	VERB
inthun	VERB
inthungrul	VERB
inthungrulh	VERB
inthunun	VERB
inthununna	NOUN
inthup	VERB
inthupa	ADJ
inthupin	ADJ
inthupna	NOUN
inthupte	NOUN
inthurual	VERB
inthurual	ADJ
inthuruâl	VERB
inthuruala	ADJ
inthurualin	ADJ
inthurualna	NOUN
inthurualpui	ADJ
inthut	VERB
inthutchilh	VERB
inthutpui	VERB
inti	VERB
inti	ADP
intia	VERB
intia	ADJ
intiam	VERB
intiama	ADJ
intiamkam	VERB
intiamkama	ADJ
intiamkaman	ADJ
intiamkamna	NOUN
intiamkamte	ADJ
intiamkamtu	NOUN
intiamna	NOUN
intiamnate	ADJ
intiamte	NOUN
intian	VERB
intiang	VERB
intiat	VERB
intiat	ADJ
intiât	VERB
intiata	VERB
intiâta	VERB
inti-babu	VERB
intibawlhhlawh	VERB
intibawrbang	VERB
intibawrbâng	VERB
inti-bawrhban	VERB
inti-bawrhbàn	VERB
intibawrhbang	VERB
inti-bawrhbang	VERB
intibawrhbâng	VERB
inti-bawrhbâng	VERB
inti-bengvar	VERB
inti-bengvâr	VERB
intibik	VERB
inti-bik	VERB
intibîk	VERB
inti-bîk	VERB
intibing	VERB
intibo	VERB
intiboralin	ADJ
intibuai	VERB
intibuaite	NOUN
intibuangbar	VERB
intibuangbâr	VERB
intibuk	VERB
intichak	VERB
intichakin	ADJ
intichangkang	VERB
intichau	VERB
inticher	VERB
intichhe	VERB
intichhia	VERB
intichhuak	VERB
intidam	VERB
intidang	VERB
intidangdai	VERB
intidangdâi	VERB
intidanglam	VERB
intidawng	VERB
inti-dawng	VERB
intidâwng	VERB
inti-dâwng	VERB
inti-daw-van	VERB
inti-daw-vang	VERB
inti-duhdah	VERB
intiengthawl	VERB
intifai	VERB
intifel	VERB
intifihlim	VERB
intifihlîm	VERB
intifimin	ADJ
intifing	VERB
inti-fing	VERB
intifingte	ADJ
intih	VERB
intihah	ADJ
intihahdam	VERB
intiharh	VERB
intihausate	ADJ
intihbawrhban	VERB
intihbawrhbân	VERB
intihbengvar	VERB
intihbengvâr	VERB
intihbik	VERB
intihbîk	VERB
intihboral	VERB
intihbuai	VERB
intihbuaina	NOUN
intihbuainaa	ADJ
intihbuainaah	ADJ
intihbuangbar	VERB
intihbuangbâr	VERB
intihbuk	VERB
intihchak	VERB
intihcher	VERB
intihchhiat	VERB
intihchhiatna	ADJ
intihdaihna	NOUN
intihdam	VERB
intihdan	VERB
intihdangdai	VERB
intihdangdâi	VERB
intihdanglam	VERB
intih-dawn	VERB
intih-dâwn	VERB
intihder	VERB
intihderna	NOUN
intihdik	VERB
intihduhdah	VERB
intihduhdahna	NOUN
inti-hek	VERB
intihfin	VERB
intihhah	VERB
intihharh	VERB
intihharhna	NOUN
intihhek	VERB
intihhlim	VERB
intihhlima	ADJ
intihhlimna	NOUN
intihhlimnaah	ADJ
intihhlimnain	ADJ
intihhlum	VERB
intihhlumah	ADJ
intihhlumna	NOUN
intihhlumte	ADJ
intihhmuh	VERB
intihhniam	VERB
intihhnuai	VERB
intihhran	VERB
intihhranna	NOUN
intihhrehawm	VERB
intihkawl	VERB
intihkâwl	VERB
intihkhawloh	VERB
intihlal	VERB
intihlan	VERB
intihlan-mawi	VERB
intihlan-mâwi	VERB
intihlâr	VERB
intihlarna	NOUN
intihlâwm	VERB
inti-hleihnawn	VERB
intih-leloh	VERB
intih-lêloh	VERB
intihlen	VERB
intihlim	VERB
intihlimna	NOUN
intihluihna	NOUN
intihluihtirna	NOUN
intihlum	VERB
intihluma	ADJ
intihlumna	NOUN
intihlungawi	VERB
intihlunglan	VERB
intihlunglen	VERB
intihlunglèn	VERB
inti-hmaibal	VERB
inti-hmaibâl	VERB
inti-hmaimawk	VERB
inti-hmaimâwk	VERB
intih-mak	VERB
intihmanhmawh	VERB
intihmawi	VERB
intihmipat	VERB
intihmuh	VERB
intihna	NOUN
intihnat	VERB
intihnate	NOUN
intihnawk	VERB
intih-ngen	VERB
intih-ngên	VERB
intih-ngui	VERB
intihniam	VERB
inti-hniam	VERB
intihnuai	VERB
inti-hnuai	VERB
intihpachan	VERB
intihpalhna	NOUN
intihpasalthat	VERB
intihpasalṭhat	VERB
intih-patlin	VERB
intihpuar	VERB
intihpuk	VERB
intihrang	VERB
inti-hrang	VERB
intihranga	ADJ
intihrangin	ADJ
intihrangte	ADJ
intihrehawm	VERB
intihrehawmin	VERB
intihretheih	VERB
intihretheihna	NOUN
inti-hria	VERB
intihropui	VERB
intihropuina	NOUN
intihsak	VERB
intihsân	VERB
intihsawt	VERB
intihsâwt	VERB
intihsawtna	NOUN
intihsiak	VERB
intihsiakna	NOUN
intihsiaknaa	NOUN
intihsiaknaah	ADJ
intihsiakte	NOUN
intihthau	VERB
intihthiam	VERB
intihtlai	VERB
intih-tlakran	VERB
intih-tlâkran	VERB
intihtlâwm	ADJ
intihuai	VERB
inti-huai	VERB
intihuhphurhawm	VERB
intih-upat	VERB
inti-huphurh	VERB
intihuphurhawm	VERB
intihvei	VERB
intihveina	NOUN
intih-zahawm	VERB
intih-zawi	VERB
intihzia	ADJ
intihzin	VERB
intihzum	VERB
intiin	ADJ
inti-intih	VERB
inti-kawl	VERB
inti-kâwl	VERB
inti-kawlawk	VERB
inti-kawlâwk	VERB
intikawlh	VERB
intikhawlo	VERB
inti-khawlo	VERB
inti-khawtlai	VERB
inti-khawtlâi	VERB
intiksiak	VERB
intilal	VERB
inti-lal	VERB
intilalte	ADJ
intilalten	ADJ
intilang	VERB
inti-langmawi	VERB
inti-langmâwi	VERB
inti-leihnawng	VERB
inti-lelo	VERB
inti-lêlo	VERB
intilian	VERB
intiliana	ADJ
intilianin	ADJ
intiliante	ADJ
inti-luh	VERB
intiluhlul	VERB
intilum	VERB
intilungawi	VERB
intilungchhe	VERB
intilunghnûr	VERB
intilungleng	VERB
inti-lungleng	VERB
inti-lunglêng	VERB
intilungngai	VERB
inti-lut	VERB
inti-lût	VERB
inti-mak	VERB
intimawi	VERB
intimipa	VERB
inti-mipa	VERB
intimualpho	VERB
intimuk	VERB
inti-muk	VERB
intimuktu	VERB
intin	VERB
intina	NOUN
intineitu	NOUN
inting	NOUN
intingeng	VERB
inti-ngeng	VERB
intingêng	VERB
inti-ngêng	VERB
intinget	VERB
intinghet	VERB
intingmit	VERB
inti-ngui	VERB
intintuah	VERB
intinuam	VERB
intipachang	VERB
intipalh	VERB
intipalhna	NOUN
intipasaltha	VERB
intipasalṭha	VERB
inti-pathian	VERB
inti-patling	VERB
inti-pawr	VERB
intiphur	VERB
inti-ping	VERB
intipuar	VERB
inti-puk	VERB
intipung	VERB
intir	VERB
intír	VERB
intîr	VERB
intira	ADJ
intirhkahna	NOUN
intirhna	NOUN
intirilru	VERB
intîrin	VERB
intiropui	VERB
intirtu	VERB
intiruak	VERB
intirûi	VERB
intisawt	VERB
inti-takin	ADV
intitam	VERB
intitawn	VERB
intitawnin	ADJ
intite	NOUN
intiten	ADJ
intitenawm	ADJ
inti-thatho	VERB
intithei	VERB
intithiam	VERB
inti-thiam	VERB
intithianghlim	VERB
intit-hriat	VERB
intit-hriât	VERB
intithu	VERB
intithunei	VERB
intithutak	VERB
inti-thutak	VERB
intitlai	VERB
inti-tlaran	VERB
intitlawm	VERB
intitlâwm	VERB
inti-tuavawn	VERB
inti-upa	VERB
intivâr	VERB
intivei	VERB
inti-vei	VERB
intiveiho	ADJ
intiveite	ADJ
inti-zahawm	VERB
intizau	VERB
intizauthauva	ADJ
inti-zawi	VERB
intizawp	VERB
intizei	VERB
intizing	VERB
intizîng	VERB
inti-zum	VERB
intlak	ADJ
intlâk	ADJ
intlakna	NOUN
intlaksiakna	NOUN
intlaktlum	VERB
intlan	VERB
intlanchak	ADJ
intlanchhawk	VERB
intlanchhuahna	NOUN
intlangphal	VERB
intlângphal	VERB
intlankhalh	VERB
intlanna	NOUN
intlanpui	VERB
intlansiak	VERB
intlansiak	ADJ
intlânsiak	ADJ
intlansiaka	ADJ
intlansiakah	ADJ
intlânsiakho	ADJ
intlansiakhote	ADJ
intlansiakna	NOUN
intlansiaknaa	NOUN
intlansiaknaah	ADJ
intlânsiakpuia	ADJ
intlansiakte	NOUN
intlantîr	VERB
intlar	NOUN
intlar	VERB
intlara	ADJ
intlarah	ADJ
intlarna	NOUN
intlarnaa	ADJ
intlarte	NOUN
intlawh	VERB
intlawhkhalk	VERB
intlawhkhalna	NOUN
intlawhna	NOUN
intlawhpawh	VERB
intlawhpawhna	NOUN
intlawhtlawn	VERB
intlawhtlâwn	VERB
intlawmna	NOUN
intlawn	VERB
intlemna	NOUN
intluk	VERB
intluk	ADJ
intluka	ADJ
intlukna	NOUN
intlukpui	ADJ
intluktlang	VERB
intluktlânga	ADJ
intluktlanna	NOUN
intluktlânna	NOUN
intodelh	VERB
intodelh	ADJ
intodelhlo	ADJ
intodelhna	NOUN
intodelhtir	VERB
intodelhtîr	VERB
intu	ADJ
intû	ADJ
intuai	VERB
intuaihnûm	VERB
intuaihriam	VERB
intuak	VERB
intualvuak	VERB
intualvuakna	NOUN
intuam	VERB
intuâm	VERB
intuamhlawm	VERB
intuamhlâwm	VERB
intuámhlawm	VERB
intuámhlâwm	VERB
intuamhlawmna	NOUN
intuamin	ADJ
intuamna	NOUN
intuamsa	ADJ
intuarsiak	VERB
intuartir	VERB
intûin	ADJ
intuithlar	VERB
intuithlâr	VERB
intuituah	ADJ
intuituaha	ADJ
intuituahna	NOUN
intuk	NOUN
intuk	VERB
intukchawp	VERB
intukluh	VERB
intukluhna	NOUN
intukna	NOUN
intulh	VERB
intulut	VERB
intulût	VERB
intulutin	ADJ
intum	VERB
inṭum	VERB
intumchawp	VERB
intumna	NOUN
intumpbit	NOUN
intumpbît	NOUN
intumphit	NOUN
intumsem	VERB
intun	VERB
intundin	VERB
intundinna	NOUN
intung	VERB
intungdin	VERB
intungding	VERB
intungnun	VERB
intungnung	VERB
intunnun	VERB
intunnunna	NOUN
intur	ADJ
intûr	ADJ
intute	ADJ
in-uai	VERB
in-ui	VERB
in-uire	VERB
in-u-len	NOUN
inuluk	VERB
inum	VERB
inumna	NOUN
inumnaah	ADJ
inumte	ADJ
inûmtîr	VERB
inunau	ADJ
in-unau	ADJ
inunauna	NOUN
inup	VERB
inur	VERB
invai	VERB
invaicham	VERB
invailungsem	VERB
invailungthlar	VERB
invailungthlâr	VERB
invaina	NOUN
invaivawrh	VERB
invaivung	VERB
invaivungmi	ADJ
invalh	VERB
invan	VERB
invanvawrh	VERB
invau	VERB
invauna	NOUN
invaupumna	NOUN
invawlut	VERB
invawn	VERB
invawng	VERB
invawngfai	VERB
invawrh	VERB
invawrhsân	VERB
inveh	VERB
invehthlem	VERB
invehthlêm	VERB
invel	VERB
invèl	VERB
invelh	VERB
invelhna	NOUN
inven	VERB
invèn	VERB
invên	VERB
inveng	VERB
invêng	VERB
invênga	NOUN
invêngin	VERB
invenhim	VERB
invenhimna	NOUN
invênhimna	NOUN
invenna	NOUN
invenna	VERB
invènna	VERB
invênna	NOUN
invennan	ADJ
invennate	ADJ
invênnate	ADJ
inventhawn	VERB
inventhawnna	NOUN
inventhil	ADJ
invet	VERB
invêt	VERB
invêt	ADJ
invial	VERB
invih	VERB
invil	VERB
invilik	VERB
invilikin	ADJ
invilikzia	ADJ
invir	VERB
invit	VERB
invoh	VERB
invuah	VERB
invuahah	ADJ
invuahchawp	VERB
invuahin	ADJ
invuahna	NOUN
invuahzawm	ADJ
invuak	VERB
invuakna	NOUN
invuan	VERB
invui	VERB
invuina	NOUN
invuinaa	ADJ
invulh	VERB
inzah	VERB
inzahderna	NOUN
inzahin	ADJ
inzahna	NOUN
inzahpui	ADJ
inzahsak	VERB
inzahsem	VERB
inzai	VERB
inzài	VERB
inzâi	VERB
inzaiin	ADJ
inzaina	NOUN
inzalh	VERB
inzam	ADJ
inzangkbak	VERB
inzangkbâk	VERB
inzangkhai	VERB
inzangkhâi	VERB
inzángkhai	VERB
inzángkhâi	VERB
inzângkhâi	VERB
inzap	VERB
inzâp	VERB
inzar	VERB
inzâr	VERB
inzârdarh	ADJ
inzarpharh	ADJ
inzârpharh	VERB
inzartu	NOUN
inzârzauna	NOUN
inzarzawmin	ADJ
inzat	VERB
inzat	ADJ
inzât	VERB
inzata	ADJ
inzawh	VERB
inzawhin	ADJ
inzawhna	NOUN
inzawhsiak	VERB
inzawhsiâk	VERB
inzawl	VERB
inzâwl	VERB
inzawlna	NOUN
inzawm	VERB
inzâwm	VERB
inzawma	ADJ
inzawmah	ADJ
inzawmin	ADJ
inzawmkhawm	VERB
inzawmkhâwm	VERB
inzawmkhawmin	ADJ
inzawmkhawmna	NOUN
inzawmkhawmte	ADJ
inzawmna	NOUN
inzâwmna	NOUN
inzawmnaah	ADJ
inzawmnate	NOUN
inzawmte	ADJ
inzawmtir	VERB
inzawmtîr	VERB
inzawn	VERB
inzàwn	VERB
inzâwn	VERB
inzawng	VERB
inzawngbansiak	VERB
inzawngbansiâk	VERB
inzâwnin	ADJ
inzawnna	NOUN
inzawrh	VERB
inzawrha	ADJ
inzawrhna	NOUN
inzawt	VERB
inzâwt	VERB
inzâwtin	ADJ
inzem	VERB
inzen	VERB
inzep	VERB
inzêp	VERB
inziah	VERB
inziahfel	VERB
inziahluh	ADJ
inziahluhna	NOUN
inziahna	NOUN
inziak	VERB
inziakin	ADJ
inziakluh	VERB
inziaklut	VERB
inziakna	NOUN
inziakte	ADJ
inzial	VERB
inziat	VERB
inzilh	VERB
inzilhhau	VERB
inzilhhauhna	NOUN
inzilhna	NOUN
inzilhtawn	VERB
inzing	ADJ
inzinga	ADJ
inziniar	NOUN
inziniar	VERB
inzir	VERB
inziritirna	NOUN
inzirmi	ADJ
inzirna	NOUN
inzirtir	VERB
inzirtîr	VERB
inzirtira	ADJ
inzirtirin	ADJ
inzirtîrin	ADJ
inzirtirna	NOUN
inzirtîrna	NOUN
inzo	NOUN
inzo	VERB
inzuam	VERB
inzuâm	VERB
inzuankahlen	NOUN
inzuankahlên	NOUN
inzuansiak	VERB
inzuansiakna	NOUN
inzuansiakna	VERB
inzuansiâkna	NOUN
inzuar	VERB
inzuarho	ADJ
inzuarhote	ADJ
inzuarin	ADJ
inzui	VERB
inzuiin	ADJ
inzuina	NOUN
inzul	VERB
inzûl	VERB
inzula	ADJ
inzulna	NOUN
inzulzuina	NOUN
inzun	VERB
inzur	VERB
inzutna	NOUN
ip	NOUN
ip	VERB
ipik	NOUN
ipik	VERB
ipte	NOUN
iptê	NOUN
ipte-pai-vun	NOUN
ipte-pâi-vun	NOUN
ipte-pui-vun	NOUN
ir	NOUN
ir-awm	NOUN
ir-âwm	NOUN
ir-er	ADJ
ir-er	ADV
ir-êr	ADJ
ir-êr	ADV
îr-er	ADJ
îr-er	ADV
îr-êr	ADJ
îr-êr	ADV
irh	VERB
irhfiak	NOUN
irhfiak	VERB
irhfiák	VERB
irhfiâk	VERB
irlet	NOUN
irlêt	NOUN
irliak	NOUN
irliâk	NOUN
irno	NOUN
irno	VERB
irpui	NOUN
irpui	ADJ
irsen	NOUN
iskut	NOUN
it	NOUN
it	VERB
ît	VERB
itawm	ADJ
îtawm	ADJ
îtawmin	ADJ
itmi	ADJ
itna	NOUN
îtna	NOUN
itsik	VERB
itsîk	VERB
ítsik	VERB
ítsîk	VERB
îtsik	VERB
îtsîk	VERB
itsika	ADJ
itsîka	ADJ
itsikawm	NOUN
itsikawm	ADJ
ítsikawm	ADJ
îtsikawm	ADJ
îtsîkawm	ADJ
itsikna	NOUN
itsîkna	NOUN
îtsikna	NOUN
îtsîkna	NOUN
itsiknain	ADJ
îtsîknain	ADJ
îtsîkzia	ADJ
itzawng	ADJ
iu	INTJ
jah	VERB
jap	VERB
japan	NOUN
jau	ADJ
jawngkain	NOUN
jehova-jire	NOUN
joba	NOUN
july	NOUN
k	NOUN
ka	NOUN
ka	VERB
ka	PRON
kâ	VERB
kaah	ADJ
káah	ADJ
kâah	ADJ
kaahte	ADJ
kaan	ADJ
kachhung	ADJ
kah	VERB
kahchham	NOUN
kahchhuah	VERB
kahchik	NOUN
kahchika	ADJ
kahen	NOUN
kahhitna	NOUN
kahhlum	VERB
kahhlumin	ADJ
kahhlumna	NOUN
ka-hlei	VERB
kahmar	NOUN
kahna	NOUN
kahnaa	ADJ
kahnaah	ADJ
kahpah	ADJ
kahpaha	ADJ
kahpahin	ADJ
kahpahin	ADV
kahparhna	NOUN
kah-parual-thlak	VERB
kah-parual-thlâk	VERB
kahpathir	NOUN
kahpathîr	NOUN
kahpathira	ADJ
kahpuk	NOUN
kahpup	NOUN
kahsak	VERB
kahsamar	NOUN
kahte	ADJ
kahteh	NOUN
kahtir	VERB
kahtlang	VERB
kahtur	ADJ
kai	NOUN
kai	VERB
kài	VERB
kâi	VERB
kaiah	ADJ
kâiah	ADJ
kaiahte	ADJ
kaichhan	VERB
kàichhan	VERB
kaichhawng	VERB
kaichhuaktu	NOUN
kàichhuaktu	NOUN
kaidum	ADJ
kaih	NOUN
kaih	VERB
kâih	VERB
kaiha	ADJ
kai-ha	NOUN
kài-ha	NOUN
kaihapui	NOUN
kàihapui	NOUN
kaiharh	VERB
kâiharh	VERB
kaihbu	NOUN
kaihbû	NOUN
kaihbu-dar	NOUN
kaihbu-dâr	NOUN
kaihbu-tung	NOUN
kaiher	VERB
kaihera	ADJ
kaihfan	ADJ
kaihher	VERB
kaihhera	ADJ
kaihhnawih	VERB
kaihhnawih	ADJ
kaihhnawiha	ADJ
kaihhnawihah	ADJ
kaihhnawihte	ADJ
kaihhruai	VERB
kaihhruaia	ADJ
kaihhruaiah	ADJ
kaihhruaihna	NOUN
kaihhruaiin	ADJ
kaihhruaina	NOUN
kaihhruainaa	ADJ
kaihhruainate	ADJ
kaihhruaite	NOUN
kaihhruaitu	NOUN
kaihhuaina	NOUN
kaihin	ADJ
kaihkak	NOUN
kaihkak	VERB
kaihkâk	VERB
kaihkawi	VERB
kaihkàwi	VERB
kaihkawp	VERB
kaihkep	VERB
kaihkêp	VERB
kaihkhuh	NOUN
kaihkhuh	VERB
kaihkuah	NOUN
kaihkuah	VERB
kaihkul	VERB
kaihkùl	VERB
kaihkûl	VERB
kaihkulh	NOUN
kaihlam	VERB
kaihlek	NOUN
kaihlek	VERB
kaihmârna	NOUN
kaihna	NOUN
kaihnawih	ADJ
kaihpan	VERB
kaihpen	VERB
kaihpen	ADJ
kaihpèn	VERB
kaihpên	VERB
kaihphai	NOUN
kaihphài	NOUN
kaihphâi	NOUN
kaihphihrit	NOUN
kaihphihrît	NOUN
kaihphirit	NOUN
kaihphirît	NOUN
kaihruai	VERB
kaihruaia	ADJ
kaihruaiin	ADJ
kaihruaina	NOUN
kaihruaitu	NOUN
kàihruaitu	NOUN
kâihruaitu	NOUN
kaihruaituah	ADJ
kaihruaitûah	ADJ
kaihsak	ADJ
kaihsawih	NOUN
kaihsawih	ADJ
kaihtawi	VERB
kaihtawi	ADJ
kaihtàwi	VERB
kaihtâwi	VERB
kaihtâwi	ADJ
kâihtâwi	ADJ
kaihtawia	ADJ
kaihtawiin	ADJ
kaihtawina	NOUN
kaihthawh	VERB
kaihthawh	ADJ
kaihthawhah	ADJ
kaihthawhin	ADJ
kaihthawhna	NOUN
kaihthawhpui	ADJ
kaihthawhtu	NOUN
kaihṭhen	VERB
kaihthleh	VERB
kaihthler	VERB
kaihthlêr	VERB
kaihtu	NOUN
kaihza	ADJ
kaihzakawn	NOUN
kaihzakâwn	NOUN
kaiin	ADJ
kâiin	ADJ
kaikak	VERB
kaikâk	VERB
kaikawi	VERB
kàikàwi	VERB
kaikawm	VERB
kaikawp	VERB
kàikawp	VERB
kaikawpin	ADJ
kaikhawm	VERB
kaikuang	NOUN
kàikuang	NOUN
kaikuangral	NOUN
kaikuangral	VERB
kaikuangrâl	NOUN
kàikuangral	NOUN
kàikuangrâl	NOUN
kaikuangte	NOUN
kaikuang-thu	NOUN
kaikuang-thû	NOUN
kaikul	NOUN
kaikul	VERB
kaikùl	VERB
kaikûl	VERB
kàikul	VERB
kàikùl	VERB
kàikûl	VERB
kaikun	VERB
kaikún	VERB
kaikûn	VERB
kailawn	NOUN
kailâwn	NOUN
kàilawn	NOUN
kàilâwn	NOUN
kailawna	ADJ
kailawnah	ADJ
kailâwnah	ADJ
kâilâwnah	ADJ
kailawnte	NOUN
kailek	ADJ
kailekin	ADJ
kailektute	NOUN
kailote	ADJ
kâin	ADJ
kaina	ADJ
kâina	ADJ
kainan	ADJ
kainana	ADJ
kainate	ADJ
kaiparhna	NOUN
kaipeng	VERB
kaipêng	VERB
kàipeng	VERB
kàipêng	VERB
kaipharh	VERB
kâipharh	VERB
kaipharhtu	NOUN
kâipharhtu	NOUN
kaiphuar	VERB
kàiphuar	VERB
kâiphuar	VERB
kaipui	VERB
kâipui	VERB
kaisan	VERB
kaisang	VERB
kaisâng	VERB
kaisanna	NOUN
kaisànna	NOUN
káisanna	NOUN
káisànna	NOUN
kàisànna	NOUN
kaisantir	VERB
kaisantîr	VERB
kaisântîr	VERB
kâisântîr	VERB
kaisantirna	NOUN
kaiseki	NOUN
kaiseki	VERB
kàiseki	NOUN
kaitawi	VERB
kaitâwi	VERB
kàitawi	VERB
kàitâwi	VERB
kâitâwi	VERB
kaite	ADJ
kaiten	NOUN
kaiten	ADJ
kaiţen	NOUN
kaiṭen	NOUN
kàiţen	NOUN
kaitenah	ADJ
kaithar	ADJ
kaiṭhen	VERB
kaitho	VERB
kaithotu	NOUN
kaithova	ADJ
kaithovin	ADJ
kaitir	VERB
kaitîr	VERB
kâitir	VERB
kâitîr	VERB
kaitirna	NOUN
kaitirtu	NOUN
kâitîrtu	NOUN
kai-tlei	VERB
kaitluang	NOUN
kaitluang	ADV
kaitu	NOUN
kâitu	NOUN
kaituho	NOUN
kaitur	VERB
kaitûr	VERB
kaituten	ADJ
kaiza	NOUN
kaiza	VERB
kaíza	NOUN
kaiziate	ADJ
kak	NOUN
kak	VERB
kak	ADV
kâk	NOUN
kâk	VERB
kaka	ADJ
kakah	ADJ
kakchhun	NOUN
kâkchhun	NOUN
kakham	VERB
ka-khu	NOUN
kakkhun	NOUN
kâkkhun	NOUN
kakna	NOUN
kakte	ADJ
kakzawn	NOUN
kakzáwn	NOUN
kâkzawn	NOUN
kâkzáwn	NOUN
kâkzâwn	NOUN
kal	NOUN
kal	VERB
kala	ADJ
kalah	ADJ
kalak	ADJ
kalbawh	NOUN
kalbopui	VERB
kalbotirna	NOUN
kalchhan	ADJ
kalchhet	NOUN
kalchho	VERB
kalchhoh	VERB
kalchhuah	VERB
kalchhuahna	NOUN
kalchhuak	VERB
kalchhuakte	ADJ
kaldaia	ADJ
kaldaiho	ADJ
kaldaihote	NOUN
kaldaihovin	ADJ
kaldaite	NOUN
kaldan	NOUN
kaldân	NOUN
kaldanah	ADJ
kaldir	VERB
kaldung	NOUN
kaldung	VERB
kalh	VERB
kalh	ADJ
kalh	ADV
kalha	ADJ
kalhin	ADJ
kalhkeh	NOUN
kalhkim	VERB
kalhlen	ADJ
kalhlên	ADJ
kalhmachhuina	NOUN
kalhmang	NOUN
kalhmang	ADJ
kalhmanga	ADJ
kalhmangin	ADJ
kalhna	NOUN
kalhnaahte	ADJ
kalhnate	NOUN
kalhote	NOUN
kalhoten	ADJ
kalhran	ADJ
kalhsakte	ADJ
kalhte	ADJ
kalhthlatu	NOUN
kalhtu	NOUN
kalhtua	ADJ
kalhtûa	ADJ
kalhtute	NOUN
kalhzawng	ADJ
kalhzawnga	ADJ
kalhzawngin	ADJ
kalin	ADJ
kalkahlen	VERB
kalkahlên	VERB
kalkan	VERB
kalkân	VERB
kalkat	NOUN
kalkawi	VERB
kalkawisan	VERB
kalkawng	NOUN
kalkâwng	NOUN
kalkawnga	ADJ
kalkawngah	ADJ
kalkawngahte	ADJ
kalkawngte	ADJ
kalkawp	ADJ
kalkhân	ADJ
kalkhang	NOUN
kalkhang	ADJ
kalkhangpui	ADJ
kalkhangte	ADJ
kalkhat	VERB
kalkhawm	VERB
kalkhâwm	VERB
kalkhâwmho	ADJ
kalkhawmna	NOUN
kalkhawmte	ADJ
kalkhawmten	ADJ
kalkhûmtu	NOUN
kalkual	VERB
kallaia	ADJ
kallaiah	ADJ
kallo	ADJ
kalna	NOUN
kalnaa	ADJ
kalnaah	ADJ
kalnate	ADJ
kalno	VERB
kalpa	ADJ
kalpah	ADJ
kalpate	ADJ
kalpawh	VERB
kalpawhna	NOUN
kalpel	VERB
kalpêl	VERB
kalpêlin	ADJ
kalpeng	VERB
kalpêng	VERB
kalphung	NOUN
kalphung	ADJ
kalphunga	ADJ
kalphungah	ADJ
kalphungin	ADJ
kalphungte	ADJ
kalpui	VERB
kalpuia	ADJ
kalpuiah	ADJ
kalpuiin	ADJ
kalpuina	NOUN
kalpuinaah	ADJ
kalpuite	ADJ
kalpuitu	NOUN
kalpuitute	ADJ
kalrem	VERB
kalrem	ADJ
kalsak	ADJ
kalsan	VERB
kalsan	ADJ
kalsana	ADJ
kalsanin	ADJ
kalsanna	NOUN
kalsante	ADJ
kalsantu	NOUN
kalsantute	ADJ
kalsawn	VERB
kalsiam	VERB
kalsiamah	ADJ
kalsual	VERB
kalsualah	ADJ
kalsualtîrtu	NOUN
kaltaah	ADJ
kaltate	ADJ
kaltawh	ADJ
kalte	NOUN
kalte	ADJ
kaltê	NOUN
kalten	ADJ
kalthelha	ADJ
kaltir	VERB
kal-tir	VERB
kaltîr	VERB
kal-tîr	VERB
kaltirtu	NOUN
kaltîrtu	NOUN
kaltlai	NOUN
kaltlâi	NOUN
kaltlang	VERB
kaltlanga	ADJ
kaltlangin	ADJ
kaltlangna	NOUN
kaltlangpui	VERB
kaltlangthei	ADJ
kaltlangtîr	VERB
kaltluan	ADJ
kaltluanglai	ADJ
kaltu	ADJ
kalzelna	NOUN
kalzin	ADJ
kam	NOUN
kam	VERB
kâm	NOUN
kâm	VERB
kama	ADJ
kamah	ADJ
kamahte	ADJ
kamalo	NOUN
kambawl	NOUN
kamchang	ADJ
kamchhe	ADJ
kamchhuak	NOUN
kamchhuak	ADJ
kamchhuakte	ADJ
kamding	ADJ
kamhlei	VERB
kàmin	ADJ
kâmin	ADJ
kamit	NOUN
kamit	VERB
kamite	ADJ
kamka	VERB
kamkâ	VERB
kamkalak	NOUN
kamkalak	VERB
kamkeu	VERB
kamkèu	VERB
kamkfeu	VERB
kamkhat	ADJ
kam-khat	VERB
kamkhatah	ADJ
kamki	NOUN
kamki	VERB
kamliam	ADJ
kamna	NOUN
kamrah	NOUN
kamram	NOUN
kamsahulh	NOUN
kamsahulh	VERB
kamsir	NOUN
kamsîr	NOUN
kamsîrah	ADJ
kamtam	VERB
kamtam	ADJ
kamtamna	NOUN
kamtamte	ADJ
kamtamzia	ADJ
kamte	ADJ
kamtep	VERB
kamtha	VERB
kamţha	VERB
kamţhat	VERB
kamţhuah	VERB
kamtlawm	VERB
kamtlawm	PRON
kamtlâwm	VERB
kamtu	NOUN
kamtuak	NOUN
kamtuak	VERB
kan	NOUN
kan	VERB
kan	PRON
kàn	NOUN
kàn	VERB
kân	VERB
kana	NOUN
kâna	NOUN
kanbai	VERB
kanbel	NOUN
kanbel	VERB
kanfim	VERB
kang	VERB
kang	ADJ
kang	ADV
káng	VERB
kàng	VERB
kâng	VERB
kanga	ADJ
kangah	ADJ
kângah	ADJ
kang-an-hrui	NOUN
kàng-an-hrui	NOUN
kangchat	ADJ
kang-dar-lukhum	NOUN
kâng-dâr-lukhum	NOUN
kangfim	NOUN
kangfim	VERB
kangfîm	VERB
kângfim	VERB
kângfîm	VERB
kanghlai	NOUN
kanghlai	ADJ
kânghlai	ADJ
kânghlâi	NOUN
kânghlâi	ADJ
kanghlaite	ADJ
kânghlâite	ADJ
kanghlum	VERB
kânghlum	VERB
kangho	ADJ
kanghreng	VERB
kang-hreng	VERB
kàng-hreng	VERB
kanghrilh	NOUN
kanghrilh	VERB
kanghrîlh	VERB
kànghrilh	VERB
kànghrîlh	VERB
kangin	ADJ
kangkai	ADJ
kângkai	ADJ
kang-kir	VERB
kang-kîr	VERB
kâng-kir	VERB
kâng-kîr	VERB
kanglang	VERB
kanglang	ADJ
kânglâng	VERB
kangmang	NOUN
kàngmang	NOUN
kangmang-an	NOUN
kangmei	NOUN
kangmei	ADJ
kàngmei	NOUN
kângmei	ADJ
kangmeiah	ADJ
kangmeiin	ADJ
kangpar	NOUN
kangpui	NOUN
kangral	VERB
kangrâl	VERB
kângral	VERB
kângraltu	NOUN
kangrem	NOUN
kangrêm	NOUN
kàngrem	NOUN
kàngrêm	NOUN
kangsen	NOUN
kangsen	VERB
kangte	ADJ
kangtek	NOUN
kangţek	NOUN
kangţêk	NOUN
kàngţek	NOUN
kàngţêk	NOUN
kangthai	ADJ
kangţhai	NOUN
kangţhái	NOUN
kàngţhai	NOUN
kàngţhái	NOUN
kângṭhai	ADJ
kângṭhâi	ADJ
kângțhai	ADJ
kângṭhaiin	ADJ
kângțhaiin	ADJ
kangthelh	ADJ
kang-thing	NOUN
kangtir	VERB
kangtîr	VERB
kangtlan	ADJ
kàngtlàn	ADJ
kangtu	ADJ
kângtu	NOUN
kângvâpin	ADJ
kangvar	NOUN
kangvâr	NOUN
kàngvar	NOUN
kàngvâr	NOUN
kangvara	ADJ
kanhmang	ADJ
kanin	ADJ
kânin	ADJ
kanjin	NOUN
kankaitir	VERB
kanmei	NOUN
kanmei	VERB
kanna	NOUN
kânna	NOUN
kânnaa	ADJ
kânnaah	ADJ
kannan	ADJ
kannghak	ADJ
kanpuah	NOUN
kanpuaha	ADJ
kânpui	VERB
kanpur	ADJ
kanral	ADJ
kânral	ADJ
kanralhmang	ADJ
kânsak	ADJ
kanţin	NOUN
kânţin	NOUN
kantluang	ADJ
kantu	ADJ
kap	NOUN
kap	VERB
kâp	VERB
kapa	ADJ
kâpa	ADJ
kapchhuak	VERB
kaphlum	VERB
kap-ka-lak	NOUN
kapkar	NOUN
kapkar	ADJ
kapkâr	NOUN
kapkâr	ADJ
kapkara	ADJ
kapkarah	ADJ
kapna	NOUN
kapnam	NOUN
kapte	ADJ
kaptu	ADJ
kâptuin	ADJ
kaptute	ADJ
kâptute	NOUN
kâptuten	ADJ
kap-zut	VERB
kap-zût	VERB
kar	NOUN
kar	VERB
kar	ADV
kâr	VERB
kara	VERB
kara	ADV
kâra	ADJ
karah	VERB
karah	ADJ
kárah	ADJ
kârah	ADJ
karahte	ADJ
kârahte	ADJ
karak	VERB
karcheh	VERB
karcheh	ADJ
kârcheh	VERB
kârcheh	ADJ
karchehtu	NOUN
karchhan	NOUN
karchhan	ADV
karei	ADJ
karfung	NOUN
karfung	ADJ
karfunga	ADJ
karherna	NOUN
karhluan	NOUN
karin	NOUN
karin	VERB
karin	ADV
karkalak	ADJ
karkhat	ADJ
karkhatah	ADJ
karki	NOUN
karki	VERB
kàrki	NOUN
karlak	NOUN
karlak	ADJ
karlakah	VERB
karlakah	ADV
karleh	ADJ
karlehah	ADJ
karlhuan	NOUN
karmelah	ADJ
karna	NOUN
karsau	VERB
kârsâu	VERB
kartawn	ADJ
kartawp	ADJ
kartawpa	ADJ
kartawpah	ADJ
karthar	ADJ
karthlak	VERB
karthlak	ADJ
kârthlâk	VERB
karthlaka	ADJ
karthlakna	NOUN
kartin	ADJ
kartir	VERB
kartluana	ADJ
kartu	NOUN
kartut	NOUN
kartute	ADJ
kat	VERB
kat	ADV
kata	ADJ
kâta	ADJ
kâtah	ADJ
katchat	NOUN
katchat	ADJ
kâtchât	NOUN
kâtchât	ADJ
kâte	ADJ
katlangin	ADJ
kau	NOUN
kau	ADV
kâu	NOUN
kauberh	NOUN
kauberh	ADJ
kaubupbup	NOUN
kaubupbup	ADJ
kauchheh	ADJ
kaukhat	VERB
kaukhat	ADJ
kàukhat	ADJ
kaurau	VERB
kaurau	ADJ
kâurâu	ADJ
kauva	ADJ
kauvin	ADJ
kaw	NOUN
kaw	VERB
kawalkh	VERB
kâwalkh	VERB
kawchhe	NOUN
kawchhi	NOUN
kawchhia	NOUN
kawchhia	ADV
kawchhung	NOUN
kawchhûng	NOUN
kawchhunga	ADJ
kawchhûnga	ADJ
kawchhungah	ADJ
kawchhûngah	ADJ
kawchhungahte	ADJ
kawchhûngahte	ADJ
kawchhûngte	ADJ
kâwchhûngte	ADJ
kawchungah	ADJ
kawda	VERB
kawdak	VERB
kawdâk	VERB
kawdang	NOUN
kawdang	VERB
kawdawm	NOUN
kawdawm	ADV
kawfi	NOUN
kawh	VERB
kawhawi	NOUN
kawh-hawl	VERB
kawhhmuh	VERB
kawhhmuhin	ADJ
kawhhmuhna	NOUN
kawhhmuhnate	ADJ
kawhhmuhtu	NOUN
kawhlang	NOUN
kawhlang	ADJ
kawhmawh	ADJ
kawhmawhbawl	ADJ
kawhmawhbawltu	NOUN
kawhmawhte	ADJ
kawhmuhah	ADJ
kawhna	NOUN
kawhreuh	ADJ
kawhtebel	NOUN
kawhtebêl	NOUN
kawhtîr	VERB
kawhtute	ADJ
kawi	NOUN
kawi	VERB
kawi	ADJ
kàwi	NOUN
kàwi	VERB
kâwi	VERB
kâwi	ADJ
kawia	ADJ
kawiah	ADJ
kawiam	NOUN
kawi-am	NOUN
kawiâm	NOUN
kawih	NOUN
kawih	VERB
kawiha	ADJ
kawihher	VERB
kawihkûl	VERB
kawihna	NOUN
kawihrui	NOUN
kâwihrui	NOUN
kawihsak	ADJ
kawihsapir	NOUN
kawihsapir	X
kawihthuang	NOUN
kawihţhuang	NOUN
kawihṭhuang	NOUN
kawikhuang	NOUN
kawina	NOUN
kawisak	VERB
kawisak	ADJ
kâwisak	VERB
kâwisak	ADJ
kawisan	VERB
kawite	ADJ
kâwite	ADJ
kawitea	ADJ
kawithler	VERB
kawitir	VERB
kawk	VERB
kâwk	VERB
kawkak	VERB
kawkâk	VERB
kawkalh	VERB
kawkalh	ADJ
kawkalh	ADV
kawkel	NOUN
kawkel	X
kaw-khawh	VERB
kawkhel	NOUN
kawki	ADJ
kawkî	ADJ
kàwki	ADJ
kàwkî	ADJ
kâwki	ADJ
kâwkî	ADJ
kâwkin	ADJ
kawklk	VERB
kawkna	NOUN
kawkpui	NOUN
kawkpuikizkial	NOUN
kawkpuizikzial	NOUN
kawkte	NOUN
kawkté	NOUN
kawktê	NOUN
kawktu	NOUN
kâwktu	NOUN
kawkva	NOUN
kawkva	VERB
kawkvâ	VERB
kawkvahai	NOUN
kawkvaḥai	NOUN
kawkvawm	NOUN
kawk-vawm	NOUN
kawl	NOUN
kawl	VERB
káwl	VERB
kâwl	NOUN
kâwl	VERB
kawla	ADJ
kâwla	ADJ
kawlachhip	NOUN
kawlah	ADJ
kâwlah	ADJ
kawlawk	ADJ
kawl-awk	VERB
kawl-âwk	VERB
kawlawm	NOUN
kawlawm	ADJ
kawlawmin	ADJ
kawlbahra	NOUN
kâwlbahra	NOUN
kawlbawn	NOUN
kawlbawn	ADJ
kawlbial	NOUN
kawlbuh	NOUN
kawlbuh	VERB
kawlbûh	NOUN
kawlbun	VERB
kawlbun	ADJ
kawlbunnaahte	ADJ
kawlbunnate	ADJ
kawlbunte	ADJ
kawlchaw	NOUN
kawlchawr	NOUN
kâwlchawr	ADJ
kawlchhear	NOUN
kâwlchhear	NOUN
kawlchhuak	ADJ
kâwlchhuak	ADJ
kawldai	ADJ
kâwldai	ADJ
kawldaipal	NOUN
kawldâipal	NOUN
kâwldâipal	NOUN
kawlde	NOUN
kawlde	VERB
kâwlde	NOUN
kawldet	VERB
kawl-ek-phung	NOUN
kawl-ek-phûng	NOUN
kawl-êk-phung	NOUN
kawl-êk-phûng	NOUN
kàwl-ek-phung	NOUN
kàwl-ek-phûng	NOUN
kàwl-êk-phung	NOUN
kàwl-êk-phûng	NOUN
kâwl-ek-phung	NOUN
kâwl-ek-phûng	NOUN
kâwl-êk-phung	NOUN
kâwl-êk-phûng	NOUN
kawlfung	NOUN
kâwlfung	NOUN
kawlh	VERB
kawlh	ADJ
kawlha	NOUN
kawlha	ADJ
kawlhahte	ADJ
kawlhawk	NOUN
kâwlhawk	NOUN
kâwlhâwkte	ADJ
kawlhi	NOUN
kawlhin	ADJ
kawlhna	NOUN
kawlhnam	NOUN
kawlhrawn	VERB
kâwlhrâwn	VERB
kawlhrawng	VERB
kawlhrawng	ADJ
kâwlhrâwng	VERB
kawlhrawnna	NOUN
kawlhren	NOUN
kawlhrèn	NOUN
kawlhrên	NOUN
kâwlhren	NOUN
kâwlhrên	NOUN
kawlhsen	VERB
kawlhsen	ADJ
kawlhsente	ADJ
kawlhte	ADJ
kawlin	ADJ
kawlkalh	VERB
kâwlkalh	VERB
kawlkar	NOUN
kawlkar	VERB
kâwlkar	NOUN
kawlkerang	NOUN
kawlkêrang	NOUN
kâwlkerâng	NOUN
kâwlkêrâng	NOUN
kawlkhau	NOUN
kawlkhâu	NOUN
kâwlkhâu	NOUN
kawlkhen	NOUN
kâwlkhen	NOUN
kawlkhuang	NOUN
kâwlkhuang	NOUN
kawlkil	NOUN
kawlkil	ADJ
kâwlkil	NOUN
kâwlkil	ADJ
kawlkila	ADJ
kâwlkila	ADJ
kawlkilah	ADJ
kâwlkilte	ADJ
kawllungvar	NOUN
kâwllungvâr	NOUN
kawlmi	NOUN
kawlper	NOUN
kâwlper	NOUN
kawlpetha	NOUN
kawlpethaa	ADJ
kawlphe	VERB
kawlphê	VERB
kâwlphe	VERB
kâwlphê	VERB
kawlphein	ADJ
kawlphet	VERB
kawlphêt	VERB
kâwlphet	VERB
kâwlphêt	VERB
kawlphete	ADJ
kawlphête	ADJ
kâwlphête	ADJ
kawlphetha	NOUN
kawlphethaa	ADJ
kawlphe-thiltihtheihna	NOUN
kâwlphe-thiltihtheihna	NOUN
kawlram	NOUN
kâwlram	NOUN
kawlrit	NOUN
kawlsa	NOUN
kâwlsa	NOUN
kawlsak	VERB
kawlsakin	ADJ
kawlsunhlu	NOUN
kawlte	ADJ
kâwlte	ADJ
kawlthei	NOUN
kawlthei	ADJ
kâwlthei	NOUN
kawltir	VERB
kawltîr	VERB
kawltira	ADJ
kawltîra	ADJ
kawltirin	ADJ
kawltu	NOUN
kawltua	ADJ
kawltuah	ADJ
kawltuk	NOUN
kawltung	NOUN
kawltute	ADJ
kawl-ui	NOUN
kawlvai	NOUN
kawlvalenchham	ADJ
kawlvawr	NOUN
kâwlvâwr	NOUN
kawlzal	NOUN
kâwlzâl	NOUN
kawm	NOUN
kawm	VERB
kàwm	VERB
kâwm	NOUN
kâwm	VERB
kawma	NOUN
kawma	ADJ
kawmah	ADJ
kawmahte	ADJ
kawmawl	NOUN
kawmchar	NOUN
kawmchar	ADJ
kawmchâr	NOUN
kawmchâr	ADJ
kâwmchâr	ADJ
kawmchârah	ADJ
kawmchhak	NOUN
kawmchhak	ADJ
kawmdan	ADJ
kawmdawl	NOUN
kàwmdawl	NOUN
kawmhnuai	NOUN
kawmhrui	NOUN
kâwmhrui	NOUN
kawmin	ADJ
kâwmin	ADJ
kawmkar	NOUN
kâwmkâr	NOUN
kâwmkâr	ADJ
kawmkarahte	ADJ
kawmkaw	NOUN
kawmkawraw	NOUN
kawm-lum	NOUN
kâwm-lum	NOUN
kawmna	NOUN
kâwmna	NOUN
kawmnaa	ADJ
kawmnaah	ADJ
kawmnate	ADJ
kawmngeih	ADJ
kawmpani	NOUN
kawmpawndar	NOUN
kawmpui	VERB
kawmpuitu	NOUN
kawmserh	ADJ
kawmte	ADJ
kawmthintu	NOUN
kawmthlang	NOUN
kawmthlang	ADJ
kawmtu	NOUN
kàwmtu	NOUN
kawn	NOUN
kawn	VERB
kawn	ADJ
kàwn	VERB
kâwn	NOUN
kâwn	VERB
kâwn	ADJ
kawna	ADJ
kaw-na	NOUN
kawnah	ADJ
kawng	NOUN
kawng	VERB
kàwng	VERB
kâwng	NOUN
kâwng	VERB
kawnga	ADJ
kâwnga	ADJ
kawngah	ADJ
kâwngah	ADJ
kawngahte	ADJ
kawng-awh	VERB
kawngba	NOUN
kawngbâ	NOUN
kawngbawr	NOUN
kawngbâwr	NOUN
kàwngbawr	NOUN
kàwngbâwr	NOUN
kâwngbâwr	NOUN
kawngbo	VERB
kawngbo	ADJ
kawngchhawng	ADJ
kawngchhia	ADJ
kawngchho	ADJ
kawngchilh	NOUN
kawngdang	ADJ
kawngdik	ADJ
kawnghmang	ADJ
kâwnghmang	ADJ
kawnghote	ADJ
kawnghram	NOUN
kawnghràm	NOUN
kâwnghram	NOUN
kâwnghràm	NOUN
kâwnghrâm	NOUN
kâwnghrân	ADJ
kawnghren	NOUN
kawnghren	ADJ
kawnghrèn	NOUN
kawnghrên	NOUN
kawnghrên	ADJ
kâwnghren	NOUN
kâwnghren	ADJ
kâwnghrèn	NOUN
kâwnghrèn	ADJ
kâwnghrên	NOUN
kâwnghrên	ADJ
kawnghrena	ADJ
kawnghrêna	ADJ
kawnghrenah	ADJ
kawnghrênah	ADJ
kâwnghrênah	ADJ
kawnghrenin	ADJ
kawnghrênin	ADJ
kâwnghrênin	ADJ
kawnghrenna	NOUN
kawnghrente	ADJ
kâwnghrênte	ADJ
kawngin	ADJ
kâwngin	ADJ
kawngka	NOUN
kawngka	ADJ
kawngkâ	ADJ
kawngkaa	ADJ
kawngkâa	ADJ
kawngkaah	ADJ
kawngkâah	ADJ
kawngkaahte	ADJ
kawngkâahte	ADJ
kawngkal	NOUN
kawngkal	VERB
kawngkama	ADJ
kawngkapui	NOUN
kawngkapuiah	ADJ
kawngkar	NOUN
kawngkarte	ADJ
kawngkate	ADJ
kawngkâte	ADJ
kawngkatea	ADJ
kawngkaw	VERB
kawngkawrawi	NOUN
kawngkhar	NOUN
kawngkhàr	NOUN
kawngkhâr	NOUN
kawngkhara	ADJ
kawngkhâra	ADJ
kawngkharah	ADJ
kawngkhârah	ADJ
kawngkhârahte	ADJ
kawngkhârin	ADJ
kawngkhârna	NOUN
kawngkharpui	ADJ
kawngkhârpui	ADJ
kawngkharte	ADJ
kawngkhârte	ADJ
kawngkhat	ADJ
kawngkîah	ADJ
kawngkua	VERB
kawnglai	ADJ
kawnglaiah	ADJ
kawnglaka	ADJ
kawnglakah	ADJ
kawnglakahte	ADJ
kawnglawng	NOUN
kâwnglâwng	NOUN
kawngna	NOUN
kawngpui	NOUN
kawngpuia	ADJ
kawngpuiah	ADJ
kawngpuiahte	ADJ
kawngpuiin	ADJ
kawngpuite	ADJ
kawngruh	NOUN
kâwngruh	NOUN
kawngsial	ADJ
kawngsiam	ADJ
kawngsira	ADJ
kawngsîra	ADJ
kawngte	ADJ
kâwngte	ADJ
kawngthar	ADJ
kawngthlang	ADJ
kawngthlanga	ADJ
kawngthlangah	ADJ
kawngtihmamna	NOUN
kawngtluanin	NOUN
kawngtum	ADJ
kawngţum	NOUN
kawngṭum	ADJ
kawngvawn	NOUN
kâwngvawn	NOUN
kawngzawh	VERB
kawngzawhah	ADJ
kawngzawhnaah	ADJ
kawngzawhtute	NOUN
kawngzawng	VERB
kawnkaw	VERB
kawnkâw	VERB
kawnkâwsak	VERB
kawnmawi	ADJ
kawnna	NOUN
kawnpui	ADJ
kawnpuia	ADJ
kawnpuiah	ADJ
kawnro	ADJ
kawnsak	ADJ
kâwnsak	ADJ
kawnsum	ADJ
kawnzar	ADJ
kawp	NOUN
kawp	VERB
kawpa	ADJ
kawpchawi	ADJ
kawpchàwi	ADJ
kawpi	VERB
kawpin	ADJ
kawpkham	ADJ
kawpkim	VERB
kawpkim	ADJ
kawppui	NOUN
kawppuiin	ADJ
kawppuipa	ADJ
kawppuite	ADJ
kawppuitu	NOUN
kawprem	ADJ
kawpte	ADJ
kawptein	ADJ
kawpthek	NOUN
kawptir	ADJ
kawptu	ADJ
kawpuar	NOUN
kawpui	NOUN
kawpzâte	NOUN
kawr	NOUN
káwr	NOUN
kâwr	NOUN
kawra	ADJ
kawrah	ADJ
kawrahte	ADJ
kawrawn	NOUN
kawrawn	VERB
kawrawng	NOUN
kawrawng	VERB
kawrawngah	ADJ
kawrawngin	ADJ
kawrbâna	ADJ
kawrbânbûl	ADJ
kawrbekang	NOUN
kawrbel	NOUN
kawrbêl	NOUN
kawrchei	NOUN
kawrchhe	NOUN
kawrchhiaa	ADJ
kawrchhilhna	NOUN
kawrchhung	ADJ
kawrchilhna	NOUN
kawrchung	NOUN
kawrchung	ADJ
kawrchunga	ADJ
kawrchungte	ADJ
kawrdep	ADJ
kawrfual	NOUN
kawrfual	ADJ
kawrfuala	ADJ
kawrfualah	ADJ
kawrfualin	ADJ
kawrfualte	ADJ
kawrhawp	NOUN
kawrhâwp	NOUN
kawrhlip	VERB
kawrhnar	NOUN
kawrhnâr	NOUN
kawrhnuai	NOUN
kawrhnuaite	ADJ
kawrkilh	NOUN
kawrlum	NOUN
kawrmawi	NOUN
kawrmi	NOUN
kawrnghawng	NOUN
kawrnghawnga	ADJ
kawrnu	NOUN
kawrpelh	NOUN
kawrphel	NOUN
kawrphiar	NOUN
kawrpuichhuah	ADJ
kawrpum	NOUN
kawrsinhlu	NOUN
kawrtai	NOUN
kawrtawng	NOUN
kawrţawng	NOUN
kawrṭawng	NOUN
kawrtawnghak	NOUN
kawrtawnghak	VERB
kawrtawnghâk	VERB
kawrte	NOUN
kawrte	ADJ
kawrté	NOUN
kawrtê	NOUN
kawrthar	ADJ
kawrthindeng	NOUN
kawrthindeng	VERB
kawrthindêng	NOUN
kawrthindengte	NOUN
kawrthindengté	NOUN
kawrthindêngtê	NOUN
kawrthuah	ADJ
kawrvawmva	NOUN
kawrvawmva	ADJ
kawt	NOUN
kawt	VERB
kawta	ADJ
kawtah	ADJ
kawt-an	VERB
kawt-ân	VERB
kawtchhuah	NOUN
kawtchhuah	ADJ
kawtchhuahah	ADJ
kawtha	ADJ
kawthalo	VERB
kawthalo	ADJ
kawţhalo	NOUN
kawṭhalo	VERB
kawṭhalo	ADJ
kawthmai	NOUN
kawthmai	VERB
kawthmun	ADJ
kawthuah	VERB
kawthuahna	NOUN
kawtkai	NOUN
kawtkai	ADJ
kawtkâi	NOUN
kawtkâi	ADJ
kawtkaiah	ADJ
kawtlai	ADJ
kawt-lai	NOUN
kawt-lâi	NOUN
kawtlaia	ADJ
kawtlaiah	ADJ
kawtlaiahte	ADJ
kawtlaite	NOUN
kawtlaitea	ADJ
kawtlam	NOUN
kawtthkr	NOUN
kawtthler	NOUN
kawtthlér	NOUN
kawtthlêr	NOUN
kawtthlera	ADJ
kawtthlêra	ADJ
kawtthlerah	ADJ
kawtthlêrah	ADJ
kawtthlerahte	ADJ
kawtthlêrahte	ADJ
kawtthlerte	NOUN
kawtthlêrte	ADJ
kawtzawl	NOUN
kawtzâwl	NOUN
kawtzâwlin	ADJ
kawzau	ADJ
ke	NOUN
kê	NOUN
keah	ADJ
kêah	ADJ
keahte	ADJ
kêahte	ADJ
keartui	NOUN
keartuiah	ADJ
kebai	VERB
kebâi	VERB
kebaia	ADJ
kebaiin	ADJ
kebaite	ADJ
kebâite	ADJ
kebaiten	ADJ
kebawr	NOUN
kebawr	VERB
kebâwr	NOUN
kebun	NOUN
kedarah	ADJ
keh	VERB
keh	PRON
kehchhe	ADJ
kehchhia	VERB
kehchhiain	ADJ
kehchhiat	VERB
kehchhiatna	NOUN
kehdarh	VERB
kehdarha	ADJ
keh-me	NOUN
keh-mê	NOUN
kehna	NOUN
kehnawite	ADJ
kehnuai	ADJ
kehsawm	VERB
kehsawmin	ADJ
kehte	NOUN
kehthem	NOUN
kei	NOUN
kei	PRON
keichhim	NOUN
keifang	NOUN
keifâng	NOUN
keih	VERB
keima	PRON
keimah	PRON
keimaha	PRON
keimahah	PRON
keimahin	PRON
kei-mahin	VERB
keimahni	PRON
keimahnia	PRON
keimahnîa	PRON
keimahniah	PRON
keimahnîah	PRON
keimahniin	PRON
keimahnin	PRON
keiman	PRON
keimi	NOUN
kein	ADJ
kêin	ADJ
keini	NOUN
keini	PRON
keiniho	PRON
keiniin	PRON
keinin	PRON
keinite	PRON
keipawh	PRON
keipawhin	PRON
keipawn	PRON
keipui	NOUN
keisawng	NOUN
keisâwng	NOUN
keisawnga-ra	NOUN
keisâwnga-ra	NOUN
keisen	NOUN
keite	NOUN
keite	VERB
keitê	NOUN
keitein	ADJ
keitêin	ADJ
keitete	NOUN
keitête	NOUN
keitur	NOUN
keitûr	NOUN
keivawm	NOUN
kek	VERB
kêk	VERB
kekawr	NOUN
kekawrhnuai	ADJ
kekawrte	NOUN
kekawrtê	NOUN
kekawrteah	ADJ
kekawrtlawn	NOUN
kekhawk	NOUN
kekhik	VERB
kekhîk	VERB
kel	NOUN
kêl	NOUN
kelasairawpip	NOUN
kêlasairawpip	NOUN
kelbe	NOUN
kêlbê	NOUN
kelbuh	NOUN
kêlbuh	NOUN
kelchal	NOUN
kêlchal	NOUN
kelchalte	NOUN
kel-e-awl	VERB
kel-e-awl	X
kel-e-âwl	VERB
kel-e-âwl	X
ke-lei-ei	NOUN
kelh	VERB
kelh	ADV
kêlh	VERB
kelhhmawng	NOUN
kelhhmâwng	NOUN
kêlhhmawng	NOUN
kêlhhmâwng	NOUN
kelhin	ADJ
kelhlut	NOUN
kelhlût	NOUN
kel-ir	NOUN
kêl-ir	NOUN
kelkanga	ADJ
kel-khal	NOUN
kel-khâl	NOUN
kêl-khal	NOUN
kêl-khâl	NOUN
kelki	NOUN
kêlki	NOUN
kel-la	NOUN
kêl-la	NOUN
kelno	NOUN
kêlno	NOUN
kelnu	NOUN
kêlnu	NOUN
kelpa	NOUN
kêlpa	NOUN
kelpate	NOUN
kêlpate	NOUN
kelpui	NOUN
kêlpui	NOUN
kelpuite	NOUN
kêlpuite	NOUN
kêlpute	NOUN
kelral	NOUN
kelrâl	NOUN
kêlral	NOUN
kêlrâl	NOUN
kelsam	NOUN
kêlsam	NOUN
kelţan	VERB
kêlţan	VERB
kelte	NOUN
keltê	NOUN
kêlte	NOUN
kêltê	NOUN
kelte-bengbeh	NOUN
kêlte-bengbeh	NOUN
keltelaimawm	NOUN
keltelaimâwm	NOUN
kêltelaimawm	NOUN
kêltelaimâwm	NOUN
kêltête	NOUN
kem	NOUN
kem	VERB
kem	ADV
kemit	NOUN
kemreh	NOUN
ken	VERB
keng	NOUN
keng	VERB
kêng	VERB
kenga	ADJ
kengho	ADJ
kêngin	ADJ
kengkawh	VERB
kengkawhin	ADJ
kengkawhtu	NOUN
kengkawhtuah	NOUN
kengkawhtute	NOUN
kengte	ADJ
kengtel	VERB
kengten	ADJ
kengthla	VERB
kengtu	NOUN
kengtuah	ADJ
kengtûah	ADJ
kengtuin	ADJ
kengtûin	ADJ
kengtute	NOUN
keniho	PRON
kenin	PRON
kenkawh	VERB
kenkawhna	NOUN
kensak	VERB
kensakte	ADJ
kente	ADJ
kentel	VERB
kentir	VERB
kentîr	VERB
kentîrin	ADJ
kep	NOUN
kep	VERB
kêp	NOUN
kêp	VERB
kephah	NOUN
kephaha	ADJ
kêphaha	ADJ
kephahah	ADJ
kephahin	ADJ
kephahte	NOUN
keppui	NOUN
keppum	NOUN
kepte	NOUN
kepte	VERB
keptê	NOUN
keptu	NOUN
keptuam	NOUN
keptum	NOUN
keptum	VERB
ker	VERB
ker	ADJ
kera	ADJ
ke-rahchhan	NOUN
kerchawp	ADJ
kerchawpte	ADJ
kerek	NOUN
kerek	VERB
kerêk	NOUN
kerêk	ADJ
kerekah	ADJ
kerfung	NOUN
kerhawng	VERB
kerin	ADJ
kerkuak	ADJ
kerkuakah	ADJ
kerkuakte	ADJ
kermâwi	VERB
kerna	NOUN
kertu	NOUN
kesil	VERB
ketaminu	NOUN
ketang	NOUN
kete	NOUN
kête	NOUN
kethiah	NOUN
keţhiah	NOUN
ketin	NOUN
ket-lawk	NOUN
ketli	NOUN
ketliakte	NOUN
keu	VERB
kêu	VERB
keuh	VERB
ke-um	NOUN
keutir	VERB
keutirna	NOUN
keutu	NOUN
kezem	NOUN
kezungpui	NOUN
kezungpuite	NOUN
kezungtang	NOUN
kezungṭang	NOUN
kezungțang	NOUN
kha	NOUN
kha	VERB
kha	ADJ
kha	INTJ
khà	VERB
khâ	NOUN
khabawr	NOUN
khabawr	VERB
khabe	NOUN
khabe	VERB
khabea	ADJ
khabeah	ADJ
khabêah	ADJ
khabêahte	ADJ
khabedawh	ADJ
khabena	NOUN
khado	NOUN
khah	VERB
khahna	NOUN
khahsak	VERB
khahsaka	ADJ
khahtir	VERB
khahtîr	VERB
khahzia	ADJ
khai	VERB
khai	INTJ
khài	VERB
khâi	VERB
khaia	ADJ
khaiah	ADJ
khaichhin	NOUN
khaichhuah	VERB
khaichhuahna	NOUN
khaichhuak	VERB
khaidiat	NOUN
khaidiata	ADJ
khaidiatah	ADJ
khaidiatin	ADJ
khaidiatte	NOUN
khaidin	VERB
khaiding	VERB
khaidingtu	NOUN
khaih	INTJ
khaihlak	ADJ
khaihlak	ADV
khaihlakna	NOUN
khaihlakte	ADJ
khaihlum	VERB
khâihlum	VERB
khaihlumna	NOUN
khaihlumnaah	ADJ
khaiho	ADJ
khaiin	ADJ
khaikan	VERB
khaikân	VERB
khaikâna	NOUN
khaikang	NOUN
khaikang	VERB
khaikáng	VERB
khaikanin	ADJ
khaikânin	ADJ
khaikhawm	VERB
khaikhâwm	VERB
khaikhawmna	NOUN
khaikhâwmna	NOUN
khaikhin	VERB
khâikhin	VERB
khaikhinah	ADJ
khaikhinin	ADJ
khaikhinna	NOUN
khaikhup	VERB
khaikhupin	ADJ
khaikhupna	NOUN
khaina	NOUN
khaipa	NOUN
khaipâ	NOUN
khaipate	NOUN
khairual	ADJ
khaisak	VERB
khaitu	NOUN
khak	NOUN
khak	VERB
khák	NOUN
khák	VERB
khâk	VERB
khakha	CCONJ
khakin	ADJ
khakna	NOUN
khâkna	NOUN
khal	NOUN
khal	VERB
khal	ADJ
khâl	NOUN
khâl	VERB
khâl	ADJ
khala	ADJ
khalai	ADJ
khalamah	ADJ
khalchhia	ADJ
khalh	VERB
khalha	ADJ
khalhah	ADJ
khalhin	ADJ
khalhna	NOUN
khalhsak	ADJ
khalhte	ADJ
khalhtîr	VERB
khalhtu	NOUN
khalhtuin	ADJ
khalhtun	NOUN
khalhtute	NOUN
khalhtuten	NOUN
khalpui	NOUN
khâlpui	NOUN
khâlsiam	VERB
khaltu	NOUN
khaltute	NOUN
kham	NOUN
kham	VERB
kham	ADJ
khâm	NOUN
khama	ADJ
khâma	ADJ
khamah	ADJ
kham-aidu	NOUN
khâm-aidu	NOUN
khamawm	ADJ
khami	ADJ
khâmi	ADJ
khamin	ADJ
khamite	NOUN
khamkhawp	ADJ
khamlo	ADJ
khamna	NOUN
khampa	NOUN
khampa	VERB
khâmpang	NOUN
khamphei	NOUN
khamphei	ADV
khampheiin	ADJ
khamrang	NOUN
khamrang	PRON
khâmrâng	NOUN
khamsak	VERB
khamtân	NOUN
khâmte	NOUN
khamţen	NOUN
khamţên	NOUN
khàmţen	NOUN
khàmţên	NOUN
khamthlak	ADJ
khamtluan	NOUN
khamzat	ADJ
khan	NOUN
khan	VERB
khan	ADJ
khan	ADV
khán	ADJ
khàn	VERB
khân	NOUN
khân	VERB
khân	ADJ
khân	ADV
khana	NOUN
khanah	NOUN
khanchhuk	NOUN
khanchhukin	NOUN
khanchhukte	NOUN
khanchukte	ADJ
khandai	ADJ
khandaia	NOUN
khandaiah	NOUN
khandaih	NOUN
khandaih	ADJ
khândaih	ADJ
khandaiha	ADJ
khandaihah	NOUN
khandaihin	ADJ
khandaihte	ADJ
khang	NOUN
khang	VERB
khang	PRON
khâng	NOUN
khangah	ADJ
khângah	NOUN
khangahte	NOUN
khangding	NOUN
khangding	ADJ
khang-eng	ADJ
khangho	PRON
khângho	PRON
khanghu	VERB
khanghu	ADV
khanglang	INTJ
khanglang	X
khanglâng	X
khangngo	NOUN
khangpawl	NOUN
khangpáwl	ADJ
khangsen	ADJ
khangte	NOUN
khângte	ADJ
khangtu	ADV
khanin	NOUN
khanin	ADV
khânin	NOUN
khankawn	NOUN
khankawn	VERB
khankàwn	NOUN
khankâwn	NOUN
khanna	ADJ
khanpui	ADJ
khânsâng	ADJ
khanu	NOUN
khânvâr	NOUN
khap	VERB
khâp	VERB
khapa	ADJ
khâpa	VERB
khapbehin	NOUN
khapbet	NOUN
khapdiau	ADJ
khâpdiau	ADJ
khapkhat	NOUN
khâpkhat	NOUN
khapna	ADJ
khapnaah	ADJ
khapsak	NOUN
khapteho	NOUN
khaptu	NOUN
khar	NOUN
khar	VERB
khár	VERB
khàr	VERB
khâr	VERB
khara	ADJ
khâra	VERB
kharah	NOUN
kharchhawng	NOUN
kharduap	NOUN
khárduap	ADJ
khârduap	NOUN
kharin	NOUN
kharkhep	NOUN
kharkhèp	NOUN
khàrkhep	NOUN
khàrkhèp	NOUN
kharkherem	VERB
kharkherem	ADV
khàrkherem	VERB
kharkhip	VERB
kharkhip	ADJ
khàrkhip	VERB
khârkhip	ADJ
kharkhipa	NOUN
kharkhipin	VERB
kharkhipna	NOUN
kharkhum	NOUN
kharna	ADJ
khârna	ADJ
kharnaah	VERB
khârpin	VERB
kharsak	ADJ
khârsak	ADJ
kharte	VERB
khârte	NOUN
khârtîr	ADJ
kharuan	NOUN
kharuan	ADJ
khat	VERB
khat	ADJ
khat	ADV
khát	ADJ
khàt	ADJ
khât	NOUN
khât	ADJ
khata	ADJ
kha-ta	ADJ
khatah	PRON
khate	ADV
khâte	ADV
khati	CCONJ
khatia	PRON
khatia	CCONJ
khatiang	CCONJ
khatianga	CCONJ
khatiangin	CCONJ
khatih	ADV
khatihlaia	CCONJ
khatin	NOUN
khatin	ADJ
khatmah	NOUN
khatna	NOUN
khatna	ADJ
khâtna	ADJ
khatnaa	ADJ
khatnaah	ADJ
khatte	ADJ
khatten	ADJ
khattlatin	NOUN
khattu	NOUN
khatual	NOUN
khatuâl	NOUN
khau	NOUN
khâu	NOUN
khaubawm	NOUN
khaubâwm	NOUN
khaubiwangbawm	NOUN
khaubiwangbâwm	ADJ
khauchher	ADJ
khauh	NOUN
khauhbriangbawm	NOUN
khauhbriangbâwm	NOUN
khauhna	NOUN
khaukhim	NOUN
khâukhim	ADJ
khaukhuap	NOUN
khaukhuapin	ADJ
khaukhuapte	NOUN
khaukhuapten	NOUN
khaukhurh	NOUN
khaukhurh	X
khàukhurh	NOUN
khâukhurh	NOUN
kha-um	NOUN
kha-ûm	NOUN
khauphar	NOUN
khauphar	X
khauphâr	X
khaupui	NOUN
khaupui	VERB
khâupui	VERB
khau-pum-deng	NOUN
khau-pum-dêng	NOUN
khau-púm-deng	NOUN
khau-púm-dêng	NOUN
khau-pûm-deng	NOUN
khau-pûm-dêng	NOUN
khâu-pum-deng	NOUN
khâu-pum-dêng	NOUN
khâu-púm-deng	NOUN
khâu-púm-dêng	NOUN
khâu-pûm-deng	NOUN
khâu-pûm-dêng	NOUN
khausep	NOUN
khàusep	NOUN
khâusep	NOUN
khauser	NOUN
khâuser	NOUN
khausiksil	NOUN
khàusiksil	NOUN
khâusiksil	NOUN
khaute	NOUN
khâute	NOUN
khautul	NOUN
khautûl	NOUN
khâutul	NOUN
khâutûl	NOUN
khau-ut	ADJ
khau-ût	NOUN
khauvin	ADJ
khaval	VERB
khaval	ADJ
khaw	NOUN
khaw	ADJ
khàw	NOUN
khâw	VERB
khaw-awm	ADJ
khawbaw	NOUN
khâwbâw	NOUN
khawbawl	NOUN
khawbâwl	VERB
khâwbâwl	PRON
khawbung	ADJ
khawbunga	ADJ
khawbungah	ADJ
khawbungin	NOUN
khawbungte	NOUN
khawchan	NOUN
khawchàn	ADJ
khawchân	NOUN
khawcheng	NOUN
khawchenghawt	ADJ
khawchénghawt	NOUN
khawchhak	NOUN
khawchhak	ADJ
khawchhaka	ADJ
khawchhe	NOUN
khawchhia	NOUN
khawchhia	VERB
khawchhiaina	VERB
khawchhiar	ADJ
khawchhiat	NOUN
khawchhiat	ADJ
khawchhiát	NOUN
khawchhiât	ADV
khawchhuah	NOUN
khawchhuah	ADJ
khawchhuahna	ADV
khawchhuak	ADJ
khawchhuakte	ADJ
khawchhung	ADJ
khawchhûng	ADJ
khawchhunga	ADJ
khawchhûnga	ADJ
khawchhungah	NOUN
khawchhûngah	NOUN
khawchin	ADJ
khawchung	ADJ
khawdai	ADJ
khawdang	ADJ
khawdungseiah	NOUN
khawdur	NOUN
khawfan	ADJ
khawfang	ADJ
khawfêm	ADJ
khawfing	VERB
khawfîng	VERB
khawfingchah	VERB
khawfîngchah	NOUN
khawfingchat	NOUN
khawfur	VERB
khawfûr	VERB
khawh	VERB
khawhai	NOUN
khawhar	NOUN
khawhara	ADJ
khawharah	NOUN
khawharin	NOUN
khawharna	NOUN
khawharnu	ADJ
khawharte	ADJ
khawharthlak	ADJ
khawharthlâk	NOUN
khawharthlâk	ADJ
khawhawi	NOUN
khawhawina	NOUN
khawhbur	NOUN
khawhbûr	NOUN
khawhding	NOUN
khawhding	ADJ
khawhkar	ADJ
khawhmuh	NOUN
khawhmuthei	NOUN
khawhmuthei	ADJ
khawhna	ADJ
khawhnaiah	ADJ
khawhnu	VERB
khawhnu	ADJ
khawhnua	VERB
khawhral	VERB
khawhral	ADJ
khawhrâl	NOUN
khawhralah	ADJ
khawhralna	VERB
khawhralnaah	NOUN
khawhralsak	NOUN
khawhring	NOUN
khawhring	VERB
khawhriral	ADJ
khawhte	VERB
khawhthei	VERB
khawhthla	ADJ
khawhtîr	ADJ
khawi	VERB
khawi	ADV
khâwi	VERB
khâwi	PART
khawia	ADV
khawia	X
khawiah	ADV
khawiah	PART
khawibawm	NOUN
khawibel	NOUN
khawibêl	NOUN
khawibu	NOUN
khawidang	NOUN
khawidâng	VERB
khawifung	NOUN
khawifung	VERB
khawih	VERB
khawiha	NOUN
khawihal	VERB
khawihâl	ADJ
khawihchhia	NOUN
khawihin	NOUN
khawihli	NOUN
khawihlî	NOUN
khawihlia	ADJ
khawihlîa	NOUN
khawihliah	NOUN
khawihlina	NOUN
khawihlîna	ADJ
khawihlipui	NOUN
khawihmun	NOUN
khawihna	NOUN
khawihna	ADJ
khawihnaah	NOUN
khawihnun	NOUN
khawihnûn	NOUN
khawihnûn	VERB
khawihnur	ADJ
khawihsak	ADJ
khawihte	VERB
khawihthlak	ADJ
khawihtîr	NOUN
khawihtlak	NOUN
khawihtu	NOUN
khawihtute	NOUN
khawikeilu	NOUN
khawikhawmna	NOUN
khawikimah	ADJ
khawikipah	ADJ
khawilai	ADJ
khawilaiah	ADJ
khawilam	ADJ
khawilamah	ADJ
khawilo	NOUN
khawimaw	NOUN
khawimu	NOUN
khawi-mu	NOUN
khawina	ADJ
khawingam	NOUN
khawingam	INTJ
khawinge	NOUN
khawinge	PART
khawinghal	NOUN
khaw-inţhenawm	NOUN
khaw-in-unau	NOUN
khawipui	NOUN
khawite	NOUN
khawithlar	ADJ
khawithlâr	NOUN
khawithlârah	NOUN
khawitu	NOUN
khâwitu	NOUN
khawitui	NOUN
khawitute	NOUN
khawivah	NOUN
khawivanrial	NOUN
khawizu	NOUN
khawizu	ADJ
khawizû	NOUN
khawizûin	NOUN
khawizute	ADV
khawizûte	ADV
khawk	VERB
kháwk	VERB
kháwk	ADJ
khàwk	VERB
khâwk	NOUN
khâwk	VERB
khăwk	VERB
khawka	NOUN
khaw-kara	VERB
khaw-kàra	ADJ
khawkhang	NOUN
khawkhen	ADJ
khawkheng	NOUN
khawkheng	ADJ
khawkhêng	NOUN
khawkhêngah	NOUN
khawkherh	NOUN
khawkherh	VERB
khawkherh	ADJ
khawkherha	NOUN
khawkhum	NOUN
khaw-kil-khawr	ADJ
khaw-kil-kháwr	NOUN
khawkrawk	NOUN
khawkulh	NOUN
khawl	NOUN
khawl	VERB
khâwl	NOUN
khâwl	VERB
khawla	VERB
khâwla	VERB
khawlah	NOUN
khawlai	NOUN
khawlaia	ADJ
khawlaiah	ADJ
khawlaiahte	ADJ
khawlamah	ADJ
khawlawi	NOUN
khawlawilo	NOUN
khawlchhutna	ADJ
khawlh	NOUN
khawlh	ADJ
khawlha	NOUN
khawlhkham	VERB
khawlhmawhna	NOUN
khawlhral	ADJ
khawlhring	NOUN
khawlhte	X
khawlian	NOUN
khawlian	ADJ
khawlin	ADJ
khâwlin	VERB
khawlina	VERB
khawlkhawm	NOUN
khâwlkhâwm	ADJ
khawlkhawmna	NOUN
khawlkhawmte	NOUN
khawlkhawmtu	NOUN
khawlna	ADJ
khâwlna	ADJ
khawlo	NOUN
khawlo	ADJ
khawloh	NOUN
khawlohna	ADJ
khawlohnaa	ADJ
khawlohnaah	ADJ
khawlohnain	ADJ
khawlohnate	ADJ
khawlohnatein	ADJ
khawlohnaten	ADJ
khawlohzia	VERB
khawlote	VERB
khawlsak	ADJ
khâwlsak	ADJ
khawlte	ADJ
khâwlte	ADJ
khawlten	ADJ
khâwltute	ADJ
khawlum	ADJ
khawlumah	NOUN
khawlvir	NOUN
khawm	VERB
khawm	ADJ
khâwm	VERB
khâwm	ADJ
khawma	ADJ
khâwma	ADJ
khawmah	NOUN
khâwmah	NOUN
khaw-mawg-ping	NOUN
khawmei	NOUN
khawmhma	NOUN
khawmhmun	NOUN
khawmho	NOUN
khâwmho	NOUN
khawmhote	ADJ
khâwmhote	ADJ
khâwmhoten	ADJ
khâwmhovin	ADJ
khawmin	ADJ
khâwmin	NOUN
khawmina	NOUN
khawmna	ADJ
khâwmna	ADJ
khawmnaa	ADJ
khâwmnaa	ADJ
khawmnaah	ADJ
khâwmnaah	NOUN
khawmnaahte	NOUN
khawmpui	NOUN
khawmpui	VERB
khawmpui	ADJ
khâwmpui	NOUN
khâwmpui	VERB
khâwmpui	ADJ
khawmpuia	VERB
khawmpuiah	VERB
khawmsak	ADJ
khâwmsak	ADJ
khawmte	ADJ
khâwmte	ADJ
khawmten	VERB
khâwmten	VERB
khawmtir	NOUN
khâwmtîr	NOUN
khawmtu	VERB
khâwmtu	ADJ
khawmtur	ADJ
khawmtute	NOUN
khâwmtuten	NOUN
khaw-mu	NOUN
khawmual	NOUN
khawmuala	NOUN
khawmualah	NOUN
khawmual-aite	NOUN
khawmual-aitê	NOUN
khawmual-áite	NOUN
khawmual-áitê	ADJ
khawmualpui	ADJ
khawmualpuia	NOUN
khawmualpuiah	ADJ
khawmualte	VERB
khawmuan	ADJ
khawmuang	ADV
khawmzawngin	NOUN
khawn	NOUN
khawn	VERB
kháwn	VERB
khàwn	VERB
khâwn	NOUN
khawna	NOUN
khawn-ai	ADJ
khàwn-ai	ADJ
khawnâwtin	ADJ
khawnbawl	NOUN
khawnbawl	ADJ
khawnbâwl	NOUN
khàwnbawl	ADJ
khàwnbâwl	ADJ
khâwnbâwl	NOUN
khâwnbâwlho	NOUN
khâwnbâwlhoten	NOUN
khawnbawlte	ADJ
khâwnbâwlte	ADJ
khâwnbâwlten	ADJ
khawng	VERB
khawng	ADJ
khâwng	VERB
khawnga	NOUN
khawngaih	NOUN
khawngaih	VERB
khawngaiha	NOUN
khawngaihin	NOUN
khawngaihna	VERB
khawngaihnaa	ADJ
khawngaihnaah	ADJ
khawngaihnain	ADJ
khawngaihnate	ADJ
khawngaihtakin	ADJ
khawngaihthei	ADJ
khawngaihthlak	VERB
khawngaihthlak	ADJ
khawngaihthlâk	VERB
khawngaihthlâk	ADJ
khawngaihtir	NOUN
khawngaihtîr	ADJ
khawngaihtu	NOUN
khawngaihtuin	ADJ
khawngaihtute	ADJ
khawngaihzia	INTJ
khawnge	NOUN
khawnge	INTJ
khawngê	NOUN
khawngna	NOUN
khawngpui	NOUN
khâwngpui	VERB
khawngtu	ADJ
khawnkhawm	ADJ
khawnkhawmnaah	NOUN
khawnkhawmte	VERB
khawnna	VERB
khawnpui	VERB
khawnpui	ADV
khàwnpui	ADJ
khawnsak	NOUN
khawnte	VERB
khawntesep	NOUN
khawntîr	ADJ
khawntu	NOUN
khawntute	NOUN
khawnvar	NOUN
khawnvár	NOUN
khawnvâr	NOUN
khàwnvar	NOUN
khàwnvár	NOUN
khâwnvar	NOUN
khâwnvâr	NOUN
khawnvara	NOUN
khâwnvâra	NOUN
khawnvardahna	NOUN
khawnvarte	NOUN
khawnvârte	NOUN
khâwnvârte	NOUN
khawnvartui	NOUN
khawnvartui	ADJ
khawnvârtui	NOUN
khawnvârtui	ADJ
khàwnvartui	NOUN
khàwnvârtui	NOUN
khawp	ADV
khâwp	VERB
khawpa	NOUN
khawpal	VERB
khawpal	ADJ
khawper	ADJ
khawpera	ADJ
khawperah	ADJ
khawperahte	ADJ
khawperte	ADJ
khawpiah	ADV
khawpin	ADJ
khawpite	NOUN
khawpkham	ADJ
khawpkhamlo	NOUN
khawpmai	NOUN
khawpui	VERB
khawpuia	ADJ
khawpuiah	ADJ
khawpuiahte	ADJ
khawpuian	ADJ
khawpuiber	NOUN
khawpuiin	NOUN
khawpuiri	ADJ
khawpuirite	ADJ
khawpuite	ADJ
khawpuitea	ADJ
khawr	NOUN
khawr	VERB
khawr	ADJ
kháwr	X
khàwr	ADV
khâwr	VERB
khawram	VERB
khawram	ADJ
khawramah	ADJ
khawreia	ADJ
khawrel	ADJ
khawrêl	NOUN
khawrêlah	NOUN
khawreng	VERB
khawréng	VERB
khawrh	NOUN
khawrh	VERB
khawrhna	NOUN
khawrna	VERB
khawrna	ADJ
khawro	PRON
khawrpum	ADJ
khawruhlian	ADJ
khawruk	ADJ
khawsa	VERB
khawsa	ADJ
khawsâ	VERB
khawsaa	NOUN
khawsâa	ADJ
khawsaho	VERB
khawsak	NOUN
khawsaka	NOUN
khawsakna	NOUN
khawsaknate	NOUN
khawsakzia	NOUN
khawsakzia	ADJ
khawsan	NOUN
khawsan	ADJ
khawsàn	ADJ
khawsang	NOUN
khawsang	ADJ
khawsâng	NOUN
khawsâng	ADJ
khawsate	ADJ
khawsaten	ADJ
khawsazia	NOUN
khawsiam	NOUN
khawsiam	ADJ
khawsik	NOUN
khawsika	NOUN
khawsikin	NOUN
khawsikpui	NOUN
khawsikpui	PRON
khawţap	PRON
khaw-te	ADJ
khaw-té	NOUN
khawtha	NOUN
khawţha	ADJ
khawţhal	ADJ
khawţhâl	NOUN
khawṭhâl	NOUN
khawthang	VERB
khawthar	NOUN
khawthar	VERB
khawţhat	ADJ
khawthawng	NOUN
khawthiang	NOUN
khawthim	ADJ
khawthimah	NOUN
khawthlang	NOUN
khawthlangho	NOUN
khawthlangin	NOUN
khawthleng	NOUN
khawthlèng	NOUN
khawthli	NOUN
khawthli	ADJ
khawthlî	NOUN
khawthlir	NOUN
khawthlîr	NOUN
khawthlirna	NOUN
khawthlirna	ADJ
khawthlîrna	NOUN
khawthlirtu	ADJ
khawtin	ADJ
khawtina	ADJ
khawtinah	ADJ
khawtinkhumate	ADJ
khawtlai	NOUN
khawtlâi	NOUN
khawtlaina	ADJ
khawtlâina	ADJ
khawtlaipui	VERB
khawtlâipui	ADJ
khawtlaitir	ADJ
khawtlang	NOUN
khawtláng	VERB
khawtlâng	VERB
khawtlanga	ADJ
khawtlangah	ADJ
khawtlangin	NOUN
khawtual	NOUN
khawtual	ADJ
khaw-uap	ADJ
khawvar	NOUN
khawvar	ADJ
khawvár	NOUN
khawvâr	NOUN
khawvârah	ADJ
khawvarte	NOUN
khâwvârte	NOUN
khawvar-ţian	ADV
khawvâr-ţian	ADV
khawvar-ţiana	ADV
khawvâr-ţiana	ADV
khawvar-ţianah	NOUN
khawvâr-ţianah	NOUN
khawvar-tirh	NOUN
khawvar-tîrh	NOUN
khawvâr-tirh	ADJ
khawvâr-tîrh	ADJ
khawvawh	ADJ
khawvawt	NOUN
khawvawt	ADJ
khawvâwt	NOUN
khawvâwt	ADJ
khawvawta	NOUN
khawvâwtin	NOUN
khawvel	NOUN
khawvel	ADJ
khawvêl	NOUN
khawvêl	ADJ
khawvela	ADJ
khawvêla	ADJ
khawvelah	ADJ
khawvêlah	ADJ
khawvelin	ADJ
khawvêlin	ADJ
khawvelte	ADJ
khawvêlte	ADJ
khawveng	ADJ
khawvéng	ADJ
khawvêng	NOUN
khawvengin	NOUN
khawvengte	NOUN
khawvêngte	NOUN
khawzawl	NOUN
khaw-zawl	NOUN
khawzâwl	NOUN
khaw-zâwl	NOUN
khclruh	VERB
kheh	VERB
kheh	ADJ
khehpuam	ADJ
khehtîr	ADV
khei	NOUN
khei	VERB
khei-bengbeh	NOUN
kheimei	NOUN
kheimit	ADJ
kheimuala	VERB
kheina	VERB
khek	VERB
khek	ADJ
khêk	VERB
khêkin	VERB
khekkhal	ADJ
khêkkhal	ADJ
khekkhala	VERB
khekkhawl	ADJ
khêksak	ADJ
kheksakate	ADV
khêkte	ADV
khel	VERB
khèl	VERB
khêl	VERB
khela	ADJ
khêlah	NOUN
khelawk	VERB
khelawk	ADJ
khelh	ADV
khelha	VERB
khelhdan	NOUN
khelhdun	ADJ
khelhna	ADJ
khelhnaah	ADJ
khelho	ADJ
khelhphak	ADJ
khelhpui	ADJ
khelhpuiin	VERB
khelhpuiten	VERB
khelhthat	ADJ
khelhtir	ADJ
khelin	NOUN
khelkhawm	ADJ
khelmual	ADJ
khelmuala	NOUN
khelmualah	NOUN
khelna	NOUN
khelpheng	NOUN
khelpheng	ADV
khêlphêng	NOUN
khelruh	NOUN
khêlruh	VERB
khêlrûn	VERB
khelsiam	ADJ
khèlsiam	NOUN
kheltha	NOUN
kheltiang	NOUN
kheltiang	VERB
khèltiang	VERB
kheltute	ADJ
khelzui	VERB
khem	NOUN
khem	ADV
khemagri	VERB
khen	VERB
khen	ADJ
khenbeh	ADJ
khenbeha	NOUN
khenbehin	NOUN
khenbehna	VERB
khenbehte	ADJ
khenbehtir	ADJ
khenbehzia	ADJ
kheng	VERB
khêng	VERB
khēng	VERB
khenga	VERB
khengbet	VERB
khengbet	ADJ
khêngbet	VERB
khêngbet	ADJ
khēngbet	VERB
khengbetin	ADJ
khêngbetin	NOUN
khenluh	NOUN
khenna	ADJ
khenpui	VERB
khenpui	ADJ
khente	ADJ
khep	ADV
kher	VERB
khera	VERB
kherh	ADJ
kherhkhiap	ADJ
kherin	ADJ
kherkhiap	ADJ
khermei	NOUN
khermei	ADV
kherna	ADV
khet	ADJ
kheuh	VERB
kheuh	ADV
kheuhbeuh	VERB
kheuhbeuh	ADV
khi	NOUN
khi	VERB
khî	VERB
khiah	ADJ
khian	NOUN
khiang	NOUN
khiangawi	VERB
khiangâwi	VERB
khianghwi	VERB
khiangmawi	VERB
khiangmâwi	NOUN
khiangmhwi	NOUN
khiangte	NOUN
khiangte-zawng-zim	NOUN
khiangzo	VERB
khiangzo	ADJ
khiapna	VERB
khiau	NOUN
khichat	ADJ
khido	VERB
khih	VERB
khik	VERB
khik	ADJ
khîk	VERB
khilai	VERB
khilaia	ADJ
khim	VERB
khim	ADJ
khimah	VERB
khimte	VERB
khimtir	ADJ
khimtîr	NOUN
khimtira	VERB
khin	VERB
khin	ADJ
khîn	ADJ
khinah	VERB
khing	VERB
khing	ADJ
khîng	VERB
khingbai	ADJ
khingbâi	NOUN
khing-bo	NOUN
khingchhctu	ADJ
khingchhetu	ADJ
khinghnih	ADJ
khinghniha	ADJ
khinghnihah	ADJ
khinghnihin	NOUN
khîngho	NOUN
khingkhang	NOUN
khingkhangruh	ADJ
khingkhat	NOUN
khingkhatin	NOUN
khingkhih	NOUN
khingkhih	VERB
khîngkhîh	NOUN
khinglet	ADJ
khinglettu	NOUN
khingphel	NOUN
khingpui	ADJ
khingpuiah	NOUN
khingpuiin	NOUN
khingpuinu	NOUN
khingpuipa	VERB
khingpuipa	ADJ
khingpuite	ADJ
khingpuiten	ADJ
khingte	NOUN
khîngte	NOUN
khingtu	NOUN
khingtu	ADJ
khingtute	NOUN
khingtuten	NOUN
khinkar	NOUN
khinkar	VERB
khinkâr	NOUN
khinkhai	NOUN
khinkhâi	NOUN
khinkhhi	PRON
khinna	ADJ
khipa	NOUN
khir	VERB
khirh	ADJ
khirhin	ADJ
khirhkhan	NOUN
khirhkhân	ADJ
khirhkhanna	NOUN
khirhkhiap	NOUN
khirhna	ADJ
khirkhan	ADJ
khirte	ADJ
khita	PRON
khitah	ADJ
khitah	ADV
khítah	ADV
khiti	ADJ
khiti	ADV
khitia	NOUN
khitia	ADV
khitiang	ADJ
khitiangin	NOUN
khiwn	VERB
khiwr	NOUN
khkubawm	NOUN
kho	NOUN
khochhuan	NOUN
khochhuan	VERB
khote	ADV
khotê	PRON
khu	VERB
khu	ADJ
khu	PRON
khua	NOUN
khua	VERB
khuaa	ADJ
khuaah	ADJ
khuaahte	VERB
khuaan	ADJ
khuachhiar	VERB
khuah	VERB
khuah	ADJ
khuaha	NOUN
khuahawi	VERB
khuahhrawlh	NOUN
khuahhrawlh	VERB
khuahkhirh	ADJ
khuahkhirha	NOUN
khuahkhirhin	NOUN
khuahkhirhna	VERB
khuahkhirhtu	NOUN
khuahkirh	NOUN
khuahna	NOUN
khuahte	NOUN
khuai	NOUN
khuai	VERB
khuái	NOUN
khuài	VERB
khuaibu	NOUN
khuaichhun-mu	VERB
khuaichhùn-mu	ADJ
khuaihnuai	VERB
khuaiin	NOUN
khuaikhem	NOUN
khuailawi	NOUN
khuailâwi	NOUN
khuàilawi	NOUN
khuàilâwi	NOUN
khuainghal	NOUN
khuaipui	NOUN
khuaipui	ADJ
khuaite	NOUN
khuaithlak	NOUN
khuaivah	NOUN
khuaivah	VERB
khuaivanrial	ADV
khuaizu	ADV
khual	NOUN
khuál	NOUN
khuàl	ADJ
khualbuk	NOUN
khualbûk	NOUN
khuàlbuk	NOUN
khuàlbûk	NOUN
khualbuka	ADJ
khualbukah	VERB
khualbûkah	ADJ
khualchhawn	NOUN
khualkhua	NOUN
khual-khua	NOUN
khuàl-khua	NOUN
khuallam	NOUN
khuallam	ADJ
khuàllàm	NOUN
khuallian	ADJ
khuallianin	NOUN
khualmualah	NOUN
khualzahawm	NOUN
khualzin	NOUN
khualzin	VERB
khuàlzin	NOUN
khualzinho	NOUN
khualzinmi	ADJ
khualzinna	NOUN
khualzinnaah	ADJ
khualzinte	ADJ
khualzinten	VERB
khuan	NOUN
khuan	VERB
khuàn	NOUN
khuanah	VERB
khuang	VERB
khuangawrh	NOUN
khuangawrha	NOUN
khuangbai	ADJ
khuangbâi	ADJ
khuangchâra	VERB
khuangchawi	NOUN
khuangchawi	VERB
khuangchâwi	NOUN
khuangchawi-pa	PRON
khuangchâwi-pa	PRON
khuangchéra	PRON
khuangchèra	PRON
khuangchêra	NOUN
khuangchiri	NOUN
khuangchirit	NOUN
khuangchirît	NOUN
khuanghlang	NOUN
khuanghlâng	NOUN
khuangkhau	NOUN
khuangkhâu	NOUN
khuangkhawbai	PRON
khuangkhawbâi	NOUN
khuangleng	NOUN
khuangpu	NOUN
khuangpu	VERB
khuangpui	NOUN
khuangpui	ADJ
khuangpuin	VERB
khuangruah	VERB
khuangrualtir	NOUN
khuangruang	X
khuângruâng	X
khuangte	NOUN
khuangte	ADJ
khuangtê	NOUN
khuângte	NOUN
khuangtete	NOUN
khuangthing	NOUN
khuangthli	VERB
khuangthulh	VERB
khuangtuam	VERB
khuangtuàm	VERB
khuângtuam	NOUN
khuângtuàm	NOUN
khuangtum	NOUN
khuangvawnrai	NOUN
khuanhmasa	NOUN
khuankhau	NOUN
khuânkhâu	NOUN
khuantevik	NOUN
khuantevîk	NOUN
khuàntevik	NOUN
khuàntevîk	NOUN
khuanu	VERB
khuap	VERB
khuap	ADJ
khuâp	NOUN
khuaptu	ADJ
khuar	VERB
khuar	ADJ
khuâr	VERB
khuâr	ADJ
khuara	ADJ
khuarah	ADJ
khuarahte	ADJ
khuarei	ADJ
khua-rei	ADV
khuareia	ADJ
khuareiah	ADJ
khuareiin	ADJ
khuarel	ADJ
khuarèl	ADJ
khuarêl	ADJ
khûarel	ADJ
khuarin	ADJ
khuarkhurrumah	NOUN
khuarkhurum	NOUN
khuarkhurum	ADJ
khuárkhurum	ADJ
khuarkhuruma	ADJ
khuarkhurumah	ADJ
khuarkhurumin	NOUN
khuarkhurumte	ADJ
khuarna	ADJ
khuarnaah	VERB
khuarte	VERB
khuartir	NOUN
khuartîr	ADJ
khuartu	ADJ
khuate	NOUN
khuaten	NOUN
khuavang	NOUN
khuavâng	NOUN
khuavawt	ADJ
khuavâwt	NOUN
khuavel	NOUN
khuavel	VERB
khufingbai	VERB
khufingte	VERB
khufip	VERB
khuh	NOUN
khuhbo	ADJ
khuhhawnna	NOUN
khuhhawnnaa	NOUN
khuhhip	NOUN
khuhhip	VERB
khuhhîp	NOUN
khuhhnawk	NOUN
khuhhriang	NOUN
khuhhriang	ADJ
khuhin	ADJ
khuhna	VERB
khuhnate	ADJ
khuhsak	NOUN
khuhsaka	ADJ
khuhtu	ADV
khui	VERB
khui	ADJ
khui	ADV
khuih	VERB
khuih	ADJ
khuih	ADV
khuiha	ADJ
khuihna	ADJ
khuin	VERB
khûin	VERB
khuk	VERB
khûk	VERB
khuka	VERB
khukin	VERB
khukpui	VERB
khûkpui	ADJ
khul	ADV
khulha	NOUN
khum	NOUN
khum	VERB
khûm	NOUN
khûm	VERB
khuma	ADJ
khûma	ADJ
khumah	NOUN
khumahte	NOUN
khum-ai	ADJ
khum-âi	VERB
khuman	VERB
khumbet	ADJ
khumbetin	NOUN
khumbetina	NOUN
khumbeu	NOUN
khumbeu	X
khumfa	NOUN
khumfa	ADJ
khumfâ	ADJ
khumin	ADJ
khûmin	NOUN
khumlaizawl	NOUN
khumlaizawl	ADJ
khumlaizâwl	ADJ
khumlaizawla	ADJ
khumlaizawlah	NOUN
khumlaizâwlah	NOUN
khum-lu	NOUN
khum-mawng	ADJ
khumna	ADJ
khumnaah	NOUN
khumpui	VERB
khumte	VERB
khumtir	VERB
khumtir	ADJ
khumtîr	VERB
khumtîr	ADJ
khumtira	ADJ
khumtîra	ADJ
khumtirin	NOUN
khumtîrin	NOUN
khumtirna	NOUN
khumtirtu	NOUN
khumtu	NOUN
khumza	ADJ
khumzâ	ADJ
khumzar	ADJ
khun	ADJ
khun	ADV
khùn	ADV
khûn	ADJ
khung	VERB
khûng	VERB
khungah	VERB
khûngah	ADJ
khungbeh	ADJ
khunghran	VERB
khungin	NOUN
khungkhawm	NOUN
khungna	ADJ
khûngna	VERB
khungte	VERB
khungtir	NOUN
khungtîr	ADJ
khungtu	ADJ
khunkhan	ADJ
khup	NOUN
khup	VERB
khup	ADV
khûp	NOUN
khupa	ADJ
khupah	NOUN
khûpah	ADJ
khup-al	ADJ
khupin	NOUN
khupkawi	NOUN
khup-kawi-ruh	NOUN
khûp-kawi-ruh	NOUN
khuplup	VERB
khupnal	NOUN
khupnâl	NOUN
khûpnal	VERB
khûpnâl	VERB
khupsuih	NOUN
khupsuih	VERB
khûpsuih	VERB
khupsuk	ADJ
khûpsûk	ADJ
khupte	ADJ
khûpte	ADJ
khuptuah	VERB
khûptuah	VERB
khuptun	VERB
khuptung	NOUN
khuptung	ADJ
khuptûng	VERB
khur	VERB
khùr	NOUN
khûr	ADJ
khura	ADJ
khûra	ADJ
khurah	ADJ
khurahte	ADJ
khurbing	VERB
khurh	ADJ
khurha	NOUN
khurhin	ADJ
khurhna	ADJ
khurhnaah	ADJ
khurhnain	ADJ
khurin	VERB
khûrin	ADJ
khurkhung	ADJ
khurkhung	X
khurpui	ADJ
khurpuia	ADJ
khurpuiah	ADJ
khurte	ADJ
khurtea	ADV
khut	X
khuta	NOUN
khuta	ADJ
khutah	ADV
khutia	NOUN
ki	NOUN
ki	VERB
kiah	ADJ
kîah	ADV
kiahte	VERB
kiam	NOUN
kiam	ADV
kiamna	VERB
kian	VERB
kiana	VERB
kiang	VERB
kiang	ADJ
kiang	ADV
kianga	ADV
kiangah	ADJ
kiangah	ADP
kiangahte	NOUN
kiangin	ADJ
kiangtu	NOUN
kianin	VERB
kianna	NOUN
kiansak	VERB
kiansaktu	VERB
kiansan	NOUN
kiansan	VERB
kiantir	ADJ
kiantu	ADV
kiar	ADJ
kiar	ADV
kiarlai	ADV
kiau	NOUN
ki-awt	ADJ
ki-âwt	ADJ
kibar	NOUN
kibar	VERB
kibâr	NOUN
kibâr	ADJ
kih	ADJ
kihhnawk	VERB
kihin	ADJ
kihsak	ADJ
kik	NOUN
kik	ADJ
kik	ADV
kîk	VERB
kikawi	ADJ
kikâwi	ADJ
kîkawi	ADJ
kîkâwi	ADJ
kikawia	ADV
kikiau	NOUN
kikiauva	NOUN
kikna	ADJ
kiktu	VERB
kil	VERB
kîl	NOUN
kila	NOUN
kîla	ADJ
kilah	NOUN
kilat	NOUN
kilât	NOUN
kila-tleihrawk	NOUN
ki-len	NOUN
ki-lên	VERB
kilh	NOUN
kilh	VERB
kilhbehna	NOUN
kilhna	NOUN
kilhnaa	NOUN
kilhnatein	ADJ
kilhna-ţial	ADJ
kilho	ADJ
kîlho	ADJ
kilhonaah	ADJ
kilin	ADJ
kîlin	VERB
kilkar	VERB
kilkawi	NOUN
kilkawi	VERB
kilkâwi	ADJ
kilkawia	NOUN
kilkawina	ADJ
kilkawitu	ADJ
kilkawr	ADJ
kilkhawr	ADJ
kilkhâwr	ADJ
kilkhawra	ADJ
kilkhâwra	ADJ
kilkhâwrahte	ADJ
killi	ADJ
killî	ADJ
killia	ADJ
killîa	ADJ
killiah	ADJ
killîah	ADJ
killîahte	ADJ
killîte	NOUN
killuaia	NOUN
kilna	ADJ
kîlna	ADJ
kilnaah	ADJ
kilpui	VERB
kilpui	ADJ
kîlpui	VERB
kîlpui	ADJ
kilpuite	ADJ
kîlpuite	NOUN
kilpuiten	NOUN
kilpuitu	ADJ
kîlpuitu	VERB
kiltawih	ADJ
kilte	VERB
kiltin	NOUN
kîltîr	NOUN
kiltu	ADJ
kîltu	NOUN
kiltuah	ADV
kîltute	ADV
kim	ADV
kimchang	ADJ
kimchanga	ADJ
kimchangin	VERB
kimin	ADJ
kimki	VERB
kimki	ADJ
kimkîa	VERB
kimkîin	VERB
kimkit	VERB
kimkit	ADJ
kimkual	ADJ
kimleh	VERB
kimlo	ADJ
kimtir	ADJ
kimtlang	ADJ
kimtláng	ADJ
kimtlâng	ADJ
kimtu	VERB
kimzia	ADJ
kin	VERB
kin	ADV
kina	NOUN
king	VERB
kingchat	ADJ
kinna	VERB
kip	VERB
kip	ADV
kipah	ADJ
kipah	ADV
kipin	NOUN
kipin	VERB
kipnim	ADJ
kipparh	VERB
kir	VERB
kîr	ADJ
kîra	NOUN
kirah	ADJ
kireuh	ADJ
kiri	ADJ
kirin	ADJ
kîrin	ADJ
kirleh	ADJ
kîrleh	ADJ
kirlet	ADJ
kirpui	ADJ
kîrpui	ADJ
kîrsak	ADJ
kirsan	ADJ
kîrsan	VERB
kirsana	VERB
kirtir	VERB
kirtîr	VERB
kîrtir	ADJ
kîrtîr	ADJ
kirtira	ADJ
kirtirin	NOUN
kîrtirin	NOUN
kirtirtu	NOUN
kîrtîrtute	NOUN
kirtu	VERB
kîrtu	VERB
kit	VERB
kît	VERB
kitdawh	ADJ
kîte	NOUN
kîtein	NOUN
kittu	NOUN
kittute	VERB
kiu	NOUN
kiuhik	VERB
kiuhit	VERB
kiukhawr	ADJ
kiukiau	ADV
ko	NOUN
ko	VERB
kobawk	NOUN
kobâwk	NOUN
kochhuak	VERB
kochhuaktu	VERB
koh	NOUN
koham	NOUN
kohamna	ADJ
kohamte	NOUN
kohchhuah	NOUN
kohhran	ADJ
kohhrana	ADJ
kohhranah	NOUN
kohhranho	ADJ
kohhranhote	ADJ
kohhranin	ADJ
kohhrante	VERB
kohhranten	VERB
kohkhawm	VERB
kohkir	ADJ
kohkîr	NOUN
kohleh	NOUN
kohmi	ADJ
kohna	ADJ
kohnaah	VERB
kohte	VERB
kohtir	VERB
kohtir	ADJ
kohtîr	VERB
kohtîr	ADJ
kohva	VERB
kohvate	VERB
koi	VERB
kokhawm	NOUN
kokhâwm	NOUN
koki	NOUN
kokia	VERB
kokîa	ADJ
kokiah	NOUN
kokîah	VERB
koki-bal	ADJ
kokichhuan	ADJ
kokîin	VERB
kokim	ADJ
kokim	ADV
kokir	NOUN
kokîr	NOUN
koki-ruh	VERB
kokîte	VERB
kokkhhuan	NOUN
koritu	NOUN
koro	VERB
ko-tizang	NOUN
ko-tizâng	NOUN
kotlang	NOUN
kotlang	ADJ
kotlâng	NOUN
kotlâng	ADJ
kotlanga	ADJ
kotlânga	ADJ
kotlangah	ADJ
kotlângah	NOUN
kotlângte	NOUN
kotlfing	ADJ
kotute	ADJ
kova	ADJ
kovah	VERB
kovahte	NOUN
ko-zan	NOUN
kozanna	NOUN
kozànna	NOUN
kozawn	ADJ
kraws	ADJ
krawsa	ADJ
krâwsa	ADJ
krawsah	ADJ
krâwsah	ADJ
krismas	ADJ
kristaa	ADJ
kristaah	ADJ
kristiana	NOUN
kristianah	ADJ
kristianna	ADJ
kristiannaah	NOUN
kristiannain	ADJ
kristiante	NOUN
kristianten	NOUN
k'u	VERB
kua	VERB
kuaa	ADJ
kuaah	VERB
kuaahte	VERB
kuah	VERB
kuah	ADV
kuahah	VERB
kuahin	VERB
kuahkhawm	VERB
kuahkhirh	VERB
kuahsak	VERB
kuai	VERB
kuaiher	ADJ
kuaiho	VERB
kuaikûl	VERB
kuaite	NOUN
kuaite	ADJ
kuaitê	VERB
kuaitu	VERB
kuaivanvadak	ADJ
kuaivanvadâk	ADV
kuak	NOUN
kuak	VERB
kuâk	VERB
kuaka	NOUN
kuakah	ADJ
kuakna	ADJ
kuakte	VERB
kual	VERB
kuâl	VERB
kuala	ADJ
kualah	ADJ
kualahte	NOUN
kualin	VERB
kualkawina	NOUN
kualkhung	NOUN
kualkhungna	NOUN
kualkhungna	ADJ
kuàlkhungna	NOUN
kualna	ADJ
kualnaah	ADJ
kualpui	VERB
kualthui	VERB
kualtir	NOUN
kualtîr	ADJ
kualtu	NOUN
kuam	VERB
kuan	ADJ
kuàn	NOUN
kuana	ADJ
kua-na	ADJ
kuanaa	NOUN
kuanaah	NOUN
kuang	NOUN
kuáng	NOUN
kuáng	VERB
kuâng	VERB
kuanga	ADJ
kuangah	ADJ
kuangahte	ADJ
kuangbang	NOUN
kuangbang	ADJ
kuangbâng	NOUN
kuangbâng	VERB
kuangin	VERB
kuangkuah	VERB
kuangkuah	ADJ
kuángkuah	ADJ
kuangkuaha	NOUN
kuangkuahin	NOUN
kuangngo	NOUN
kuangngo	VERB
kuángngo	ADJ
kuangphek	ADJ
kuangpui	VERB
kuangte	NOUN
kuanlum	ADJ
kuarkhuruma	ADJ
kuar-kuar	ADJ
kuate	NOUN
kuau	NOUN
kudam	NOUN
kudam	VERB
kudâm	VERB
kufil	VERB
kufin	NOUN
kufinlum	VERB
kuh	VERB
kuhhmum	VERB
kuhmum	ADJ
kuhmùm	ADJ
kuhmumin	ADJ
kuhmumte	ADJ
kuhmûmte	NOUN
kuhsi	NOUN
kuhva	NOUN
kuhvate	VERB
kui	VERB
kuitiaktuin	ADV
kuk	NOUN
kuk	VERB
kuk	ADJ
kûk	VERB
kûk	ADJ
kukin	VERB
kûkin	VERB
kul	VERB
kul	ADV
kûl	VERB
kulah	VERB
kulcho	NOUN
kulcho	ADJ
kulh	VERB
kulh	ADJ
kùlh	ADJ
kulha	NOUN
kulhah	NOUN
kulhbang	NOUN
kulhbing	NOUN
kulhbing	ADJ
kulhbîng	ADJ
kulhbinga	ADJ
kulhbingah	NOUN
kulhbîngah	NOUN
kulhbingsang	ADJ
kulhbingsâng	ADJ
kulhbingte	ADJ
kulhbîngte	NOUN
kulhin	ADJ
kulhneite	NOUN
kulhpui	NOUN
kulhpui	ADJ
kulhpúi	ADJ
kulhpuiah	ADJ
kulhpuite	NOUN
kulhte	NOUN
kuli	NOUN
kuli	ADJ
kulkhut	ADJ
kulmuk	ADJ
kulmukte	ADJ
kulmut	ADJ
kulpui	NOUN
kum	VERB
kum	ADV
kuma	ADJ
kumah	ADJ
kumaha	NOUN
kumahte	ADJ
kumchiri	ADJ
kumdang	ADJ
kumdanga	ADJ
kumhlui	VERB
kumhlun	NOUN
kumhlun	ADJ
kumhnihna	NOUN
kumin	ADJ
kumina	NOUN
kuminah	NOUN
kumkar	NOUN
kumkâr	NOUN
kumkârte	ADJ
kumkhal	NOUN
kumkhal	ADJ
kumkhata	NOUN
kumkhatah	ADJ
kumkhatna	ADJ
kumkhatnaah	NOUN
kumkhaw	ADJ
kumkhaw	ADV
kumkhua	ADJ
kumkhuaa	NOUN
kumkhuain	NOUN
kumkuruh	NOUN
kumleng	NOUN
kumlêng	NOUN
kumpinu	ADV
kumpuan	NOUN
kumpuinu	VERB
kumpuinu	ADJ
kumruk	ADJ
kumsarih	ADJ
kumsâwm	ADJ
kumtawp	ADJ
kumtawpa	ADJ
kumtawpah	ADJ
kumte	ADJ
kumthar	ADJ
kumthara	NOUN
kumtharah	NOUN
kumthu	ADJ
kumthû	ADJ
kumtin	ADJ
kumtina	NOUN
kumtinin	NOUN
kum-tin-thla-nei-lo	ADJ
kum-tin-tuai	ADJ
kumtir	ADJ
kumtira	ADJ
kumtirah	ADJ
kumtling	ADJ
kumtlinglo	ADJ
kumtluan	VERB
kumtluanin	VERB
kun	ADJ
kûn	ADJ
kuna	ADJ
kûna	ADJ
kung	NOUN
kung	ADV
kûng	NOUN
kungah	NOUN
kûngah	ADJ
kunghmui	NOUN
kunghmui	ADJ
kungin	ADJ
kûngin	ADJ
kungkaih	ADJ
kungpui	NOUN
kûngpui	ADJ
kungpuiah	ADJ
kungpuimuţhi	ADJ
kungte	ADJ
kûngte	ADJ
kungten	ADJ
kungvar	ADJ
kunin	VERB
kunin	ADV
kûnin	VERB
kûnin	ADV
kuntir	VERB
kup	NOUN
kup	VERB
kur	ADV
kûr	VERB
kura	ADV
kuran	NOUN
kurkum	VERB
kûrkum	VERB
kurpui	NOUN
kúrpui	NOUN
kurtai	NOUN
kurung	NOUN
kut	NOUN
kut	VERB
kût	VERB
kutah	ADJ
kûtah	ADJ
kutahte	ADJ
kutbawr	ADJ
kutbâwr	ADJ
kutbeng	ADJ
kutbenga	ADJ
kutbengin	NOUN
kutbêngin	NOUN
kutbengna	ADJ
kutbenna	ADJ
kutchak	NOUN
kutchang	NOUN
kut-chang	ADJ
kut-châng	VERB
kutchhuak	NOUN
kutchhuak	ADJ
kutchhuakte	NOUN
kutchuk	VERB
kut-chuk	VERB
kutdawh	ADJ
kutdawhin	VERB
kutdurh	ADJ
kut-durh	ADJ
kuthah	VERB
kuthlei	ADJ
kut-hlei	ADJ
kuthnathawk	ADJ
kuthnathawka	NOUN
kuthnathawkte	ADJ
kuthnathawktu	NOUN
kuthnu	NOUN
kut-hnu	ADJ
kut-hnû	ADJ
kutin	ADJ
kûtin	ADJ
kutkawih	ADJ
kutkawiha	ADJ
kutkawihte	NOUN
kutkawl	NOUN
kut-kawl	NOUN
kutkawr	NOUN
kut-kawr	NOUN
kutkawrte	NOUN
kut-ke	NOUN
kutkem	VERB
kutkhinghnihin	NOUN
kutlawng	NOUN
kutna	ADJ
kûtna	ADJ
kutnaa	ADJ
kûtnaa	ADJ
kutnaah	ADJ
kûtnaah	ADJ
kutnghal	ADJ
kutpalh	NOUN
kutphah	NOUN
kutphaha	ADJ
kutphahah	ADJ
kutphahahte	VERB
kutphahin	ADJ
kutphar	ADJ
kutpui	ADJ
kûtpui	ADJ
kutpuiah	NOUN
kutpuiahte	ADJ
kûtpuite	ADJ
kutruak	VERB
kutruakin	ADJ
kutsuih	ADJ
kutthak	ADJ
kutthlak	ADJ
kutthlâk	ADJ
kutthlaka	NOUN
kutthlâka	NOUN
kutthlakna	NOUN
kutthlâkna	NOUN
kutthlaktu	ADJ
kutthlâktu	ADJ
kutthlakziate	ADJ
kuttling	ADJ
kuttlinglova	ADJ
kuttual	NOUN
kuttualleichham	NOUN
kuttum	VERB
kuttuma	NOUN
kuttumin	VERB
kutze	ADJ
kutze	ADV
kutzeng	NOUN
kutzia	VERB
kutzia	ADJ
kutziak	ADJ
kutziaka	NOUN
kutziakte	ADJ
kutzung	ADJ
kutzunga	ADJ
kutzungchalin	ADJ
kutzungin	ADJ
kutzungpui	ADJ
kutzungpuite	ADJ
kutzungtang	ADJ
kutzungṭang	ADJ
kutzungtanga	ADJ
kutzungṭanga	ADJ
kutzungtangin	ADJ
kutzungṭangin	ADJ
kutzungṭangte	ADJ
kutzungte	NOUN
kutzungtê	ADJ
kuva	ADJ
la	NOUN
la	VERB
la	ADV
lâ	NOUN
lâ	PRON
la-ban-zar	NOUN
la-ban-zâr	NOUN
lachawn	NOUN
lachàwn	NOUN
lachawn-zial	NOUN
lachàwn-zial	NOUN
lachhum	NOUN
ladinlek	NOUN
la-dinlek	NOUN
laduang	NOUN
laduang	ADJ
lafang	NOUN
lah	NOUN
lahlum	NOUN
lahlûm	NOUN
lahmun	NOUN
lahum	ADV
lahûm	ADV
lai	NOUN
lai	VERB
lâi	NOUN
lâi	VERB
laia	ADV
lâia	ADJ
laiah	NOUN
lâiah	PRON
lai-ah-hming	NOUN
lâi-ah-hming	NOUN
laibu	NOUN
laichin	NOUN
laifei	VERB
laih	VERB
laihah	ADJ
laihawl	ADJ
laiháwl	ADJ
lâihâwl	ADJ
laihàwla	ADJ
laihâwla	ADJ
laihawlah	NOUN
laihchhuah	NOUN
laihchhuahna	NOUN
laihchhuahtute	ADJ
laihchuahna	NOUN
laihdawl	ADJ
laiherh	NOUN
laihlanin	NOUN
laihlanna	NOUN
laihlawm	ADJ
lâihlâwm	NOUN
laihlohvin	NOUN
laihna	NOUN
laihnaa	ADJ
laihnun	NOUN
laihnun	VERB
laihrui	NOUN
laihrui	VERB
lâihrui	VERB
laihsa	ADJ
laihsâ	ADJ
laihsakte	ADJ
laihte	ADJ
laiin	NOUN
laiin	ADV
lâiin	NOUN
laikam	NOUN
laikap	ADJ
laikâp	ADJ
laikhat	ADJ
laikhum	ADJ
laikhumah	ADJ
laiking	NOUN
laikîng	NOUN
lailang	PRON
lailangtu	ADJ
lailapur	VERB
lailawk	VERB
lailawk	ADJ
lailâwk	NOUN
lailawka	ADJ
lailawkna	ADJ
lailawktir	NOUN
lailawktirin	ADV
lailawktu	NOUN
laileh	NOUN
laileh	ADJ
lailen	X
lailèn	X
lailêng	NOUN
lai-len-huai	ADJ
lai-lèn-huai	ADV
lailet	ADJ
lailet	ADV
laili	VERB
laili	ADJ
lailiah	ADJ
lailîah	ADJ
lailum	ADJ
lailuma	ADJ
lâilung	NOUN
lailungdawt	NOUN
lailungdawt	ADJ
lailungdâwt	NOUN
laimu	NOUN
laimu	ADJ
lâin	NOUN
laina	VERB
laina	ADJ
lainat	VERB
lainatawm	ADJ
lainate	ADJ
lainâte	NOUN
lainatin	ADJ
lainatna	ADJ
lainatnaa	ADJ
lainatnain	NOUN
lainatnate	NOUN
lainattu	ADJ
laipawng	NOUN
laiphir	NOUN
lai-phir	NOUN
lai-phîr	NOUN
lâi-phir	ADJ
lâi-phîr	NOUN
laipui	ADJ
laipuia	ADJ
laipuiah	ADJ
laipuiin	PRON
laipuite	NOUN
laipuitlanga	ADJ
lairawk	NOUN
lairil	ADJ
lairilah	NOUN
lairilin	NOUN
laisawr	NOUN
laisawral	NOUN
laisawràl	ADJ
laisuih	VERB
laisuih	ADJ
laita	ADJ
lai-ta	VERB
laitaah	VERB
laitat	ADJ
lai-tat	NOUN
laitate	ADJ
laitattu	NOUN
laitattu	VERB
laite	ADJ
laitel	NOUN
laiten	ADJ
laithlunna	ADJ
laitiang	NOUN
laitlakhat	VERB
laitlakhat	ADJ
laitu	NOUN
laituten	NOUN
laivel	ADJ
laivêl	ADJ
laizawl	ADJ
laizâwl	ADJ
laizawla	ADJ
laizâwla	ADJ
laizâwlaa	ADJ
laizawlah	ADJ
laizâwlah	ADJ
laizawn	NOUN
laizawn	ADJ
laizâwn	NOUN
laizawna	NOUN
laizawnnu	ADJ
laizâwnnu	ADJ
laizâwnnuin	ADJ
laizawnte	ADV
laizâwnte	VERB
lak	VERB
làk	ADP
lâk	ADP
laka	ADJ
laka	ADP
lâka	ADJ
lakah	NOUN
lakah	ADP
lâkah	ADJ
lakahte	ADJ
lakam	NOUN
lakan	ADJ
lakawk	NOUN
lakawk	ADJ
lakbo	ADJ
lâkbosak	ADJ
lakchhawn	ADJ
lakchhuah	ADJ
lakchhuahsak	ADJ
lakdan	VERB
lakfel	VERB
lakhawm	ADJ
lakhâwm	NOUN
lakhâwmin	NOUN
lakhawmtu	NOUN
lakhawmtute	NOUN
lakhâwmtute	NOUN
lakhawmtuten	NOUN
lakhâwmtuten	NOUN
lakher	NOUN
lakho	VERB
lakhran	NOUN
lâkhran	NOUN
lakhuih	NOUN
lakhuih	ADJ
lakhuiha	NOUN
lakhuih-thangnang	NOUN
lakhuihthei	ADJ
lakiang	ADJ
lakin	VERB
lakin	ADV
lâkin	ADP
lakîr	VERB
lâkîr	VERB
lakkhawm	VERB
lakkhâwm	VERB
lâkkhawm	ADJ
lâkkhâwm	NOUN
lakkhawmin	ADJ
lakkhawmna	ADJ
lakkhawmnaah	VERB
lakkhâwmte	VERB
lâkkian	VERB
lâkkiansak	VERB
lakkir	ADJ
lakkîr	VERB
laklawh	ADJ
laklawhah	VERB
lakluh	NOUN
lâkluh	NOUN
lakluhna	ADJ
lâkluhna	ADJ
lakluhnaah	ADJ
lakluhte	NOUN
lakluih	NOUN
lakluihna	NOUN
lakluihsak	NOUN
lakna	ADJ
lâkna	ADJ
laknaa	ADJ
lâknaa	ADJ
laknaah	ADJ
lâknat	ADJ
laknate	ADJ
lâknate	VERB
lakpui	VERB
lakruk	VERB
laksak	VERB
laksak	ADJ
lâksak	VERB
lâksak	ADJ
laksaka	ADJ
lâksaka	ADJ
laksakin	ADJ
lâksakin	ADJ
laksakte	NOUN
lâksakte	NOUN
laksaktu	ADJ
lâksaktu	NOUN
laksaktua	VERB
laksaktute	VERB
laksan	NOUN
lâksan	NOUN
laksang	NOUN
laksang	VERB
lâksâng	ADJ
laksawn	ADJ
lakte	VERB
lâkte	VERB
laktir	VERB
laktîr	NOUN
lâktîr	ADJ
laktirna	ADJ
laktlak	NOUN
laktlâk	X
lal	NOUN
lalah	VERB
lalber	ADJ
lalbera	ADJ
lalberah	ADJ
lalberin	ADJ
lalberina	VERB
lalberte	NOUN
lalêt	ADJ
lalhnêna	ADJ
lalho	ADJ
lalhoa	ADJ
lalhoe	ADJ
lalhote	ADJ
lalhoten	VERB
lalhovin	ADJ
lalhrawt	NOUN
lalhrawta	ADJ
lalhrawtna	ADJ
lalin	NOUN
lalina	NOUN
lal-in-awm	ADJ
laljin	ADJ
lalkherh	NOUN
lalkherha	NOUN
lallai	ADJ
lallukhum	ADJ
lallukhumin	NOUN
lallukhumte	NOUN
lalna	NOUN
lalna	ADJ
lalnate	NOUN
lalnu	ADJ
lalnûa	NOUN
lalnuin	NOUN
lalnute	NOUN
lalpa	ADJ
lalpaa	ADJ
lalpaah	ADJ
lalpan	ADJ
lalpana	ADJ
lalpanin	ADJ
lalramah	ADJ
lalramin	NOUN
lalramte	NOUN
lalramthar	NOUN
lalruanga	NOUN
lalruanga-se-hnawt	NOUN
lalruanga-se-hnawt	VERB
laltat	ADJ
lalte	ADJ
lalten	NOUN
laltena	NOUN
lalthutphah	NOUN
lalṭhutphah	ADJ
lalțhutphah	ADJ
lalthutphaha	ADJ
lalṭhutphaha	ADJ
lalțhutphaha	ADJ
lalthutphahah	ADJ
lalṭhutphahah	ADJ
lalthutphahte	NOUN
lalṭhutphahte	NOUN
lalțhutphahte	NOUN
lalthutthleng	NOUN
lalṭhutthleng	NOUN
lalṭhutthlêng	NOUN
lalțhutthleng	ADJ
lalțhutthlêng	ADJ
lalthutthlenga	ADJ
lalṭhutthlenga	ADJ
lalṭhutthlênga	NOUN
lalțhutthlenga	NOUN
laltiang	NOUN
laltin	VERB
lalţin	VERB
laltir	NOUN
laltîr	VERB
la-lung	VERB
lalut	ADJ
lalût	NOUN
lalutin	VERB
lam	NOUN
lam	VERB
lâm	VERB
lama	ADJ
lâma	CCONJ
lamah	ADJ
lamah	ADP
lamaha	ADJ
lamahte	ADJ
lamang	ADJ
lamangah	ADJ
lamar	NOUN
lamate	VERB
lam-ba	NOUN
lambak	VERB
lambun	ADJ
lambuna	ADJ
lambunin	NOUN
lambunnate	VERB
lambuntu	NOUN
lamdang	VERB
lamdang	ADJ
lamdanna	ADJ
lamhawi	ADJ
lamhawia	VERB
lamhnai	ADJ
lamhnai	X
lamhnaia	VERB
lamhnaih	NOUN
lam-hnaih	ADJ
lamhote	ADJ
lamin	VERB
lamin	ADV
lâmin	NOUN
la-mit	VERB
lamkal	NOUN
lam-kawi	NOUN
lam-khat	NOUN
lamkhuang	NOUN
lamkhuang	VERB
lamkhuâng	NOUN
làmkhuang	NOUN
làmkhuâng	ADJ
lamkhuate	VERB
lamleh	VERB
lamleh	PRON
lamlet	VERB
lamlet	ADJ
lamlêt	VERB
lamlêt	ADJ
lamleta	ADJ
lamletin	NOUN
lamlêtin	NOUN
lamletna	ADJ
lamlêtna	VERB
lamletsakin	VERB
lamlettir	ADJ
lamlêttîr	NOUN
lamlian	ADJ
lamliana	ADJ
lamlianah	ADJ
lamlianahte	ADJ
lamlianpuiah	NOUN
lamliante	NOUN
lammual	ADJ
lammuala	NOUN
lammualah	ADJ
lamna	NOUN
lamna	ADJ
lamnaa	ADJ
lamnaah	PRON
lâmnaah	ADJ
lampang	ADJ
lampang	X
lampanga	ADJ
lampangah	ADJ
lampangahte	ADJ
lampangan	NOUN
lampangte	ADJ
lampei	ADV
lampui	NOUN
lampui	VERB
lampuichang-khat	VERB
lamrel	VERB
lamrêl	ADJ
lamrik	ADJ
lamtang	ADJ
lamṭang	ADJ
lamtanga	ADJ
lamṭanga	ADJ
lamṭangah	ADJ
lamtangte	ADJ
lamṭangte	ADJ
lamtawi	ADJ
lamte	NOUN
lâmte	NOUN
lamtham	VERB
lamthei	ADJ
lamthil	NOUN
lamthilte	NOUN
lamthlang-rapthla	NOUN
lamthu	NOUN
lam-thuam	NOUN
lam-ţhuam	VERB
lam-ṭhuam	VERB
lamtir	ADJ
lamtîr	ADJ
lamtluang	ADJ
lamtlûang	NOUN
lamtluangah	NOUN
lamtu	X
lamtual	X
lamtupa	NOUN
lamtute	NOUN
lamtûte	NOUN
la-mu	NOUN
lamzawl	NOUN
lamzâwl	ADJ
lâmzâwl	NOUN
lamzawngin	X
lan	VERB
lân	VERB
lanah	NOUN
lanchhuah	NOUN
lanchhuahna	NOUN
lanchhuahpuina	NOUN
lanchhuahtirna	NOUN
lanchhuahtirtu	ADJ
lanchianna	ADJ
landan	ADJ
landân	ADJ
landanah	ADJ
landânah	ADJ
landanin	ADJ
lang	NOUN
lang	VERB
lâng	VERB
langa	VERB
langah	ADJ
langchhuak	ADJ
langchiang	ADJ
langheta	ADV
langin	NOUN
langin	ADV
lângin	ADJ
langlo	ADJ
la-ngo	ADJ
langpui	ADJ
langsa	ADJ
langsar	VERB
langsar	ADJ
langsâr	VERB
langsâr	ADJ
langsara	ADJ
langsarh	ADJ
langsarin	NOUN
langsarte	ADJ
langseh	ADJ
langte	ADJ
langthei	ADJ
langtlang	ADJ
langtu	ADJ
langtute	ADJ
lanin	VERB
lanlaiin	NOUN
lânlam	NOUN
lanna	ADJ
lânna	NOUN
lanpuiin	ADJ
lansak	VERB
lansarh	VERB
lansarh	ADJ
lântîr	ADJ
lantira	ADJ
lantîra	NOUN
lantirah	ADJ
lantirhna	NOUN
lantirin	NOUN
lantirna	ADJ
lantírna	ADJ
lantirnaa	NOUN
lantirnaah	NOUN
lantirtu	NOUN
lantîrtu	ADJ
lantirtute	NOUN
lantirtuten	NOUN
la-nu	ADJ
lâ-nu	VERB
lanziaah	VERB
lap	VERB
lâp	NOUN
lăp	NOUN
la-pa	NOUN
la-pá	NOUN
la-pâ	NOUN
la-pang	NOUN
lapar	NOUN
lapaw	NOUN
lapaw	ADJ
la-paw	NOUN
laphiar	ADJ
laphiarah	NOUN
lapua	NOUN
lapua	VERB
lapui	VERB
lar	ADJ
lâr	NOUN
lâra	ADJ
la-reng	ADJ
larh	NOUN
larin	NOUN
lârna	NOUN
larpui	ADJ
larsap	ADJ
larsapin	NOUN
larsen	NOUN
lartu	NOUN
lârtu	NOUN
lartute	NOUN
lârtute	NOUN
lasai	NOUN
lasawn	NOUN
lasi	NOUN
lasi	VERB
lasite	VERB
lasi-zawl	VERB
lasi-zâwl	ADJ
latah	NOUN
lâthei	NOUN
latlei	ADJ
latluak	NOUN
latluak	VERB
latuah	ADJ
latui	NOUN
latuin	ADJ
latute	NOUN
latuten	VERB
lau	NOUN
lau	ADV
la-u	NOUN
la-ui	VERB
law	VERB
law	ADV
lawh	VERB
lawh	ADV
lawhin	NOUN
lawhlei	NOUN
lawhlei	ADV
lawhleng	VERB
lawhleng	ADJ
lawhna	ADJ
lawhnana	VERB
lawhnatte	ADJ
lawhsak	NOUN
lawhte	ADJ
lawhtu	NOUN
lawi	VERB
lawi	ADV
lâwi	VERB
lawichal	NOUN
lawichal	ADJ
lawichaw	ADV
lawih	NOUN
lawih	ADV
lawihna	NOUN
lawilo	ADJ
lawilohna	ADJ
lawilohnaa	ADJ
lawilote	NOUN
lawilovah	NOUN
lawina	NOUN
lawina	PRON
lâwina	ADJ
lawipu	NOUN
lawipui	NOUN
lawirawl	VERB
lawirawl	ADV
lawisa	VERB
lawithlem	VERB
lawithlèm	VERB
lâwithlem	NOUN
lâwithlem	ADV
lâwithlèm	NOUN
lawizit	NOUN
lawizît	NOUN
lâwizit	ADJ
lâwizît	ADV
lawk	VERB
lawk	ADV
lâwk	VERB
lâwk	ADV
lawka	ADV
lawkah	ADJ
lawkate	ADJ
lawkin	VERB
lâwkin	ADJ
lâwkkhâwl	NOUN
lawklawh	NOUN
lawkna	ADJ
lâwkna	ADJ
lâwknaah	ADJ
lâwknate	ADJ
lawksak	ADJ
lâwksak	ADJ
lawkte	VERB
lâwkte	VERB
lawktir	NOUN
lâwktîr	NOUN
lawktu	NOUN
lâwktu	NOUN
lawktute	ADJ
lâwktute	ADJ
lawl	ADJ
lawm	NOUN
lawm	VERB
lawm	ADJ
làwm	VERB
làwm	ADV
làwm	X
lâwm	NOUN
lâwm	ADV
lâwm	X
lawma	ADJ
làwma	ADJ
lâwma	ADJ
lawmah	ADJ
lâwmah	ADJ
lawmawm	ADJ
lâwmawm	ADJ
lawmawma	ADJ
lawmawmah	NOUN
lâwmawmah	NOUN
lawmbar	VERB
lawmbar	ADJ
làwmbar	ADJ
làwmho	ADJ
lawmin	NOUN
lâwmin	ADJ
lawmlehna	NOUN
lawmlo	VERB
lawmlohna	NOUN
lawmluh	ADJ
lawmluhna	VERB
lawmluhnaa	NOUN
lâwmlût	NOUN
lawmman	NOUN
lawmman	ADJ
làwmman	NOUN
lâwmman	ADJ
lawmmana	ADJ
lawmmanah	ADJ
lâwmmanah	ADJ
lawmmante	NOUN
lâwmmante	NOUN
lawmna	NOUN
làwmna	NOUN
lâwmna	ADJ
lawmnaa	ADJ
lawmnaah	VERB
lâwmnaah	ADJ
lawmnan	ADJ
lawmnate	VERB
lâwmnate	VERB
lawmpui	VERB
lawmpui	ADJ
làwmpui	VERB
lâwmpui	ADJ
lawmpuiawm	ADJ
làwmpuiawm	NOUN
lawmpuiin	NOUN
lawmpuina	NOUN
lâwmpuitu	NOUN
lâwmpuitute	X
lawmrual	VERB
lawmsak	NOUN
lâwmtaka	NOUN
lawmte	ADJ
lâwmte	NOUN
lawmtea	NOUN
lawmthu	NOUN
lawmthû	NOUN
lâwmthu	ADJ
lâwmthû	VERB
lawmthute	ADJ
lâwmtîr	ADJ
lawmtlak	NOUN
lawmtlâk	NOUN
lawmtu	ADJ
lâwmtu	ADJ
lawmzawng	ADJ
lâwmzâwng	ADJ
lawmzawnga	ADJ
lawmzawngin	ADJ
lawmzia	ADJ
lâwmzia	ADJ
lawn	VERB
lawn	ADV
làwn	VERB
làwn	ADJ
lâwn	ADJ
lâwn	ADV
lawna	VERB
lâwna	ADJ
lawnchhuah	ADV
lawng	NOUN
lawng	VERB
lawng	ADV
láwng	NOUN
lâwng	NOUN
lâwng	VERB
lawnga	NOUN
lâwnga	ADJ
lawngah	ADJ
lawngahte	NOUN
lawngbarh	VERB
lawngchawlh	NOUN
lawngchawlhna	NOUN
lawngchhuat	ADJ
lawnghnar	ADJ
lawnghnung	ADJ
lawngin	VERB
lâwngin	ADJ
lawngkar	NOUN
lawngkeh	NOUN
lawngleng	ADJ
lawnglêng	NOUN
lawnglenga	NOUN
lawnglian	NOUN
lawngmi	NOUN
lawngpar	NOUN
lawngpar	VERB
lawngpâr	NOUN
lawngpu	NOUN
lawngpu	ADJ
lawngpui	ADJ
lawngpuite	ADJ
lawngpute	ADJ
lawngrual	ADJ
lawngte	NOUN
lawngten	PRON
lawngthing	PRON
lawngtlaia	VERB
lawngtlaiah	VERB
lawngtu	NOUN
lawngtuk	ADV
lawnna	ADJ
lawntaw	NOUN
lawntlang	ADJ
lawntute	ADJ
lawp	ADV
lâwp	ADV
lawr	VERB
làwr	VERB
lâwr	VERB
lawra	ADV
lawrh	ADJ
lâwrin	VERB
lawrkhawm	NOUN
lâwrkhâwm	VERB
lawrkhawmtu	NOUN
lawrlak	ADJ
lawrna	ADV
lawt	VERB
lawt	ADV
lâwt	VERB
lawtliah	NOUN
lawtliah	ADV
lâwtliah	NOUN
lawtuk	NOUN
lawtuk	INTJ
lazai	NOUN
lazai	ADV
lazâi	NOUN
lazam	VERB
lazàm	VERB
lazar	NOUN
lazâr	NOUN
le	NOUN
le	ADV
lea-puan	ADV
lèa-puan	CCONJ
leh	VERB
leh	ADV
leha	ADJ
lehah	VERB
lehan	ADJ
leh-burh	ADJ
lehchawk	VERB
lehchen	ADJ
lehchhawn	NOUN
lehchhâwngte	VERB
lehchhâwnna	VERB
lehhawi	ADJ
leh-hawi	VERB
lehhawisan	ADJ
leh-hnih	ADJ
lehhniha	ADJ
lehhnihin	ADJ
lehin	NOUN
lehkabuah	NOUN
lehkha	VERB
lehkhâah	NOUN
lehkhabu	ADJ
lehkhabua	ADJ
lehkhabûa	ADJ
lehkhabuah	ADJ
lehkhabûah	ADJ
lehkhabuahte	ADJ
lehkhabûahte	ADJ
lehkhabuin	ADJ
lehkhabûin	ADJ
lehkhabute	ADJ
lehkhabutea	NOUN
lehkhabuten	NOUN
lehkhachaih	NOUN
lehkhaden	ADJ
lehkhadena	NOUN
lehkhadenah	VERB
lehkhadenna	ADJ
lehkhaih	ADJ
lehkhâin	VERB
lehkhakhawng	NOUN
lehkhalh	NOUN
lehkhapuan	NOUN
lehkhate	ADJ
lehkhâte	NOUN
lehkhatein	ADJ
lehkhathawn	ADJ
lehkhathawnah	NOUN
lehkhathawnte	NOUN
lehkhathem	NOUN
lehkhathiam	ADJ
lehkhathiamna	ADJ
lehkhathiamte	ADJ
lehkhatui	ADJ
lehkhatuia	ADJ
lehkhatuiin	NOUN
lehkhaziaknain	NOUN
lehkhaziaktu	ADJ
lehkhaziaktuho	ADJ
lehkhaziaktuin	NOUN
lehkhaziaktute	NOUN
lehkhazial	NOUN
lehkhazir	ADJ
lehkhazirna	VERB
lehlam	VERB
lehlama	ADJ
lehlamah	ADJ
lehlaman	VERB
lehlamin	VERB
lehlan	ADV
lehlang	ADJ
lehlangin	VERB
lehlin	NOUN
lehlin	ADJ
lehlinah	ADJ
lehlinna	NOUN
lehlinnaah	VERB
lehlinnate	ADJ
lehlinsak	NOUN
lehlo	ADJ
lehna	ADJ
lehnaa	NOUN
lehnaah	ADV
lehnate	ADV
lehnghal	VERB
lehnghâl	NOUN
lehnghâl	ADJ
lehnghala	ADJ
lehngo	VERB
lehngo	ADJ
lehpek	VERB
lehpeka	VERB
lehpel	VERB
lehpêl	VERB
lehpelh	ADJ
lehsak	VERB
lehsarihin	VERB
lehse	ADJ
lehte	ADJ
lehten	ADJ
lehthal	VERB
lehthalin	ADJ
lehtir	ADJ
lehza	ADJ
lehzel	ADJ
lehzêl	ADJ
lehzelah	ADJ
lehzia	ADJ
lehziak	ADV
lehzual	ADJ
lehzuala	ADJ
lehzualah	NOUN
lehzualin	ADJ
lehzualna	ADJ
lehzualnaah	NOUN
lehzualte	VERB
lehzualtu	NOUN
lei	VERB
leia	ADJ
lêia	ADJ
leiah	VERB
leian	VERB
leibaah	NOUN
leibat	ADJ
leibât	ADJ
leibate	NOUN
leibâte	NOUN
leibatna	ADJ
leibatnate	ADJ
leibatte	ADJ
leibatute	ADJ
leicharah	ADJ
leichârah	ADJ
leichawi	ADJ
leichham	ADJ
leichhamte	ADJ
leichhuah	VERB
leichungah	NOUN
leidawh	NOUN
lei-dur	VERB
lei-dûr	VERB
leih	VERB
leihbaw	ADJ
leihbua	ADJ
leihbuakah	ADJ
leihbuakin	ADJ
leihin	NOUN
leihlawn	NOUN
leihlawn	VERB
leihlehna	VERB
leihnawn	ADJ
leihnawng	NOUN
leihnuai	ADJ
leihruisen	NOUN
leiin	VERB
lei-ka	VERB
lēikan	ADJ
lēikàn	VERB
leikang	NOUN
lēikāng	VERB
leikapui	NOUN
leikawih	VERB
lei-ko	NOUN
leikuai	VERB
lei-kulh	NOUN
leila	ADJ
leilawn	NOUN
leilawn	VERB
leilàwn	VERB
leilâwn	NOUN
leilawna	ADJ
leilawt	NOUN
leilawt	ADJ
leilâwt	NOUN
leilâwt	ADJ
leilawta	ADJ
leilâwta	ADJ
leilawtah	ADJ
leilâwtah	ADJ
leileh	NOUN
leilehah	ADJ
leilehna	ADJ
leilehnaa	ADJ
leilehnain	NOUN
leilet	ADJ
leileta	NOUN
leilettu	ADJ
leilettûah	NOUN
leilettuin	ADJ
leilettute	ADJ
leilettuten	ADJ
leilung	NOUN
leilung	VERB
lèilung	VERB
leilunga	ADJ
leilungah	ADJ
leilungfa	ADJ
leilungfate	ADJ
leilungin	NOUN
leiman	NOUN
lei-me	VERB
lei-me	ADJ
lei-mé	NOUN
lei-mé	VERB
leimin	VERB
lei-min	NOUN
lei-min	ADJ
leiminin	NOUN
leiminna	VERB
leina	ADJ
leinaa	ADJ
leipawngah	NOUN
leipui	NOUN
leipui	ADJ
leipuia	NOUN
leirawhchan	NOUN
leirawhchana	NOUN
leirawhchanna	ADJ
leirawhchante	NOUN
leirem	ADJ
leiruangtuam	NOUN
leisak	NOUN
leisaktu	NOUN
lei-sekawt	NOUN
lei-si	NOUN
leite	NOUN
leitha	NOUN
leitheihmu	NOUN
leithlung	VERB
leithum	VERB
leitir	VERB
leitír	NOUN
leitîr	ADJ
leitirna	NOUN
leitlang	ADJ
lei-tlang	NOUN
leitlangpui	ADJ
leitu	NOUN
leituah	NOUN
leitupa	NOUN
leitute	ADJ
leiverh	ADJ
leiverhah	NOUN
leivirah	NOUN
leivung	ADJ
leivûng	NOUN
leivungin	ADJ
leivungte	ADJ
leivut	ADJ
leivutin	VERB
lek	ADJ
lek	INTJ
leka	ADJ
léka	ADJ
lêka	VERB
lekah	ADJ
lekchhuahsak	ADJ
lekhaa	ADJ
lekhote	ADJ
lekin	ADV
lêkin	ADJ
lēkin	NOUN
lekkawh	ADJ
lekkawhna	VERB
leklam	VERB
leklar	ADJ
leklár	NOUN
leklartu	ADJ
lekna	NOUN
lekte	ADJ
lektu	NOUN
lektute	ADJ
lē-len	ADJ
le-lo	ADJ
lé-lo	NOUN
lêlo	ADJ
lelte	NOUN
lelte	X
lelté	ADV
lem	NOUN
lem	VERB
lém	NOUN
lêm	ADV
lēm	VERB
lema	NOUN
lemah	NOUN
lembel	ADJ
lemchan	VERB
lemchanah	VERB
lemchang	ADJ
lemchangho	ADJ
lemchangin	NOUN
lemchangte	ADJ
lemchangtu	NOUN
lemchangtute	ADJ
lemchanna	ADJ
lemchannaa	ADJ
lemin	NOUN
lêmin	NOUN
lemlawi	VERB
lemlàwi	VERB
lemlêt	ADJ
lemlo	ADJ
lemloh	ADJ
lempil	ADJ
lemte	ADJ
lemthla	NOUN
lemtute	NOUN
lemziah	ADJ
lemziak	VERB
len	VERB
lèn	NOUN
lên	NOUN
lenah	ADJ
lênah	NOUN
lenahte	NOUN
len-awng	NOUN
len-âwng	NOUN
lèn-awng	ADJ
lèn-âwng	NOUN
lenbo	NOUN
len-chhawn	NOUN
len-chháwn	NOUN
lèn-chhawn	ADJ
lèn-chháwn	ADJ
lenchim	NOUN
lênchîm	NOUN
lenchung	NOUN
lênchung	NOUN
lenchungbal	NOUN
lenchungbâl	NOUN
lênchungbal	X
lênchungbâl	X
lendun	VERB
len-eng	VERB
len-éng	VERB
lèn-eng	ADJ
lèn-éng	ADJ
leng	VERB
leng	ADJ
léng	ADV
lêng	VERB
lêng	ADV
lenga	ADJ
lênga	ADJ
lengah	VERB
lengchhuak	NOUN
lengchhuak	VERB
lêngchhuak	VERB
lêngchhuak	ADJ
lengder	NOUN
lengdèr	NOUN
lêngder	NOUN
lêngdèr	NOUN
lêngdêr	NOUN
lengdir	NOUN
lenghawr	NOUN
lenghâwr	NOUN
lênghawr	ADJ
lênghâwr	ADJ
lêngho	NOUN
lengi	NOUN
lengi	ADJ
lêngi	ADJ
lengin	NOUN
lêngin	NOUN
leng-kel	NOUN
leng-kèl	NOUN
lêng-kel	NOUN
lêng-kèl	NOUN
lengkhawm	NOUN
lengkir	NOUN
leng-kir	NOUN
lêng-kir	ADJ
lenglai	NOUN
leng-lai	NOUN
leng-lâi	NOUN
lêng-lai	VERB
lêng-lâi	VERB
lenglak	VERB
lenglak	ADJ
lênglak	VERB
lenglam	ADJ
lenglam	ADV
lênglam	NOUN
lenglawng	NOUN
lênglâwng	NOUN
leng-leh	NOUN
leng-leh	VERB
lêng-leh	NOUN
lêng-leh	VERB
lenglep	ADJ
lênglep	ADJ
lenglet	ADJ
lenglo	NOUN
lenglut	NOUN
lengmaser	ADJ
lengna	NOUN
lengngha	PRON
lengpat	ADJ
lengpui	ADJ
lengpuia	ADJ
lengte	NOUN
lêngte	NOUN
lengteng	ADJ
lengtu	ADJ
lengtul	ADJ
lengtulte	ADJ
lengvak	ADJ
lengvâk	NOUN
lengzem	NOUN
lenhling	NOUN
lenhlîng	NOUN
lênhling	NOUN
lênhlîng	NOUN
lenhlingah	ADJ
lenhlîngah	ADJ
lênhlîngin	ADJ
lenhmui	NOUN
lenhmui	ADJ
lênhmui	ADJ
lenin	ADJ
lênin	ADJ
lenkhang	NOUN
lenkhang	ADJ
lènkhang	ADJ
lênkhang	NOUN
lênkhangin	VERB
lênkhangte	NOUN
lenkhawm	NOUN
lenkhawmna	NOUN
lenkhawn	NOUN
lenkhâwn	NOUN
lenlai	VERB
lènlai	VERB
lenlai-zai	VERB
lènlai-zai	VERB
lenlam	VERB
lènlam	VERB
len-lawm	VERB
len-làwm	VERB
lèn-lawm	NOUN
lèn-làwm	NOUN
len-lung	NOUN
lèn-lung	NOUN
lenmual	NOUN
lenna	NOUN
lènna	ADJ
lênna	NOUN
lennaah	NOUN
len-pat	NOUN
len-pât	NOUN
lèn-pat	ADJ
lèn-pât	NOUN
lenpui	NOUN
lenpui	VERB
lenpui	ADJ
lènpui	NOUN
lènpui	VERB
lenpuiin	NOUN
lenpuitu	VERB
lênpuitu	VERB
lensak	NOUN
lènsak	NOUN
lensakna	ADJ
lènsakna	ADJ
lensuah	ADJ
lente	NOUN
lênte	ADJ
lenthul	ADJ
lentir	ADJ
lentîr	ADJ
lêntir	ADJ
lêntîr	NOUN
lêntîra	NOUN
lentu	NOUN
len-tui-lai	ADJ
lên-tui-lai	NOUN
lenvah	VERB
lenvahna	NOUN
lenvahpui	ADJ
lenvahpuina	ADJ
lenzawng	NOUN
lenzia	NOUN
lep	VERB
lep	ADV
lêp	ADV
lepchiah	ADJ
lêpchiah	ADJ
lepchiahah	NOUN
lepchiahte	ADJ
leplawp	ADJ
lepler	ADJ
leplêr	ADJ
leplerh	ADJ
leplêrh	NOUN
leplêrin	VERB
leplerna	ADJ
lepse	NOUN
lepse	ADV
ler	ADJ
lera	ADJ
lêra	ADJ
lerah	ADV
lêrah	ADV
lerh	VERB
lerh	ADV
lêrh	NOUN
lêrh	VERB
lerna	NOUN
let	NOUN
let	VERB
lêt	VERB
leta	ADJ
letah	ADJ
letder	ADJ
letin	ADJ
lêtin	ADJ
letleh	VERB
letling	NOUN
letling	ADJ
letlingin	NOUN
letlingtu	NOUN
letlingtute	NOUN
letna	ADJ
lêtna	ADJ
letnaa	ADJ
letnaah	ADJ
letpui	ADJ
lêtpui	ADJ
lêtsak	ADJ
lettawp	VERB
letthla	VERB
lettir	NOUN
lêttîr	NOUN
lettu	ADJ
lêttu	ADJ
lettuah	ADJ
lettute	ADJ
leu	ADV
le-u	VERB
le-ù	VERB
lêu	VERB
leuh	ADJ
li	NOUN
li	VERB
lì	NOUN
lì	VERB
liah	ADJ
liah	ADV
lîah	VERB
liaha	VERB
liahna	NOUN
liahsak	VERB
liahte	VERB
liak	ADJ
liakate	ADJ
liakte	VERB
liam	VERB
liama	NOUN
liamin	ADJ
liamna	VERB
liamnaah	VERB
liampui	VERB
liampui	ADJ
liamsak	VERB
liamsan	ADJ
liamta	VERB
liamtaa	VERB
liamtir	NOUN
liamtîr	ADJ
liamtu	ADJ
lian	NOUN
lian	VERB
liana	ADJ
lianah	ADJ
lianahte	ADJ
lianan	NOUN
lianber	NOUN
lianchia	NOUN
liandova	X
liang	VERB
liangah	NOUN
liangbar	NOUN
liangbawh	NOUN
liangbawh	ADJ
liangkochat	NOUN
liangsei	NOUN
liangsu	ADJ
lianhote	ADJ
lianhoten	ADJ
lianin	NOUN
lianina	X
liankual	NOUN
lianpui	ADJ
lianpuiah	NOUN
lianran	NOUN
lianrân	NOUN
lianrin	ADJ
lian-sa	ADJ
liante	ADJ
lianten	NOUN
liantham	NOUN
liantual-tuala	ADV
liau	NOUN
liau	ADV
liauliau	ADJ
liauva	VERB
liauvin	VERB
libbalh	VERB
lih	NOUN
lihna	ADJ
liin	NOUN
lîin	NOUN
lik	VERB
lîk	NOUN
lîk	VERB
lik-kua	VERB
lîk-kua	VERB
lik-vun	VERB
lîk-vun	VERB
lilam	NOUN
lilam	VERB
lilâm	VERB
lilâm	ADJ
lilamna	NOUN
lilamnaah	VERB
liliam	VERB
liluh	NOUN
liluh	VERB
lim	VERB
lîm	VERB
limawng	VERB
li-mawng	VERB
lim-ik	ADJ
lim-îk	VERB
limte	VERB
lîmtîr	ADJ
lin	ADJ
lina	ADJ
li-na	ADJ
lîna	ADJ
linaa	ADJ
lînaa	ADJ
linaah	NOUN
lînaah	VERB
ling	ADJ
linga	VERB
lingin	NOUN
lingleh	ADJ
linglehna	VERB
linglet	ADJ
linglet	ADV
lingletin	VERB
lingte	VERB
lip	VERB
lir	VERB
lir	ADV
lirh	NOUN
lirh	ADJ
lirha	VERB
lirhbiang	VERB
lirhtir	ADJ
lîrin	ADJ
lirnghin	VERB
lîrnghîn	VERB
lirnghing	VERB
lirnghíng	VERB
lirnghîng	VERB
lîrnghing	VERB
lîrnghing	ADJ
lîrnghíng	VERB
lîrnghîng	ADJ
lirnghinga	ADJ
lirnghínga	ADJ
lîrnghînga	ADJ
lirnghingah	ADJ
lîrnghîngah	ADJ
lirnghingin	VERB
lirnghingte	VERB
lirngnghin	ADJ
lîrngnghin	ADJ
lirpui	ADJ
lirthei	ADJ
lirtheia	ADJ
lirtheiah	ADJ
lirtheiin	ADJ
lirtheite	ADJ
litengsawl	NOUN
litengsawl	ADJ
litengsáwl	ADJ
litengsâwl	NOUN
litengsawlah	ADJ
litengsâwlah	ADJ
litengsawlahte	NOUN
livir	NOUN
livir	ADJ
livirh	NOUN
lizawn	VERB
lizâwn	VERB
lnhmeh	VERB
lnkoh	VERB
lnpaw	VERB
lnpuak	VERB
lnpuan	ADV
lnpuih	ADV
lo	NOUN
lo	VERB
'lo'	PART
lochhui	VERB
lo-en	ADV
loh	ADV
lohah	NOUN
lohin	NOUN
lohna	NOUN
lohnaa	ADJ
lohnaah	NOUN
lohnaahte	NOUN
lohnate	ADJ
lohte	ADJ
lohtein	VERB
lohten	VERB
lohtir	ADJ
lohtîr	ADV
lohvin	ADJ
lokal	ADJ
lokala	ADJ
lokalin	VERB
lokalte	VERB
lokir	VERB
lokîr	NOUN
lo-lam	ADJ
lolamzia	ADJ
loneih	NOUN
loneiha	NOUN
lo-nei-mi	ADJ
loneitu	ADJ
loneituah	ADJ
loneitute	ADJ
loneituten	NOUN
lopiang	NOUN
lo-sul-thereng	ADJ
lo-sûl-thereng	ADJ
lote	ADJ
loteah	ADJ
loten	ADJ
lothlawn	ADJ
lothlâwn	ADJ
lothlawnin	ADJ
lothlen	ADJ
lotute	ADJ
lova	ADV
lovah	ADJ
lovahte	ADV
lovan	ADJ
lovang	ADJ
lovâng	ADV
lovangin	ADJ
lovin	ADV
lovina	NOUN
lu	NOUN
lu	VERB
lù	NOUN
lû	VERB
lua	NOUN
lua	VERB
lua	ADV
luà	NOUN
luâ	VERB
luâ	ADV
luaa	ADJ
luaah	VERB
luah	NOUN
luah	ADJ
lûah	ADJ
luahah	ADJ
luahin	ADJ
luahkhah	ADJ
luahkhat	ADJ
luahlai	ADJ
luahlan	ADJ
luahlân	ADJ
luahlana	NOUN
luahlantu	NOUN
luahleng	ADJ
luahlêng	ADJ
luahloh	ADJ
luahlum	ADJ
luahlut	NOUN
luahman	NOUN
luahmur	ADJ
luahna	NOUN
luahpui	ADJ
luahpuitu	ADJ
luahpuitute	ADJ
luahsak	VERB
luahte	VERB
luahtir	NOUN
luahtîr	ADJ
luahtirna	NOUN
luahtirte	NOUN
luahtu	NOUN
luahtuah	ADJ
luahtute	ADV
luahtuten	ADV
luai	VERB
luai	ADV
luâi	VERB
luâi	ADV
luaili	ADV
luailî	ADV
luâili	ADV
luâilî	ADV
luailu	ADV
luailû	ADV
luâilu	NOUN
luâilû	NOUN
luaina	NOUN
luaithli	NOUN
luaithli	VERB
luaithlî	NOUN
luâithli	ADV
luâithlî	ADV
luak	NOUN
luak	VERB
luâk	VERB
luakah	NOUN
luakchhuak	NOUN
luakna	NOUN
luakthei	ADJ
luâkthei	VERB
luan	VERB
luàn	VERB
luân	VERB
luanah	ADJ
luanchhuah	NOUN
luanfin	NOUN
luang	VERB
luâng	VERB
luanga	VERB
luangah	VERB
luangchhuak	VERB
luángchhuak	ADJ
luângchhuak	NOUN
luangin	NOUN
luang-la	ADJ
luâng-lâ	VERB
luangliam	ADJ
luanglut	ADJ
luangno	ADJ
luangral	ADJ
luangrual	NOUN
luangte	NOUN
luangthir	NOUN
luângthir	NOUN
luangthlum	NOUN
luângthlum	NOUN
luang-tu-bek	ADJ
luâng-tu-bek	ADJ
luanin	ADJ
luankawr	ADJ
luankawra	NOUN
luankawrah	NOUN
luankhawmna	ADJ
luanna	ADJ
luannaah	ADJ
luannaahte	ADJ
luannahte	NOUN
luanpui	ADJ
luanralna	VERB
luante	VERB
luantir	NOUN
luantir	VERB
luantîr	ADJ
luântir	VERB
luantîrtu	ADV
luat	ADJ
luat	ADV
luât	ADJ
luatah	NOUN
lûatah	ADJ
luatna	ADV
luattuk	ADJ
luattuk	ADV
luâttuk	NOUN
luattuka	ADJ
luattukna	ADJ
luattûr	ADJ
lubâwk	ADJ
lubawkte	VERB
luber	ADJ
lu-bu-ruh	VERB
luchhip	ADJ
luchik	NOUN
luchik	ADJ
luchung	NOUN
luchungah	VERB
lufing	VERB
luh	NOUN
luhai	NOUN
lu-hai	ADJ
lu-hâi	NOUN
luhaia	ADJ
luhaina	ADJ
luhaithlak	ADJ
luhaithlâk	VERB
luhchhuah	ADJ
luhchilh	NOUN
luhchilhin	ADJ
luhchilhtu	VERB
luhdan	VERB
lu-hek	NOUN
lu-hêk	NOUN
lu-hem	NOUN
lu-hêm	NOUN
lu-heng	ADJ
lu-hêng	NOUN
luhin	NOUN
luh-ka	NOUN
luhkâ	ADJ
luhkaa	NOUN
luhkaahte	VERB
luh-kapui	VERB
luhkhung	ADJ
luh-khung	VERB
lu-hloh	VERB
luhlul	VERB
luh-lul	ADV
luhlulin	ADJ
luhlulna	ADJ
luhlulte	ADJ
luhlulzia	NOUN
luhman	NOUN
luhna	ADJ
luhnaa	ADJ
luhnaah	ADJ
luhnan	ADJ
luhnate	VERB
luhnaten	VERB
luhpui	NOUN
lu-hrum	ADJ
lu-hrûm	ADJ
luhsan	ADJ
luhsanin	ADJ
luhte	NOUN
luhtheih	VERB
luhtheihna	VERB
luhtir	NOUN
luhtir	VERB
luhtîr	ADV
luhtirtu	NOUN
lui	NOUN
luia	ADJ
luiah	ADJ
luiahte	ADJ
luichhuat	ADJ
luichungah	NOUN
luichungahte	ADJ
lui-dam	NOUN
luidung	NOUN
lui-dung	NOUN
luih	VERB
luih	ADV
luihah	NOUN
luihnaa	NOUN
luihsak	ADJ
luihsaka	ADJ
luihsakin	ADJ
luihte	ADV
luihtih	VERB
luihtir	VERB
luihtîr	NOUN
luihtîra	ADJ
lui-kai	ADJ
luikam	ADJ
luikama	ADJ
luikamah	NOUN
luikawr	NOUN
lui-kawr	NOUN
lui-kâwr	NOUN
lui-kawr-ruam	NOUN
lui-kawr-ruám	NOUN
lui-kâwr-ruam	ADJ
lui-kâwr-ruám	NOUN
luikawrte	NOUN
lui-kuang	NOUN
lui-kuáng	ADJ
lui-liam	VERB
luiluang	ADJ
luim	NOUN
luimawi	ADJ
lui-phai	NOUN
luipui	ADJ
luipuia	ADJ
luipuiah	ADJ
luipuiahte	NOUN
luipuiin	ADJ
luipuite	ADJ
luipuiten	ADJ
luiral	ADJ
luirâl	VERB
luirâla	VERB
luite	NOUN
lui-te	ADJ
lui-té	ADJ
luitê	NOUN
luitea	ADJ
luiteah	ADJ
luiten	ADJ
luitir	ADJ
luitu	ADV
luitua	VERB
luk	VERB
luk	ADJ
lûk	VERB
lukawlh	ADJ
lu-kawlh	NOUN
lukawlhah	NOUN
lukawlhna	NOUN
lukawlhpa	NOUN
lukham	ADJ
lukhama	ADJ
lukhamah	ADJ
lukhaman	ADJ
lukhamin	ADJ
lukhawng	NOUN
lukhawng	VERB
lukhâwng	VERB
lu-khuh	NOUN
lukhuhna	NOUN
lukhum	VERB
lukhum	ADJ
lukhuma	ADJ
lukhumah	NOUN
lukhumparh	VERB
lukhumte	VERB
lu-khup	ADJ
lu-khûp	NOUN
luklak	ADV
luklo	NOUN
lul	ADV
lulai	ADV
lu-lai	ADJ
lulam	ADV
lu-lei	ADV
lulh	NOUN
lum	ADV
luma	ADJ
lumah	ADJ
luman	NOUN
lumana	NOUN
lumbiang	VERB
lumehna	NOUN
lumen	NOUN
lumer	ADJ
lumettu	ADJ
lumin	NOUN
lumnaah	ADJ
lumping	NOUN
lumsak	NOUN
lumtu	NOUN
lumtu	VERB
lûmtu	ADJ
lumzia	VERB
lun	ADJ
lùn	VERB
luna	ADJ
lung	NOUN
lung	VERB
lùng	NOUN
lûng	VERB
lunga	VERB
lungah	VERB
lungahte	VERB
lungalh	NOUN
lungalhthei	ADJ
lungawi	VERB
lungâwi	VERB
lungawia	ADJ
lungawih	ADJ
lungawilo	NOUN
lungawiloh	NOUN
lungawilohna	NOUN
lungâwilohna	NOUN
lungawina	ADJ
lungâwina	ADJ
lungawinaah	NOUN
lungâwipui	ADJ
lungawipuitu	ADJ
lungawite	ADJ
lungawithlak	ADJ
lungawithlâk	NOUN
lungâwithlâk	NOUN
lung-bal	NOUN
lung-bâl	NOUN
lung-ban	NOUN
lungbang	NOUN
lung-buk	ADJ
lung-bûk	NOUN
lungbul	NOUN
lungchang	VERB
lungcharna	VERB
lungcharna	ADJ
lungchàrna	NOUN
lungchârna	VERB
lungchem	ADJ
lungchertute	VERB
lungchhe	ADJ
lungchhe	X
lungchher	ADJ
lungchhera	NOUN
lungchherin	NOUN
lungchherna	NOUN
lungchhertu	ADJ
lungchhertute	VERB
lungchhia	ADJ
lungchhiaa	VERB
lungchhiat	ADJ
lungchhiate	VERB
lungchhiatna	VERB
lungchhiatthlak	NOUN
lungchhiatthlak	VERB
lungchhiatthlâk	ADJ
lungchhir	ADJ
lungchhirthlak	VERB
lungchim	VERB
lungchim	ADV
lungchimte	NOUN
lungchimte	PRON
lungchimtê	ADJ
lungdai	ADJ
lungdaiah	ADJ
lungdang	ADJ
lungdar	NOUN
lungdara	NOUN
lungdawh	VERB
lungdawh	ADJ
lungduh	VERB
lungduh	ADJ
lungdum	VERB
lungdum	ADJ
lungdumlo	ADJ
lungdumzawng	NOUN
lungdup	NOUN
lungdup	VERB
lungdûp	ADJ
lungfîm	ADJ
lungfîmin	NOUN
lungfinglote	NOUN
lunghalna	NOUN
lunghâlna	NOUN
lunghlu	NOUN
lunghlu	ADJ
lunghlû	ADJ
lunghlua	ADJ
lunghlûa	ADJ
lunghlui	ADJ
lunghlûin	ADJ
lunghlute	ADJ
lunghlûte	ADJ
lunghlutein	ADJ
lunghmel	ADJ
lunghmul	ADJ
lunghmun	VERB
lunghnual	ADJ
lunghnur	VERB
lunghnur	ADJ
lunghnûr	NOUN
lunghnûr	VERB
lunghnurin	ADJ
lunghnurna	ADJ
lunghnûrnain	NOUN
lunghnurthlak	ADJ
lunghriam	NOUN
lungin	NOUN
lung-in-vengtu	ADJ
lungkadu	ADJ
lungkawlh	VERB
lungkham	VERB
lungkham	ADJ
lungkhama	ADJ
lungkhamah	ADJ
lungkhamna	ADJ
lungkhamnain	ADJ
lungkhamnate	ADJ
lungkhamte	NOUN
lungkhamthlak	VERB
lungkhamtu	NOUN
lungkhani	NOUN
lungkhup	NOUN
lungkhup	ADJ
lungkhûp	ADJ
lungkua	ADJ
lungkuai	X
lungkuaia	X
lunglâi	NOUN
lung-laisuih	NOUN
lunglehkha	NOUN
lunglei	NOUN
lunglei	ADJ
lung-lei	ADJ
lungleia	ADJ
lungleiah	ADJ
lungleiin	ADJ
lunglen	NOUN
lunglen	VERB
lunglèn	NOUN
lunglên	VERB
lungleng	NOUN
lungleng	VERB
lunglêng	NOUN
lunglêng	VERB
lunglenga	NOUN
lunglêngin	NOUN
lunglenna	NOUN
lunglènna	ADJ
lunglenthlak	ADJ
lunglêntu	NOUN
lunglenzia	NOUN
lungli	NOUN
lunglî	ADJ
lunglovah	NOUN
lungmalpui	NOUN
lungmantam	ADJ
lungmawi	NOUN
lungmawi	ADJ
lungmâwi	NOUN
lungmâwi	ADJ
lungmawitein	ADJ
lungmawl	NOUN
lungmâwl	NOUN
lungme	VERB
lung-me	NOUN
lung-mê	PRON
lungmuan	ADJ
lung-muan	ADJ
lungmuang	VERB
lung-muang	VERB
lûngmuang	NOUN
lungnawi	VERB
lungngai	VERB
lungngai	ADJ
lungngâi	ADJ
lungngaia	ADJ
lungngaih	NOUN
lungngaihah	ADJ
lungngaihna	ADJ
lungngaihnaah	ADJ
lungngaihnain	ADJ
lungngaihnate	VERB
lungngaihnaten	VERB
lungngaihpui	ADJ
lungngaihpuiawm	NOUN
lungngaihpuiawm	ADJ
lungngaihtha	ADJ
lungngaihthlak	ADJ
lungngaihthlâk	NOUN
lungngaihtlak	ADJ
lungngaihtu	ADJ
lungngaihzia	VERB
lungngaiin	ADJ
lungngaipui	ADJ
lungngaite	VERB
lungni	VERB
lungni	ADJ
lungnih	ADJ
lungnihlohna	ADJ
lungnihzawng	NOUN
lungnilo	NOUN
lung-no	NOUN
lungpat	ADJ
lungpát	ADJ
lungphah	NOUN
lungphang	NOUN
lungphek	ADJ
lungphêk	ADJ
lungphêka	ADJ
lungphêkah	NOUN
lungphêkahte	NOUN
lungphêkte	NOUN
lungpher	NOUN
lungpher	ADJ
lungphera	NOUN
lungpho	NOUN
lungphû	NOUN
lungphum	NOUN
lungphum	VERB
lungphûm	NOUN
lungphûm	VERB
lungphûma	ADJ
lungphûmahte	ADJ
lungphumte	ADJ
lungphûmte	ADJ
lungphun	ADJ
lungphuna	NOUN
lungphunah	NOUN
lungphunte	NOUN
lungphur	NOUN
lungphur	X
lungphúr	NOUN
lungphurthak	NOUN
lungphurthak	ADJ
lungphúrthak	NOUN
lungpuam	NOUN
lungpui	NOUN
lungpuia	ADJ
lungpuiah	ADJ
lungpuiahte	ADJ
lungpuiin	ADJ
lungpuite	NOUN
lungpuizawl	NOUN
lungpuk	NOUN
lungpuk	X
lungpûk	ADJ
lungput	ADJ
lungral	NOUN
lungral	ADJ
lungrâl	NOUN
lungrâl	ADJ
lungrem	ADJ
lungremah	ADJ
lungremte	ADJ
lungremten	ADJ
lungril	ADJ
lungrilah	VERB
lungrual	NOUN
lungrual	VERB
lungrualna	VERB
lungrualpui	ADJ
lungrukah	ADJ
lungrûkah	ADV
lungrun	NOUN
lungrun	VERB
lungsam	ADJ
lungsei	ADJ
lungsenah	NOUN
lungsi	ADJ
lungsum	NOUN
lungsum	X
lungtan	NOUN
lungtat	NOUN
lungtat	X
lungtât	NOUN
lungtât	X
lungtat-vir	NOUN
lungtât-vir	NOUN
lungte	NOUN
lungte	X
lungtê	NOUN
lungtê	ADJ
lungtea	ADJ
lungtein	ADJ
lungtêin	VERB
lungten	NOUN
lungtenna	NOUN
lungtête	NOUN
lungthil	NOUN
lungthîl	NOUN
lungthu	NOUN
lungthû	X
lungtian	VERB
lungtian	PRON
lungtiawi	VERB
lungtohlawt	NOUN
lungtohlawt	ADJ
lungtohlâwt	NOUN
lungtuhrat	NOUN
lungtuhrât	NOUN
lungtukna	NOUN
lungtum	NOUN
lungtum	ADJ
lungtumin	X
lungtutlawh	X
lu-phan	VERB
lu-phum	NOUN
lu-phûm	VERB
luphut	NOUN
lu-phut	NOUN
lurh	VERB
lûrh	NOUN
lu-ro	NOUN
luruh	NOUN
lu-ruh	NOUN
lu-rul	VERB
lusei	NOUN
lusun	ADJ
lu-sun	VERB
lusûn	ADJ
lu-sûn	VERB
lusûna	ADJ
lusunah	ADJ
lusûnah	NOUN
lusûnin	NOUN
lusunna	ADJ
lusûnna	NOUN
lusûnnaah	NOUN
lusunte	VERB
lusûnte	VERB
lut	ADJ
lût	ADJ
lutan	NOUN
lutawi	ADJ
lutâwi	ADJ
lutchhuak	NOUN
lutchhuakte	ADJ
lûte	ADJ
lutin	VERB
lûtin	ADJ
lutkhawm	NOUN
lutlo	ADJ
lutmite	ADJ
lutten	ADJ
lûtten	ADJ
luttena	ADJ
lut-tir	ADJ
luttu	ADJ
luttute	ADJ
luṭuak	ADV
lutuk	ADJ
lutuka	ADJ
lutukah	ADJ
lutukahte	ADJ
lutukin	NOUN
lutukina	ADJ
lutukna	ADJ
lutuknain	NOUN
lutukte	NOUN
lu-um	ADJ
lu-ûm	ADJ
luvar	NOUN
luvir	NOUN
lu-virh	NOUN
luvirna	NOUN
luvirna	VERB
luvun	VERB
lu-vun	VERB
luvunte	VERB
ma	VERB
ma	ADV
mâ	ADV
mah	VERB
mah	CCONJ
mahila	CCONJ
mahin	ADV
mahla	ADV
mahna	PRON
mahna	CCONJ
mahnâ	PRON
mahnâ	CCONJ
mahni	ADJ
mahnia	ADJ
mahnîa	PRON
mahnihmasialna	CCONJ
mahniin	CCONJ
mahse	ADV
mahse	CCONJ
mahsela	NOUN
mai	VERB
mai	ADJ
mâi	INTJ
maian	NOUN
maicham	NOUN
maichâm	NOUN
màichàm	NOUN
mâicham	ADJ
mâichâm	ADJ
maichama	ADJ
maichâma	ADJ
maichamah	ADJ
maichâmah	ADJ
maichamahte	ADJ
maichâmahte	ADJ
maichamte	VERB
maichâmte	ADJ
maichan	NOUN
maichan	ADJ
maih	NOUN
maih	ADJ
maihawp	NOUN
màihàwp	NOUN
maihun	NOUN
maihun	ADJ
maihùn	NOUN
maihûn	ADJ
maihûna	ADJ
maihunah	ADJ
maihûnahte	ADJ
maihûnte	ADJ
maiin	ADJ
maiina	NOUN
mailoh	NOUN
maimaw	NOUN
màimaw	NOUN
maimawm	NOUN
màimawm	NOUN
maimawmte	NOUN
mai-mi	VERB
mâi-mi	VERB
maimitchhîn	VERB
maimitchhing	VERB
mai-mit-chhing	VERB
maimitchhîng	VERB
mai-mit-chhîng	VERB
maimitchhînsan	VERB
maimitchhintir	ADJ
maimitchhîntîr	VERB
maimizial	VERB
mai-parthlawn	NOUN
mâi-parthlawn	NOUN
maipawl	NOUN
maipâwl	NOUN
mai-se-lung	NOUN
mâi-se-lung	NOUN
mai-tamtawk	NOUN
mài-tàmtawk	ADJ
maite	VERB
maithei	VERB
mai-za-aih	VERB
mai-zà-aih	ADJ
mai-zà-àih	ADV
mak	VERB
mâk	VERB
mak	(mark)	ADJ
mâk	(mark)	ADJ
maka	ADV
mâkin	ADV
maklek	ADV
maklêk	ADV
mâklek	ADJ
mâklêk	ADJ
makmawh	VERB
makmawh	ADJ
makmawh	ADV
mákmawh	ADV
mâkmawh	VERB
mâkmawh	ADV
makmawhin	NOUN
makmawhin	VERB
mâkmawhin	NOUN
makna	NOUN
mâkna	NOUN
makpa	NOUN
makpa	PRON
makpà	NOUN
mâkpa	NOUN
mâkpa	PRON
mâkpà	PRON
mâkpâ	NOUN
makpaah	NOUN
mâkpate	NOUN
mâkpâte	NOUN
makpa-zangkang	NOUN
makpa-zangkàng	NOUN
mâkpa-zangkang	ADJ
mâkpa-zangkàng	NOUN
maksak	NOUN
maktaduai	ADJ
maktaduai	NUM
maktaduâi	ADJ
makte	ADJ
makti	NOUN
maktih	VERB
maktihna	ADJ
maktihtir	ADJ
makzia	ADV
mal	NOUN
mal	VERB
mâl	VERB
malbeih	ADJ
mal-bul	NOUN
malchung	ADJ
malchungah	ADJ
ma-lek	ADJ
malék	ADV
malêk	ADV
ma-lêk	ADV
malh	ADV
malin	ADJ
malkai	NOUN
malkalh	VERB
malmak	VERB
malmâk	NOUN
malmâk	VERB
malman	NOUN
malpheng	VERB
malpheng	ADJ
malphêng	NOUN
malpui	NOUN
malpui	ADJ
malpuia	ADJ
malpuiah	VERB
malpuite	VERB
malrawt	VERB
malràwt	VERB
malsak	VERB
malsal	VERB
malsàl	VERB
malsawm	VERB
malsàwm	VERB
malsâwm	ADJ
malsawmdawntir	ADJ
malsawmin	NOUN
malsâwmin	NOUN
malsawmna	NOUN
malsàwmna	NOUN
malsàwmna	ADJ
malsâwmna	ADJ
malsawmnaa	ADJ
malsâwmnaa	ADJ
malsawmnaah	ADJ
malsâwmnaah	ADJ
malsawmnain	NOUN
malsâwmnain	NOUN
malsawmnate	ADJ
malsâwmnate	ADJ
malsâwmnatea	VERB
malsâwmnatein	VERB
malsawmsak	NOUN
malsawmsak	VERB
malsàwmsak	VERB
malsawmsakin	NOUN
malsawmsakna	NOUN
malsâwmsakna	NOUN
malsâwmsaknate	NOUN
malsawmsaktu	NOUN
malsâwmsaktu	NOUN
malsawmtu	ADJ
malsâwmtu	NOUN
malte	VERB
maltluan	VERB
maltluan	ADV
malzai	VERB
malzai	ADJ
malzài	ADJ
mam	VERB
mam	ADV
mâm	NOUN
mâm	VERB
mama	NOUN
ma-ma	ADJ
mâma	VERB
mamawh	VERB
mamawhah	NOUN
mamawhin	NOUN
mamawhna	NOUN
mamawhnate	NOUN
mamawhte	NOUN
mamawhtu	ADJ
mamawhtute	ADJ
mamawhtuten	ADJ
mamawhzia	NOUN
mamawhziate	NOUN
mami	NOUN
mâmi	ADJ
mamtu	NOUN
mâmtuin	VERB
man	NOUN
man	VERB
mana	ADJ
manah	ADJ
manawm	NOUN
manawm	VERB
manbi	NOUN
manbî	NOUN
mandarh	NOUN
mandarh	ADV
manding	NOUN
mang	NOUN
mang	VERB
mang	ADV
mangah	VERB
ma-ngai	ADJ
mangan	VERB
mangang	ADJ
manganga	ADJ
mangangin	ADJ
mangangte	ADJ
mangangten	NOUN
manganin	NOUN
manganna	ADJ
mangânna	ADJ
mangannaah	ADJ
mangannaahte	ADJ
mangannain	ADJ
mangannate	ADJ
mangannatein	VERB
mangannnaah	VERB
manganpui	VERB
manganpui	ADJ
manganpuiawm	NOUN
manganpuiawm	ADJ
manganthlak	VERB
manganthlak	ADJ
manganthlâk	VERB
manganthlâk	ADJ
mangantlak	ADJ
manganzia	VERB
mangchhia	NOUN
mangchhiat	NOUN
mangchhiat	VERB
mangdal	ADV
mangdâl	NOUN
mange	ADJ
mangkhâng	NOUN
mangkhawh	NOUN
mangkhawng	NOUN
mangkhâwng	NOUN
mangkhâwng	VERB
mangkheng	VERB
mangnghilh	NOUN
mangnghilh	VERB
mangnung	NOUN
mangphan	NOUN
mangpui	NOUN
mangte	NOUN
mangte	ADJ
mangtê	ADJ
mangtha	NOUN
mangṭha	NOUN
mangtha!	ADJ
mangṭha!	NOUN
mangthat	NOUN
mangtir	NOUN
mangtir	ADJ
mangtîr	ADJ
manhla	NOUN
manhla	ADJ
manhlâ	NOUN
manhla-na	ADJ
manhlâ-na	NOUN
manin	ADJ
man-mi	NOUN
mannaa	NOUN
manpui	VERB
manpui	ADJ
mansa	NOUN
mansak	NOUN
mansakte	NOUN
mantang	NOUN
manṭang	NOUN
mante	VERB
mantesep	VERB
mantir	VERB
mantir	ADJ
mantîr	ADJ
manṭir	VERB
mantira	ADJ
mantîra	ADJ
mantirin	NOUN
mantîrin	NOUN
mantirna	NOUN
mantîrna	NOUN
mantirtu	NOUN
mantîrtu	NOUN
mantu	ADJ
mantû	ADJ
mantuah	NOUN
mantuhoten	ADJ
mantute	NOUN
mantuten	NOUN
manzang	NOUN
manzang	ADV
manzâng	NOUN
map	ADJ
map	ADV
mar	VERB
mar-dek-thiam	NOUN
marna	NOUN
marphu	NOUN
marphû	NOUN
martar	NOUN
martar	VERB
màrtar	VERB
martarho	NOUN
martarte	PRON
marte	ADJ
marthi	NOUN
marthiin	NOUN
mas	NOUN
masala	ADV
mass	NOUN
mat	NOUN
mat	ADV
mathei	ADJ
matheilova	ADV
matheilovin	ADV
matu	NOUN
matû	NOUN
mau	NOUN
mâu	NOUN
maubuh	VERB
mauin	VERB
mausam	NOUN
mâusâm	NOUN
mausamtu	NOUN
mautam	NOUN
mauthei	NOUN
mautlawn	NOUN
mautuai	NOUN
maw	NOUN
mawh	NOUN
mawhchhiat	NOUN
mawhchhiatna	VERB
mawhna	VERB
mawhphur	ADJ
mawhphurh	NOUN
mawhphurha	ADJ
mawhphurhna	NOUN
mawhphurhnaah	VERB
mawhphurhnate	ADJ
mawhphurhtir	NOUN
mawhphurin	ADJ
mawhphurna	NOUN
mawhphurthei	ADJ
mawhphurtu	ADJ
mawhphurtua	ADJ
mawhphurtûa	ADJ
mawhphurtuah	ADJ
mawhphurtûah	NOUN
mawhphurtûra	VERB
mawhphurtute	NOUN
mawhpuh	NOUN
mawhpuhna	ADJ
mawhpuhtu	ADJ
mawi	ADJ
máwi	ADJ
màwi	ADJ
mâwi	ADJ
mawiah	VERB
mâwiah	ADV
mawih	ADV
mawihna	ADJ
mawihnaina	ADJ
mawiin	ADJ
mâwiin	ADJ
mawilo	NOUN
mawilova	NOUN
mawina	NOUN
màwina	ADJ
mâwina	ADJ
mawinaah	ADJ
mawinate	VERB
mâwinate	ADJ
mawipui	ADJ
mawite	NOUN
mâwite	NOUN
mawitu	ADJ
mâwitu	ADJ
mawizia	ADJ
mâwizia	ADJ
mawk	ADJ
mawl	INTJ
mâwl	INTJ
mawle	VERB
mawlê	ADJ
mawlh	NOUN
mawlhin	ADJ
mawlhna	ADJ
mâwlhote	NOUN
mâwlhoten	ADJ
mawlhtu	ADJ
mawlin	NOUN
mawlmang	NOUN
mawlna	ADJ
mâwlna	ADJ
mawlte	ADJ
mâwlte	ADJ
mâwlten	ADJ
mâwlzia	ADJ
mawm	ADJ
mawmah	NOUN
mawmawh	NOUN
mawmna	NOUN
mawmpui	ADJ
mawn	NOUN
mawna	NOUN
mawng	VERB
mawnga	ADJ
mawngah	NOUN
mawngbawr	NOUN
mawngkaw	ADJ
mawngkawhur	NOUN
mawngkawhurho	NOUN
mawngkawhurte	NOUN
mawngkhak	ADJ
mawngkua	NOUN
mawnglam	ADJ
mawngmirh	ADJ
mawngnei	ADJ
mawngphah	ADJ
mawngphahah	ADJ
mawngphe	ADJ
mawngping	NOUN
mawngtam	VERB
mawngtawlh	ADJ
mawngte	NOUN
mawngzang	NOUN
mawp	NOUN
mawpna	NOUN
mawt	NOUN
mawza	NOUN
mawzaah	VERB
me	ADV
mé	ADV
mei	X
meia	ADJ
meiah	ADJ
meialh	ADJ
meialha	ADJ
meialhah	ADJ
meialhin	ADJ
meialhte	NOUN
meialhtea	NOUN
meibu	NOUN
meibû	VERB
meichher	NOUN
meichherte	ADJ
meidil	NOUN
meidîlah	NOUN
meihawl	VERB
meihâwl	ADJ
meihawla	ADJ
meihawlah	NOUN
meihawlin	ADJ
meihle	VERB
meiin	NOUN
meikan	NOUN
meikhu	ADJ
meikhû	ADJ
meikhuah	NOUN
meikhuchhuah	ADJ
meikhuchhuahna	ADJ
meikhuin	VERB
meikhûin	ADJ
meikhup	VERB
meikhupin	NOUN
meiking	ADJ
meikung	NOUN
meilâk	ADJ
meilakna	ADJ
meiling	ADJ
meilinga	ADJ
meilingin	NOUN
meilingte	VERB
meilum	NOUN
meipui	ADJ
meipuia	ADJ
meipuiah	NOUN
meipuiin	NOUN
meisi	NOUN
meisite	NOUN
meitalh	NOUN
meitawi	NOUN
meite	ADJ
meitei	NOUN
meithal	VERB
meithallawn	ADJ
meithawlh	NOUN
meituah	NOUN
meivap	NOUN
meivâp	NOUN
meivapa	ADJ
meivâpah	NOUN
meivâpin	NOUN
meivapte	ADJ
meivâpte	NOUN
meizang	NOUN
meizanghlaptu	VERB
meizial	VERB
meizu	VERB
meizu	ADJ
meizû	NOUN
meizuk	NOUN
meizukin	ADV
meizukna	ADV
mek	ADJ
mêk	ADJ
meka	ADJ
mêka	ADJ
mekah	ADJ
mêkah	ADJ
mekahte	ADJ
mêkahte	ADJ
mekin	NOUN
mêkin	NOUN
mekna	NOUN
meknaa	ADJ
meknaah	ADJ
mekte	ADJ
mékte	ADJ
mêkte	ADJ
mekten	ADJ
mêkten	ADJ
mektu	ADJ
mêktu	ADV
mektute	NOUN
mel	NOUN
mel	VERB
mêl	NOUN
mêl	VERB
mela	ADJ
melbuk	VERB
meleka	VERB
melh	ADV
melhah	NOUN
melhin	ADJ
melhna	NOUN
melhnaah	NOUN
melhtu	NOUN
mellung	NOUN
mel-veng	ADV
mêl-vêng	NOUN
men	NOUN
men	VERB
mên	NOUN
mênah	VERB
meng	VERB
menga	VERB
mengrei	NOUN
mengrum	X
mengtute	VERB
menpui	VERB
menpul	ADV
mentîr	VERB
met	VERB
mêt	VERB
mettu	NOUN
mêttu	NOUN
mettute	ADJ
mêttute	ADJ
meuh	ADV
meuhin	ADJ
meuhva	ADJ
meuhvah	VERB
meuhvin	NOUN
mh	PRON
mi	NOUN
miahlo	ADJ
miahloh	ADV
mial	ADJ
mial	ADV
mialin	ADV
miau	VERB
miau	ADJ
miâu	ADJ
mibik	ADJ
michak	ADJ
michaka	ADJ
michakho	ADJ
michakte	NOUN
michêng	NOUN
michéngte	ADJ
michêngte	ADJ
michhaw	X
michhe	NOUN
michhia	NOUN
mi-dah-bel	PRON
mi-dah-bêl	ADJ
midang	ADJ
midangah	ADJ
midangho	ADJ
midangin	ADJ
midangte	ADJ
midawihzep	ADJ
midawrtu	NOUN
midik	NOUN
midika	ADJ
midotute	NOUN
midum	ADJ
mifel	ADJ
mifello	NOUN
mifelte	ADJ
mi-fing	ADJ
mifingho	ADJ
mifingte	NOUN
mifingten	VERB
mi-fir	ADJ
mih	NOUN
mih	ADJ
mihang	NOUN
miháng	NOUN
mihâng	NOUN
mihangte	ADJ
mi-hel	NOUN
mihîp	ADJ
mihipna	NOUN
mihlawhtlingte	ADJ
mi-hliam	NOUN
mihlim	ADV
mi-hlim	ADJ
mi-hlun	NOUN
mihrang	NOUN
mi-hrang	ADJ
mi-hrâng	ADJ
mihrangin	NOUN
mihriat	ADJ
mihring	NOUN
mihring	VERB
mihringa	ADJ
mihringah	ADJ
mihringin	ADJ
mihringpa	NOUN
mihringpui	ADJ
mihring-pui	ADJ
mihringpuite	ADJ
mihringte	ADJ
mihringten	NOUN
mihringthawm	NOUN
mihrinna	ADJ
mihrin-pui	ADJ
mihruai	ADJ
mihuai	NOUN
mihuaisente	ADJ
mi-hung	PRON
mihur	PRON
miin	ADJ
mîin	NOUN
miina	NOUN
mi-khai	ADJ
mi-khâi	NOUN
mikhual	ADJ
mikhualah	NOUN
mikhualin	ADJ
mikhualna	ADJ
mikhualpa	ADJ
mikhualte	NOUN
mikhualten	NOUN
mikhualtu	VERB
mikhualtute	ADV
mil	NOUN
mi-lai	ADJ
mi-lâi	NOUN
milar	NOUN
mi-lar	ADJ
mi-lâr	ADJ
milarah	ADJ
milarte	NOUN
milarten	VERB
milem	NOUN
milema	ADJ
milemah	ADJ
milembu	ADJ
milemho	ADJ
milemin	ADJ
milemte	ADJ
milemtea	ADJ
milemtein	ADJ
mi-lenglam	NOUN
mi-lenglam	ADJ
mi-lenglâm	NOUN
mi-lenglâm	ADJ
mi-lênglam	NOUN
mi-lênglam	ADJ
mi-lênglâm	NOUN
mi-lênglâm	ADJ
milian	ADJ
milianhote	ADJ
milianhoten	ADJ
miliante	ADJ
milianten	NOUN
milim	ADJ
mi-lim	VERB
milimah	ADJ
mi-lim-hal	ADJ
milimin	ADJ
milimte	ADJ
milimtea	ADJ
milimtein	VERB
milin	ADJ
milk	ADJ
milkaiin	ADJ
milliante	ADJ
milpui	VERB
milpuia	VERB
miltir	ADJ
miltîr	NOUN
miltu	VERB
mi-lu	VERB
mim	NOUN
mim	VERB
mîm	NOUN
mîm	VERB
mimal	ADJ
mimala	ADJ
mimalin	ADJ
miman	ADJ
mi-mang	ADJ
mi-mâng	ADJ
mimawl	ADJ
mimâwl	ADJ
mimâwlte	NOUN
mimir	ADJ
mi-mir	ADJ
mimirin	NOUN
mimirte	NOUN
mim-khau	NOUN
mim-khâu	NOUN
mîm-khau	NOUN
mîm-khâu	NOUN
mimkut	NOUN
mim-kut	NOUN
mim-kût	NOUN
mîm-kut	NOUN
mîm-kût	NOUN
mim-pang-tlawh	VERB
mim-pâng-tlawh	VERB
mîm-pang-tlawh	NOUN
mîm-pâng-tlawh	NOUN
mimpawl	NOUN
mimpâwl	NOUN
mimpui	NOUN
mimsirikut	NOUN
mimsirikût	NOUN
mîmsirikut	VERB
mîmsirikût	VERB
mim-tui-pawl	VERB
mim-tui-pâwl	VERB
mîm-tui-pawl	NOUN
mîm-tui-pâwl	PRON
min	NOUN
min	ADJ
mi'n	VERB
mina	NOUN
minchhan	NOUN
mi-neu	NOUN
mingo	NOUN
mi-ngo	PRON
mipa	NOUN
mipa	PRON
mipâ	NOUN
mipaa	ADJ
mipaah	ADJ
mipaho	ADJ
mipahovin	ADJ
mipakhat	NOUN
mipat	VERB
mipate	NOUN
mipaten	NOUN
mipatna	NOUN
mipatna	ADJ
mipatpui	ADJ
mipat-pui	ADJ
mipawimawh	ADJ
mipawimawhte	NOUN
miphutkhat	NOUN
mipui	NOUN
mipui	ADJ
mipuia	ADJ
mipuiah	ADJ
mipuiho	ADJ
mipuiin	ADJ
mipuite	VERB
mipuiten	ADJ
mir	NOUN
mirama	NOUN
mi-rawng	NOUN
mi-râwng	NOUN
mi-ria	ADJ
mi-rîa	ADJ
mirinawmte	ADJ
miropui	NOUN
miropuite	ADJ
misen	ADJ
misuaksual	ADJ
misuaksualte	ADJ
misual	NOUN
misualah	ADJ
misualho	ADJ
misualin	ADJ
misualpa	ADJ
misualte	NOUN
misualten	VERB
mit	NOUN
mit	X
mita	X
mitah	ADJ
mitahte	ADJ
mitak	ADJ
mitam	ADJ
mitângho	NOUN
mitângte	NOUN
mit-chhu	ADJ
mit-da	ADJ
mitdawivah	ADJ
mitdawivaih	NOUN
mit-dawi-vaih	VERB
mitdâwivaih	ADJ
mitdawivaiha	NOUN
mitdel	VERB
mitdel	ADJ
mitdela	ADJ
mitdelin	NOUN
mitdelina	ADJ
mitdelna	ADJ
mitdelnain	ADJ
mitdelte	NOUN
mitdelten	ADJ
mit-dum	ADJ
mite	ADJ
mitê	ADJ
mîte	ADJ
miteah	ADJ
miteho	VERB
miten	VERB
mit-eu	NOUN
mit-êu	VERB
mit-fere	VERB
mit-fim	VERB
mit-fu	ADJ
mit-fû	ADJ
mitha	ADJ
miṭha	ADJ
mițha	ADJ
mithahnem	ADJ
mithahnemngai	ADJ
miṭhaho	ADJ
mithahte	NOUN
mithar	ADJ
mithatna	ADJ
mit-hawkdak	VERB
mit-hawkdak	ADJ
mit-hâwkdâk	VERB
mithi	VERB
mithiam	ADJ
mithiamhote	ADJ
mithiamte	ADJ
mithiamten	ADJ
mithianghlim	ADJ
mithianghlima	ADJ
mithianghlimte	ADJ
mithiangin	ADJ
mithil-timi	VERB
mit-hip	ADJ
mit-hîp	ADJ
mithlazar	VERB
mit-hlei	ADJ
mithmuh	ADJ
mithmuhah	ADJ
mithmuhin	NOUN
mithmul	NOUN
mithmul	ADJ
mit-hui-hruau	ADJ
mitin	ADJ
mitinin	ADJ
mitinte	NOUN
mitinten	NOUN
mitiri	VERB
mitiri	ADJ
mitirtu	ADJ
mitkalh	NOUN
mit-kap	ADJ
mit-kâp	ADJ
mitkhalh	VERB
mitkhap	ADV
mit-khap	ADV
mitkhapkar	ADJ
mit-khap-kar	NOUN
mit-khap-kar	ADJ
mitkhapkâr	ADJ
mit-khap-kâr	NOUN
mitkhur	NOUN
mit-khur	NOUN
mit-ko	NOUN
mit-ko-ruh	NOUN
mit-kotlang	NOUN
mi-tlahlang	VERB
mit-lak-dawi	ADJ
mit-lak-dawithiam	ADJ
mitlawmngai	NOUN
mitmal	NOUN
mitmal	VERB
mitmal	ADJ
mitmei	VERB
mitmeiin	ADJ
mitmeng	VERB
mitmenga	ADJ
mitmengah	NOUN
mitmengin	VERB
mitmim	VERB
mitmu	NOUN
mitmû	X
mitmûte	NOUN
mitna	NOUN
mit-na-dam-dawi	NOUN
mitnaute	NOUN
mit-naute	NOUN
mit-nautê	NOUN
mit-per	NOUN
mit-pêr	NOUN
mitperh	NOUN
mit-phe	NOUN
mit-phê	NOUN
mit-phei	NOUN
mit-phèi	NOUN
mit-rawng	VERB
mit-râwng	VERB
mitsir	VERB
mit-sir	NOUN
mit-sîr	NOUN
mit-sulh	NOUN
mitthi	ADV
mitthî	NOUN
mitthiho	NOUN
mitthiin	ADJ
mitthîte	NOUN
mitthiten	VERB
mitthla	VERB
mitthlaah	NOUN
mittlung	NOUN
mittui	NOUN
mittuiah	ADJ
mittuiin	ADJ
mittuite	ADJ
mituanfum	VERB
mitvai	NOUN
mitvaih	ADJ
mitval	ADJ
mitvar	ADJ
mitvâr	ADJ
mitvarin	NOUN
mitvârin	NOUN
mitvarna	NOUN
mitvârna	ADJ
mitvarte	NOUN
mitvârte	ADJ
mitvun	ADJ
mizawng	ADJ
mizia	ADJ
miziaa	ADJ
miziaah	NOUN
miziate	NOUN
mizo	NOUN
mizofate	ADJ
mizotawng	ADJ
mizote	ADJ
mizoten	ADJ
mizotena	NOUN
mizovin	NOUN
mo	VERB
mon	NOUN
moneitu	NOUN
moneituin	NOUN
mopui	NOUN
mopuinu	NOUN
mothar	ADJ
motor	ADV
mouh	ADV
mu	VERB
muai	NOUN
mual	NOUN
mûal	NOUN
muala	ADJ
mualah	ADJ
mualahte	ADJ
mualdungahte	ADJ
mualdungsei	ADJ
mualkawi	VERB
mualkhanga	NOUN
mualliam	ADJ
mualneitu	ADJ
mualpawng	VERB
mualpawnga	NOUN
mualpho	ADJ
mualphona	ADJ
mualphonaa	ADJ
mualphonaah	ADJ
mualphonain	VERB
mualphonate	NOUN
mualphosak	ADJ
mualphote	ADJ
mualphothlak	ADJ
mualphothlâk	ADJ
mualphovin	ADJ
mualphozia	ADJ
mualpui	ADJ
mualpuia	ADJ
mualpuiah	ADJ
mualte	ADJ
mualten	PRON
mualtinah	PRON
mualveng	ADJ
mualvum	ADJ
mualzavata	PRON
muan	ADJ
muana	NOUN
muanawm	ADJ
muanchanna	NOUN
muang	ADV
muanga	ADJ
muangchân	ADJ
muangchang	ADJ
muangchâng	ADJ
muangchanga	ADJ
muangchangin	ADJ
muangchângin	ADJ
muangin	NOUN
muanglei	VERB
muanna	VERB
muhil	VERB
muhìl	ADJ
muhîl	ADJ
muhîla	ADJ
muhilin	ADJ
muhîlin	ADJ
muhilte	ADJ
muhîlte	ADJ
muin	ADJ
mûin	ADJ
muk	NOUN
mukin	ADV
mukna	NOUN
mul	NOUN
mulek	NOUN
mulian	NOUN
mulukawlh	ADJ
mulukawlhte	ADJ
mulukawlhten	ADJ
mumal	ADJ
mûmal	NOUN
mumalin	VERB
mumang	VERB
mumanga	ADJ
mumangah	ADJ
mumangahte	ADJ
mumangte	ADJ
mumin	VERB
mûmin	VERB
mun	VERB
mung	NOUN
mupui	NOUN
mupuiin	VERB
mupuite	NOUN
mur	NOUN
murna	ADJ
mûrna	ADJ
murte	NOUN
mut	NOUN
mut	VERB
mût	VERB
mutan	ADJ
mutbûah	ADJ
mutchhuak	NOUN
mutdun	ADJ
mutê	ADJ
muthilh	NOUN
muthilhin	VERB
muthilhna	VERB
muthilhsan	VERB
muthilhtir	VERB
muthilhtîr	VERB
muthlu	ADJ
muthlû	VERB
muthluin	ADJ
muthluk	NOUN
muthmunin	NOUN
mu-tih	ADJ
mu-ṭih	ADJ
mutin	ADJ
mutmawh	ADJ
mutmawhnaah	ADJ
mutmawhnaahte	ADJ
mutmu	VERB
mutmû	VERB
mutna	ADJ
mutnaa	VERB
mutnaah	NOUN
mutnghilh	VERB
mutphah	VERB
mutpui	ADJ
mutpuia	ADJ
mutpuiah	NOUN
mutpuiin	NOUN
mutpuite	NOUN
mutpuitu	VERB
mutpuitute	ADJ
mutthlu	VERB
mutthluk	VERB
mutthlûk	VERB
mutthlukna	VERB
mutthlûkna	VERB
mutthlûksan	VERB
muttir	VERB
muttir	ADJ
muttîr	INTJ
muttui	NOUN
muttuina	NOUN
muvanlai	NOUN
muvanlai	X
muzal	VERB
muzâl	NOUN
mu-zangthal	NOUN
na	VERB
na	PART
na	CCONJ
nâ	VERB
nachang	ADJ
nacháng	VERB
nachâng	VERB
nachang-hriatna	ADJ
nachhawkna	ADV
nachungin	CCONJ
na-chungin	NOUN
na-chungin	ADJ
nahaia	ADJ
nahaia	CCONJ
nahawm	CCONJ
nain	NOUN
nâin	NOUN
nak	VERB
nak	CCONJ
nâk	CCONJ
nâkah	ADJ
nakahte	NOUN
nakin	ADV
nakina	ADJ
nakîna	ADJ
nakinah	VERB
nakinah	ADV
nakînah	VERB
nak-kalh	ADJ
nâk-kalh	ADV
nakkum	ADJ
nakkuma	NOUN
nakkumah	NOUN
nakruh	NOUN
nâkruh	NOUN
nâkruhte	ADJ
nakte	ADJ
nakthai	ADJ
naktuk	ADJ
naktûk	ADJ
naktukah	ADV
naktûkah	ADJ
nakum	ADJ
nakuma	ADV
nakumah	ADJ
nakzanah	ADJ
nalawm	ADJ
nalh	ADJ
nálh	ADJ
nâlh	ADJ
nalhfel	NOUN
nalhin	NOUN
nalhna	NOUN
nalhte	NOUN
nalna	ADV
naltu	VERB
nam	VERB
namai	VERB
namaia	ADJ
namailo	ADJ
namen	ADJ
namén	ADV
namên	ADJ
nameninlo	ADJ
namenlo	ADJ
namênlo	VERB
nameuh	VERB
namkir	VERB
namthlu	ADJ
namthluksak	VERB
namthlukte	VERB
nan	ADJ
nan	ADV
nâna	ADJ
nanah	ADV
nang	VERB
nang	ADV
nang	PRON
nâng	VERB
nâng	ADV
nanga	VERB
nanga	PRON
nânga	VERB
nangching	ADJ
nang-ching	VERB
nangchîng	ADJ
nang-chîng	VERB
nangchingin	PART
nangchîngin	ADJ
na-nge	ADJ
nangin	PRON
nângin	PRON
nangma	PRON
nangmâ	PRON
nangmah	PRON
nângmah	ADJ
nangmaha	ADJ
nangmahah	PRON
nangmahin	PRON
nangmahni	PRON
nângmahni	ADJ
nangmahnia	ADJ
nangmahniah	PRON
nangmahnîah	PRON
nangmahniho	PRON
nangmahniin	PRON
nangmahnin	PRON
nangman	ADJ
nangni	PRON
nangniah	PRON
nangniho	PRON
nângnin	NOUN
nangnite	ADJ
nânte	NOUN
naran	ADJ
naràn	ADJ
narân	NOUN
narana	ADJ
naranin	ADJ
narânin	ADJ
narante	ADV
narawh	ADJ
narawk	ADV
narin	ADV
nasa	ADV
nasat	ADV
nasatak	ADJ
nasatzia	VERB
nasatziate	VERB
nat	VERB
nate	NOUN
nâte	NOUN
natna	NOUN
natnate	VERB
natnaten	VERB
natpui	NOUN
nau	NOUN
nauban	NOUN
nauchhiat	NOUN
nauchhiatna	NOUN
naufa	NOUN
naufa	VERB
nâufa	NOUN
nauh	ADJ
nauhai	ADJ
naunawi	NOUN
naunawi	VERB
nâunawi	NOUN
nâunawi	VERB
naunuar	ADJ
nâunuar	ADJ
naupai	ADJ
naupâi	NOUN
naupaiin	ADJ
naupaina	ADJ
naupaite	VERB
naupan	NOUN
naupang	VERB
naupang	ADJ
naupanga	ADJ
naupangber	ADJ
naupangchhe	ADJ
naupangchhia	ADJ
naupangho	ADJ
naupangin	NOUN
naupangina	ADJ
naupangte	ADJ
naupangtea	NOUN
naupangteah	ADJ
naupangten	NOUN
naupangtête	NOUN
naupanna	NOUN
naupiang	ADJ
naurual	NOUN
naurual	VERB
nâuruâl	NOUN
nâuruâl	VERB
nausam	VERB
nausàm	VERB
nâusam	VERB
nâusàm	VERB
nâusâm	VERB
nau-sang	NOUN
nâu-sang	NOUN
nausen	NOUN
nausên	NOUN
nausente	ADJ
nausênte	ADJ
nausenten	NOUN
nausênten	NOUN
naute	NOUN
nautê	ADJ
nautein	NOUN
nautêin	NOUN
nauten	NOUN
nautête	NOUN
nau-thak	VERB
nâu-thak	VERB
nau-thutphah	NOUN
nau-ṭhutphah	NOUN
nâu-thutphah	NOUN
nâu-ṭhutphah	NOUN
nauvabuan	NOUN
nauvabuán	NOUN
nâuvabuan	NOUN
nâuvabuán	VERB
nâuvabuân	VERB
nau-vai	VERB
nâu-vâi	VERB
nauvei	NOUN
nau-vei	VERB
nâu-vei	NOUN
nauveina	ADV
nauveitu	NOUN
nawalh	NOUN
naw-alh	NOUN
nawchizawrhna	VERB
nawh	VERB
nawhalh	NOUN
nawhalhin	NOUN
nawhchi	VERB
nawhchî	NOUN
nawhchizawrh	NOUN
nawhchizawrhna	VERB
nawhchizuar	NOUN
nawhchizuar	ADJ
nawhchizuarah	ADJ
nawhchizuarho	NOUN
nawhchizuarin	NOUN
nawhchizuarnu	NOUN
nawhchizuarte	VERB
nawhchizuarten	NOUN
nawhfai	ADJ
nawhfe	NOUN
nawhfea	NOUN
nawhfung	NOUN
nawhna	VERB
nawhphuai	NOUN
nawhphuai	ADJ
nawhreh	VERB
nawhrehna	VERB
nawhsak	NOUN
nawh-thuh	VERB
nawhthuhna	VERB
nawhtlet	ADJ
nawhtlêt	ADJ
nawi	NOUN
nawi	VERB
nawi	ADJ
nawi	ADV
nâwi	NOUN
nâwi	VERB
nâwi	ADJ
nâwi	ADV
nâwiin	ADJ
nawinawk	NOUN
nawinawk	VERB
nawinawk	ADJ
nawinâwk	NOUN
nàwinawk	NOUN
nàwinâwk	VERB
nâwinawk	NOUN
nâwinâwk	VERB
nawi-nep	ADJ
nâwi-nep	ADJ
nawite	ADJ
nâwite	NOUN
nawizel	ADV
nawizelho	VERB
nawk	VERB
nawk	ADV
nâwk	ADJ
nawkin	VERB
nawkna	VERB
nawksak	VERB
nawl	NOUN
nawl	VERB
nâwl	NOUN
nawlh	VERB
nawl-hak	ADJ
nâwl-hâk	ADJ
nawlpui	ADJ
náwlpui	ADJ
nâwlpui	ADJ
nawlpuiin	ADJ
náwlpuiin	ADJ
nâwlpuiin	ADJ
nawlpuite	ADJ
nâwlpuite	ADJ
nawlpuiten	VERB
nâwlpuiten	VERB
nawl-rawpawn	ADJ
nâwl-rawpawn	VERB
nawm	VERB
nawm	X
nawmchen	NOUN
nawmchenna	ADJ
nawmchenpuite	ADJ
nawmmak	ADJ
nawmmaka	NOUN
nawmmakin	NOUN
nawmna	VERB
nawmna	ADJ
nawmnah	ADJ
nawmnahah	NOUN
nawmsak	VERB
nawmsakna	NOUN
nawmsakna	ADJ
nawmsaknate	ADJ
nawmsam	NOUN
nawmsâng	VERB
nawmsip	VERB
nawmsipbawl	NOUN
nawmsipna	NOUN
nawmsipna	ADJ
nawmsit	NOUN
nawmzia	ADJ
nawn	NOUN
nawn	VERB
nawn	ADV
nâwn	VERB
nawna	ADJ
náwngin	ADJ
nâwngin	VERB
nawnin	NOUN
nawn-leh	NOUN
nawnna	NOUN
nawnthang	VERB
nàwnthang	VERB
nawntir	NOUN
nawntîr	NOUN
nawntirna	VERB
nawntîrna	VERB
nawp	VERB
nawr	VERB
nawrchep	VERB
nawrchhuah	NOUN
nawrchhuahsak	VERB
nawrchhuakte	VERB
nawrh	VERB
nawrhna	NOUN
nawrhnaa	NOUN
nawrhte	VERB
nawrhulna	VERB
nawrkal	NOUN
nawrlet	NOUN
nawrna	NOUN
nawrna	VERB
nawrpui	VERB
nawrpuina	NOUN
nawrsak	NOUN
nawrtu	VERB
nawrtute	VERB
nawt	VERB
nâwt	VERB
naw-ti-zuar	NOUN
nawtleta	ADJ
nawttu	ADJ
nazawng	ADJ
nazawnga	ADV
nazawngah	ADJ
nazawngah	ADV
nazawngin	NOUN
nazen	NOUN
nazen	VERB
nē	NOUN
nei	ADJ
neia	ADJ
neiah	ADJ
neiahte	VERB
neih	VERB
neih	ADJ
neiha	ADJ
neihah	ADJ
neihahte	ADJ
neihchhun	NOUN
neihchhun	ADJ
neihdawn	NOUN
neihhum	NOUN
neihlai	ADJ
neihna	ADJ
neihnaah	VERB
neihnun	NOUN
neihnunna	ADJ
neihnunnate	NOUN
neihnunzia	NOUN
neihpui	VERB
neihpuiah	ADJ
neihpuiin	ADJ
neihpuinaah	VERB
neihsa	VERB
neihsak	VERB
neihsak	ADJ
neihsaka	NOUN
neihsan	NOUN
neihsate	ADJ
neihsum	ADJ
neihte	VERB
neihtheih	VERB
neihtir	VERB
neihtìr	NOUN
neihtîr	NOUN
neihtirna	NOUN
neihtîrna	NOUN
neihtirtu	VERB
neihtîrtu	ADJ
neihtur	ADJ
neihzat	NOUN
neihzawng	NOUN
neihzawng	ADJ
neihzâwng	ADJ
neihzia	ADJ
neihzui	ADJ
neiin	ADJ
neiina	ADJ
neilo	ADJ
neilote	ADJ
neilova	ADJ
neimi	VERB
neinung	NOUN
neinung	ADJ
neinungho	ADJ
neinungte	ADJ
neite	ADJ
neitea	NOUN
neitha	NOUN
neitu	ADJ
neitua	ADJ
neituah	NOUN
neituin	ADJ
neitupa	NOUN
neitupain	ADJ
neitute	NOUN
neituten	VERB
nek	VERB
nek	ADV
nêk	VERB
neka	VERB
nekchep	ADJ
nêkchêp	NOUN
nêkchêpa	NOUN
nekchepna	ADJ
nêkchêpna	NOUN
nekin	VERB
nekna	VERB
neksawr	ADJ
nêksâwr	ADJ
neksawrin	ADJ
neksawrnaah	ADV
neksawrnaahte	VERB
nel	VERB
nel	ADJ
nêl	ADV
nelawm	ADJ
nèlawm	NOUN
nêlawm	ADJ
nelawma	ADJ
nelawmna	ADV
nelh	ADJ
nelh	ADV
nelna	NOUN
nel-tiau	NOUN
nel-ṭiau	NOUN
neltlang	ADV
nêltlang	ADV
nem	VERB
nem	ADJ
nem	ADV
ném	ADV
nema	VERB
nêma	ADJ
nemah	NOUN
nêmah	NOUN
nemin	NOUN
nêmin	NOUN
nemkai	VERB
nemnaa	VERB
nemngheh	NOUN
nemngheh	ADJ
nemnghehna	VERB
nemnghehnaah	VERB
nemnghehpui	NOUN
nemnghehpui	VERB
nemnghehpuina	VERB
nemnghehsak	VERB
nemnghet	NOUN
nemnghet	ADJ
nemnghetin	VERB
nemnghettu	NOUN
nemrual	NOUN
nemrualna	ADJ
nemrulna	ADJ
nemte	ADV
nêmte	CCONJ
nen	ADJ
nen	ADV
nen	ADP
nena	ADJ
nèna	ADJ
nêna	ADJ
nenah	ADJ
nênin	ADJ
nep	VERB
nep	ADJ
nêp	VERB
nêp	ADV
nepa	ADJ
nepin	NOUN
nêpin	NOUN
nepna	NOUN
nêpna	NOUN
nepnawi	NOUN
nepnawi	VERB
nepnáwi	NOUN
nepnâwi	VERB
ner	VERB
nersan	VERB
nersan	ADJ
neu	ADJ
néu	NOUN
neuh	ADJ
neuhin	ADJ
neuhna	ADJ
neuhte	ADJ
neuhva	ADJ
neuhvin	ADV
nga	ADJ
nga	ADV
ngah	ADV
ngai	VERB
ngai	ADJ
ngái	NOUN
ngâi	VERB
ngaia	ADJ
ngaiah	VERB
ngaiahnei	VERB
ngaichan	VERB
ngaichang	VERB
ngaichang	ADJ
ngaichâng	ADJ
ngaichânga	ADJ
ngaichangin	NOUN
ngaichângin	VERB
ngaichângtu	VERB
ngaidam	VERB
ngaidam	ADJ
ngâidam	ADJ
ngaidama	NOUN
ngaidamin	ADJ
ngaidamtu	VERB
ngaih	VERB
ngaiha	VERB
ngaihah	ADJ
ngaihai	ADJ
ngaihatawm	VERB
ngaihawm	VERB
ngaihawm	ADJ
ngaihbel	VERB
ngaihchan	VERB
ngaihchàn	ADJ
ngaihchân	VERB
ngaihdam	NOUN
ngaihdam	ADJ
ngaihdamin	ADJ
ngaihdamna	ADJ
ngaihdamte	ADJ
ngaihdan	NOUN
ngaihdan	ADJ
ngaihdân	ADJ
ngaihdana	ADJ
ngaihdanah	VERB
ngaihdanin	NOUN
ngaihhai	VERB
ngaihhih	VERB
ngaihhih	ADJ
ngaihhlu	VERB
ngaihhlut	ADJ
ngaihhlutawm	NOUN
ngaihhlutawm	VERB
ngaihhlutna	VERB
ngaihhlutsak	VERB
ngaihhrui	NOUN
ngaihhruina	NOUN
ngaihhruina	ADJ
ngaihhuatna	ADV
ngaihin	NOUN
ngaihin	VERB
ngaihlohna	VERB
ngaihlu	VERB
ngaihlû	VERB
ngaihlû	ADJ
ngâihlu	VERB
ngâihlû	VERB
ngaihluder	ADJ
ngaihluin	VERB
ngaihlute	VERB
ngaihmawh	VERB
ngaihmawh	ADJ
ngaihmawhawm	NOUN
ngaihmawhawm	VERB
ngaihmelh	NOUN
ngaihmelh	VERB
ngaihmêlh	NOUN
ngaihna	VERB
ngaihna	ADJ
ngaihnaah	NOUN
ngaihnat	ADJ
ngaihnatawm	VERB
ngaihnathiam	ADJ
ngaihnawm	ADJ
ngaihnawma	ADJ
ngaihnawmin	ADJ
ngaihnep	NOUN
ngaihnep	VERB
ngaihnêp	NOUN
ngaihnêp	VERB
ngaihnepa	ADJ
ngaihnêpa	ADJ
ngaihnepawm	VERB
ngaihnêpawm	ADJ
ngaihnêpsak	VERB
ngaihnêpzia	VERB
ngaihneu	ADJ
ngaihnêu	VERB
ngaihngam	NOUN
ngaihnh	ADJ
ngaihno	ADJ
ngaihnobei	VERB
ngaihpawimawh	NOUN
ngaihpawlh	ADJ
ngaihpuitu	VERB
ngaihruat	VERB
ngaihruat	ADJ
ngaih-ruat	ADJ
ngaihruata	NOUN
ngaihruatin	VERB
ngaihruatna	VERB
ngaihruatpui	VERB
ngaihruatsak	NOUN
ngai-hruin	VERB
ngaih-ruina	VERB
ngaihsak	VERB
ngaihsak	ADJ
ngaih-sak	ADJ
ngaihsaka	ADJ
ngaihsakho	ADJ
ngaihsakin	NOUN
ngaihsaklo	ADJ
ngaihsakna	ADJ
ngaihsaknaah	VERB
ngaihsakte	NOUN
ngaihsaktir	NOUN
ngaihsaktu	ADJ
ngaihsaktute	ADJ
ngaihsakzawng	ADJ
ngaihsakzia	ADJ
ngaihsam	NOUN
ngaihsam	VERB
ngaih-sam	ADJ
ngaihsamhote	ADJ
ngaihsamna	ADJ
ngaihsamte	ADJ
ngaihsan	VERB
ngaihsan	ADJ
ngaih-san	VERB
ngaihsàn	VERB
ngaihsân	VERB
ngaihsân	ADJ
ngaih-sân	ADJ
ngaihsana	ADJ
ngaihsanawm	NOUN
ngaihsânawm	NOUN
ngaihsanawmtu	NOUN
ngaihsangtu	ADJ
ngaihsanna	ADJ
ngaihsánpui	NOUN
ngaihsânpui	ADJ
ngaihsantu	ADJ
ngaihsantuten	VERB
ngaihsânzia	VERB
ngaih-se	ADJ
ngaih-sê	NOUN
ngaihsual	VERB
ngaihsualna	ADJ
ngaihtangtlawm	ADJ
ngaihte	VERB
ngaihten	ADJ
ngaih-ten	ADJ
ngaihtha	ADJ
ngaihṭha	ADJ
ngaihțha	VERB
ngaihṭhâa	VERB
ngaihthah	VERB
ngaihthah	ADJ
ngaih-thah	ADJ
ngaihthaha	ADJ
ngaihthahah	NOUN
ngaihthahin	NOUN
ngaihthahna	ADJ
ngaihthahtu	ADJ
ngaihthat	ADJ
ngaihṭhat	NOUN
ngaihthatawm	NOUN
ngaihthatna	ADJ
ngaihṭhatna	ADJ
ngaihthatthlak	ADJ
ngaihtheih	VERB
ngaihthiam	NOUN
ngaihthiam	VERB
ngaihthiamna	ADJ
ngaihthla	ADJ
ngaihthlak	VERB
ngaihthlâk	VERB
ngaihthlaka	ADJ
ngaihthlâka	ADJ
ngaihthlakin	NOUN
ngaihthlâkin	NOUN
ngaihthlakna	VERB
ngaihthlâkna	VERB
ngaihthlaksak	ADJ
ngaihthlâksak	ADJ
ngaihthlakte	VERB
ngaihthlâkte	VERB
ngaihthlâktir	NOUN
ngaihthlâktîr	NOUN
ngaihthlatu	VERB
ngaihthlutna	VERB
ngaihtuah	VERB
ngaih-tuah	VERB
ngaihtuaha	ADJ
ngaihtuahawm	ADJ
ngaihtuahho	ADJ
ngaihtuahhovin	NOUN
ngaihtuahin	NOUN
ngaihtuahna	ADJ
ngaih-tuahna	ADJ
ngaihtuahnaa	ADJ
ngaihtuahnaah	ADJ
ngaihtuahnain	VERB
ngaihtuahnate	NOUN
ngaihtuahpui	VERB
ngaihtuahpuitu	VERB
ngaihtuahsak	ADJ
ngaihtuahsaka	NOUN
ngaihtuahsakin	NOUN
ngaihtuahsakna	ADJ
ngaihtuahsaktu	ADJ
ngaihtuahtawp	VERB
ngaihtuahte	NOUN
ngaihtuahtir	NOUN
ngaihtuahtirna	NOUN
ngaihtuahtu	ADJ
ngaihtuahtute	ADJ
ngaihtuahzia	NOUN
ngaihtuahzui	NOUN
ngaihvarungthawn	ADJ
ngaihvarungthâwn	VERB
ngaihven	VERB
ngaihven	ADJ
ngaih-ven	ADJ
ngaihvena	NOUN
ngaihvenin	ADJ
ngaihvenna	VERB
ngaihvennain	NOUN
ngaihvensak	VERB
ngaihventu	VERB
ngaihzam	VERB
ngaihzawn	NOUN
ngaihzawn	VERB
ngaih-zawn	VERB
ngaihzâwn	NOUN
ngaihzâwn	VERB
ngaih-zâwn	VERB
ngaihzawng	NOUN
ngaihzáwng	VERB
ngaihzâwng	NOUN
ngaihzâwng	VERB
ngaihzawngte	NOUN
ngaihzáwngte	ADJ
ngaihzâwngte	NOUN
ngaihzâwngten	NOUN
ngaihzawnna	VERB
ngaihzâwnna	VERB
ngaihzawntir	ADJ
ngaihzâwntir	ADJ
ngaiin	ADJ
ngâiin	VERB
ngailo	ADJ
ngai-lo	NOUN
ngailoh	ADJ
ngailohna	VERB
ngailova	VERB
ngaimawh	VERB
ngaimawh	ADJ
ngai-mawh	ADJ
ngaimawhawm	NOUN
ngaimawhin	VERB
ngaimawhna	NOUN
ngaimawhsak	NOUN
ngaimawhtu	NOUN
ngaina	VERB
ngaina	ADJ
ngainâ	ADJ
ngainaa	VERB
ngainat	NOUN
ngainata	ADJ
ngainatawm	NOUN
ngainatawm	ADJ
ngainate	ADJ
ngainatna	VERB
ngainatnain	NOUN
ngainattir	ADJ
ngainatu	ADJ
ngainatute	ADJ
ngainatuten	ADJ
ngainatzáwng	ADJ
ngainatzâwng	VERB
ngainatzia	VERB
ngainep	VERB
ngainep	ADJ
ngainêp	VERB
ngainêp	ADJ
ngâinep	VERB
ngâinêp	VERB
ngainepin	NOUN
ngainêpin	NOUN
ngaineptu	VERB
ngainêptu	NOUN
ngai-ngam	VERB
ngaingaw	VERB
ngai-no-bei	VERB
ngaipawimah	ADJ
ngaipawimawh	VERB
ngaipawimawhin	VERB
ngai-po-imawh	VERB
ngaisang	VERB
ngai-sang	VERB
ngaisáng	ADJ
ngaisâng	NOUN
ngai-sâng	VERB
ngâisâng	VERB
ngaisangin	NOUN
ngaisangtu	NOUN
ngaisângtu	ADJ
ngaisângtute	VERB
ngaisangtuten	ADJ
ngaisual	ADJ
ngaisualin	VERB
ngaite	VERB
ngaithangtlawm	ADJ
ngâithangtlâwm	VERB
ngaithei	VERB
ngaithiam	VERB
ngaithla	VERB
ngai-thla	VERB
ngaithlâ	VERB
ngâithla	VERB
ngâithlâ	VERB
ngaithlaa	NOUN
ngaithlâa	NOUN
ngaithlaho	ADJ
ngaithlahote	ADJ
ngaithlain	VERB
ngaithlâin	VERB
ngaithlak	VERB
ngaithlak	ADV
ngaithlâk	NOUN
ngâithlâk	NOUN
ngaithlâte	NOUN
ngaithlatu	NOUN
ngaithlâtu	NOUN
ngaithlatute	ADJ
ngaithlâtute	VERB
ngaithlatuten	NOUN
ngai-tla	VERB
ngaitlatute	NOUN
ngai-to	NOUN
ngaitu	VERB
ngaitute	VERB
ngaizam	VERB
ngâizam	VERB
ngaizawng	NOUN
ngaizawng	VERB
ngaizâwng	NOUN
ngâizâwng	VERB
ngaizawngtu	ADV
ngaizâwngtu	ADV
ngak	NOUN
ngak	ADJ
ngâk	ADJ
ngal	NOUN
ngâl	NOUN
ngalah	ADJ
ngalchak	NOUN
ngalchakte	NOUN
ngal-chang	NOUN
ngal-châng	NOUN
ngalchar	NOUN
ngal-char	NOUN
ngalchâr	NOUN
ngaldum	NOUN
ngaldum	VERB
ngal-fim	NOUN
ngal-fîm	NOUN
ngalhcm	VERB
ngalhem	VERB
ngal-khi	NOUN
ngal-khî	NOUN
ngalphaw	NOUN
ngalphâw	NOUN
ngalrdk	NOUN
ngalrek	NOUN
ngalrêk	NOUN
ngalthazatna	NOUN
ngalthazutna	NOUN
ngalthazûtna	VERB
ngalvapual	NOUN
ngalvazaisa	NOUN
ngalvazaisa	VERB
ngalzem	NOUN
ngalzem	VERB
ngalzêm	VERB
ngam	VERB
ngâm	VERB
ngama	ADJ
ngamawm	ADJ
ngamin	NOUN
ngamlo	ADJ
ngamna	VERB
ngampa	VERB
ngampa	ADJ
ngampat	VERB
ngampat	ADJ
ngampau	ADJ
ngamsak	ADJ
ngamsakin	ADJ
ngamte	VERB
ngamthlem	VERB
ngamthlêm	VERB
ngamthlema	NOUN
ngamthlemin	ADJ
ngamthlemna	ADJ
ngamthlemnain	ADJ
ngamthlêmnain	VERB
ngamthlemnate	NOUN
ngamtîr	ADJ
ngamtîrtu	ADJ
ngam-tlak	NOUN
ngam-tlâk	NOUN
ngamtu	ADJ
ngamtute	ADJ
ngamzia	ADJ
ngan	NOUN
ngan	VERB
ngàn	NOUN
ngân	VERB
ngân	ADJ
ngana	NOUN
ngana	ADJ
ngàna	ADJ
ngâna	NOUN
nganaa	ADJ
ngânaa	ADJ
nganaah	ADJ
nganâah	VERB
ngânaah	VERB
ngan-awm	VERB
ngan-âwm	VERB
ngán-awm	NOUN
ngán-âwm	NOUN
nganbawm	ADJ
nganbâwm	ADJ
ngang	NOUN
ngang	ADV
ngâng	ADJ
ngangte	ADJ
nganin	VERB
ngap	VERB
ngap	ADJ
ngâp	VERB
ngar	VERB
ngar-hem	VERB
ngar-hêm	VERB
ngar-kheng	ADJ
ngar-khêng	ADJ
ngat	VERB
ngat	ADJ
ngat	ADV
ngât	ADV
ngau	NOUN
ngau	VERB
ngâu	NOUN
ngaw	NOUN
ngâw	NOUN
ngawbing	NOUN
ngawbung	NOUN
ngawdur	NOUN
ngawdur	ADJ
ngawhngau	VERB
ngawh-ngo	VERB
ngawhtauh	NOUN
ngawhtauh	VERB
ngawhtauhsan	NOUN
ngawi	VERB
ngâwi	VERB
ngawichawi	VERB
ngawichawi	ADJ
ngâwichâwi	VERB
ngawih	VERB
ngâwih	ADV
ngawiha	NOUN
ngawihâm	NOUN
ngawihem	NOUN
ngawihêm	NOUN
ngâwihem	X
ngâwihêm	X
ngawihin	NOUN
ngawihipui	VERB
ngawihna	VERB
ngawihpui	VERB
ngawihsan	NOUN
ngawihsan	VERB
ngawihsanna	NOUN
ngawihtau	NOUN
ngawihtau	VERB
ngawihtauh	VERB
ngawihtauh	ADJ
ngawihte	VERB
ngawihtir	NOUN
ngawihtîr	NOUN
ngawihup	NOUN
ngawihúp	NOUN
ngawihûp	NOUN
ngâwihup	NOUN
ngâwihúp	ADJ
ngâwihûp	NOUN
ngawin	NOUN
ngawipal	NOUN
ngawipal	ADV
ngâwipal	NOUN
ngawipawl	NOUN
ngâwipawl	NOUN
ngawipui	VERB
ngâwipui	ADJ
ngawirawh	NOUN
ngawirenga	NOUN
ngawi-ruk	NOUN
ngawi-rûk	NOUN
ngâwi-ruk	VERB
ngâwi-rûk	VERB
ngawitau	VERB
ngawitàu	VERB
ngâwitau	VERB
ngâwitàu	VERB
ngâwitâu	ADJ
ngawitauh	ADJ
ngawkar	VERB
ngawl	VERB
ngawl	ADJ
ngawlh	ADJ
ngawlhsan	ADJ
ngawltawt	NOUN
ngawltâwt	NOUN
ngawlvei	NOUN
ngawlveina	ADV
ngawlveite	NOUN
ngawng	VERB
ngawng	ADV
ngawngte	NOUN
ngawpui	ADJ
ngawpuiah	NOUN
ngawr	NOUN
ngawr	ADJ
ngawrh	NOUN
ngawrh	ADJ
ngawrna	ADJ
ngawt	NOUN
ngawt	ADJ
ngâwt	ADV
ngawta	NOUN
ngawtah	NOUN
ngawtbelh	NOUN
ngawte	NOUN
ngâwte	ADJ
ngawthelh	ADJ
ngawtin	NOUN
ngawtlo	ADJ
ngawtna	PART
ngawtte	PART
nge	VERB
nge	ADV
ngeh	ADJ
ngeh/nget	ADJ
ngei	ADJ
ngei	ADV
ngêi	VERB
ngeia	ADJ
ngeiah	ADJ
ngêiah	ADJ
ngeiahte	ADJ
ngeiawm	ADJ
ngeiawmin	VERB
ngeih	VERB
ngeih	ADJ
ngeihna	ADJ
ngeiin	ADJ
ngêiin	NOUN
ngeite	ADJ
ngeitu	ADJ
ngek	NOUN
ngek	VERB
ngek	ADJ
ngek	ADV
ngêk	VERB
ngêk	ADJ
ngêk	ADV
ngel	ADJ
ngel	ADV
ngelh	ADJ
ngelh	ADV
ngelngawl	VERB
ngelngawl	ADJ
ngelngheh	NOUN
ngélngheh	ADJ
ngelnghehna	ADJ
ngelnghet	VERB
ngelnghet	ADJ
ngélnghet	ADJ
ngêlnghet	VERB
ngelngheta	ADV
ngen	NOUN
ngen	VERB
ngèn	NOUN
ngèn	VERB
ngên	NOUN
ngên	VERB
ngena	ADJ
ngeng	VERB
ngeng	ADV
ngêng	VERB
ngêng	ADV
ngenin	NOUN
ngenna	ADJ
ngennate	ADJ
ngenngawl	VERB
ngenngawl	ADJ
ngenngâwl	VERB
ngènngawl	VERB
ngènngâwl	VERB
ngênngawl	ADJ
ngênngáwl	VERB
ngênngâwl	VERB
ngenpui	VERB
ngensak	ADJ
ngênsak	NOUN
ngente	NOUN
ngènte	NOUN
ngênte	NOUN
ngentu	VERB
ngêntu	ADJ
nger	ADV
nget	VERB
ngêt	VERB
ngêtin	NOUN
ngêtna	NOUN
ngfentling	NOUN
ngha	NOUN
nghabual	NOUN
nghadawl	ADJ
nghafei	NOUN
nghafeite	VERB
nghafuan	VERB
nghafunglawr	VERB
nghah	NOUN
nghah	ADJ
nghaha	NOUN
nghahar	ADJ
nghahàr	NOUN
nghahchhan	VERB
nghahchhana	NOUN
nghahchhanin	NOUN
nghahchhanna	NOUN
nghahchhante	VERB
nghahchhhan	VERB
nghahfak	NOUN
nghahfak	ADJ
nghahfâk	NOUN
nghahfâk	VERB
nghahfaka	VERB
nghahfakawm	ADJ
nghahfâkawm	VERB
nghahfâkawm	ADJ
nghahhlel	VERB
nghahhlel	ADJ
nghahhlelh	ADJ
nghahhlelhawm	NOUN
nghahhlelhawm	VERB
nghahhlelhna	VERB
nghahkhlel	ADJ
nghahlelh	NOUN
nghahlelhawm	ADJ
nghahna	NOUN
nghahnaah	VERB
nghahrah	VERB
nghahtir	VERB
nghahtîr	VERB
nghaisa	VERB
nghaisa	ADJ
nghaisâ	VERB
nghaisain	VERB
nghaisak	NOUN
nghaisak	ADJ
nghaisakin	NOUN
nghaisakna	NOUN
nghaisatu	ADJ
nghaisatute	VERB
nghaisatuten	VERB
nghak	VERB
nghâk	VERB
nghakawi	NOUN
nghakàwi	NOUN
nghakâwi	NOUN
nghakhing	NOUN
nghakhlel	VERB
nghakhlel	ADJ
nghak-hlel	VERB
nghakhlêl	ADJ
nghâkhlel	VERB
nghâk-hlel	ADJ
nghâkhlêl	VERB
nghak-hlelh	ADJ
nghakin	NOUN
nghâkin	NOUN
nghaktu	NOUN
nghâktu	NOUN
nghaktunu	ADJ
nghâktunu	ADJ
nghaktunuin	ADJ
nghâktunuin	ADJ
nghaktute	NOUN
nghâktute	NOUN
nghakuai	NOUN
nghakuai	VERB
nghakuaia	NOUN
nghakuaiin	ADJ
nghakulram	ADJ
nghal	NOUN
nghal	ADJ
nghal	ADV
nghàl	ADJ
nghâl	NOUN
nghâl	ADJ
nghâl	ADV
nghala	NOUN
nghalah	NOUN
nghalchang	NOUN
nghalchang	VERB
nghal-chang	NOUN
nghalchhun	VERB
nghalenglutar	NOUN
nghalenglutâr	NOUN
nghalênglutar	ADJ
nghalênglutâr	NOUN
nghaler	NOUN
nghalerh	NOUN
nghalfek	NOUN
nghalhadap	VERB
nghalhadap	ADJ
nghalim	NOUN
nghalin	NOUN
nghalmal	NOUN
nghalmal	X
nghalna	X
nghalpui	NOUN
nghalrher	NOUN
nghalrhèr	ADJ
nghalrual	NOUN
nghalte	NOUN
nghaltu	NOUN
nghameisuih	NOUN
nghami	NOUN
nghamit	NOUN
ngha-ngiai	NOUN
nghaphek	NOUN
nghaphêk	NOUN
nghaphu	NOUN
nghaphû	NOUN
nghaphul	NOUN
nghaphûl	NOUN
nghaphusen	NOUN
nghapui	VERB
nghapuite	NOUN
ngharbawr	X
nghardai	NOUN
ngharmut	NOUN
ngharul	NOUN
ngharûl	NOUN
nghasanghal	ADJ
nghasen	NOUN
nghasen	ADJ
nghat	VERB
nghat	ADJ
nghat	ADV
nghata	NOUN
nghate	NOUN
nghathal	NOUN
nghathinghar	NOUN
nghathinghâr	NOUN
nghathinghlir	NOUN
nghathu	ADJ
nghathû	VERB
nghatin	ADJ
nghatir	NOUN
nghatte	NOUN
nghattu	NOUN
nghattute	NOUN
nghattûte	NOUN
nghatuithar	NOUN
nghatuiṭhar	X
nghatun	ADJ
nghauh	NOUN
nghavang	NOUN
nghavang	X
nghavâng	X
nghavarh	VERB
nghavarh	ADJ
nghavawk	NOUN
nghavawk	VERB
nghawk	NOUN
nghawng	NOUN
nghawng	VERB
nghâwng	NOUN
nghawnga	ADJ
nghâwnga	ADJ
nghawngah	NOUN
nghâwngah	NOUN
nghawngawrh	NOUN
nghawngawrh	ADJ
nghawng-awrh	NOUN
nghâwngawrh	NOUN
nghâwng-awrh	ADJ
nghawngchhuak	ADJ
nghawngin	NOUN
nghâwngin	NOUN
nghawngkawl	NOUN
nghâwngkawl	NOUN
nghawngkawlah	ADJ
nghâwngkawlah	NOUN
nghâwngkawlin	NOUN
nghawngkawlte	NOUN
nghâwngkawlte	NOUN
nghawng-kawr	NOUN
nghâwng-kawr	NOUN
nghawngki	NOUN
nghâwngki	NOUN
nghawngpuar	NOUN
nghâwngpuar	NOUN
nghawngribek	NOUN
nghawngribek	ADV
nghâwngribek	NOUN
nghawngseite	NOUN
nghawngtawt	NOUN
nghawngtawt	VERB
nghâwngtâwt	NOUN
nghawngte	NOUN
nghawng-thlun	NOUN
nghâwng-thlun	ADJ
nghawngtu	VERB
nghawr	VERB
nghawr	ADJ
nghawrin	NOUN
nghawrnghin	NOUN
nghazangrek	ADJ
nghazangrêk	ADJ
nghe	VERB
nghe	ADJ
nghê	ADV
ngheh	VERB
ngheh	ADJ
ngheha	ADJ
nghehchhan	NOUN
nghehin	NOUN
nghehna	NOUN
nghehnaah	NOUN
nghehnate	NOUN
nghehpui	VERB
nghehsak	VERB
nghehtir	ADJ
nghehtîr	VERB
nghehzia	VERB
nghei	VERB
ngheia	NOUN
ngheiin	NOUN
ngheina	NOUN
ngheinaah	NOUN
ngheinaahte	ADJ
ngheite	VERB
ngheitea	VERB
ngheitir	ADJ
ngheitîr	NOUN
ngheitira	ADJ
ngheitirna	ADV
nghek	ADJ
nghel	VERB
nghel	ADJ
nghelh	VERB
nghel-nghet	NOUN
nghen	ADJ
nghen	ADV
nghenchhan	ADV
nghenchhanah	NOUN
ngheng	VERB
nghèng	VERB
nghêng	VERB
nghenga	ADJ
nghênga	ADJ
nghengin	ADJ
nghêngin	NOUN
nghengtawl	VERB
nghenna	ADJ
nghentir	VERB
ngher	ADJ
nghet	VERB
nghet	ADV
nghêt	ADJ
ngheta	ADJ
nghetah	ADJ
nghetin	ADJ
nghetlo	NOUN
nghette	NOUN
nghettu	NOUN
nghettute	ADJ
ngheuh	ADV
nghial	ADJ
nghial	ADV
nghiat	ADJ
nghiat	ADV
nghiau	VERB
nghiau	ADV
nghik	ADV
nghîk	VERB
nghilh	ADV
nghilngheh	VERB
nghilnghet	VERB
nghin	VERB
nghîn	VERB
nghing	VERB
nghing	ADV
nghîng	ADJ
nghinga	ADJ
nghingte	NOUN
nghinin	NOUN
nghinna	ADJ
nghirngho	NOUN
nghirngho	VERB
nghir-ngho	NOUN
nghirnghotu	NOUN
ngho	NOUN
ngho-chang	NOUN
ngho-châng	NOUN
nghoi	NOUN
nghote	VERB
nghunhnam	ADJ
nghur	ADJ
nghura	NOUN
nghut	ADJ
ngiai	ADJ
ngiaii	ADJ
ngiaingiai	ADV
ngial	ADJ
ngialngan	NOUN
ngialngan	ADV
ngialnghehna	VERB
ngiang	VERB
ngiang	ADJ
ngiat	VERB
ngiat	ADV
ngiât	ADJ
ngiata	NOUN
ngiatin	NOUN
ngiatna	NOUN
ngiatte	VERB
ngiau	VERB
ngiáu	VERB
ngidu	ADJ
ngik	ADJ
ngil	NOUN
ngil	VERB
ngîl	ADJ
ngilah	ADJ
ngilna	ADJ
ngilnei	ADJ
ngilneia	NOUN
ngilneih	NOUN
ngilneihna	NOUN
ngilneihna	ADJ
ngilneihnaa	ADJ
ngilneihnaah	NOUN
ngilneihnain	ADJ
ngilneihnate	ADJ
ngilneihzia	NOUN
ngilneihziate	ADJ
ngilneiin	ADV
ngilngel	ADJ
ngilte	NOUN
ngîlte	ADJ
ngiltu	VERB
ngilzia	ADJ
ngin	ADV
nging	ADV
ngirtling	ADJ
ngirtling	ADV
ngiu	ADV
ngo	ADJ
ngo	ADV
ngoh	NOUN
ngokawi	NOUN
ngotekherh	ADJ
ngu	ADV
ngû	ADJ
ngû	ADV
nguai	ADJ
nguai	ADV
nguaina	ADJ
nguak	NOUN
nguak	ADV
ngui	ADJ
nguiah	NOUN
nguiin	ADJ
nguina	ADJ
nguinaah	ADJ
nguithlak	VERB
nguithlâk	VERB
nguk	NOUN
nguk	VERB
ngúk	ADV
ngul	NOUN
ngul	VERB
ngûl	ADJ
ngula	ADJ
ngulah	ADJ
ngûlah	ADJ
ngulin	ADJ
ngulte	NOUN
ngûlte	NOUN
ngum	NOUN
ngùm	NOUN
ngûm	NOUN
ngumruh	NOUN
ngumsit	NOUN
ngumsit	ADV
ngumti	NOUN
ngun	NOUN
ngun	VERB
ngun	ADJ
ngûn	NOUN
ngûn	ADV
nguna	ADV
ngung	NOUN
ngung	ADJ
ngûng	NOUN
ngunhnam	NOUN
ngunhnâm	NOUN
ngunhnâm	VERB
ngûnhnam	NOUN
ngûnhnâm	NOUN
ngûnhnâm	VERB
ngunhnamin	ADJ
ngunhnâmin	NOUN
ngunin	NOUN
ngunkual	NOUN
ngunkuàl	NOUN
ngûnkual	NOUN
ngûnkuàl	ADJ
ngunna	NOUN
nguntakin	NOUN
nguntang	NOUN
nguntâng	NOUN
ngûntang	NOUN
ngûntâng	NOUN
ngunte-thi	NOUN
ngunte-ṭhi	NOUN
ngûnte-thi	X
ngûnte-ṭhi	X
ngunthluk	ADJ
ngunthlûk	ADJ
ngunthluka	ADJ
ngur	NOUN
ngur	VERB
ngur	ADV
ngûr	NOUN
ngûr	VERB
ngûr	ADJ
ngûr	ADV
ngura	ADJ
ngurchuai	ADJ
ngûrchuai	ADJ
ngut	ADV
ngût	ADV
ngutin	NOUN
ni	VERB
ni	ADV
nî	ADV
níah	ADV
nîah	ADJ
nîahte	NOUN
ni-ar	X
ni-âr	X
niau-khak	X
niau-khák	ADJ
niau-khâk	ADJ
nichhuak	ADV
nichin	ADJ
nichina	ADV
nichinah	ADJ
nichungin	ADJ
nidang	ADJ
nidanga	ADJ
nidangah	VERB
nieng	NOUN
nih	VERB
nihah	NOUN
nihawi	NOUN
nìhawi	ADJ
nihawichi	ADJ
nihbel	ADJ
nihbîk	ADJ
nihdan	ADJ
nihlai	ADJ
nihlaia	ADJ
nihlaiin	ADJ
nihlawh	ADJ
nihlawhah	NOUN
nihlawhin	ADJ
nihlawhna	ADV
nihlawhthlak	NOUN
nihlawhthlak	ADJ
nihlawhthlâk	ADJ
nihlawhthlâk	ADV
nihlawhzia	NOUN
nihliap	NOUN
nihliap	VERB
nihna	ADJ
nihnaa	ADJ
nihnaah	ADJ
nihnate	ADJ
nihphung	ADJ
nihpui	VERB
nihte	VERB
nihtir	ADJ
nihtîr	NOUN
nihtíra	ADJ
nihtirtu	ADJ
nihtum	ADJ
nihzia	ADJ
nihziate	ADJ
niin	VERB
nîin	VERB
ni-kang	NOUN
nikhat	X
nikhata	ADJ
nikhatah	VERB
nikhaw	VERB
nikhua	ADJ
nikhuaah	ADJ
nikhualo	NOUN
nikin	ADJ
nikulh	NOUN
nikum	NOUN
nikum	ADJ
nikumah	ADV
nil	NOUN
nilai	VERB
nilai	ADJ
nilaini	NOUN
nilainiah	NOUN
nilaithawhtan	ADJ
nilaithawhṭan	ADV
nilen	ADV
nilèn	ADJ
nilên	ADJ
nileng	NOUN
nileng	VERB
nileng	ADJ
niléng	ADV
nilêng	NOUN
nilêng	VERB
nilêng	ADV
nilenga	ADJ
nilênga	ADJ
nilengin	NOUN
nilêngin	ADJ
nilinaah	ADJ
nilo	ADJ
nilovin	CCONJ
nilum	CCONJ
nimahse	CCONJ
nimahsela	CCONJ
nimahselah	ADJ
nimahzela	NOUN
nimin	NOUN
nimina	ADJ
niminah	VERB
niminpiah	ADJ
nin	NOUN
nin	ADJ
ninawm	VERB
ninawm	ADV
ning	VERB
ning	ADJ
ninga	ADJ
ningânaah	NOUN
ningangni	NOUN
ningani	NOUN
ningani	ADJ
ningchawn	ADJ
ningkhawng	ADJ
ningnawi	ADJ
ningnâwi	NOUN
ningnâwite	ADJ
ningzu	ADJ
ninhlei	ADJ
ninhleia	NOUN
ninhleipui	ADJ
ninna	VERB
nintawh	ADJ
nip	NOUN
nipui	ADV
nipuia	VERB
nipuiah	NOUN
niruk	ADJ
nisâ	ADJ
nisaah	ADJ
nisâin	ADJ
nisapui	ADJ
nisarih	CCONJ
nisat	NOUN
nise	NOUN
nisi	ADJ
nisik	ADJ
nitâwpna	ADJ
nite	ADJ
nîte	ADJ
nitein	ADJ
nithum	ADJ
nitin	ADJ
nitina	ADJ
nitinin	ADJ
nitla	ADJ
nitlak	ADJ
nitlâk	ADJ
niu	ADJ
nizan	ADJ
nizân	ADJ
nizana	ADJ
nizâna	ADJ
nizanah	ADJ
nizânah	NOUN
nizung	NOUN
nomawi	NOUN
nopui	ADJ
notê	ADJ
noteah	ADJ
noten	VERB
notête	NOUN
nuai	ADJ
nuaia	VERB
nuaiah	ADJ
nuaibo	ADJ
nuaih	ADJ
nuaiha	ADJ
nuaihhnih	ADJ
nuaihin	ADJ
nuaihkhat	ADJ
nuaihnih	ADJ
nuaiin	NOUN
nuaikhat	ADJ
nuaina	ADJ
nuainawk	ADJ
nuainâwk	ADJ
nuainga	ADJ
nuairiat	ADJ
nuairuk	VERB
nuaithum	NOUN
nuaitîr	ADJ
nuaitu	ADJ
nual	ADJ
nuala	NOUN
nualin	ADJ
nualna	VERB
nuam	VERB
nuama	ADJ
nuamah	ADJ
nuamin	ADJ
nuamlo	ADJ
nuamsa	ADJ
nuamsak	ADJ
nuamsam	ADJ
nuamsate	NOUN
nuamsâte	ADJ
nuamsip	VERB
nuamsipbawl	NOUN
nuamtâwl	ADJ
nuamtâwlna	ADJ
nuamtawlpuite	VERB
nuamte	VERB
nuar	NOUN
nuar	VERB
nufa	NOUN
nuhah	ADJ
nuho	VERB
nuhovin	VERB
nui	VERB
nuih	ADV
nuiha	ADJ
nuihdun	ADJ
nuihhmel	NOUN
nuihin	VERB
nuihna	VERB
nuihpui	ADJ
nuihsan	NOUN
nuihsanin	NOUN
nuihsanna	ADJ
nuihsantute	VERB
nuihsantuten	NOUN
nuihsawh	NOUN
nuihsawhna	NOUN
nuihsawhtu	VERB
nuihsawhtute	ADJ
nuihtîr	ADJ
nuihza	ADJ
nuihzat	ADJ
nuihzata	ADJ
nuihzatbur	ADJ
nuihzatbûr	ADJ
nuihzatbura	ADJ
nuihzatbûrah	ADJ
nuihzathlak	ADJ
nuihzathlâk	NOUN
nuihzatin	ADJ
nuihzatna	ADJ
nuihzatthlak	NOUN
nuihzatthlâk	ADJ
nuihzattu	ADJ
nuin	ADJ
nûin	ADJ
nuite	NOUN
nuizatthlak	ADV
nula	VERB
nulaho	ADJ
nulahote	X
nulâin	ADJ
nulate	ADJ
nulâte	NOUN
nulaten	ADJ
nulatna	VERB
nulatpuite	VERB
nun	NOUN
nunah	NOUN
nunau	ADJ
nunaute	ADJ
nunbul	ADJ
nunchan	ADJ
nunchang	ADJ
nunchhia	ADJ
nunchhiat	ADJ
nunchhiate	ADJ
nunchhiatthlak	ADJ
nunchhuahpui	ADJ
nundan	ADJ
nundân	VERB
nundana	ADJ
nung	ADJ
nunga	NOUN
nungah	NOUN
nungcha	ADJ
nungchâ	ADJ
nungchang	ADJ
nungchangah	ADJ
nungchangina	NOUN
nungchangte	ADJ
nungchate	ADJ
nungdama	ADJ
nungdamin	ADJ
nungdamte	VERB
nungin	NOUN
nungkhawchhuak	ADJ
nungkhiwng	ADJ
nungtak	ADJ
nungte	ADJ
nungten	ADJ
nunhlui	ADJ
nunhluiah	NOUN
nunin	NOUN
nunkawng	ADJ
nunkhaw	NOUN
nunkhawnawm	ADJ
nunkhawnawmna	NOUN
nunkhua	ADJ
nunna	ADJ
nunnaa	ADJ
nunnaah	ADJ
nunnate	ADJ
nunnem	NOUN
nunnêm	NOUN
nunnemna	ADJ
nunnêmna	ADJ
nunnemnain	ADJ
nunnêmnain	NOUN
nunnemte	ADJ
nunngîla	ADJ
nunngîlte	ADJ
nunphung	ADJ
nunphunga	ADJ
nunphungah	ADJ
nunphungte	NOUN
nunpui	ADJ
nunpuitu	ADJ
nunpuizia	ADJ
nunrawn	VERB
nunrâwn	VERB
nunrawng	ADJ
nunrâwng	ADJ
nunrâwngho	ADJ
nunrawngin	ADJ
nunrawngte	ADJ
nunrâwngte	ADJ
nunrawngten	NOUN
nunrawngzia	NOUN
nunrawnna	NOUN
nunrâwnna	ADJ
nunrâwnnaa	ADJ
nunrawnnain	ADJ
nunrawnthlak	ADJ
nunthar	ADJ
nuntlang	ADJ
nunzia	NOUN
nupa	NOUN
nupaa	NOUN
nupui	VERB
nupuia	ADJ
nupuiah	ADJ
nupuiahte	ADJ
nupuiho	ADJ
nupuiin	ADJ
nupuite	VERB
nupuiten	ADJ
nut	ADJ
nutapa	ADJ
nutate	ADJ
nuṭate	ADJ
nuṭâte	NOUN
nuten	NOUN
nuthai	NOUN
nuthlawi	NOUN
nutling	ADV
o	ADJ
or	ADV
ou	NOUN
ou	ADJ
ouh	ADJ
ouh	ADV
p&	ADJ
pa	NOUN
pa	ADJ
pa	ADV
pa	ADP
pâ	NOUN
paah	NOUN
pâah	ADJ
pa-ardang	NOUN
pa-berh	NOUN
pa-bung	ADJ
pa-bûng	NOUN
pachal	NOUN
pachang	NOUN
pachang	ADJ
pa-chang	NOUN
pachanga	NOUN
pachangah	ADJ
pachanna	ADJ
pachhe	ADJ
pachhe	X
pachhia	ADJ
pachhiain	NOUN
pachhiat	ADJ
pachhiate	NOUN
pachhiaten	ADJ
pachhiatna	ADJ
pachhiatzia	NOUN
pachhungate	X
pachuau	NOUN
pachuau	X
pa-dawp	NOUN
pa-dâwp	NOUN
pa-fa	ADJ
pâ-fâ	ADJ
pafe	ADJ
pa-fe	ADJ
pa-fê	ADJ
pâ-fe	NOUN
pâ-fê	ADV
pah	NOUN
pah	ADV
pahin	NOUN
pahin	ADJ
pahmei	NOUN
pahmei-nu	ADJ
pa-hnahkhar	NOUN
pahnih	NOUN
pahnih	ADJ
pahniha	ADJ
pahnihah	ADJ
pahnihin	NOUN
pahnihina	NOUN
pahnih-khat	NOUN
pahnihna	ADJ
pahnihnaa	ADJ
pahnihnaah	ADJ
pahnihte	ADJ
pahnihten	NOUN
pahnihthum	NOUN
paho	NOUN
pâho	NOUN
pa-hrawn	ADJ
pahrawnte	NOUN
pahte	NOUN
pai	VERB
pâi	VERB
paia	ADJ
pâia	ADJ
paiah	ADJ
pâiah	VERB
paibawm	VERB
pai-dai	NOUN
pâi-dâi	NOUN
pai-em	NOUN
pai-êm	NOUN
paih	NOUN
paih	VERB
pai-hawl	VERB
paihbo	ADJ
paihchhuah	NOUN
paihchhuahin	VERB
paihchhuahna	NOUN
paihchhuak	NOUN
paihe	ADJ
paihé	NOUN
paihin	VERB
paihkhawmna	NOUN
paihlut	NOUN
paihna	ADJ
paihnaah	NOUN
paihnate	NOUN
pai-hrui	VERB
pâi-hrui	VERB
paihsak	NOUN
paihsak	ADJ
paihte	ADJ
paihten	ADJ
paihthla	VERB
paihthlain	VERB
paihthlak	ADJ
paihthlâk	ADJ
paihthlakin	NOUN
paihthlâkin	VERB
paihthlakna	VERB
paihthlaksak	NOUN
paihthlâksak	VERB
paihthlatu	NOUN
paihtîr	NOUN
paihtu	ADJ
paihtute	ADJ
paiin	NOUN
pâiin	NOUN
paikawng	NOUN
paikâwng	NOUN
paikhat	ADJ
pâin	NOUN
paina	VERB
pâina	VERB
pai-paw-lawn	VERB
pai-paw-làwn	VERB
paipawn	VERB
paipàwn	VERB
paipâwn	NOUN
pâipawn	NOUN
pai-per	NOUN
pai-pèr	NOUN
pair	VERB
pai-ral	NOUN
pái-ral	VERB
paisa	VERB
pai-tawih	NOUN
pái-tawih	NOUN
paitawihna	VERB
pâite	VERB
paitir	NOUN
paitîr	NOUN
paitu	NOUN
pâitu	NOUN
pai-tung	NOUN
pâi-tung	ADJ
pai-vun	VERB
pak	VERB
pak	ADJ
pak	X
pâk	VERB
pakai	VERB
pakâi	VERB
pakâia	NOUN
pakaiin	VERB
pakaina	VERB
pakaisan	NOUN
pakaisan	VERB
pakaitir	NOUN
pakar	ADJ
pakâr	X
pakaw	NOUN
pak-chheih-khah	NOUN
pa-khang-bun	ADV
pa-khâng-bun	ADV
pakhat	ADJ
pakhata	ADJ
pakhatah	ADJ
pakhatin	PRON
pakhatina	NUM
pakhatmah	ADJ
pakhatna	ADJ
pakhatnaa	NUM
pakhatnaah	ADJ
pakua	ADJ
pakuaa	ADJ
pakuaahte	ADJ
pakuana	ADJ
pakuanaah	ADV
pakuate	NOUN
pal	NOUN
palai	VERB
palaia	ADJ
palaiho	ADJ
palailengah	NOUN
palailêngah	NOUN
palaina	ADJ
palaite	VERB
palaiten	NOUN
palaitir	NOUN
palak	ADJ
palchawi	VERB
palh	ADJ
palha	NOUN
palhin	ADJ
palhna	NOUN
palhte	ADJ
palhtu	ADJ
pali	ADJ
palî	ADJ
palia	ADJ
palîa	ADJ
paliah	ADJ
paliin	ADJ
palîin	ADJ
paliina	ADJ
palin	ADJ
palina	ADJ
palîna	ADJ
palinaa	ADJ
palinaah	ADJ
palînaah	ADJ
palite	ADJ
palîte	ADJ
paliten	ADJ
palsak	ADJ
palsang	ADJ
palte	ADJ
paltlang	ADJ
paltlanga	ADJ
paltlangin	ADJ
paltlangnaah	VERB
paltlangte	VERB
palzam	VERB
palzut	ADJ
palzût	NOUN
palzutin	NOUN
palzutna	ADJ
palzûtna	NOUN
palzûtsak	NOUN
palzuttu	VERB
palzûttu	ADJ
pam	ADJ
pamal	ADJ
pamham	VERB
pamhmai	VERB
pamtul	VERB
pamţul	VERB
pamṭul	NOUN
pâmtul	ADJ
pamtulna	NOUN
pan	NOUN
pana	NOUN
panchhia	ADJ
pânchhia	ADJ
paneilo	ADJ
paneilote	ADJ
pang	NOUN
pang	VERB
pang	ADJ
pâng	NOUN
panga	ADJ
pangâ	ADJ
pangaa	ADJ
pangâa	ADJ
pangaah	ADJ
pangâah	ADJ
pangah	NOUN
pangahte	NOUN
pangana	ADJ
pangana	NUM
pangâna	ADJ
pangâna	NUM
panganaah	NOUN
pangânaah	NOUN
pangang	NOUN
pangang	X
panganghling	VERB
panganghling	ADJ
panganghlîng	ADJ
pangangin	ADJ
pangangte	ADJ
pangangten	ADJ
pangate	ADJ
pangâte	ADJ
pangaten	NOUN
pangâten	NOUN
pangbal	VERB
pang-bal	NOUN
pâng-bâl	ADJ
pangchan	VERB
pangchang	NOUN
pangchang	ADV
pangchanna	NOUN
pangchat	VERB
pangchât	NOUN
pangchhang	ADJ
pangchit	ADJ
pang-chuam	ADJ
pâng-chuâm	ADJ
pangin	NOUN
pangkai	NOUN
pangkâi	NOUN
pang-kar	ADJ
pang-kâr	ADJ
pangkhat	NOUN
pangkhing	NOUN
pang-khing	NOUN
pang-la	ADJ
pâng-lâ	ADJ
pang-lawi	ADJ
pang-lâwi	ADJ
pangnai	ADJ
pangngai	ADJ
pângngai	ADJ
pangngaia	ADJ
pangngaiah	ADJ
pângngaiah	ADJ
pangngaiha	ADJ
pangngaiin	ADJ
pângngaiin	NOUN
pangngaite	NOUN
pangpar	NOUN
pangpâr	NOUN
pangpara	NOUN
pangparah	NOUN
pangparh	VERB
pangparh	ADJ
pângparh	NOUN
pângparh	VERB
pangparin	NOUN
pangpar-me	NOUN
pangpar-mê	NOUN
pangpâr-me	ADJ
pangpâr-mê	ADJ
pangpârte	NOUN
pangparten	NOUN
pangper	NOUN
pang-per	ADJ
pang-pèr	ADJ
pangpêr	NOUN
pangpera	NOUN
pangperte	NOUN
pangpui	NOUN
pângpui	NOUN
pangrem	VERB
pangsa	VERB
pang-sa	ADJ
pang-sâ	ADJ
pangte	NOUN
pangti	ADJ
pang-ti	ADJ
pangtia	NOUN
pangtîah	ADJ
pangtichawr	ADJ
pangtîin	NOUN
pangzawk	ADJ
panhnah	ADJ
panin	ADJ
pânin	ADJ
panlai	NOUN
panlâi	ADJ
pânna	ADJ
pannaah	VERB
panngai	ADJ
panpui	ADJ
pansan	VERB
pânte	NOUN
pantir	ADJ
pantu	ADJ
pantute	NOUN
papal	NOUN
papui	NOUN
par	VERB
parachut	NOUN
paran	ADJ
parandi	NOUN
parawlin	VERB
parbawr	NOUN
parchhuak	X
pardi	X
pa-reng	NOUN
parfung	VERB
pârfung	VERB
parfungte	ADV
pârfungte	VERB
parh	NOUN
parh	VERB
parh	ADJ
parhlo	ADJ
parhna	NOUN
pariat	ADJ
pariat	NUM
pariata	ADJ
pariatah	NOUN
pariatin	NOUN
pariatna	ADJ
pariatnaah	ADJ
pariatte	NOUN
pariatten	NOUN
parmawi	NOUN
parpui	NOUN
pârpui	NOUN
par-ro	NOUN
pàr-ro	NOUN
par-saingho	NOUN
pâr-saingho	NOUN
parsen	NOUN
parsen	ADV
pàrsen	NOUN
parsi	NOUN
parte	NOUN
pârte	NOUN
parthi	NOUN
parṭhi	NOUN
pârthi	NOUN
pârṭhî	NOUN
partian	NOUN
partlan	VERB
par-tlan	ADV
pârtlan	VERB
pâr-tlan	NOUN
parual	VERB
parual	ADJ
paruana	NOUN
paruk	ADJ
paruk	NUM
paruka	ADJ
parukah	NOUN
parukin	NOUN
parukna	ADJ
paruknaah	ADJ
parukte	NOUN
parukten	NOUN
parva	NOUN
pârva	NOUN
pa-saibeng	NOUN
pasal	NOUN
pasal	VERB
pasala	ADJ
pasalah	NOUN
pasalin	NOUN
pasaltakaza	NOUN
pasaltakazâ	ADJ
pasalte	NOUN
pasalten	NOUN
pasaltha	NOUN
pasal-tha	NOUN
pasalṭha	NOUN
pasalṭhâ	ADJ
pasalțha	ADJ
pasalthaa	ADJ
pasalṭhaah	NOUN
pasalthat	ADJ
pasalthate	ADJ
pasalṭhate	NOUN
pasalṭhâte	NOUN
pasalthatna	ADJ
pasalṭhatna	NOUN
pasarih	ADJ
pasarih	NUM
pasariha	ADJ
pasarihah	NOUN
pasarihin	NOUN
pasarihna	ADJ
pasarihnaah	ADJ
pasarihte	NOUN
pasarihten	NOUN
pasawntlung	NOUN
pa-se-ek	NOUN
pa-se-êk	NOUN
pasi	NOUN
pasi	VERB
pastor	NOUN
pata	ADJ
patâ	ADJ
pate	ADJ
pa-te	NOUN
paté	NOUN
pa-té	NOUN
pâte	ADJ
pateho	NOUN
pat-ek	NOUN
pat-êk	NOUN
pát-ek	ADJ
pát-êk	ADJ
paten	ADJ
pâten	ADJ
pathian	NOUN
pathian	VERB
paṭhian	VERB
pathiana	ADJ
pathianah	ADJ
paṭhianah	ADJ
pathianho	ADJ
pathianhote	ADJ
pathianin	ADJ
paṭhianin	NOUN
pathianina	ADJ
pathianna	ADJ
pathianni	NOUN
pathianni	ADJ
paṭhianni	ADJ
pathiannia	ADJ
pathianniah	ADJ
paṭhianniah	ADJ
pathiannu	ADJ
paṭhiannu	ADJ
pathiante	ADJ
paṭhiante	ADJ
pathiantein	ADJ
pathianten	NOUN
pathianthuah	NOUN
pa-thlang	NOUN
pathlawi	NOUN
pathlawi	ADJ
pathláwi	NOUN
pathlawiho	NOUN
pathlawite	ADJ
pa-thuah	NOUN
pathum	ADJ
pathum	NUM
pathuma	NOUN
pathumah	ADJ
pathumho	NOUN
pathumin	ADJ
pathumna	ADJ
pathumnaa	ADJ
pathumnaah	ADJ
pathumnain	ADJ
pathumte	NOUN
pathumten	NOUN
pa-thur	NOUN
pa-thûr	NOUN
pa-til	ADJ
pâ-til	ADJ
pa-tir	ADJ
patla	NOUN
patling	VERB
patling	ADJ
patling	X
patlingin	ADJ
patlingte	ADJ
pa-tuai	NOUN
pa-tung	NOUN
pau	NOUN
paû	ADJ
pau-dar	ADJ
paukhauh	NOUN
paukhauh	VERB
paukhauh	ADJ
páukhauh	VERB
páukhauh	ADJ
pâukhauh	ADJ
paukhauhna	NOUN
pa-un	ADJ
pau-rau	NOUN
pâu-râu	NOUN
pautu	NOUN
pa-va	VERB
pâ-vâ	NOUN
paw	NOUN
paw	VERB
páw	VERB
pawchhuak	VERB
pawh	NOUN
pawh	VERB
pawhah	VERB
pawhan	NOUN
pawhchah	NOUN
pawhchhiat	NOUN
pawhchhuah	ADJ
pawhchhuahin	ADJ
pawhchhuahte	VERB
pawhdawh	ADJ
pawhfan	ADJ
pawhin	NOUN
pawhina	VERB
pawhna	VERB
pawhpên	VERB
pawhsak	VERB
pawhsei	VERB
pawhtawi	VERB
pawhthlak	VERB
pawhthler	ADJ
pawhthlêr	VERB
pawhthlêrte	NOUN
pawhtîr	ADJ
pawhtu	ADJ
pawi	VERB
pâwi	VERB
pawih	VERB
pawiha	ADJ
pawihfak	VERB
pawihte	ADJ
pawikhawihnaah	NOUN
pawikhawihnate	ADJ
pawikhawihtu	ADJ
pawikhawihtua	ADJ
pawikhawihtuah	ADJ
pawikhawihtute	NOUN
pawilo	ADJ
pawilohna	ADJ
pawimawh	ADJ
pawimawhah	ADJ
pawimawhin	NOUN
pawimawhlo	ADJ
pawimawhna	ADJ
pawimawhnate	NOUN
pawimawhte	ADJ
pawimawhtu	ADJ
pawimawhzia	NOUN
pawimawhziate	NOUN
pawipang	ADJ
pawisa	ADJ
pawisâa	VERB
pawisaah	ADJ
pawisak	NOUN
pawisaka	ADJ
pawisakna	NOUN
pawisate	NOUN
pawisatu	ADJ
pawisatû	VERB
pawisatute	NOUN
pawisawi	ADJ
pawisawina	ADJ
pawite	VERB
pawithei	NOUN
pawiti	ADJ
pawitihna	ADJ
pawizia	ADV
pawk	ADJ
pawl	NOUN
pawl	ADJ
páwl	ADJ
pâwl	NOUN
pâwl	ADJ
pawla	ADJ
páwla	NOUN
pâwla	ADJ
pawlah	ADJ
pâwlah	NOUN
pawlawh	ADJ
pawlawhna	ADJ
pawlh	ADJ
pâwlh	ADJ
pawlha	ADJ
pâwlhhote	NOUN
pawlhin	NOUN
pawlhna	NOUN
pawlho	ADJ
pâwlho	ADJ
pawlhote	ADJ
pâwlhote	ADJ
pawlhovin	VERB
pawlhsa	VERB
pawlhsak	NOUN
pawlhtir	ADJ
pawlhtu	ADJ
pawlin	NOUN
pâwlin	NOUN
pawlkut	NOUN
pawlna	ADJ
pâwlna	ADJ
pawlnaa	ADJ
pawlpui	ADJ
pâwlpui	ADJ
pawlpuite	ADJ
pâwlpuite	ADJ
pawlte	ADJ
pâwlte	ADJ
pawlten	ADJ
pâwlten	NOUN
pawltlak	NOUN
pawltu	ADJ
pâwltu	VERB
pawm	VERB
pawma	ADJ
pawmawm	ADJ
pawmchilh	ADJ
pawmdan	VERB
pawmdân	ADJ
pawmham	ADJ
pawmin	ADJ
pawmlai	ADJ
pawmlâi	ADJ
pawmlo	NOUN
pawmman	VERB
pawmna	ADJ
pawmpui	ADJ
pawmpuia	NOUN
pawmpuiin	ADJ
pawmpuina	ADJ
pawmpuinaa	VERB
pawmpuinain	ADJ
pawmsak	ADJ
pawmta	VERB
pawmte	ADJ
pawmtir	ADJ
pawmtlak	ADJ
pawmtlâk	VERB
pâwmtlâk	NOUN
pawmtlei	ADJ
pawmtu	NOUN
pawmtuin	NOUN
pawmtunu	ADJ
pawmtupa	ADJ
pawmtute	VERB
pawmtuteah	ADJ
pawmzam	ADJ
pawn	ADJ
páwn	NOUN
pâwn	NOUN
pawna	ADJ
pâwna	ADJ
pawnah	NOUN
pâwnah	NOUN
pawnbu	NOUN
pawnchei	ADJ
pawnchhia	NOUN
pawnchhuah	NOUN
pawndum	NOUN
pawndum	ADJ
pawnfen	NOUN
pawnfèn	NOUN
pawnfên	ADJ
pawnfênah	ADJ
pawng	NOUN
pawng	VERB
pawng	ADJ
pâwng	NOUN
pâwng	VERB
pâwng	ADJ
pãwng	ADJ
pawnga	ADJ
pâwnga	ADJ
pawngah	NOUN
pawngahte	NOUN
pawngeklir	NOUN
pawngêklir	NOUN
pâwngeklir	ADJ
pâwngêklir	VERB
pawngkah	VERB
pâwnglâk	NOUN
pawnglang	VERB
pawngnawrna	VERB
pawngnek	VERB
pâwngnek	ADJ
pâwngnêk	ADJ
pawngnekin	NOUN
pawngnêkin	NOUN
pawngnekna	NOUN
pawngnêkna	ADJ
pâwngnêkna	ADJ
pâwngnêknain	ADV
pawngpaw	VERB
pawngpaw	ADV
pâwngpaw	ADJ
pawngpawrh	X
pawngpawrhlo	VERB
pawngsual	ADJ
pâwngsual	ADJ
pawngsuala	ADJ
pâwngsuala	ADJ
pawngsualah	ADJ
pâwngsualsak	NOUN
pawngsualte	NOUN
pawngsualtu	ADJ
pâwngsualtu	ADJ
pawngsualtua	ADJ
pawngte	NOUN
pâwngte	ADJ
pâwngtihna	ADJ
pâwnin	ADJ
pawnlam	ADJ
pâwnlam	ADJ
pawnlama	ADJ
pawnlamah	ADJ
pawnlang	ADJ
pawnlâng	NOUN
pawnler	VERB
pawnpui	VERB
pawnte	NOUN
pâwnte	ADJ
pawnthem	NOUN
pawnthema	NOUN
pawnthuah	NOUN
pawnvar	ADJ
pâwnvâr	ADV
pawp	ADJ
pawpa	ADJ
pawpah	ADJ
pawpahte	ADJ
pawpin	ADJ
pawpte	VERB
pawr	ADV
pâwr	ADJ
pawrh	ADV
pawrhna	ADV
pawt	VERB
pâwt	VERB
pawtchhuak	VERB
pawtna	VERB
pawtpeng	VERB
pawtsawm	VERB
pawtsei	VERB
pawtthla	VERB
pawtthler	ADJ
pawtthlêr	NOUN
pawtthlêrin	ADJ
pawttu	NOUN
pawttute	NOUN
pa-zawn	NOUN
pazawngbeng	VERB
pazâwngbeng	VERB
pbuan	VERB
pe	VERB
peh	VERB
peih	ADV
pêin	VERB
pek	NOUN
pek	VERB
pêk	NOUN
pêka	NOUN
pêkah	NOUN
pêkan	ADJ
pêkate	ADJ
pêkhote	VERB
pêkin	NOUN
pêkkîr	VERB
pêkna	ADJ
pêksak	ADJ
pêkte	VERB
pêkteho	ADJ
pêktîr	VERB
pêktura	ADJ
pel	VERB
pêla	NOUN
pelhe	ADJ
pêlin	NOUN
pêlsakin	VERB
pêltu	ADV
pêmdarhho	VERB
pêmho	VERB
pen	VERB
pênchhuah	NOUN
pênchhuahna	NOUN
pênchhuak	VERB
pencil	VERB
peng	ADJ
pêng	ADJ
penga	ADJ
pênga	ADJ
pengah	ADJ
pêngah	ADJ
pengahte	ADJ
pêngahte	ADJ
pengho	ADJ
pengin	VERB
pêngin	VERB
pengkawi	NOUN
pengpui	NOUN
pêngpuite	NOUN
pengte	NOUN
pêngte	ADJ
pengtea	ADJ
pêngṭhuam	NOUN
penhleh	ADJ
penhlehna	ADJ
penin	NOUN
pênin	NOUN
penna	NOUN
pènna	VERB
pênna	VERB
pênsak	VERB
pensan	ADJ
pênsan	NOUN
pênsana	NOUN
pensanna	NOUN
pensantu	VERB
pênsantute	NOUN
pensawn	ADJ
pensil	NOUN
pentawng	NOUN
pentâwng	NOUN
penṭawng	VERB
penṭawng	ADJ
penṭâwng	ADJ
pente	VERB
pênte	VERB
pentir	NOUN
pêntîr	NOUN
pentirna	ADV
pentui	ADV
pep	NOUN
per	VERB
pèr	ADV
pêr	VERB
pêr	ADV
pera	NOUN
perekin	VERB
perh	VERB
perhkhuang	ADJ
perhkhuangah	ADJ
perhkhuangin	NOUN
perhkhuangte	NOUN
perhpawng	NOUN
perhpawng	X
perhpàwng	NOUN
perhpâwng	X
perhte	VERB
perhté	VERB
perhtir	VERB
perkai	NOUN
perkai	VERB
perkâi	X
pern	X
perngo	NOUN
perngo	ADV
persen	VERB
persen	ADV
pèrsen	ADV
pet	VERB
pêt	VERB
petchhuahsak	ADJ
petek	ADJ
peteksan	VERB
petekte	VERB
petektir	NOUN
petektîr	NOUN
petna	NOUN
pettu	ADJ
petu	ADJ
petuah	NOUN
petûah	NOUN
petute	NOUN
pha	VERB
pha	ADV
phà	VERB
phâ	ADV
phâa	VERB
phah	VERB
phaha	NOUN
phahin	NOUN
phahna	VERB
phahna	ADJ
phahsak	ADJ
phahte	ADJ
phahzia	ADJ
phai	NOUN
phai	ADV
phâi	NOUN
phâi	ADV
phaia	ADJ
phâia	ADJ
phaiah	ADJ
phâiah	VERB
phaiahte	ADJ
phaib	NOUN
phai-bawm	VERB
phai-bawm	ADJ
phaibâwm	NOUN
phâi-bâwm	VERB
phâi-bâwm	ADJ
phai-hnawng	ADJ
phai-hnàwng	ADJ
phâi-hnawng	ADJ
phâi-hnàwng	ADJ
phaikuam	ADJ
phailam	ADJ
phailama	ADJ
phâin	NOUN
phainuam	NOUN
phai-nul	NOUN
phai-nûl	NOUN
phâi-nul	NOUN
phâi-nûl	NOUN
phai-phak	NOUN
phâi-phâk	NOUN
phai-phek	NOUN
phai-phêk	NOUN
phâi-phek	NOUN
phâi-phêk	NOUN
phaipheng	NOUN
phaiphêng	NOUN
phâipheng	VERB
phâiphêng	VERB
phai-phuk	NOUN
phâi-phuk	NOUN
phaiphuleng	NOUN
phaiphuleng	VERB
phaiphulêng	VERB
phaipui	NOUN
phaipui	ADJ
phâipui	ADJ
phairamah	ADJ
phairuam	ADJ
phairuamte	NOUN
phairuang	NOUN
phai-ruang	NOUN
phâi-ruâng	NOUN
phai-sa	NOUN
phâi-sa	NOUN
phai-sapui	ADJ
phâi-sapui	ADJ
phaite	NOUN
phaithak	NOUN
phaituai	ADJ
phaituai	ADV
phâituai	NOUN
phaitual	NOUN
phaitualah	NOUN
phai-vun	ADJ
phâi-vun	ADJ
phaizawl	ADJ
phai-zawl	ADJ
phaizâwl	NOUN
phâizâwl	NOUN
phâi-zâwl	ADJ
phaizawla	ADJ
phaizâwla	ADJ
phaizawlah	ADJ
phaizâwlah	NOUN
phâizâwlah	NOUN
phai-zawng	ADJ
phâi-zâwng	ADJ
phak	VERB
phak	ADV
phâk	VERB
phâk	ADJ
phaka	ADJ
phâka	ADJ
phakah	ADJ
phâkah	ADJ
phakar	ADJ
phakbak	ADJ
phakchin	ADJ
phakin	NOUN
phâkin	NOUN
phakna	NOUN
phâkna	ADJ
phakrak	NOUN
phakrak	VERB
phakte	ADJ
phal	NOUN
phal	VERB
phâl	VERB
phala	ADJ
phalin	ADJ
phallo	NOUN
phalloh	ADJ
phalna	VERB
phalnaa	VERB
phalrai	ADJ
phal-rai	VERB
phalsak	NOUN
phalsaka	ADJ
phalsaktu	NOUN
phalte	NOUN
phal-thu	VERB
phal-ṭhu	ADJ
phaltîr	ADV
phaman	ADV
phamar	NOUN
phamar	ADV
phan	NOUN
phan	VERB
phan	ADV
phân	VERB
phân	ADV
phana	ADJ
phâna	VERB
phanchang	VERB
phang	VERB
phâng	NOUN
phangil	NOUN
phar	NOUN
phar	VERB
phar	ADV
phâr	VERB
phâr	ADJ
phara	VERB
pharh	VERB
pharh	ADV
pharha	NOUN
pharhin	NOUN
pharhna	ADJ
pharho	NOUN
pharhpui	ADJ
pharhtu	ADJ
pharin	NOUN
phârin	NOUN
pharisai	ADJ
pharisaite	NOUN
pharisaiten	NOUN
pharna	NOUN
phârna	NOUN
pharte	NOUN
phârte	NOUN
phârten	ADJ
phartu	ADV
pharv	ADV
pharzia	VERB
phat	VERB
phat	ADJ
phât	VERB
phata	NOUN
phate	VERB
phatna	VERB
phatpui	VERB
phatpui	ADJ
phatsak	VERB
phatsan	NOUN
phatsan	ADJ
phatsana	NOUN
phatsanin	NOUN
phatsanna	ADJ
phatsantu	ADJ
phatsantua	ADJ
phatsantuah	ADJ
phatsantute	NOUN
phatsanzia	ADJ
phattu	ADJ
phauh	ADJ
phaw	NOUN
phaw	VERB
phâw	NOUN
phâw	ADJ
phawh	VERB
phaw-hlawh	VERB
phawhraw	VERB
phawi	VERB
phawi	ADJ
phâwi	VERB
phâwi	ADJ
phawiin	ADJ
phâwiin	NOUN
phawin	ADJ
phawina	VERB
phawisak	ADJ
phâwisak	VERB
phawk	VERB
phâwk	VERB
phawka	VERB
phâwka	ADV
phawkin	ADJ
phâwkin	VERB
phawklek	VERB
phawk-lek	VERB
phawk-lék	VERB
phawk-lêk	VERB
phâwk-lek	VERB
phâwk-lék	NOUN
phâwk-lêk	ADJ
phawklekna	VERB
phawk-phaw-hraw	ADV
phawn	VERB
phawn	ADJ
phawng	NOUN
phawng	VERB
phawng-phaw-dawt	ADJ
phâwng-phaw-dawt	ADV
phawrh	VERB
phawrha	NOUN
phawrhin	VERB
phawrhna	ADV
phawrhsak	VERB
phawt	ADJ
phawt	CCONJ
phawta	ADJ
phawtah	ADJ
phawte	ADJ
phâwte	ADJ
phawtin	NOUN
phawtmai	ADJ
phawtna	VERB
phawtte	VERB
phe	VERB
phé	VERB
phê	VERB
pheh	ADJ
phei	NOUN
phei	CCONJ
pheia	X
pheichham	ADJ
pheichheh	VERB
pheikhai	NOUN
pheikhai	VERB
pheikhâi	NOUN
pheikhat	ADJ
pheikhata	NOUN
pheikhawk	NOUN
pheikhawk	VERB
pheikhawka	ADJ
pheikhawkah	NOUN
pheikhawkte	NOUN
pheikhawng	NOUN
phei-phung	ADJ
phei-tum-lian	ADJ
phek	NOUN
phek	VERB
phek	ADJ
phêk	VERB
phêk	ADV
pheka	ADJ
phêka	ADJ
phekah	ADJ
phêkah	VERB
phekahte	VERB
phek-ban	VERB
phek-bàn	VERB
phêk-ban	VERB
phêk-bàn	VERB
phek-en	VERB
phek-hlang	ADJ
phêk-hlang	NOUN
phekin	NOUN
phek-phe	NOUN
phek-phe-len	ADJ
phek-phe-lên	ADJ
phekte	ADJ
phêkte	VERB
phel	ADJ
phel	ADV
phela	VERB
phelh	VERB
phelh	ADJ
phelha	NOUN
phelhin	ADJ
phelhna	ADJ
phelhsak	NOUN
phelhsaka	VERB
phelhsaktu	ADJ
phelhtir	VERB
phelin	VERB
phelsak	NOUN
phelsawm	NOUN
phelsep	ADJ
phelsêp	ADJ
phen	NOUN
phen	VERB
phen	ADJ
phèn	VERB
phèn	ADJ
phên	ADJ
phena	ADJ
phéna	ADJ
phèna	ADJ
phêna	ADJ
phenah	ADJ
phenah	ADV
phenah	ADP
phênah	ADJ
phênah	ADV
phênah	ADP
phenahte	ADJ
pheng	VERB
pheng	ADJ
pheng	ADV
pheng	CCONJ
phêng	VERB
phêng	CCONJ
phenglawng	NOUN
pheng-lawng	NOUN
pheng-làwng	NOUN
phenglâwng	NOUN
phênglawng	NOUN
phêng-lawng	NOUN
phêng-làwng	NOUN
phênglâwng	NOUN
phenglawngin	ADJ
phênglâwngin	ADJ
phenglawngte	NOUN
phênglâwngte	NOUN
phengphehlep	NOUN
phêngphehlep	NOUN
phengphehlepa	NOUN
phéngphehlepa	NOUN
phenna	NOUN
phentu	ADV
phêntu	NOUN
phe-phu	NOUN
pher	NOUN
pher	ADV
pherh	NOUN
pherh	ADJ
pher-phek	ADV
phet	VERB
phet	ADV
phét	VERB
phêt	VERB
phêt	ADV
pheta	ADJ
phetna	VERB
phette	VERB
phetthla	VERB
phettir	VERB
phettîr	ADJ
phêttîr	ADV
pheuh	VERB
phi	VERB
phiah	NOUN
phiah	ADV
phian	ADV
phiang	INTJ
phiangsen	ADJ
phiangsen	ADV
phiar	VERB
phiar	ADV
phiár	VERB
phiara	ADJ
phiarah	VERB
phiarin	NOUN
phiarkawm	ADJ
phiarna	ADJ
phiarnate	VERB
phiarpui	VERB
phiarruk	NOUN
phiarrûk	NOUN
phiarrukna	ADJ
phiarrûkna	ADJ
phiarrûknaa	NOUN
phiarrûkte	NOUN
phiarrutu	NOUN
phiarrutute	NOUN
phiarte	ADJ
phiartu	VERB
phiartute	VERB
phiat	VERB
phîat	ADJ
phiatin	VERB
phih	VERB
phihfai	NOUN
phihlip	NOUN
phihlit	ADJ
phihlît	ADJ
phihrit	VERB
phihrit	ADJ
phihrît	VERB
phil	VERB
phil-hman	NOUN
phil-hmang	NOUN
philihp	NOUN
philiit	ADJ
philîit	VERB
phin	VERB
phín	NOUN
phîn	VERB
phing	NOUN
phinga	VERB
phingchil	VERB
phingchil	X
phíngchil	NOUN
phing-phi-hlip	NOUN
phing-phi-hlîp	X
phingphisiau	VERB
phingphi-siau	ADJ
phînin	VERB
phir	VERB
phir	ADJ
phîr	ADJ
phira	NOUN
phîra	NOUN
phîrin	NOUN
phiri-vau	NOUN
phiri-vàu	NOUN
phiri-vâu	ADJ
phirna	NOUN
phirpui	NOUN
phisa	VERB
phi-sa	VERB
phit	VERB
phît	VERB
phita	VERB
phita	ADJ
phitah	VERB
phit-thlawh	VERB
phît-thlawh	VERB
phit-tlawh	NOUN
phît-tlawh	NOUN
phivawk	NOUN
phivawk	VERB
pho	NOUN
pho-arh	NOUN
phochhuah	VERB
phochhuahna	ADJ
phochhuak	VERB
phochhuakin	VERB
pholan	ADJ
pholang	NOUN
pholangin	NOUN
pholangtu	NOUN
pholanna	NOUN
pholeng	NOUN
pho-leng	NOUN
pho-lèng	NOUN
pho-lêng	NOUN
pho-loh	VERB
phu	VERB
phû	VERB
phûa	VERB
phuah	VERB
phuaha	ADJ
phuahchawp	ADJ
phuahchawpa	NOUN
phuahchawpin	ADJ
phuahchawptu	VERB
phuahmi	VERB
phuahrem	VERB
phuahte	ADJ
phuahthiam	NOUN
phuahthiamte	NOUN
phuahtu	NOUN
phuahtu	ADJ
phuahtute	NOUN
phuai	VERB
phuaipui	ADJ
phual	NOUN
phuala	ADJ
phualtu	VERB
phuan	NOUN
phuana	NOUN
phuan-berh	ADJ
phuanberhpui	ADV
phuang	NOUN
phuang	VERB
phuan-puar	VERB
phuar	VERB
phuar	ADJ
phuara	ADJ
phuarbeh	ADJ
phuarin	NOUN
phuarkhawmte	NOUN
phuarkhawmtu	NOUN
phuarkhâwmtu	ADJ
phuarna	ADJ
phuarnaa	ADJ
phuarnaah	ADJ
phuarnain	VERB
phuarnate	ADJ
phuarsak	VERB
phuarte	NOUN
phuartîr	NOUN
phuartîrna	ADJ
phuartu	VERB
phuau	NOUN
phubalakna	ADJ
phubalatu	ADJ
phubalatua	VERB
phubalatuin	VERB
phuh	VERB
phuhchhuak	ADJ
phuhhruk	NOUN
phuhlip	ADJ
phu-hlip	VERB
phuhlipah	NOUN
phu-hlum	NOUN
phuhna	VERB
phuhna	ADV
phu-hrin	VERB
phuhru	VERB
phu-hru	VERB
phuhruk	VERB
phu-hruk	VERB
phuhrûk	VERB
phu-hrûk	VERB
phuhruka	NOUN
phuhrûka	NOUN
phuhrukna	ADJ
phuhrûkna	VERB
phuhruknana	VERB
phuhruksak	ADJ
phuhrûksak	VERB
phuhrûksaka	ADJ
phuhvir	VERB
phui	VERB
phui-hnam	NOUN
phuin	VERB
phuina	VERB
phuisui	NOUN
phuisuina	VERB
phuisuitu	ADJ
phuitîr	NOUN
phuk	NOUN
phukan	VERB
phukhauh	VERB
phuk-phu-hlum	ADJ
phuk-phu-hlûm	ADJ
phul	NOUN
phul	VERB
phul	ADJ
phûl	NOUN
phûl	VERB
phûl	ADJ
phula	ADJ
phûla	ADJ
phulah	ADJ
phûlah	NOUN
phulahte	ADJ
phulalen	NOUN
phulin	NOUN
phullem	NOUN
phûllem	NOUN
phulleng	NOUN
phul-leng	NOUN
phul-lêng	NOUN
phûl-leng	NOUN
phûl-lêng	NOUN
phulmawi	NOUN
phul-pa	NOUN
phul-pâ	NOUN
phûl-pa	ADJ
phûl-pâ	NOUN
phulpuia	NOUN
phul-rua	ADJ
phûl-rua	ADJ
phulsak	VERB
phulte	VERB
phu-lu-bat	VERB
phum	VERB
phùm	ADJ
phûm	VERB
phûm	ADJ
phuma	VERB
phûma	VERB
phumin	NOUN
phûmin	NOUN
phumna	ADJ
phûmna	ADJ
phumnaa	ADJ
phumnaah	ADJ
phûmrûkte	ADJ
phumte	VERB
phûmte	NOUN
phûmtîr	NOUN
phûmtu	NOUN
phumtute	ADJ
phûmtute	VERB
phûmtuten	VERB
phun	NOUN
phun	VERB
phuna	ADJ
phunah	NOUN
phunang	NOUN
phunchawng	NOUN
phunchawngpui	NOUN
phunchawngpui	ADJ
phunchawngpuí	ADJ
phunchiar	NOUN
phunchiar	ADJ
phunchiarho	ADJ
phunchiarna	ADJ
phunchiarte	ADJ
phung	NOUN
phûng	NOUN
phunga	NOUN
phungah	NOUN
phung-bachhim	NOUN
phung-bachhîm	NOUN
phûng-bachhim	NOUN
phûng-bachhîm	NOUN
phung-bawm	NOUN
phung-bawmtu	NOUN
phung-chang	NOUN
phung-châng	NOUN
phung-chil	VERB
phûng-chil	VERB
phung-hmuh	ADJ
phûng-hmuh	X
phungin	X
phung-ladin	NOUN
phûng-ladin	NOUN
phung-len	ADJ
phung-lên	ADJ
phung-leng	NOUN
phung-lêng	NOUN
phung-nu	NOUN
phûng-nu	NOUN
phungpui	NOUN
phungpui	VERB
phûngpui	NOUN
phungsahmim	ADJ
phung-sahmim	NOUN
phung-sahmîm	NOUN
phûng-sahmim	NOUN
phûng-sahmîm	ADJ
phungte	NOUN
phungthlu	NOUN
phungthlukna	NOUN
phungzawl	VERB
phungzâwl	VERB
phûngzawl	VERB
phûngzâwl	VERB
phungzawla	ADJ
phun-hring	NOUN
phunin	ADJ
phunna	VERB
phunnate	VERB
phunnawi	NOUN
phunnawi	VERB
phunnâwi	VERB
phunnâwi	ADJ
phunnawiho	NOUN
phunnawiin	NOUN
phunnawina	ADJ
phunnâwina	ADJ
phunnawinate	ADJ
phunnâwinate	NOUN
phunnawite	NOUN
phunnawitirtu	NOUN
phunnawitu	VERB
phun-nun	ADJ
phunpui	NOUN
phunpui	ADJ
phunru	ADJ
phunruk	NOUN
phunrûk	ADJ
phunrukna	NOUN
phunte	NOUN
phun-thli	NOUN
phuntiha	VERB
phuntiha	ADV
phunṭiha	NOUN
phuntîr	ADJ
phuntu	ADJ
phuntuah	VERB
phuntute	VERB
phur	VERB
phúr	VERB
phûr	VERB
phura	ADJ
phurah	VERB
phurawm	NOUN
phurb	VERB
phurh	NOUN
phurh	VERB
phurha	NOUN
phurh-hlan	VERB
phurh-hlân	NOUN
phurhluh	VERB
phurhna	VERB
phurhpui	NOUN
phurhsak	ADJ
phurhsaktu	VERB
phurhte	VERB
phurhtir	VERB
phurhtir	ADJ
phurhtîr	VERB
phurhtîr	ADJ
phurhtirin	NOUN
phurhtîrin	ADJ
phurhtîrtu	ADJ
phurin	NOUN
phûrin	NOUN
phurna	NOUN
phùrna	ADJ
phûrna	VERB
phurnaa	NOUN
phurpui	VERB
phur-rit	VERB
phurrita	ADJ
phurritin	ADJ
phurritte	VERB
phurte	VERB
phur-thak	VERB
phúr-thak	NOUN
phûr-thak	NOUN
phurthlak	NOUN
phurtir	ADJ
phurtu	ADJ
phurtua	VERB
phurtute	VERB
phuruk	VERB
phusa	NOUN
phusa	ADV
phusak	VERB
phusakna	NOUN
phusaktir	ADJ
phusaktirna	ADJ
phut	VERB
phut	ADV
phùt	NOUN
phût	VERB
phût	ADV
phutah	ADJ
phutawkin	ADJ
phutin	ADJ
phûtin	NOUN
phutkhat	ADJ
phutna	NOUN
phutnaah	ADJ
phut-phelh	VERB
phutte	ADJ
phuttîr	ADJ
phuttuah	ADJ
phuzia	ADJ
pi	NOUN
pi	VERB
pî	NOUN
piah	ADV
piah	ADP
piaha	ADV
piahah	ADJ
piahah	ADP
piahlam	ADJ
piahlama	ADV
piahlamah	ADV
piai	VERB
piai	ADV
piâi	VERB
piâi	ADV
piak	NOUN
piak	ADJ
piâk	ADV
pial	NOUN
pial	VERB
pial	ADV
piâl	NOUN
piâl	VERB
piala	ADJ
pialleiah	NOUN
pial-lung	NOUN
piâl-lung	ADJ
pialo	NOUN
pialral	NOUN
pialral	ADJ
piâlrâl	NOUN
pialthleng	NOUN
pialtlep	NOUN
pialtlêp	NOUN
piâltlep	NOUN
piâltlêp	NOUN
pian	NOUN
pian	VERB
piana	NOUN
pianah	VERB
piancham	NOUN
piancham	ADJ
pianchampha	ADJ
piandan	NOUN
piandân	VERB
piang	VERB
pianga	ADJ
piangah	ADJ
pianghlim	VERB
piangin	VERB
piangmêk	ADJ
piangsual	ADJ
piangsuala	ADJ
piangsualin	ADJ
piangsualte	ADJ
piangte	ADJ
piangthar	ADJ
piangtharte	ADJ
piangtlâng	ADJ
pianhmain	NOUN
pianhmang	ADJ
pianhmanga	NOUN
pianin	NOUN
pianken	NOUN
pian-lung	NOUN
pianna	ADJ
piannaah	NOUN
piannalh	ADJ
pianni	ADJ
piannia	ADJ
pianniah	ADJ
pianphung	ADJ
pianphunga	ADJ
pianphungah	NOUN
pianpui	ADJ
pianpuia	ADJ
pianpuiah	NOUN
pianpuiin	ADJ
piansualna	VERB
pianṭha	NOUN
pianthar	ADJ
piantharna	VERB
piantharnain	ADJ
pianthartir	NOUN
piantirh	NOUN
pianto	VERB
pianto	ADV
pianṭo	VERB
pian-vai	ADJ
pian-vâi	NOUN
pianzia	ADJ
pianziaa	ADJ
pianziaah	ADV
piap	ADV
piapin	ADJ
piâpin	ADJ
piar	NOUN
piat	NOUN
pibuhdeng	ADJ
pibuhdêng	NOUN
pichil	NOUN
pichil	VERB
pichilim	VERB
pi-chuan	ADJ
pi-chuang	VERB
pi-fel	NOUN
pih	ADJ
pi-ha-beuh	ADJ
pi-hrawkhrui	ADJ
piin	ADJ
pik	NOUN
pik	VERB
pikah	NOUN
pi-khawi	NOUN
pi-khâwi	NOUN
pi-khawi-zu	ADV
piknik	NOUN
pil	VERB
pila	NOUN
pilatan	ADJ
pilchhia	NOUN
pilchhia	VERB
pilh	VERB
pilh	ADJ
pilpui	VERB
pilril	ADJ
pilsak	VERB
piltaia	VERB
piltir	NOUN
piltîr	VERB
pin	NOUN
pin	VERB
pín	NOUN
pindahna	NOUN
pindan	NOUN
pindana	NOUN
pindanahte	ADJ
pindanna	ADJ
pindante	ADJ
pindantê	ADJ
pindantea	VERB
pindantête	VERB
ping	VERB
pîng	ADV
pingngai	VERB
pingparh	VERB
ping-pei	VERB
pingpih	NOUN
pingpih	ADJ
pingsil	NOUN
pingsil	VERB
ping-sing	X
pip	ADJ
pip	ADV
pipate	NOUN
pipu	NOUN
pipu	VERB
pipû	NOUN
pîpu	NOUN
pîpû	VERB
pipute	NOUN
pipute	ADJ
pipúte	ADJ
piputen	ADJ
pir	VERB
pir	ADJ
pir	ADV
pîr	VERB
pîr	ADV
piril	NOUN
piril	VERB
piring	NOUN
piring	VERB
pisa	ADJ
pisaa	ADJ
pisaah	NOUN
pisal	ADJ
pisal	X
pisapui	NOUN
pisate	NOUN
pit	VERB
pit	ADV
pit	X
pît	VERB
pît	X
pitar	NOUN
pitar	ADJ
pitarte	NOUN
pi-tu	NOUN
pizawn	NOUN
pizawn	ADJ
podar	ADV
poh	ADJ
poh	ADV
pu	NOUN
pu	VERB
pua	VERB
puah	NOUN
puah	VERB
puahah	VERB
puahchah	NOUN
puahchah	ADJ
puahkeh	X
puahna	X
puak	VERB
puak)	VERB
puakah	VERB
puak-ba-hlat	VERB
puak-ba-hlât	ADJ
puakchhuak	ADJ
puakchhuaka	ADJ
puakin	VERB
puakina	ADJ
puakkeh	NOUN
puaknaah	NOUN
puakphur	NOUN
puak-phur	ADJ
puakphurin	NOUN
puakphurna	NOUN
puakphurtu	ADJ
puakpuan	NOUN
puakpuan	ADJ
puakrang	ADJ
puakruak	NOUN
puakruk	ADJ
puak-ruk	ADJ
puakte	NOUN
puakthei	ADJ
puaktu	NOUN
puakzia	ADJ
puakzo	NOUN
pual	NOUN
pual	VERB
puâl	NOUN
puâl	VERB
puala	VERB
pualah	VERB
pualah	ADV
pualah	ADP
puâlah	VERB
puâlah	ADP
pual-chang-khawk	NOUN
puàl-chang-khawk	NOUN
puâl-chang-khawk	NOUN
pual-eng	NOUN
puàl-eng	ADJ
puâl-eng	NOUN
pualin	NOUN
puallawi	NOUN
puallawi	VERB
puallâwi	NOUN
puàllawi	NOUN
puàllâwi	NOUN
puâllawi	NOUN
pual-nam	NOUN
puâl-nam	ADJ
pual-phu	NOUN
pualte	NOUN
pual-thu	NOUN
pual-thû	NOUN
puàl-thu	NOUN
puàl-thû	NOUN
puâl-thu	ADJ
puâl-thû	VERB
puam	VERB
puam	ADJ
puâm	NOUN
puama	NOUN
puan	VERB
puân	VERB
puana	ADJ
puanah	VERB
puanahte	VERB
puan-ban	VERB
puan-bàn	VERB
puan-bang	VERB
puan-bàng	ADJ
puan-bih	NOUN
puanbu	NOUN
puan-bu	NOUN
puan-bû	NOUN
puan-chehna	NOUN
puanchei	NOUN
puanchei	VERB
puan-chelhna	NOUN
puanchhuah	NOUN
puanchhuahna	NOUN
puandum	NOUN
puanfêm	NOUN
puanfen	NOUN
puanfen	VERB
puanfèn	NOUN
puanfên	ADJ
puanfênahte	VERB
puang	VERB
puâng	VERB
pûang	VERB
puanga	NOUN
puangchhuak	ADJ
puangchhuaktu	NOUN
puangin	NOUN
puangtu	VERB
puangtute	VERB
puangzar	VERB
puangzâr	ADJ
puangzara	NOUN
puangzarah	ADJ
puanhlap	NOUN
puanhlap	VERB
puanhnuai	NOUN
puanhnuai	VERB
puanhnuài	NOUN
puanhrui	NOUN
puanhrui	ADJ
puanhruih	NOUN
puanhruih	ADJ
puanin	ADJ
puanina	ADJ
puaninahte	NOUN
puaninte	VERB
puankawp	NOUN
puankhum	ADJ
puanna	NOUN
puannaah	X
puanngo	ADJ
puanphei	NOUN
puanpui	NOUN
puanpui	VERB
puan-rin	ADJ
puansak	NOUN
puansaka	NOUN
puansen	NOUN
puansenduk	NOUN
puansûkna	NOUN
puansuknaah	NOUN
puansutu	ADJ
puantah	NOUN
puantaha	ADJ
puantahtu	NOUN
puantahtuin	NOUN
puantahtute	ADJ
puante	NOUN
puantein	NOUN
puanthan	NOUN
puanthân	NOUN
puanthem	VERB
puanthuah	VERB
puanthui	VERB
puanṭhui	NOUN
puanthuia	NOUN
puanthuina	NOUN
puanthuitute	VERB
puantir	ADJ
puantîr	NOUN
puanvar	NOUN
puanven	NOUN
puanzai	VERB
puanzaisîn	VERB
puanzar	VERB
puanzàr	ADJ
puanzâr	ADJ
puanzara	ADJ
puanzârah	NOUN
puanzarin	NOUN
puanzarna	ADJ
puanzârna	NOUN
puanzarnaa	NOUN
puanzarte	ADJ
puanzârte	ADJ
puap	VERB
puar	NOUN
puar	VERB
puâr	NOUN
puara	NOUN
puar-ak	VERB
puâr-ak	VERB
puar-fan	VERB
puar-fân	VERB
puàr-fan	NOUN
puàr-fân	NOUN
puar-kek	NOUN
puàr-kek	NOUN
puarna	NOUN
puar-paw-len	ADJ
puar-paw-lên	ADJ
puarpawleng	NOUN
puar-paw-leng	NOUN
puarpawlêng	NOUN
puar-paw-lêng	NOUN
puar-peng	ADJ
puar-per	ADJ
puarpui	NOUN
puarte	ADJ
puartu	VERB
puat	VERB
puchhuak	VERB
pudarh	VERB
puh	VERB
puhchhiat	ADJ
puhchhiatna	VERB
puhin	NOUN
puhmawh	NOUN
pu-hmuna	ADJ
puhna	ADJ
puhnaa	ADJ
puhnaah	ADJ
puhnate	NOUN
puho	NOUN
puh-ruk	VERB
puh-ruk	ADJ
puh-rûk	VERB
puh-rûk	ADJ
puhte	NOUN
puhtheih	NOUN
puhtu	PART
puhtute	VERB
pui	NOUN
pui	ADJ
puiah	VERB
puibawm	NOUN
puibawm	VERB
puibàwm	VERB
puibâwm	NOUN
puibawmtu	NOUN
puibàwmtu	NOUN
puibâwmtû	NOUN
puibawmtua	VERB
puibâwmtuah	NOUN
puichhuah	NOUN
pui-chhur	NOUN
pui-chhùr	VERB
pui-chhûr	VERB
puih	VERB
puihbawm	NOUN
puihbawm	ADJ
puihbawmna	NOUN
puihin	ADJ
puihna	ADJ
puihnaa	ADJ
puihnaah	ADJ
puiin	ADJ
puiina	ADJ
puilo	ADJ
puin	ADJ
pûin	ADJ
puinawi	NOUN
puipa	ADJ
puipaa	ADJ
puipaho	ADJ
puipahote	ADJ
puipate	ADJ
puipateho	ADJ
puipaten	NOUN
puipun	ADJ
puipungho	ADJ
puipunna	NOUN
puipunnaa	ADJ
puisawmsial	ADJ
puite	NOUN
puitham	NOUN
puithiam	ADJ
puithiama	ADJ
puithiamah	ADJ
puithiamahte	ADJ
puithiamho	ADJ
puithiamhote	ADJ
puithiamhoten	ADJ
puithiamhovin	ADJ
puithiamin	NOUN
puithiamina	ADJ
puithiamna	ADJ
puithiamte	ADJ
puithiamten	ADJ
puithu	VERB
puithu	ADJ
puithû	NOUN
puithû	VERB
puithuna	NOUN
puithuna	ADJ
puithûna	VERB
puithûzia	VERB
puitlin	ADJ
puitlina	VERB
puitling	ADJ
puitlinga	ADJ
puitlingah	ADJ
puitlingin	ADJ
puitlingina	ADJ
puitlingte	ADJ
puitlingtu	NOUN
puitlinin	ADJ
puitlinna	VERB
puitlinnaah	VERB
puitlinsak	VERB
puitlintir	NOUN
puitlintîr	NOUN
puitlintu	NOUN
puitu	NOUN
puitu	ADJ
puituah	ADJ
puitute	ADV
puituten	NOUN
puk	NOUN
puk	VERB
pûk	NOUN
pûk	VERB
puka	ADJ
pûka	ADJ
pukah	ADJ
pûkah	ADJ
pukahte	ADJ
pûkahte	NOUN
pukan	VERB
pûkna	ADJ
puksak	VERB
pûkte	VERB
puktir	VERB
puktîr	VERB
pûktir	VERB
pûktir	ADJ
pûktîr	ADJ
pûktira	ADJ
pûktîra	ADJ
pûktirin	NOUN
pûktîrin	NOUN
puktirtu	ADJ
pûktîrtu	NOUN
puktîrtuin	NOUN
puktu	VERB
pûktu	ADJ
pul	VERB
pul	ADJ
pulh	NOUN
pulit	VERB
pulpit	VERB
pulpit	ADJ
pulut	NOUN
pum	NOUN
pum	VERB
pùm	VERB
pûm	VERB
pumah	VERB
pum-bawh	VERB
pumbil	VERB
pum-bil	ADJ
pumbila	NOUN
pumchhum	NOUN
pum-dawt	NOUN
pum-dâwt	NOUN
pûm-dawt	NOUN
pûm-dâwt	ADJ
pumfek	ADJ
pumhal	ADJ
pumhâl	ADJ
pumhlan	ADJ
pumhlum	ADJ
pumhlúm	ADJ
pumhlûm	ADJ
pumhluma	VERB
pumhlumin	NOUN
pumhmawm	NOUN
pumhrul	NOUN
pumhrûl	NOUN
pùmhrul	ADJ
pùmhrûl	NOUN
pumhrut	NOUN
pumhrût	NOUN
pùmhrut	VERB
pùmhrût	VERB
pumin	ADJ
pumin	ADV
pûmin	ADJ
pumkhat	ADJ
pumkhata	NOUN
pumkhatah	NOUN
pumkhatna	NOUN
pumna	ADJ
pumnat	ADJ
pumpa	NOUN
pumpa	ADJ
pumpekna	NOUN
pumpeknaahte	VERB
pumpelh	NOUN
pumpelh	VERB
pumpelh	ADJ
pumpelhna	VERB
pumpelhte	VERB
pumpelhtir	ADJ
pumpelhtîr	NOUN
pumpelhtute	NOUN
pumphir	NOUN
pumphîr	ADJ
pumphtr	ADJ
pum-pu-hlum	ADJ
pum-pu-hlûm	NOUN
pumpui	NOUN
pumpui	ADJ
pumpui	X
pumpuia	ADJ
pumpuiah	ADJ
pumpuiin	ADJ
pumraw	NOUN
pumrua	NOUN
pumrua	ADJ
pumte	NOUN
pumtek	NOUN
pumṭek	NOUN
pumthei	NOUN
pumthei	VERB
pûmthei	NOUN
pum-thluk	NOUN
pum-thlûk	NOUN
pum-tui-dawt	NOUN
pum-tui-dâwt	NOUN
pùm-tui-dawt	VERB
pùm-tui-dâwt	NOUN
pum-tuk	VERB
pum-vir	VERB
pun	VERB
pûn	VERB
puna	VERB
punah	VERB
pung	NOUN
pung	VERB
pûng	NOUN
punga	VERB
pungah	ADJ
pungchho	NOUN
pungho	VERB
pung-ho	ADJ
punghote	VERB
pungin	VERB
pungkhawm	ADJ
pungkhâwm	ADJ
pungkhawmho	ADJ
pungkhâwmho	ADJ
pungkhawmhote	ADJ
pungkhâwmhote	ADJ
pungkhâwmhoten	ADJ
pungkhawmhovin	ADJ
pungkhawmin	ADJ
pungkhawmnaah	NOUN
pungkhawmte	NOUN
pung-pu-lut	ADJ
pung-pu-lût	ADJ
pungte	ADJ
punin	VERB
punkhawm	NOUN
punkhâwm	NOUN
punkhawmna	ADJ
punkhâwmna	NOUN
punkhawmnaa	ADJ
punkhâwmnaa	ADJ
punkhawmnaah	VERB
punkhâwmnaah	ADJ
punlun	NOUN
punluntu	ADJ
punna	NOUN
punte	NOUN
punte	ADJ
puntê	VERB
punti	VERB
puntir	VERB
puntir	ADJ
puntîr	NOUN
puntira	NOUN
puntirna	X
puntirtu	NOUN
pu-pang-liah	ADV
pupate	ADV
pur	VERB
pùr	VERB
purun	NOUN
purùn	NOUN
purûn	NOUN
purunsen	NOUN
purûnsen	NOUN
purûnvâr	NOUN
pu-sa-chawn	NOUN
pu-sa-châwn	VERB
pusum	VERB
pusum	ADV
put	VERB
put	ADV
pût	NOUN
pût	VERB
putar	NOUN
putar	ADJ
putarhote	ADJ
putarte	NOUN
putarten	VERB
putchhan	VERB
putchhuak	VERB
pûtchhuak	ADJ
putdarh	X
pûte	X
puteho	ADJ
puten	VERB
putena	NOUN
puthiam	NOUN
puthianabeng	ADJ
puthmang	ADJ
putho	ADJ
pûtin	ADJ
putina	ADJ
putnaah	ADJ
putpui	VERB
putsak	VERB
puttir	ADJ
puttîr	NOUN
puttîrin	NOUN
puttirtu	NOUN
pu-tu	ADJ
pû-tû	ADJ
putute	NOUN
putzia	NOUN
puzawn	ADJ
pu-zawn	ADJ
puzawna	ADJ
puzawnin	ADJ
puzawnte	ADJ
ra	VERB
ra	ADV
rà	VERB
rà	ADV
râ	ADV
rah	NOUN
rah	VERB
rahbeh	ADJ
rahbeha	NOUN
rahbehin	ADJ
rahbehna	ADJ
rahbehsak	ADJ
rahbi	NOUN
rahbi	VERB
rahbî	VERB
rahchhan	ADJ
rah-chhan	ADJ
rahchhana	VERB
rahchhanah	VERB
rahchhuah	VERB
rahchhuahte	VERB
rahchhuak	NOUN
rahfuan	ADJ
rahhiar	VERB
rahhiar	ADJ
rahin	ADJ
rahka	NOUN
rah-ka	ADJ
rahkâ	NOUN
rah-kâ	ADJ
rahkaah	ADJ
rahkâah	ADJ
rahkaahte	NOUN
rahman	NOUN
rahna	NOUN
rahpuah	ADJ
rahsi	VERB
rahsi	ADJ
rahte	ADJ
rahtein	ADJ
rahten	VERB
rahtha	NOUN
rahtir	NOUN
rah-tlan	ADV
rah-tlàn	VERB
rai	VERB
raicheh	NOUN
raicheh	ADJ
rai-chuam	ADV
raih	ADJ
raih	ADV
raiha	ADJ
raihin	NOUN
raiin	NOUN
rai-no	NOUN
raipual	NOUN
raipuar	ADJ
râipuar	ADJ
raipuarin	ADJ
raipuarte	ADJ
rairah	NOUN
rairuang	NOUN
rairuang	ADJ
rairuanga	ADJ
rai-seh	ADJ
raite	NOUN
râite	VERB
raithei	NOUN
raithei	ADV
raitir	VERB
raitu	VERB
rak	NOUN
rák	NOUN
raka	ADJ
rakah	ADV
rakin	NOUN
rak-puan	NOUN
rák-puan	VERB
rakzu	NOUN
rakzuin	NOUN
ral	NOUN
ral	VERB
râl	VERB
rala	ADP
râla	ADP
ralah	CCONJ
râlah	CCONJ
ralban	ADJ
ralbang	VERB
ral-bang	VERB
râlbâng	VERB
râl-bâng	VERB
ralbantir	NOUN
ralbei	NOUN
ralbeihna	NOUN
ralbuh	NOUN
râlbuh	NOUN
ral-cha-bel	NOUN
ral-cha-bêl	NOUN
râl-cha-bel	ADJ
râl-cha-bêl	ADJ
raldeha	NOUN
râldopui	NOUN
ral-hau	VERB
ral-hàu	VERB
râl-hau	ADJ
râl-hàu	ADJ
ralhma	ADJ
ralhrat	NOUN
ralhrat	ADJ
râlhrât	NOUN
râlhrâtho	ADJ
ralhratna	ADJ
râlhrâtte	ADJ
ralin	ADJ
râlin	ADJ
ral-kah	VERB
râl-kah	VERB
ralkai	ADJ
ral-kai	VERB
râlkai	VERB
râl-kâi	VERB
ralkaia	VERB
ralkap	ADJ
ralkâp	ADJ
ralkhat	NOUN
ralkhat	ADJ
râlkhat	NOUN
râlkhat	ADJ
ralkhata	ADJ
râlkhata	VERB
râlkhatah	VERB
ralkhel	VERB
ralkhêl	VERB
râlkhel	VERB
râlkhêl	VERB
rallak	VERB
rallâk	VERB
râllak	ADJ
râllâk	ADJ
rallaka	ADJ
râllâka	ADJ
râllâkah	ADJ
râllâkin	ADJ
râllâksak	ADJ
rallakte	NOUN
râllâkte	ADJ
râllâktu	NOUN
râllaktute	NOUN
ralleng	NOUN
rallêng	NOUN
râlleng	NOUN
râllêng	NOUN
ralmuan	VERB
ralmuan	ADJ
râlmuan	VERB
râlmuan	ADJ
ralmuanawm	ADJ
ralmuang	NOUN
ralmuang	VERB
râlmuang	NOUN
râlmuang	VERB
ralmuanga	ADJ
râlmuanga	ADJ
ralmuangah	ADJ
râlmuangah	ADJ
ralmuangin	NOUN
râlmuangin	NOUN
ralmuanna	NOUN
râlmuanna	NOUN
ralna	NOUN
ràlna	NOUN
râlna	ADJ
ralpui	VERB
râlrêlna	VERB
ralring	VERB
ralrintir	VERB
ralrintîr	NOUN
ralsai	NOUN
ral-samkuai	NOUN
râl-samkuai	NOUN
ralte	NOUN
raltê	NOUN
râlte	NOUN
râltê	NOUN
ralteho	ADJ
ralten	NOUN
râlten	NOUN
ralthawl	NOUN
ral-thawl	NOUN
râlthâwl	VERB
râl-thâwl	ADJ
ralthfim	NOUN
ralthuam	NOUN
ralthuam	ADJ
râlthuam	NOUN
râlthuam	ADJ
râlthuamah	NOUN
râlthuamin	ADJ
râlthuamna	ADJ
ralthuamte	NOUN
râlthuamte	NOUN
ralthum	VERB
ralthum	ADJ
ralthûm	VERB
râlthum	ADJ
ralti	NOUN
ralti	VERB
ralṭi	VERB
râlti	VERB
râlṭi	VERB
râlți	VERB
raltir	VERB
raltîr	VERB
râltir	VERB
raltit	NOUN
raltit	VERB
ralṭit	VERB
râltit	NOUN
râlṭit	NOUN
raltitna	NOUN
ralṭitna	NOUN
ralṭiṭna	NOUN
râltitna	NOUN
râlṭitna	NOUN
râlṭitna	ADJ
râlṭiṭna	NOUN
râlțitna	NOUN
râlṭitute	NOUN
raltlan	NOUN
raltlân	ADJ
râltlân	NOUN
raltlana	NOUN
râltlanho	NOUN
râltlânho	ADJ
raltlanna	ADJ
raltlante	ADJ
râltlânte	NOUN
raltlanten	NOUN
raltu	PRON
râltu	ADJ
ralvawng	ADJ
ralvawnga	ADJ
ralvawngah	VERB
ralvawngte	VERB
ralven	VERB
râlvên	VERB
ralveng	ADJ
râlvêng	ADJ
râlvêngte	NOUN
râlvêngten	NOUN
ralvengtu	NOUN
râlvengtu	ADJ
râlvêngtu	ADJ
râlvêngtûah	ADJ
râlvêngtuin	ADJ
ralvengtute	ADJ
râlvengtute	NOUN
râlvêngtute	NOUN
ralvênna	VERB
râlvênna	VERB
ralzuan	ADV
râlzuan	NOUN
ram	NOUN
ram	VERB
rama	ADJ
ramaa	ADJ
ramaah	ADJ
ramahte	NOUN
raman	NOUN
ramar	ADJ
ram-ar	NOUN
ram-âr	VERB
ram-bawh	NOUN
rambuai	NOUN
rambung	NOUN
ram-chang	ADJ
ram-chawm	VERB
ramchhia	VERB
ramchhuah	VERB
ram-chhuah	VERB
ramchhuak	ADJ
ram-chhuak	NOUN
ramchhung	ADJ
ramchhunga	NOUN
ramchhungah	ADJ
ramdang	ADJ
ramdanga	NOUN
ramdangah	NOUN
ram-fulh	NOUN
ramhlui	NOUN
ramhmul	NOUN
ramhnuai	NOUN
ramhnuai	ADJ
ramhnuaia	NOUN
ramhnuaiah	ADJ
ramhring	NOUN
ramhruaitute	NOUN
ram-hrui	NOUN
ramhuai	NOUN
ramhuaia	ADJ
ramhuaiho	ADJ
ramhuaiin	NOUN
ramhuaite	ADJ
ram-hual	VERB
ramin	NOUN
ramkal	NOUN
ramkang	NOUN
ramkêl	NOUN
ram-kelchal	NOUN
ram-khauhriang	NOUN
ram-khek	NOUN
ram-khêk	NOUN
ram-lam-hna	NOUN
ram-mi	ADJ
ram-mu	ADJ
rammûin	VERB
rammut	ADJ
ram-mut	NOUN
rammute	NOUN
rammutna	NOUN
ramngaw	NOUN
ramngâw	ADJ
ramngâwte	ADJ
ram-nu	NOUN
ram-nù	NOUN
ram-pa-iaileng	ADJ
ram-pa-iailêng	ADJ
rampalaileng	NOUN
rampalailênga	NOUN
ramparva	ADJ
ram-parva	NOUN
rampawn	ADJ
rampawna	NOUN
rampawnah	VERB
ram-pui	VERB
rampum	ADJ
rampuma	NOUN
rampumah	NOUN
ram-reh	NOUN
ramri	NOUN
ramrî	NOUN
ramria	ADJ
ramrîa	ADJ
ramriah	NOUN
ramrîah	ADJ
ramriakte	PRON
ramriin	NOUN
ramrikawn	NOUN
ramrite	ADJ
ramrîte	ADJ
ramro	NOUN
ramrova	NOUN
ramruak	NOUN
ramsa	NOUN
ram-sa	NOUN
ramsâ	ADJ
ramsaah	ADJ
ramsai	ADJ
ramsâin	NOUN
ramsakawlhin	NOUN
ramsakawlhte	NOUN
ramsate	ADJ
ramsâte	ADJ
ramsaten	NOUN
ramsâten	NOUN
ramsial	NOUN
ramsial	ADJ
ram-tang	ADJ
ramṭang	NOUN
ram-ṭang	ADJ
ramte	ADJ
ramtea	NOUN
ramten	NOUN
ram-thing	NOUN
ram-tlan	NOUN
ram-tlán	VERB
ramtuan	VERB
ramtuan	ADJ
ramṭuan	NOUN
ramtuileilo	VERB
ramtuileilo	ADJ
ramtuileilova	VERB
ramu	ADJ
ramvachal	NOUN
ramvachal	VERB
ramvah	VERB
ramvak	VERB
ramvak	ADJ
ramvâk	ADJ
ramvaka	NOUN
ramvâka	NOUN
ramvengtu	NOUN
ram-zu-ar-la	ADJ
ram-zu-in	ADJ
ran	NOUN
ran	VERB
ran	ADV
ràn	NOUN
ràn	VERB
ràn	ADV
rana	NOUN
râna	ADJ
ranchaw	ADJ
rang	NOUN
rang	VERB
rang	ADJ
ráng	VERB
ráng	ADV
ràng	NOUN
râng	NOUN
râng	ADJ
râng	ADV
ranga	ADJ
rânga	ADJ
rangin	NOUN
rângin	NOUN
rangkachak	NOUN
rangkachak	ADJ
rangkachaka	ADJ
rangkachakah	ADJ
rangkachakin	ADJ
rangkachakte	NOUN
rangkachaktein	ADJ
rangkachak-ti	NOUN
rangkachaktia	ADJ
rangkha	ADJ
ranglama	ADJ
rangtaka	NOUN
rângte	NOUN
rangva	NOUN
rangvâ	NOUN
rângva	NOUN
rângvâ	NOUN
rangvamual	ADJ
ranin	VERB
rânin	VERB
ranna	NOUN
rannung	NOUN
rannung	ADJ
rannunga	ADJ
rannungah	ADJ
rannungin	ADJ
rannungte	NOUN
rannungten	NOUN
ranpuho	NOUN
ranpute	NOUN
ranpûte	NOUN
ranrual	NOUN
ranrualte	NOUN
ransa	NOUN
ransate	ADJ
rante	NOUN
ranten	NOUN
ranthleng	NOUN
ranthleng	VERB
ranvulh	NOUN
ranvulhte	NOUN
ranvulhtu	ADV
ranvulhtute	NOUN
rap	VERB
râp	VERB
rapa	ADJ
rapbet	ADJ
rapbeta	NOUN
rapbetin	NOUN
rapbettu	ADJ
rapbettute	NOUN
rapbettuten	NOUN
rapchung	NOUN
rapchung	ADV
rap-hak	VERB
rap-hâk	ADJ
raphrual	ADJ
rapin	NOUN
râpin	NOUN
rap-kua	NOUN
rapna	NOUN
râpna	NOUN
rapsâwr	ADJ
rapsâwrtu	ADJ
rapthlak	ADJ
rapthlak	ADV
rapthlâk	ADJ
râpthlak	ADJ
râpthlâk	ADJ
râpthlâk	ADV
râpthlâka	ADJ
rapthlakin	NOUN
râpthlâkin	NOUN
rapthlakna	ADJ
rapthlaknate	ADJ
râpthlâkte	ADJ
rapthlaktein	ADJ
rapthlakzia	ADJ
râpthlakzia	VERB
râpthlâkzia	VERB
rapthlu	VERB
rap-tleu	NOUN
rap-tlêu	NOUN
rapza	NOUN
rapzâ	ADJ
râpzâwngte	ADJ
ra-so	ADJ
rat	VERB
rat	ADV
rât	ADV
rau	NOUN
rau	VERB
ráu	VERB
ràu	NOUN
râu	NOUN
rauah	VERB
rauh	NOUN
rauh	VERB
rauhna	NOUN
rauhsan	NOUN
rau-ri	NOUN
rauthla	NOUN
rauthlà	NOUN
ráuthla	ADJ
ráuthlà	NOUN
râuvin	NOUN
râuzâwlnu	ADJ
râuzâwlte	ADV
raw	NOUN
râw	NOUN
raw-chang	NOUN
raw-cheh	NOUN
raw-chhem	VERB
raw-chhèm	VERB
raw-chhia	NOUN
rawdum	ADV
rawdumpawl	PRON
rawh	VERB
rawh	CCONJ
rawhang	NOUN
rawhchan	ADJ
rawhchanna	NOUN
rawhin	INTJ
rawhna	VERB
rawhse	VERB
rawhtui	NOUN
rawh-tui	NOUN
rawhtuina	VERB
raw-hung	VERB
rawi	ADV
râwi	NOUN
rawih	VERB
rawih	ADV
râwih	ADV
rawihna	ADJ
rawihte	ADV
rawihten	VERB
rawk	VERB
rawk	ADJ
rawk	ADV
rawka	NOUN
rawkin	ADJ
rawkna	ADJ
rawknaah	ADJ
rawk-railo	ADJ
rawk-ráilo	NOUN
rawk-râilo	NOUN
rawk-ral	VERB
rawkrâl	NOUN
rawk-râl	ADJ
rawkrâla	NOUN
rawksai	NOUN
rawksai	VERB
rawksâi	VERB
rawksak	NOUN
rawktîr	ADJ
rawktu	NOUN
rawktuin	ADJ
rawktute	NOUN
rawktuten	NOUN
raw-kuai	ADJ
raw-kuái	ADJ
rawl	NOUN
rawl	VERB
rawl	ADJ
ráwl	VERB
râwl	NOUN
râwl	VERB
rawlah	ADJ
râwlah	ADV
rawlai	ADV
raw-lai	ADV
raw-lài	NOUN
raw-lâi	NOUN
raw-lak	NOUN
raw-lawn	VERB
raw-làwn	VERB
rawlh	VERB
rawlhman	NOUN
rawlhmang	ADJ
rawlhna	NOUN
rawlin	NOUN
rawl-khang	NOUN
ráwl-khang	NOUN
râwl-khang	NOUN
rawlral	VERB
rawl-ral	NOUN
rawl-râl	VERB
rawlrala	ADV
rawlrâla	ADV
rawlruk	VERB
rawl-ruk	VERB
rawl-rûk	VERB
ràwl-ruk	NOUN
ràwl-rûk	NOUN
râwlrûk	VERB
rawlthar	NOUN
rawlthar	ADJ
râwlthar	ADJ
rawltharte	NOUN
rawm	ADJ
raw-mal	ADJ
rawmawl	NOUN
rawmawlin	ADJ
raw-mi	NOUN
rawmung	NOUN
rawmung	ADJ
rawmûng	ADJ
rawn	VERB
rawn	ADV
ráwn	VERB
ràwn	VERB
ràwn	ADV
râwn	VERB
rawna	NOUN
rawnahte	NOUN
raw-nal	ADJ
raw-nâl	ADJ
rawnbei	ADJ
rawng	NOUN
rawng	VERB
rawng	ADJ
rawng	ADV
ráwng	NOUN
râwng	NOUN
râwng	VERB
râwng	ADV
rawnga	NOUN
rawngah	NOUN
raw-ngal	NOUN
rawngawk	NOUN
rawng-awk	VERB
rawng-âwk	VERB
rawngbawl	VERB
rawngbàwl	ADJ
rawngbâwl	VERB
rawngbâwl	ADJ
rawngbawla	ADJ
rawngbâwla	NOUN
rawngbawlah	ADJ
rawngbawlho	ADJ
rawngbawlin	NOUN
rawngbâwlin	NOUN
rawngbawlna	NOUN
rawngbáwlna	NOUN
rawngbâwlna	NOUN
rawngbawlnaa	ADJ
rawngbâwlnaa	ADJ
rawngbawlnaah	ADJ
rawngbâwlnaah	ADJ
rawngbawlnate	ADJ
rawngbâwlpui	NOUN
rawngbawlpuiah	NOUN
rawngbawlpuite	VERB
rawngbâwlpuite	VERB
rawngbawlsak	ADJ
rawngbâwlsak	ADJ
rawngbawlsaka	ADJ
rawngbawlsakin	ADJ
rawngbâwlsakin	NOUN
rawngbâwlsakte	ADJ
rawngbawlsaktu	NOUN
rawngbawlte	NOUN
rawngbawltu	NOUN
rawngbâwltu	NOUN
râwngbâwltu	NOUN
rawngbawltua	ADJ
rawngbâwltua	ADJ
rawngbawltuah	ADJ
rawngbâwltuah	NOUN
rawngbâwltûah	NOUN
rawngbawltuho	NOUN
rawngbâwltunu	ADJ
rawngbawltupa	ADJ
rawngbawltute	ADJ
rawngbâwltute	ADJ
rawngbawltuten	ADJ
rawngbâwltuten	NOUN
rawngbawlzia	VERB
rawng-herh	NOUN
rawnghnawih	ADJ
râwngin	VERB
rawngkai	ADJ
rawngpawlh	ADJ
rawngra	ADJ
rawngrà	ADJ
râwngra	NOUN
râwngrà	NOUN
rawng-rek	ADJ
rawng-rék	NOUN
rawngri	NOUN
rawngrut	NOUN
rawngrut	VERB
rawngrût	ADJ
rawng-sen	ADJ
rawngte	NOUN
rawnin	NOUN
rawnna	VERB
râwnna	VERB
rawnsak	ADJ
râwnsak	ADJ
rawnsakin	ADJ
rawnte	VERB
rawntein	VERB
rawntir	NOUN
rawntîr	NOUN
rawntu	NOUN
râwntu	NOUN
rawntute	NOUN
rawn-zawk	NOUN
ràwn-zawk	ADJ
rawnzuitu	ADJ
rawp	VERB
rawp	ADV
râwp	VERB
râwpin	NOUN
râwpral	ADJ
rawpui	NOUN
rawpui	VERB
rawra	NOUN
rawsawt	NOUN
rawsawt	ADV
rawt	NOUN
rawt	VERB
rawt	ADV
ràwt	NOUN
ràwt	VERB
râwt	NOUN
râwt	VERB
rawtchhuaktute	NOUN
râwtdip	NOUN
raw-te	NOUN
raw-té	NOUN
rawtfung	NOUN
raw-thei	NOUN
raw-thing	NOUN
raw-thíng	NOUN
raw-ṭhing	NOUN
raw-ṭhíng	NOUN
raw-thla	ADJ
raw-thlâ	NOUN
rawtin	NOUN
rawtna	NOUN
rawtna	ADJ
ràwtna	NOUN
râwtna	ADJ
râwtnaah	VERB
rawtnate	VERB
rawtpui	NOUN
rawtpui	VERB
rawtpuitu	VERB
rawtsawm	ADJ
râwtsawm	ADJ
rawtsawmin	NOUN
râwtsawmin	NOUN
rawtsawmna	NOUN
rawt-sawmna	NOUN
ràwt-sawmna	NOUN
râwtsawmna	NOUN
rawtsawmnaah	NOUN
rawtsawmtu	NOUN
râwtsawmtûah	NOUN
râwtsawmtute	NOUN
rawttu	NOUN
rawtuai	NOUN
rawva	ADJ
ráwvá	NOUN
râwvâ	NOUN
raw-vawm	NOUN
re	ADV
rè	ADJ
rê	ADJ
rê	ADV
reh	VERB
reh	ADJ
rei	NOUN
rei	ADV
rek	VERB
rêk	VERB
rel	VERB
rêl	VERB
rela	ADJ
rêla	VERB
relah	VERB
rel-bawl	VERB
rel-bâwl	VERB
rêl-bawl	NOUN
rêl-bâwl	NOUN
rel-bawltu	NOUN
rel-bâwltu	NOUN
rêl-bawltu	NOUN
rêl-bâwltu	NOUN
rel-bel	NOUN
rêl-bêl	VERB
rel-chhiar	NOUN
relfel	ADV
rêlfeltu	VERB
relh	VERB
relh	ADV
relhmang	NOUN
relho	VERB
rêlho	VERB
relhru	VERB
relhrû	NOUN
relhruk	NOUN
relhruksanna	NOUN
relhrunu	NOUN
relhrûte	ADJ
relhtu	ADJ
relin	NOUN
rêlin	NOUN
relkawng	NOUN
relna	ADJ
rêlna	ADJ
relnaa	ADJ
relnaah	ADJ
rêlnaah	ADJ
rêlnate	VERB
relsak	ADJ
rêlsak	ADJ
rêlsaka	ADJ
rêlsakho	ADJ
relsakin	NOUN
rêlsakin	NOUN
relsakna	NOUN
relsaktu	ADJ
rêlsaktu	ADJ
relte	VERB
rêlte	VERB
relthluk	VERB
reltir	VERB
rêltir	NOUN
rêltîr	NOUN
reltu	ADJ
rel-tu	NOUN
rêltu	ADJ
rêl-tu	NOUN
rêltûah	ADJ
rêltur	ADJ
reltute	ADV
rêltute	ADV
rem	VERB
rêm	VERB
rema	VERB
remchan	VERB
remchan	ADJ
remchàn	ADJ
remchân	VERB
remchang	VERB
remchâng	VERB
remchanga	ADJ
remchânga	ADJ
remchangah	ADJ
remchángah	ADJ
remchângah	NOUN
remchangin	ADJ
remchangna	NOUN
remchangte	NOUN
remchanlohna	NOUN
remchanna	NOUN
remchânna	VERB
remchannate	VERB
remchantir	VERB
remchantîr	VERB
remfel	ADJ
remfelsak	ADJ
remhre	ADJ
remhria	ADJ
remhriaa	ADJ
remhriat	NOUN
remhriate	NOUN
remhriatna	NOUN
remhriatna	ADJ
remhriatnain	ADJ
remhriatpuina	VERB
remin	VERB
remkhawm	ADJ
remkhâwm	NOUN
remkhawmte	ADJ
remnaa	ADJ
remnaah	ADJ
rempui	VERB
remruat	NOUN
remruat	ADJ
remruatnaah	ADJ
remruatnain	ADJ
remruatnate	VERB
remruatpui	NOUN
remruatpui	ADJ
remruatpuite	NOUN
remruatpuitu	VERB
remruatpuitute	VERB
remruatsak	NOUN
remruatsak	ADJ
remruatsaktu	NOUN
remruatsaktuah	NOUN
remruatte	NOUN
remruattu	NOUN
remruattua	VERB
remruattute	NOUN
remsak	NOUN
remte	NOUN
remte	VERB
rêmtê	NOUN
remthat	VERB
remthu	VERB
remthû	VERB
remti	VERB
remtih	NOUN
remtih	ADJ
remtihna	ADJ
remtihnaa	VERB
remtihnain	ADJ
remtihpui	NOUN
remtihpuiin	VERB
remtihpuina	ADJ
remtihsak	VERB
remtihsakin	ADJ
remtihtîr	ADJ
remtihzawng	ADJ
remtihzâwng	ADJ
remtihzawngin	ADJ
remtiin	VERB
remtilo	NOUN
remtîr	NOUN
remtitu	ADJ
remtu	ADJ
remvêl	NOUN
remzawngin	VERB
ren	VERB
renawm	VERB
renchem	VERB
renchem	ADV
rênchem	NOUN
renchemna	ADJ
renchham	ADJ
reng	NOUN
reng	ADJ
réng	ADJ
rèng	ADJ
rêng	NOUN
rêng	ADV
renga	ADJ
rênga	ADJ
rengah	ADJ
rêngah	NOUN
rengahte	NOUN
reng-an	ADJ
rêng-an	NOUN
rengate	NOUN
reng-awm-tut	NOUN
reng-awm-tùt	NOUN
reng-awm-tût	NOUN
reng-âwm-tut	NOUN
reng-âwm-tùt	NOUN
reng-âwm-tût	ADJ
reng-chal	VERB
rengchalte	NOUN
rengdim	ADJ
reng-fei	ADJ
rengin	ADJ
rèngin	NOUN
rêngin	NOUN
reng-kawi	ADJ
renglohna	NOUN
rengmai	NOUN
rengna	NOUN
réngna	ADJ
rêngna	ADJ
rengnaah	NOUN
rengnate	NOUN
rengpui	NOUN
reng-pui	NOUN
rêngpui	NOUN
rêng-pui	NOUN
rengpuk	NOUN
rengruanga	NOUN
rengsi	ADJ
rêngsi	ADJ
rengte	NOUN
rengte	ADJ
rêngte	NOUN
rêngtê	VERB
rêngten	NOUN
rengtir	ADJ
rengtu	NOUN
rengtute	X
renthlei	X
rep	VERB
rep	ADJ
rép	VERB
rèp	ADJ
rêp	ADV
repna	ADJ
rêprap	ADJ
re-raw	NOUN
re-raw	ADJ
re-râw	NOUN
re-râw	ADJ
ré-raw	ADV
ré-râw	ADV
rê-raw	NOUN
rê-râw	NOUN
ret	ADJ
rêt	ADJ
reta	ADJ
retah	ADJ
rêtah	ADJ
retahte	ADJ
rêtahte	NOUN
rethei	ADJ
retheia	VERB
retheih	NOUN
retheih	ADJ
retheiha	ADJ
retheihna	ADJ
retheihnaa	ADJ
retheihnaah	ADJ
retheihnain	VERB
retheihnate	NOUN
retheihpui	ADJ
retheihte	ADJ
retheihthlâk	ADJ
retheihzia	NOUN
retheiin	ADJ
retheite	ADJ
retheiten	NOUN
retin	ADJ
rêtna	ADV
reu	VERB
reu	ADV
rêu	ADV
reub	ADV
reuh	ADJ
reuh	ADV
reuhtê	NOUN
ri	VERB
ria	VERB
riâ	NOUN
riaghlei	ADJ
riah	NOUN
riah	VERB
riahbuk	ADJ
riahbûk	ADJ
riahbûka	NOUN
riahbûkah	VERB
riahbukte	ADJ
riahchilh	ADJ
riahhmun	ADJ
riahhmuna	ADJ
riahhmunah	ADJ
riahmun	ADJ
riahmuna	NOUN
riahmunah	NOUN
riahna	ADJ
riahnaah	VERB
riahpui	VERB
riahtir	VERB
riahtir	ADJ
riahtîr	VERB
riahtîr	ADJ
riai	ADJ
riaia	ADJ
riak	VERB
riâk	VERB
riaka	ADJ
riakah	NOUN
riakin	NOUN
riak-maw	ADJ
riâk-maw	ADJ
rial	NOUN
rial	VERB
riâl	NOUN
riâl	VERB
riala	NOUN
rialin	NOUN
rialno	NOUN
rialte	NOUN
rial-thi	NOUN
rial-ṭhi	NOUN
riâl-thi	VERB
riâl-ṭhi	ADJ
rian	NOUN
rian	ADJ
riang	NOUN
riang	ADJ
riang	ADV
riâng	ADJ
riangten	VERB
riangvai	NOUN
riangvai	VERB
riângvâi	NOUN
riangvaite	NOUN
riangvâite	NOUN
ria-nu	NOUN
ria-nû	NOUN
rià-nu	ADV
rià-nû	ADV
riar	ADV
ria-ral	VERB
rià-ral	ADJ
riat	VERB
riat	ADJ
riat	NUM
riát	ADJ
riata	NOUN
riatah	ADJ
riatna	ADJ
riatnaa	ADJ
riatnaah	ADV
riau	ADV
riáu	ADJ
riâu	ADJ
riauva	NOUN
riauvin	ADJ
rib	ADJ
ribawk	VERB
ribel	ADV
ri-dim	VERB
rih	NOUN
rih-ar	X
rih-âr	X
rih-kam	ADJ
rihkhawdarah	NOUN
rihlote	NOUN
rihna	NOUN
rihnim	VERB
rihnim	ADJ
rihtîr	ADJ
rihvûr	ADJ
rihzawng	ADJ
rihzâwng	ADJ
rihzawngte	ADJ
riin	VERB
rîin	VERB
rik	NOUN
rik	VERB
rîk	NOUN
rika	ADJ
rikham	ADJ
rikhep	NOUN
rîkin	NOUN
rikna	ADJ
rîkna	ADJ
rikngawt	NOUN
rîkngawt	VERB
rîkngawtna	VERB
rikpui	VERB
rikrap	NOUN
rik-rap	VERB
rik-râp	VERB
rîk-rap	VERB
rîk-râp	NOUN
rikrapna	NOUN
rikrâpna	NOUN
rîkrapna	NOUN
rîkrâpna	NOUN
rikraptu	ADJ
rîkrâptu	NOUN
rikrum	ADJ
rikruma	VERB
riktir	VERB
riktir	ADJ
riktîr	VERB
rîktîr	ADJ
ril	NOUN
ril	VERB
rił	VERB
rîl	NOUN
rila	NOUN
rîla	NOUN
rilah	ADJ
rilah	ADV
rîlah	ADJ
rilahte	NOUN
rilan	NOUN
rilbawh	NOUN
ril-bawh	NOUN
rîlbawh	NOUN
rîl-bawh	NOUN
rilfang	NOUN
rilfâng	NOUN
rîlfang	NOUN
rîlfâng	NOUN
rilpeng	NOUN
rilpeng	VERB
rilpêng	NOUN
rîlpeng	NOUN
rîlpêng	NOUN
rilphir	NOUN
rîlphîr	NOUN
rilpui	NOUN
rilpui	ADJ
rîlpui	NOUN
rîlpui	VERB
rilrem	VERB
rilrem	ADV
rîlrem	NOUN
rilru	NOUN
rilru	VERB
rilrû	VERB
rilrua	VERB
rilrûa	VERB
rilruah	ADJ
rilrûah	NOUN
rilruhah	ADJ
rilruhahna	ADJ
rilruin	ADJ
rilrûin	ADV
rilruina	ADV
rilruk	NOUN
rilruk	VERB
rilrûk	VERB
rilrûk	ADJ
rilrukna	VERB
rilruknain	ADJ
rilruktir	NOUN
rilrunat	ADJ
rilrunatna	NOUN
rilrunatthlak	NOUN
rilrute	ADJ
rilrûte	ADJ
riltam	ADJ
riltâm	ADJ
rilţam	ADJ
rilṭam	ADJ
rilṭâm	ADJ
rilțam	ADJ
riltama	ADJ
rilṭama	ADJ
rilṭâma	ADJ
rilțama	ADJ
rilțâma	ADJ
riltamin	ADJ
rilṭamin	ADJ
rilṭâmin	NOUN
rilțamin	NOUN
riltamna	ADJ
rilṭâmna	ADJ
riltamnain	NOUN
rilṭâmnain	NOUN
riltamte	NOUN
rilṭamte	NOUN
rilṭâmte	ADJ
rilțamte	ADJ
riltamten	ADJ
rilṭâmten	NOUN
rilṭâmzia	NOUN
rilte	VERB
rîlte	ADJ
ri-luah	ADJ
rilzia	NOUN
rim	VERB
rimah	NOUN
rimang	NOUN
rimawi	ADJ
rimâwi	ADJ
rimawia	ADJ
rimawiin	NOUN
rimawilo	ADJ
rimâwite	ADJ
rimchhe	ADJ
rimchhia	ADJ
rimchhiain	NOUN
rimchhiatein	ADJ
rimenhawih	ADJ
rimhria	NOUN
rimin	NOUN
rimna	ADJ
rîmna	ADJ
rimnaah	VERB
rimnaahte	ADJ
rimpui	NOUN
rimte	ADJ
rimtu	ADJ
rimtui	ADJ
rimtuia	ADJ
rimtuiah	NOUN
rimtuiin	NOUN
rimtuina	NOUN
rimtuinate	ADJ
rimtuite	ADJ
rimtuizia	ADJ
rimzia	VERB
rin	VERB
rinârinâ	VERB
rinawm	VERB
rinawmah	ADJ
rinawmin	NOUN
rinawmlo	NOUN
rinawmlohnate	ADJ
rinawmna	ADJ
rinawmnaa	ADJ
rinawmnaah	ADJ
rinawmnain	ADJ
rinawmte	ADJ
rinawmzia	ADJ
rinbial	ADJ
rinchhan	NOUN
rinchhanin	NOUN
rinchhanna	NOUN
rinchhantu	ADJ
rinchhantute	ADJ
rindan	ADJ
rindân	ADV
rindikan	NOUN
ring	VERB
ringah	ADJ
ringawt	ADJ
ringawta	ADJ
ringawtah	ADJ
ringawtin	VERB
ringawtte	VERB
ringhlel	ADJ
ringhlela	ADJ
ringhlelhawm	NOUN
ringhlelin	ADJ
ringhlelna	NOUN
ringhlelnain	ADJ
ringhleltu	NOUN
ringhleltuin	ADJ
ringhleltute	ADJ
ringhote	ADJ
ringin	ADJ
ringlo	ADJ
ringlomite	ADJ
ringlote	VERB
ringlotute	NOUN
ringnghet	NOUN
ring-ri-bek	NOUN
ring-ri-telh	NOUN
ring-ri-ṭelh	VERB
ring-ruh	VERB
ringtakin	NOUN
ringtawk	NOUN
ringthar	NOUN
ringthar	ADJ
ringtu	NOUN
ringtuin	NOUN
ringtunu	NOUN
ringtute	NOUN
ringtuten	NOUN
ringvi	ADJ
rinhlawh	VERB
rinhlelh	ADJ
rinhlelhah	ADJ
rinhlelhawm	NOUN
rinhlelhawma	NOUN
rinhlelhawmna	ADJ
rinhlelhna	ADJ
rinhlelhnaah	NOUN
rinhlelhnain	ADJ
rinhlelhnate	ADJ
rinhlelhte	ADJ
rinin	ADJ
rinkai	ADJ
rinkhawh	NOUN
rinlawk	VERB
rinlohna	NOUN
rinluh	ADJ
rinna	ADJ
rinnaa	NOUN
rinnaah	VERB
rinnate	ADJ
rinngam	ADJ
rinnghila	NOUN
rinngila	ADJ
rinngilna	ADJ
rinphak	ADJ
rinphakbak	ADJ
rinpui	ADJ
rinrawl	ADJ
rinrawla	ADJ
rinrawlah	VERB
rinrawlte	NOUN
rinsak	NOUN
rintawk	NOUN
rintawklohna	NOUN
rintawkna	NOUN
rintawkzia	NOUN
rinte	ADJ
rinthu	ADJ
rinthuah	VERB
rinthuin	VERB
rintir	NOUN
rintîr	ADJ
rintirtu	ADJ
rintlak	ADJ
rintlâk	ADJ
rintlâka	ADJ
rintlâkin	NOUN
rintlakloh	ADJ
rintlakna	ADJ
rintlakzia	ADJ
rinzâwng	NOUN
rinzia	ADV
rip	ADJ
ripa	ADJ
ripah	NOUN
riphata	VERB
ripna	VERB
riral	NOUN
rîral	NOUN
riralna	NOUN
rîralna	ADJ
rîralnaten	ADJ
riruang	ADJ
rîruang	ADJ
riruanga	VERB
rit	NOUN
rit	VERB
rît	VERB
ritah	ADJ
ritchawi	NOUN
rîte	NOUN
ri-teh	ADJ
rî-teh	ADJ
rithei	NOUN
ritheite	NOUN
rit-kam	VERB
ritna	NOUN
ritphur	NOUN
ritphurhna	ADJ
ritphurhte	NOUN
ritsak	NOUN
rittu	NOUN
ritu	VERB
rîtu	VERB
riv	NOUN
ri-va	NOUN
rizai	NOUN
rizap	NOUN
rizap	VERB
rizâp	ADV
ro	VERB
rochhiah	VERB
rochun	VERB
rochung	NOUN
rochung	ADV
rochuntir	NOUN
rochuntir	VERB
roh	VERB
roh	ADV
ro-khawlh	VERB
rokhawlhna	NOUN
rokhawlhna	VERB
ro-khawm	NOUN
ro-khâwm	NOUN
rokhawmtu	NOUN
rokhawmtu	VERB
rokhâwmtu	NOUN
rokhum	NOUN
rokhum	VERB
rokhûm	NOUN
roluah	NOUN
roluahna	NOUN
roluahpui	NOUN
roluahpuite	NOUN
roluahpuitu	NOUN
roluahte	NOUN
roluahtu	NOUN
roluahtute	NOUN
romei	NOUN
romin	NOUN
ronaah	ADJ
rophûm	VERB
ropui	ADJ
ropuiah	ADJ
ropuibera	NOUN
ropuiin	NOUN
ropuina	NOUN
ropuina	ADJ
ropuinâ	ADJ
ropuinaa	ADJ
ropuinaah	NOUN
ropuinain	NOUN
ropuinate	ADJ
ropuite	ADJ
ropuiten	VERB
ropuizia	VERB
rorel	NOUN
rorel	VERB
rorêl	NOUN
rorêl	VERB
rorela	ADJ
rorêla	ADJ
rorêlan	NOUN
rorelhmaa	ADJ
rorelho	ADJ
rorelin	ADJ
rorêlin	NOUN
rorellai	NOUN
rorellohna	NOUN
rorelna	NOUN
rorélna	NOUN
rorèlna	NOUN
rorêlna	NOUN
rorêlna	ADJ
roręlna	ADJ
rorelnaa	ADJ
rorêlnaa	ADJ
rorelnaah	ADJ
rorêlnaah	ADJ
rorelnain	ADJ
rorêlnain	NOUN
rorelnan	NOUN
rorelnate	VERB
rorêlnate	VERB
rorelpui	NOUN
rorêlpui	NOUN
rorelpuite	VERB
rorêlpuite	VERB
rorelsak	VERB
rorêlsak	VERB
rorelsaka	ADJ
rorêlsaka	ADJ
rorelsakin	NOUN
rorêlsakin	NOUN
rorelsakna	NOUN
rorêlsakna	NOUN
rorelsaktu	NOUN
rorêlsaktu	NOUN
rorêlsaktute	NOUN
rorelte	VERB
rorêlte	NOUN
rorêltîr	NOUN
roreltu	NOUN
roréltu	ADJ
rorêltu	NOUN
rorêltu	ADJ
roreltua	ADJ
rorêltua	ADJ
rorêltûa	ADJ
roreltuah	ADJ
rorêltuah	ADJ
rorêltûah	NOUN
roreltuho	NOUN
rorêltuho	ADJ
roreltuhote	ADJ
roreltuin	NOUN
rorêltuin	NOUN
roreltuina	NOUN
roreltunu	NOUN
roreltute	NOUN
rorêltute	ADJ
rorêltûte	ADJ
roreltuten	ADJ
rorêltuten	VERB
rorum	NOUN
rorumna	NOUN
rosum	NOUN
rosumte	NOUN
rote	ADJ
ro-te	X
rothap	ADJ
ro-thap	VERB
rothapzia	ADJ
ro-thum-bel	ADJ
rotlang	ADJ
rotling	ADJ
rova	ADJ
rovah	ADJ
rovahte	ADJ
rovin	ADV
ru	NOUN
ru	VERB
rua	NOUN
rua	ADJ
ruá	VERB
ruà	ADV
ruâ	NOUN
ruâ	ADJ
ruâ	ADV
ruah	NOUN
ruah	VERB
ruahah	NOUN
ruahan	NOUN
ruah-bing	NOUN
ruah-bîng	NOUN
ruah-fang	NOUN
ruahhmi-te	ADJ
ruahhmuna	NOUN
ruahin	VERB
ruahmal	VERB
ruahman	ADJ
rua-hman	ADJ
ruahmana	ADJ
ruahmanah	NOUN
ruahmanin	ADJ
ruahmanna	ADJ
ruahmannaah	ADJ
ruahmannain	VERB
ruahmannate	ADJ
ruahmansak	NOUN
ruahmante	NOUN
ruahmantu	NOUN
ruah-mual-liam	NOUN
ruahna	NOUN
ruah-phingphi-siau	NOUN
ruahpui	NOUN
ruahpuiin	NOUN
ruahpuite	NOUN
ruahpuivânawn	NOUN
ruahpuivânâwn	NOUN
ruah-si	ADJ
ruah-sî	ADJ
ruahsur	ADJ
ruahsûr	ADJ
ruahsurah	NOUN
ruahsurin	NOUN
ruahte	NOUN
ruahthimpui	NOUN
ruahtui	NOUN
ruah-tui	ADJ
ruahtuiin	NOUN
ruahtuite	NOUN
ruah-varpui	ADJ
ruah-vârpui	ADV
ruahzia	NOUN
ruai	VERB
ruaia	VERB
ruaiah	ADJ
ruaibut	NOUN
ruaibut	VERB
ruaiin	NOUN
ruaina	ADJ
ruaipui	ADJ
ruaite	ADJ
ruaitheh	ADJ
ruaiṭheh	ADJ
ruaitheha	ADJ
ruaiṭheha	NOUN
ruaithehah	NOUN
ruaithehna	NOUN
ruaiṭhehna	ADJ
ruaițhehna	ADJ
ruaithehnaa	ADJ
ruaiṭhehnaa	ADJ
ruaithehnaah	ADJ
ruaiṭhehnaah	ADJ
ruaithehnaahte	ADJ
ruaithehnatea	ADJ
ruaithehte	NOUN
ruaiṭhehte	NOUN
ruaitu	NOUN
ruai-tuan	NOUN
ruaitunu	ADJ
ruaitute	ADJ
ruak	VERB
ruak	ADV
ruâk	VERB
rûak	ADV
ruaka	ADJ
ruakah	ADJ
rua-khau	ADJ
ruâ-khâu	ADV
ruakin	VERB
ruaklo	NOUN
ruâklo	NOUN
ruakna	ADJ
ruakte	ADJ
rual	VERB
rual	ADJ
ruál	ADV
ruâl	NOUN
ruala	ADJ
rualah	X
rualawh	X
rualban	NOUN
rualbanlo	ADJ
rualbanlote	ADJ
rualbanloten	ADJ
rualchungah	ADJ
rualho	ADJ
rualhote	ADJ
rualin	ADJ
rualina	ADJ
rualkhai	ADJ
rualkhái	ADJ
rualkhâi	ADJ
ruallo	ADJ
rualloh	ADV
rualpui	NOUN
rualpui	ADJ
rualpuite	VERB
rualrem	ADJ
rualremah	ADJ
rualrempui	ADJ
rualte	ADJ
rualtein	NOUN
rualten	ADV
rualtu	NOUN
ruam	VERB
ruam	ADJ
ruama	ADJ
ruamah	NOUN
ruamahte	ADV
ruamte	VERB
ruan	NOUN
ruan	VERB
ruan	ADJ
ruang	NOUN
ruanga	ADJ
ruangah	ADJ
ruangahte	ADJ
ruangam	NOUN
ruang-am	ADJ
ruangâm	NOUN
ruang-âm	ADJ
ruangama	ADJ
ruangamah	ADJ
ruangin	ADJ
ruangruh	ADJ
ruangte	NOUN
ruangtein	NOUN
ruanţe	ADJ
ruanţê	ADJ
ruantlanga	VERB
ruantlangah	VERB
ruat	VERB
ruata	ADJ
ruatah	ADJ
ruatahte	NOUN
ruatate	NOUN
ruatfelna	NOUN
ruatho	ADJ
ruathote	ADJ
ruatin	NOUN
ruatlawk	ADJ
ruatna	VERB
ruatpui	ADJ
ruatsak	ADJ
ruatsaka	ADJ
ruatsakah	NOUN
ruatsakin	NOUN
ruatsakna	NOUN
ruatsaktu	NOUN
ruatsaktute	NOUN
ruatte	VERB
ruatten	VERB
ruattir	NOUN
ruattîr	ADJ
ruattu	ADJ
ruatzia	NOUN
ruau	NOUN
ru-bel	NOUN
ru-bêl	ADV
ruchek	ADV
rufik	NOUN
ruh	NOUN
ruh	ADJ
ruhah	NOUN
ruhahte	ADJ
ruhchuktuah	ADJ
ruhin	NOUN
ruhkawl	ADJ
ruh-kawl	NOUN
ruhkawlte	NOUN
ruhlang	ADJ
ruhna	VERB
ruhnate	VERB
ruh-nget	NOUN
ruh-ngêt	NOUN
ruhrel	ADJ
ruh-rel	ADJ
ruhrela	NOUN
ruhrelte	NOUN
ruhro	VERB
ruhrote	NOUN
ruhsak	NOUN
ruhseh	NOUN
ruhseh	ADV
ruhte	NOUN
ruhthar	NOUN
ruhtliakte	ADJ
ruhtuah	ADJ
ruhtuah	ADV
ruhzia	VERB
rui	NOUN
rui	ADJ
rui	X
ruia	ADV
rûia	VERB
ruih	VERB
ruih	ADJ
ruiha	NOUN
ruihchilh	ADJ
ruihhlote	ADJ
ruihhmang	ADJ
ruihin	NOUN
ruihmangte	VERB
ruihna	NOUN
ruihpui	NOUN
ruihtheih	ADJ
ruihtheihthil	VERB
ruihthlak	VERB
ruihţir	ADJ
ruihţîr	ADJ
ruiin	NOUN
rûin	NOUN
ruined	NOUN
ruite	NOUN
rûite	ADJ
rûitu	ADV
ruk	NOUN
ruk	VERB
ruk	ADV
rûk	NOUN
rûk	VERB
ruka	ADJ
rûka	ADJ
rukah	ADJ
rûkah	ADJ
rukbo	NOUN
rukbonaah	ADJ
rukbote	ADJ
rukbotuah	NOUN
rukhmang	ADJ
rûkhmangte	ADJ
rukin	ADJ
rûkin	ADJ
rukkhawm	NOUN
rukna	ADJ
rukna	NUM
rûkna	NOUN
ruknaa	ADJ
ruknaah	NOUN
rûknaah	NOUN
rukrak	NOUN
rukru	VERB
ruk-ru	ADJ
rûkru	VERB
rûk-ru	ADJ
rukrua	ADJ
rukruah	ADJ
rukruin	ADJ
rûkruin	ADJ
rûkrûin	ADJ
rukruk	ADJ
rukrûk	ADJ
rûkrûk	NOUN
rukrukah	NOUN
rukrukna	ADJ
rukrûkna	NOUN
rukruknaah	NOUN
rukruknate	NOUN
rukrûknate	NOUN
rukrukte	NOUN
rukrukthu	NOUN
rukrupa	NOUN
rukrute	NOUN
rûkrute	ADJ
rûkrûte	ADJ
rukruten	NOUN
rûkruten	NOUN
ruksai	VERB
ruksak	ADJ
rûksak	NOUN
ruksakah	ADJ
ruksaktute	ADJ
ruksualah	ADJ
rukte	ADJ
rûkte	ADJ
ruktein	ADJ
rûktein	VERB
rûktêin	NOUN
ruktir	ADV
rûktute	NOUN
rul	NOUN
rul	VERB
rul	X
rûl	VERB
rûl	X
rûlah	NOUN
ru-lei	VERB
rulh	VERB
rul-hlai	NOUN
rul-hlái	NOUN
rûl-hlai	NOUN
rûl-hlái	NOUN
rulhna	NOUN
rulhnate	NOUN
rul-hrik	NOUN
rûl-hrik	VERB
rûlhrût	VERB
rulhsak	VERB
rulhtir	NOUN
rulhtîr	NOUN
rulhut	NOUN
rûlhût	NOUN
rulhutah	ADJ
rulhutin	NOUN
rulhûtin	ADJ
rulhutpui	ADJ
rulin	NOUN
rûlin	NOUN
rul-ke-nei	ADJ
rûl-ke-nei	NOUN
rulkual	NOUN
rul-mit-chaw	ADJ
rûl-mit-chaw	NOUN
rulmuk	NOUN
rûlmuk	NOUN
rulngan	NOUN
rulngân	NOUN
rûlngan	NOUN
rûlngân	NOUN
rulnghawngsen	NOUN
rulnghâwngsen	NOUN
rûlnghawngsen	NOUN
rûlnghâwngsen	NOUN
rul-pai-hawl	NOUN
rûl-pai-hawl	NOUN
rulpui	NOUN
rulpui	X
rûlpui	NOUN
rûlpui	X
rûlpuiho	NOUN
rûlpuiin	NOUN
rulpui-lu-din	ADJ
rûlpui-lu-din	NOUN
rûlpuite	NOUN
rulpuk	NOUN
rûlpuk	NOUN
rulrial	NOUN
rûlrial	NOUN
rulrua	VERB
rûlrua	VERB
rulruk	ADJ
rulrûk	ADJ
rulte	NOUN
rûlte	NOUN
rul-ţhihna	NOUN
rûl-ţhihna	NOUN
rulthuam	NOUN
rulthur	NOUN
rûlthur	NOUN
rultu	NOUN
rultuha	NOUN
rultuhâ	NOUN
rûltuha	NOUN
rûltuhâ	NOUN
rul-vankai	NOUN
rul-vânkai	NOUN
rûl-vankai	VERB
rûl-vânkai	ADV
rulzuan	NOUN
rum	VERB
rúm	ADJ
ruma	NOUN
rûma	ADJ
rumal	VERB
rumal	ADJ
rumin	NOUN
rûmin	NOUN
rumna	VERB
rûmna	VERB
rumthaih	VERB
rûmṭhaih	VERB
rumtir	NOUN
rûmtîr	NOUN
rumtu	NOUN
run	VERB
rûn	VERB
runa	ADJ
rùna	ADJ
rûna	X
rundala	NOUN
runhmui	ADJ
rùnhmui	NOUN
runin	NOUN
runna	NOUN
run-phek	NOUN
run-phêk	NOUN
rûn-phek	NOUN
rûn-phêk	NOUN
runpui	NOUN
runpui	ADJ
run-pui	NOUN
rún-pui	VERB
rûnpui	VERB
rûnpui	ADJ
rûnpuia	NOUN
rûnpuiah	NOUN
runpum	ADJ
rûnpum	VERB
runral	VERB
runral	ADJ
runrâl	ADJ
runthlak	NOUN
runthlak	VERB
runthlâk	VERB
runthlakna	VERB
rûntîr	VERB
runtu	NOUN
rûntu	NOUN
runtute	ADJ
rûntute	NOUN
rûntuten	NOUN
run-zawng	VERB
run-zâwng	NOUN
rup	NOUN
ru-pawl	NOUN
ru-pâwl	NOUN
ru-phir	NOUN
ru-phîr	ADJ
rupna	ADJ
rura	NOUN
rura	VERB
rûrâ	ADJ
ruraho	NOUN
ru-sakei	VERB
ru-sum	VERB
rut	VERB
rut	ADV
rút	VERB
rût	ADV
rûte	NOUN
ru-teng	NOUN
ru-têng	NOUN
ru-thei	ADJ
ru-tui	ADJ
rutute	ADV
rututen	ADV
sa	NOUN
sa	VERB
sà	NOUN
sà	X
sâ	NOUN
sâ	VERB
saah	VERB
sâah	VERB
sa-ai	VERB
sâ-ai	VERB
sa-aih	NOUN
sâ-aih	NOUN
sa-awk-tawl	NOUN
sa-awk-ṭawl	NOUN
sa-âwk-tâwl	NOUN
sa-âwk-ṭâwl	NOUN
sa-ban	NOUN
sa-bàn	NOUN
sabat	VERB
sabawn	NOUN
sabbathte	VERB
sa-bebuh	VERB
sa-bel	NOUN
sa-bêl	NOUN
sabengtung	ADJ
sabêngtung	ADJ
sabengtunga	ADJ
sabengtungah	NOUN
sabengtungin	NOUN
sabengtungno	NOUN
sabengtungnu	NOUN
sabengtungpa	NOUN
sabengtungpui	NOUN
sabengtungte	X
sabereka	NOUN
sa-biak	NOUN
sabuai	NOUN
sabual	NOUN
sachek	VERB
sachhiah	ADJ
sachin	NOUN
sachungah	NOUN
sa-dai	NOUN
sadai-ek	NOUN
sadai-êk	NOUN
sadâi-ek	NOUN
sadâi-êk	NOUN
sa-dawi	NOUN
sadawt	NOUN
sadawt	VERB
sadâwt	NOUN
sa-duar-da	NOUN
sa-fe	NOUN
sa-fei	NOUN
sa-fe-tumbung-rang	NOUN
sa-fe-tumbung-râng	VERB
safia	VERB
sah	VERB
sahal	NOUN
sa-ha-tah	NOUN
sa-ha-ṭah	ADJ
sahbawn	NOUN
sahbawnin	VERB
sahbuak	VERB
sahbur	VERB
sahbûr	NOUN
sahchhum	NOUN
sahdah	NOUN
sahdal	NOUN
sahel	VERB
sa-hel-ei	VERB
sahfik	NOUN
sahfik	VERB
sah-hai	VERB
sah-hâi	ADJ
sahhlum	VERB
sahhlumin	ADJ
sahhmum	ADJ
sahil	NOUN
sahim	NOUN
sahimna	NOUN
sahimnate	NOUN
sah-lam	NOUN
sa-hlan	VERB
sa-hlàn	VERB
sahlum	NOUN
sahmaitha	NOUN
sahmaitha	X
sahmim	VERB
sahmim	X
sahmîm	X
sahmul	NOUN
sahmulphah	NOUN
sahna	VERB
sahram	NOUN
sahram	VERB
sahrâm	NOUN
sahrang	NOUN
sahrang	VERB
sa-hrang	NOUN
sahrâng	NOUN
sah-rek	NOUN
sahriak	NOUN
sa-hring	NOUN
sahsak	VERB
sah-san	VERB
sahsawm	VERB
sahthlâk	ADJ
sâhthlak	ADJ
sahthlaka	NOUN
sahthlâka	NOUN
sah-thlau	VERB
sah-thlàu	VERB
sahthluk	NOUN
sahthlûk	NOUN
sahuai	NOUN
sahuai	X
sahuan	ADJ
sahuana	ADJ
sahuanah	ADJ
sahuanten	NOUN
sahzau	NOUN
sah-zum	NOUN
sai	NOUN
sai	VERB
sái	VERB
sài	NOUN
sâi	NOUN
sâi	VERB
saiah	NOUN
saiar	NOUN
sai-ar	NOUN
sâi-âr	NOUN
saibeng	NOUN
saichal	NOUN
sai-dai	NOUN
saidawium	NOUN
saidawiûm	NOUN
saidâwium	NOUN
saidâwiûm	NOUN
saidawt	NOUN
saidâwt	NOUN
saiding	NOUN
sai-ek-hlo	NOUN
sâi-ek-hlo	NOUN
sai-ek-phung	VERB
sai-ek-phûng	NOUN
saih	NOUN
saiha	NOUN
sai-ha	NOUN
saihaang	NOUN
sai-ham-khek	NOUN
sai-ham-khèk	NOUN
sai-hate	NOUN
sai-hlit	NOUN
sai-hlît	NOUN
saihlum	VERB
saihmarthdr	NOUN
saihmarthur	NOUN
saihmarthúr	NOUN
saihmârthur	NOUN
saihmârthúr	NOUN
saihraw	NOUN
saihri	NOUN
sai-hri	NOUN
saihrua	ADJ
sai-hum	NOUN
saiin	NOUN
saiip	NOUN
sâiip	NOUN
saiipah	NOUN
saikeibaknei	ADJ
sai-khup	NOUN
sailiamkawnah	X
sailo	X
sailoparin	NOUN
sailungvar	NOUN
sai-lu-tar	NOUN
sai-man-hnang	NOUN
sâin	NOUN
saina	NOUN
saingho	ADJ
sai-nghó	NOUN
sainghote	ADJ
sainghova	ADJ
sainghovin	NOUN
sâinghovin	NOUN
sai-pan	NOUN
sai-pân	NOUN
sai-phah	NOUN
sai-phaw	NOUN
saipir-khap	NOUN
saipir-khâp	NOUN
sai-ral	NOUN
sai-râl	NOUN
sairawkherh	NOUN
sairawkherha	NOUN
sai-ril	X
sai-sa	NOUN
sai-sa	ADJ
saisakin	NOUN
saisiak	VERB
saisiak	X
saisik	ADJ
saisir	ADV
saisirin	NOUN
saisk	NOUN
sai-tawm	NOUN
sai-tâwm	NOUN
sai-ṭawm	NOUN
sai-ṭâwm	NOUN
sai-thei	NOUN
sai-thi	NOUN
sai-thî	NOUN
sai-ṭhi	NOUN
sai-ṭhî	NOUN
saitluang	NOUN
sai-tur	NOUN
sai-tûr	ADJ
saizawh	ADV
sak	NOUN
sak	VERB
saka	ADJ
sakah	NOUN
sakal	VERB
sa-kawchhung	ADJ
sakawh	NOUN
sa-kawl	X
sa-kâwl	NOUN
sakawlh	ADJ
sakawlhin	ADJ
sakawlhte	NOUN
sakawlhtea	NOUN
sakawr	NOUN
sakawra	ADJ
sakawrah	NOUN
sakawrahte	NOUN
sakawrbakcheh	ADJ
sakawr-chi	NOUN
sakawrin	NOUN
sakawrpute	NOUN
sakawrrang	NOUN
sakawr-tawlailir	NOUN
sakawrte	NOUN
sakawrtial	NOUN
sa-kechek	NOUN
sakechep	NOUN
sakei	NOUN
sakei-bakbuk	ADJ
sakeibaknei	ADJ
sakeibakneiah	ADJ
sakeibakneiho	NOUN
sakeibakneiin	NOUN
sakeibakneinu	NOUN
sakeibakneipa	ADJ
sakeibakneite	ADJ
sakeibakneitea	NOUN
sakeiin	NOUN
sakhal	NOUN
sak-har	ADJ
sakhat	NOUN
sakhatin	VERB
sakhaw	VERB
sakhi	VERB
sakhî	NOUN
sakhîin	NOUN
sakhipa	ADJ
sakhite	ADJ
sakhmel	NOUN
sakhmêl	VERB
sakhua	VERB
sakhuaa	NOUN
sakhuaah	ADJ
sakhuanna	VERB
sakin	NOUN
sakmek	ADJ
sakna	ADJ
saknaa	NOUN
saknaah	VERB
saknate	NOUN
sakpui	NOUN
sakramen	NOUN
sakrawng	NOUN
sakruang	VERB
sakrûang	ADJ
sak-sak	ADJ
saksawk	ADJ
sakte	ADJ
sakten	VERB
sakthat	NOUN
saktir	NOUN
saktirtu	NOUN
saktîrtu	NOUN
saktu	X
sakuh	NOUN
sakuhin	ADJ
sakuhte	ADJ
sakuhten	ADJ
sakzawh	VERB
sakzui	NOUN
sal	NOUN
salbettu	NOUN
salho	ADJ
salhtu	ADJ
saltan	VERB
saltân	VERB
saltang	ADJ
saltâng	ADJ
saltângho	NOUN
saltânghote	NOUN
saltangte	NOUN
saltângte	NOUN
saltanna	ADJ
saltânna	ADJ
saltannaah	NOUN
saltânnaah	VERB
salte	VERB
sam	NOUN
sama	NOUN
samah	NOUN
samak	NOUN
samar	NOUN
samdala	NOUN
samkhai	NOUN
samkhaina	NOUN
samkhuih	NOUN
samsuih	NOUN
samtawk	NOUN
samṭawk	NOUN
samtawkte	NOUN
samte	NOUN
samtuak	NOUN
samṭuak	NOUN
samzai	NOUN
sam-zai	NOUN
samzâi	NOUN
samzaite	ADJ
samzial	ADJ
san	NOUN
san	VERB
san	PART
sán	ADV
sàn	NOUN
sàn	VERB
sana	NOUN
sâna	ADJ
sanaa	ADJ
sanapui	VERB
sanapui	ADJ
sang	VERB
sang	ADJ
sang	ADV
sáng	ADJ
sâng	VERB
sâng	ADJ
sangah	ADJ
sángah	ADJ
sângah	ADJ
sangahte	ADJ
sângahte	ADJ
sangai	NOUN
sangai	X
sângai	X
sangau	NOUN
sangâwi	NOUN
sangâwite	NOUN
sangber	NOUN
sangha	NOUN
sanghâ	NOUN
sângha	NOUN
sangha-awt	VERB
sangha-âwt	VERB
sangha-kep	NOUN
sanghal	NOUN
sânghal	NOUN
sanghal-hriama-pa	NOUN
sanghalin	NOUN
sanghar	X
sanghar-vaibel	ADJ
sanghar-vaibêl	ADJ
sanghate	ADJ
sanghâte	NOUN
sânghate	NOUN
sânghawng	NOUN
sanghawngsei	NOUN
sanghawngsei	ADJ
sanghâwngsei	NOUN
sanghâwngsei	ADJ
sanghâwngseia	ADJ
sanghawngseiah	ADJ
sanghâwngseiah	ADJ
sanghâwngseiho	ADJ
sanghawngseiin	NOUN
sanghâwngseilâ	NOUN
sanghawngseite	ADJ
sanghâwngseite	ADJ
sanghet	NOUN
sanghet	ADJ
sanghnih	ADJ
sânghnih	NUM
sânghnihte	NUM
sangkhat	ADJ
sângkhat	ADJ
sângkhata	ADJ
sangkhatah	ADJ
sângkhatah	NOUN
sângkhatin	ADJ
sangkhatna	ADJ
sângkhatte	ADJ
sangli	ADJ
sângli	ADJ
sânglî	NUM
sânglite	NUM
sangnga	NOUN
sângnga	NOUN
sangpar	NOUN
sangpar	VERB
sângpâr	NOUN
sangpuar	VERB
sangriat	NUM
sângriat	NUM
sangruk	ADJ
sângruk	NUM
sângrukte	NUM
sangsarih	ADJ
sângsarih	NUM
sângsarihin	NUM
sangsawm	ADJ
sângsawm	ADJ
sangte	ADJ
sângte	NUM
sangṭha	NUM
sangthum	ADJ
sângthum	NOUN
sangthumin	NOUN
sangtu	NOUN
sangul	VERB
sangul	ADJ
sangzawk	VERB
sangzâwk	VERB
sanhmawh	NOUN
sanhmawh	ADJ
sanin	VERB
sânin	VERB
sankhalh	VERB
sankhalh	ADJ
sànkhalh	ADJ
sanlam	NOUN
sânlam	NOUN
sanna	NOUN
sânna	NOUN
santai	NOUN
santal	NOUN
santen	NOUN
santen	VERB
santen-benvawn	NOUN
santha	ADJ
sanṭha	VERB
sanṭhate	VERB
santir	NOUN
sântir	NOUN
santiri	NOUN
santiri	ADJ
santu	ADJ
sanzawng	ADJ
sânzâwng	ADJ
sanzia	ADJ
sânzia	NOUN
sanziaa	NOUN
sap	NOUN
sapatal	VERB
sa-pawk	NOUN
sapêl	NOUN
sapela	NOUN
saper	NOUN
saphai	NOUN
saphi	NOUN
saphihrik	NOUN
saphi-hrik	NOUN
saphiri	NOUN
sa-phit	NOUN
sa-phît	ADJ
sapho	NOUN
saphovin	NOUN
sa-phu	NOUN
sa-phû	NOUN
saphu-hawn	VERB
saphu-hàwn	VERB
saphun	NOUN
sa-phun	NOUN
sa-phung	NOUN
sa-phûng	NOUN
saphunte	NOUN
sa-phut	X
sa-phût	NOUN
sapsen	NOUN
sápsen	NOUN
saptawng	NOUN
sapţawng	NOUN
sapṭawng	NOUN
saptawnga	NOUN
saptawngte	NOUN
sapthei	NOUN
sap-thei	NOUN
sáp-thei	NOUN
sapui	NOUN
sa-pui	VERB
sar	NOUN
sar	VERB
sâr	NOUN
sarai-dar	NOUN
sarai-dâr	ADJ
sarang	NOUN
saranga	NOUN
sarba	NOUN
sàrba	ADJ
sarfang	NOUN
sarh	NOUN
sarih	ADJ
sariha	ADJ
sarihah	NOUN
sarihin	VERB
sarihna	ADJ
sarihnaa	ADJ
sarihnaah	NOUN
sarihte	NOUN
sari-tawm	NOUN
sarivaithun	ADJ
sarmon	NOUN
sarmon	ADJ
sar-sen	NOUN
sar-sen	VERB
sàr-sen	NOUN
sàr-sen	VERB
sarthi	ADJ
sarthli	VERB
saruak	ADJ
sa-ruak	ADJ
saruaka	ADJ
saruakah	ADV
saruakin	NOUN
sa-ruakin	ADJ
saruakna	ADJ
saruaknain	ADJ
saruakte	NOUN
saruakzia	ADJ
saruang	ADJ
saruangahte	NOUN
saruangte	NOUN
saruh	NOUN
sa-ruh	NOUN
sarvacha	NOUN
sarzuk	NOUN
sarzuk	VERB
sasaw	NOUN
sasaw	ADV
saseng	NOUN
sa-so-bel	ADV
sasua	VERB
sat	VERB
sât	VERB
satchhum	NOUN
satchhum	ADJ
sâtchhum	NOUN
sate	NOUN
sa-te	NOUN
sa-té	NOUN
sâte	NOUN
sate-ek	NOUN
sate-êk	NOUN
satel	NOUN
satelte	ADJ
saten	ADJ
sâten	ADJ
satha	NOUN
sathaa	ADJ
sa-thangdai	ADJ
sathar	NOUN
sathâr	NOUN
satharte	ADJ
sathârte	ADJ
sathau	NOUN
sathâu	NOUN
sathaukhawnvar	ADJ
sathin	NOUN
sâthlum	NOUN
satial	NOUN
satiha	ADJ
satikang	NOUN
satikang	VERB
sâtin	VERB
sa-tlaw	ADJ
sa-tlâw	ADV
satliah	ADJ
satliaha	NOUN
satliahin	NOUN
satliahna	NOUN
satliahtu	VERB
satna	VERB
satsawm	NOUN
sâtsawm	NOUN
sattu	NOUN
sâttu	NOUN
satu	NOUN
satuho	NOUN
satui	NOUN
satute	ADJ
satuten	ADV
satzia	VERB
sau	ADJ
sau	ADV
sauh	VERB
sauh	ADV
sa-ui-tan	NOUN
sa-um	NOUN
sava	NOUN
sava	VERB
sa-va	VERB
savaa	ADJ
savâa	ADJ
savâte	ADJ
savaten	NOUN
savâten	NOUN
savawm	NOUN
savawmin	ADJ
savawmnu	ADJ
savawmpui	ADJ
savawmte	NOUN
savawmten	NOUN
savuak	NOUN
savun	NOUN
savun	PRON
savuna	ADJ
savunah	INTJ
savunahte	PRON
saw	NOUN
sawh	VERB
sawhban	NOUN
sawhchhiar	ADJ
sawhchiar	NOUN
sawhchiarah	ADJ
sawhkawina	ADJ
sawhkhawk	NOUN
sawhkhâwk	VERB
sawhna	NOUN
sawhngheh	VERB
sawhnghehna	NOUN
sawhsawn	NOUN
sawhthing	VERB
sawhthingpar	VERB
sawi	VERB
sáwi	VERB
sâwi	VERB
sawia	VERB
sawiah	VERB
sawibuai	VERB
sawichhawng	NOUN
sawichhe	NOUN
sawichhetu	VERB
sawichhetute	ADJ
sawichhia	VERB
sawichhiain	ADJ
sawichhiat	ADJ
sawichhiata	ADJ
sawichhiatah	NOUN
sawichhiatin	ADJ
sawichhiatna	NOUN
sawichhiatnain	ADJ
sawichhiatnate	VERB
sawichhiatzia	NOUN
sawichhuah	VERB
sawichhuahna	ADJ
sawichhuak	VERB
sawichhuakin	ADJ
sawichiang	NOUN
sawichiangin	ADJ
sawichianna	VERB
sawidan	VERB
sawidarh	VERB
sawidun	VERB
sawifel	ADJ
sawifiah	NOUN
sawifiahin	ADJ
sawifiahna	NOUN
sawifiahnaah	VERB
sawifiahtu	ADJ
sawih	ADJ
sawihlawh	VERB
sawihmaih	VERB
sawihmuh	VERB
sawihnawm	NOUN
sawihnâwm	NOUN
sawihnawmna	NOUN
sawihnawmtu	VERB
sawihnawmtute	ADJ
sawiho	ADJ
sawihoa	NOUN
sawihonaah	ADJ
sawihonate	VERB
sawihopuiah	VERB
sawihova	ADJ
sawihovin	VERB
sawiin	ADJ
sawikhawm	VERB
sawilai	VERB
sawilan	VERB
sawilawk	VERB
sawilâwk	ADJ
sawileh	ADJ
sawilo	VERB
sawiloh	NOUN
sawimawi	NOUN
sawimawina	NOUN
sawimâwina	ADJ
sawina	ADJ
sawinaa	VERB
sawinaah	NOUN
sawinawn	VERB
sawinêptute	VERB
sawinghing	VERB
sawinghîng	VERB
sawipui	NOUN
sawi-pui	ADJ
sawipuiin	NOUN
sawipuitu	NOUN
sawipuitu	VERB
sawipuitute	VERB
sawirem	VERB
sawirik	VERB
sawisa	VERB
sawisa	ADJ
sawisâ	VERB
sawisaa	ADJ
sawisak	ADJ
sawisaka	NOUN
sawisakin	ADJ
sawisakna	NOUN
sawisakte	VERB
sawisatu	VERB
sawisel	VERB
sawisél	VERB
sawisèl	ADJ
sawisêl	VERB
sawisêl	ADJ
sawisela	ADJ
sawiselbonaa	NOUN
sawiselbonain	ADJ
sawiselbote	ADJ
sawiselbova	ADJ
sawisêlbova	ADJ
sawiselbovin	ADJ
sawisêlbovin	ADJ
sawiselin	NOUN
sawisello	NOUN
sawiselna	NOUN
sawisèlna	ADJ
sawisêlna	ADJ
sawiselnain	NOUN
sawiselnate	NOUN
sawiseltu	NOUN
sawisêltu	NOUN
sawiseltute	VERB
sawiseltuten	ADJ
sawisual	NOUN
sawite	NOUN
sawi-te	ADJ
sâwi-te	VERB
sawithatin	VERB
sawithawi	VERB
sawitir	ADJ
sawitîr	VERB
sawitira	NOUN
sawitlang	ADJ
sawitu	ADJ
sawituah	ADJ
sawituho	NOUN
sawitûr	VERB
sawitute	NOUN
sawizau	VERB
sawizauna	VERB
sawizawi	ADJ
sawi-zawi	VERB
sawi-zâwi	VERB
sâwizawi	NOUN
sawizawia	VERB
sawizawina	VERB
sawizawm	NOUN
sawizui	ADJ
sawizuina	ADJ
sawk	VERB
sawk	ADJ
sawk	ADV
sâwk	ADV
sawka	NOUN
sawkkhawmin	ADV
sawkna	NOUN
sawksawk	NOUN
sawl	VERB
sawl	ADJ
sâwl	VERB
sawlai	NOUN
sawlakia	ADJ
sawlfa	VERB
sawlh	VERB
sawm	NOUN
sawm	VERB
sâwm	NOUN
sâwm	VERB
sawma	ADJ
sâwma	ADJ
sawmah	NOUN
sâwmah	NOUN
sawm-bi	NOUN
sàwm-bi	NOUN
sawmfang	NOUN
sawmfang	VERB
sawmfâng	NOUN
sàwmfang	ADJ
sàwmfâng	NOUN
sawmhnih	ADJ
sawmhnih	NUM
sâwmhnih	ADJ
sawmhniha	ADJ
sawmhnihah	NOUN
sawmhnihin	ADJ
sawmhnihna	ADJ
sawmhnihnaah	ADJ
sawmhnihte	ADJ
sawmho	ADJ
sâwmho	ADJ
sawmhote	ADJ
sawmin	VERB
sâwmin	ADJ
sawmkhawm	NOUN
sawmkua	ADJ
sawmkua	NUM
sawmkuaa	NOUN
sawmli	NUM
sawmlî	ADJ
sâwmli	ADJ
sawmlia	ADJ
sawmlîa	NOUN
sawmliah	NOUN
sawmlîna	NOUN
sawmna	NOUN
sawmna	ADJ
sàwmna	NOUN
sâwmna	NOUN
sâwmna	ADJ
sawmnaa	ADJ
sâwmnaa	ADJ
sawmnaah	ADJ
sâwmnaah	ADJ
sawmnate	NOUN
sawmnga	ADJ
sawmnga	NUM
sâwmnga	ADJ
sawmngaa	ADJ
sawmngâa	ADJ
sawmngaho	ADJ
sawmngain	NUM
sawmngâin	ADJ
sawmngana	ADJ
sawmngate	NUM
sawmngâte	NUM
sawmpahnih	ADJ
sâwmpahnih	NUM
sâwmpahnihte	NUM
sawmpakhat	NUM
sâwmpakhat	NUM
sawmpakhatna	NUM
sawmpakua	NUM
sawmpali	NUM
sâwmpali	NUM
sawmpanga	NUM
sawmpariat	NUM
sâwmpariat	NUM
sawmparuk	NUM
sâwmparuk	NUM
sawmpasarih	NUM
sawmpathum	ADJ
sawmpathumna	NOUN
sawmriat	ADJ
sawmriat	NUM
sâwmriat	ADJ
sawmriata	NOUN
sawmriatah	ADJ
sawmriatna	NOUN
sawmruk	ADJ
sawmruk	NUM
sâwmruk	ADJ
sawmruka	VERB
sawmrukin	VERB
sawmsak	NOUN
sâwmsak	NOUN
sawmsakna	NOUN
sâwmsakna	ADJ
sâwmsaktu	NOUN
sawmsarih	ADJ
sawmsarih	NUM
sâwmsarih	ADJ
sawmsariha	ADJ
sawmsarihte	ADJ
sawmsarihten	NOUN
sawmtawk	NOUN
sawmte	ADJ
sâwmte	NOUN
sawmthum	ADJ
sawmthum	NUM
sâwmthum	NOUN
sawmthuma	ADJ
sawmthumna	VERB
sawmthumte	NOUN
sawmtir	NOUN
sawmtu	NOUN
sawmtu	ADJ
sâwmtu	NOUN
sâwmtu	ADV
sâwmzia	ADV
sawn	NOUN
sawn	VERB
sáwn	VERB
sàwn	VERB
sâwn	NOUN
sâwn	VERB
sawna	NOUN
sawnchhuah	NOUN
sawnfang	VERB
sâwnfâng	VERB
sawng	VERB
sâwng	VERB
sâwng	PRON
sawnga	VERB
sawngbawl	NOUN
sâwngbâwl	NOUN
sawngbawlna	ADJ
sâwngbâwltu	NOUN
sâwngho	NOUN
sawngka	ADJ
sawngkapui	ADJ
sawngkawn	ADJ
sawngnawi	NOUN
sawngpui	VERB
sâwngpui	VERB
sawngsawhlawt	VERB
sawngte	ADJ
sawnhla	NOUN
sawnin	VERB
sawnna	VERB
sawnsak	VERB
sawn-thlak	VERB
sâwn-thlâk	VERB
sawntir	NOUN
sawntlung	NOUN
sawntlung	ADJ
sawntu	NOUN
sawntute	VERB
sawp	VERB
sâwp	VERB
sawpin	VERB
sawpna	ADV
sawprawp	VERB
sawr	VERB
sáwr	VERB
sâwr	VERB
sawra	ADJ
sâwra	ADJ
sawrbawk	VERB
sawrbawl	VERB
sawrbing	ADJ
sâwrbing	NOUN
sâwrin	NOUN
sawrkar	NOUN
sawrkàr	ADJ
sawrkâr	NOUN
sawrkâr	ADJ
sawrkara	ADJ
sawrkarah	ADJ
sawrkarin	NOUN
sawrkârin	NOUN
sawrkarina	NOUN
sawrkarna	NOUN
sawrkàrna	VERB
sawrkârna	NOUN
sawrkftr	NOUN
sawrlai	NOUN
sawrna	ADJ
sâwrna	NOUN
sâwrnaah	NOUN
sawrtute	ADJ
sâwrtute	ADJ
sawt	VERB
sawt	ADJ
sawt	ADV
sâwt	VERB
sâwt	ADJ
sâwt	ADV
sawta	ADV
sâwta	ADV
sawtah	ADJ
sáwtah	ADJ
sâwtah	ADJ
sawtiang	ADJ
sawtin	NOUN
sâwtin	NOUN
sawtna	NOUN
sawtna	VERB
sâwtna	NOUN
sâwtna	VERB
sawtpui	VERB
sawtpui	X
sâwtpui	VERB
sawttir	NOUN
sâwtzia	NOUN
saza	NOUN
sazai	NOUN
sazai	VERB
sazaw	ADJ
sazep	NOUN
sazepah	NOUN
sazu	NOUN
sazuk	NOUN
sazukpui	ADJ
sazupui	NOUN
sazute	PRON
se	NOUN
sebamawh	NOUN
sebawng	NOUN
sebawng	ADJ
sebâwng	NOUN
sebâwngin	NOUN
sebawngpa	ADJ
sebâwngpa	ADJ
sebawngpain	ADJ
sebâwngpain	ADJ
sebâwngpâin	ADJ
sebawngpate	ADJ
sebâwngpate	NOUN
sebâwngpatein	NOUN
sebawngte	NOUN
sebâwngte	NOUN
se-be-hliang	NOUN
sebengtung	NOUN
sechal	NOUN
sechal-hling	VERB
sechal-hlîng	NOUN
sechhuar	VERB
sechhun	NOUN
se-chhun	VERB
sedai	NOUN
sedai	VERB
sedawi	NOUN
sedàwi	NOUN
se-ek	NOUN
se-êk	NOUN
sefa	VERB
se-fei	VERB
seh	VERB
sehawr	VERB
seh-chilh	NOUN
sehhlum	VERB
sehhmeh	ADJ
seh-hmeh	NOUN
sehin	NOUN
sehna	VERB
se-hnap	X
se-hring	X
sehsak	VERB
sehsam	VERB
sehsàm	NOUN
sehsani	ADJ
seh-sen	NOUN
sehte	VERB
sehthak	NOUN
sehthak	VERB
seh-thak	VERB
sehtîr	NOUN
sei	VERB
sei	ADJ
seiah	ADJ
sei-fa	X
seih	NOUN
seihna	VERB
seiin	VERB
seilen	NOUN
sei-len	NOUN
seilenna	NOUN
sei-lenna	VERB
seilenpui	ADJ
seilenpuite	VERB
seilenten	VERB
seilian	ADJ
sei-lian	NOUN
seilianna	ADJ
seipui	ADJ
seisak	ADV
seizia	NOUN
sek	ADV
se-kawt-hawng	NOUN
se-kawtrawlh	ADJ
sekel	ADJ
sekemah	VERB
sekeman	VERB
sekhawn-han	NOUN
sekhupkhawn	VERB
se-khupthur	NOUN
se-khupthûr	NOUN
seki	NOUN
seki	CCONJ
se-ki	VERB
se-kibuhchhuak	NOUN
sekin	NOUN
sekna	ADJ
sek-rek	ADV
sekte	ADV
sel	NOUN
sel	VERB
sél	VERB
sél	CCONJ
sêl	NOUN
sela	NOUN
sela	CCONJ
se-la	PRON
se-lâ	CCONJ
selang	NOUN
selang	ADV
selangin	VERB
selangin	ADV
sele	NOUN
se-le	NOUN
selê	NOUN
sé-lé	NOUN
selna	NOUN
séltu	NOUN
sèltu	VERB
se-lu	VERB
se-luhrui	NOUN
se-lu-phan	NOUN
se-lu-tun	NOUN
se-lu-ṭun	NOUN
selvang	NOUN
sem	VERB
semah	NOUN
semchhuah	VERB
semchhuahna	VERB
semchhuak	NOUN
semdarh	ADJ
semdarhna	NOUN
semin	NOUN
semna	ADJ
semnaa	VERB
semnaah	VERB
semrual	NOUN
semsak	ADJ
sem-sei	VERB
semte	NOUN
semtir	NOUN
semtu	ADJ
semtuah	NOUN
semtûah	NOUN
semtunu	ADJ
semtupa	VERB
semtute	VERB
semzài	ADJ
semzâi	ADJ
sen	NOUN
sen	VERB
sen	ADJ
sen	ADV
sèn	NOUN
sèn	VERB
sèn	ADV
senbuang	VERB
sen-buang	VERB
sen-buang	ADJ
sen-dal	ADJ
sendan	ADJ
sendang	ADJ
sen-dang	ADJ
sendâng	ADJ
sen-dâng	VERB
sen-duk	ADJ
senduka	ADJ
sendukin	VERB
sen-eng	VERB
sen-eng	ADV
seng	VERB
séng	ADJ
sêng	VERB
sêng	ADJ
senga	VERB
sênga	VERB
senghawi	NOUN
senghawi	ADJ
senghawina	ADJ
sengin	VERB
séngin	ADJ
sengkhâwm	VERB
seng-lo	ADJ
sengluh	NOUN
senglutin	NOUN
seng-ma-tawk	NOUN
seng-ma-tâwk	NOUN
séng-ma-tawk	NOUN
séng-ma-tâwk	ADJ
sengna	VERB
sengnaah	VERB
sengsak	VERB
sengso	VERB
sengso	ADJ
sêngso	NOUN
sengtu	ADJ
sengtuin	NOUN
sengtûin	ADJ
sengtute	ADJ
sengtuten	VERB
sen-hlur	NOUN
sen-hlur	ADJ
senhri	ADJ
senin	ADJ
senkai	ADJ
senlar	ADJ
sen-lar	VERB
sen-lar	ADJ
senlâr	ADJ
sen-lâr	NOUN
sen-lâr	VERB
senlârin	ADJ
sen-mal-tet	ADJ
senmei	NOUN
senmeiin	ADJ
senna	VERB
sen-no	NOUN
se-note	ADJ
se-notê	NOUN
senral	ADJ
sen-sa	ADJ
sensak	ADJ
sensaktuten	NOUN
sensat	NOUN
sensiar	NOUN
sensiari	VERB
senso	NOUN
senso	VERB
sènso	VERB
sênsote	ADJ
sensothlak	NOUN
sente	NOUN
sen-te-lek	NOUN
sen-te-lék	NOUN
sentet	NOUN
sentet	ADJ
sentezel	NOUN
sentezêl	NOUN
sentil	VERB
sèntil	NOUN
sentir	NOUN
sentut	NOUN
sentut	VERB
sentût	VERB
sep	VERB
sep	ADJ
sêp	ADV
se-pa	NOUN
sepai	NOUN
se-pa-tir	NOUN
se-peng	NOUN
se-phei-thiah	NOUN
sephung	NOUN
sephung	VERB
sephúng	ADJ
sepnep	ADJ
seprawtui	NOUN
sepsel	NOUN
september	NOUN
se-puan	VERB
sepui	X
se-pui	X
ser	NOUN
ser	VERB
ser	ADV
sér	NOUN
sèr	VERB
serahte	ADJ
serai	ADJ
seraia	NOUN
seraian	NOUN
se-rap	NOUN
seraphim	NOUN
serfang	NOUN
serfâng	NOUN
sèrfang	ADJ
sèrfâng	ADV
serh	NOUN
serh	ADV
sêrh	NOUN
serha	VERB
serhah	NOUN
serhhran	ADJ
serhhrante	NOUN
serhin	NOUN
serhna	VERB
serhtan	NOUN
serh-tan	ADJ
serhtana	NOUN
serhtanho	ADJ
serhtanhote	ADJ
serhtanhoten	ADJ
serhtanin	ADJ
serhtanloh	ADJ
serhtanlote	NOUN
serhtannaah	VERB
serhtante	ADJ
serhtantîr	NOUN
serhte	NOUN
serhtu	NOUN
serhvun	NOUN
se-riai	NOUN
sernam	NOUN
sèrnam	NOUN
serpui	NOUN
sèrpui	NOUN
sersawh	NOUN
sèrsawh	NOUN
sersawr	NOUN
sersàwr	NOUN
sèrsawr	NOUN
sèrsàwr	NOUN
sertawk	NOUN
serṭawk	NOUN
sèrtawk	NOUN
sèrṭawk	NOUN
serte	NOUN
serthlum	NOUN
sèrthlum	NOUN
sertui	NOUN
servacha	NOUN
sèrvacha	NOUN
sesam	ADJ
sesam	ADV
sesaw	NOUN
sesein	ADJ
setan	ADJ
setana	NOUN
setanan	NOUN
se-tap	NOUN
setha	NOUN
sethi	NOUN
seṭhi	NOUN
sethlam	NOUN
se-thlam	NOUN
se-thlàm	NOUN
sethlum	ADV
setlang	VERB
setlang	ADV
seu	ADV
sevuak	VERB
se-vun	NOUN
se-zawl-chhuah	ADJ
sezo	VERB
sezo	ADV
si	NOUN
si	VERB
si	ADV
siah	VERB
siah	ADJ
siahin	VERB
siai	VERB
siai	ADV
siài	ADV
siaia	ADJ
si-aia	NOUN
siaiki	NOUN
siaitu	VERB
siak	NOUN
siak	VERB
siak	ADJ
siaka	NOUN
siak-hluai	X
siakna	NOUN
siakthur	NOUN
siakthúr	NOUN
siaktuam	NOUN
sial	VERB
siál	VERB
siâl	VERB
siala	VERB
sial-chhun	NOUN
siâl-chhun	NOUN
sialhma	NOUN
siali	NOUN
siali	X
siâli	X
sialihma	ADJ
siâlihma	NOUN
sialin	NOUN
sialki	NOUN
siallu	NOUN
siâllu	VERB
sialna	NOUN
sialsak	NOUN
sialsir	NOUN
sialsir	VERB
sialsîr	NOUN
siâlsir	NOUN
siâlsîr	NOUN
sialtlang	NOUN
siâltlâng	NOUN
sialtu	NOUN
sialtuai	VERB
siâltuai	VERB
siam	VERB
siâm	VERB
siama	ADJ
sìama	ADJ
siamah	VERB
siamahte	NOUN
siamchawp	VERB
siamchhan	ADJ
siamchhuah	NOUN
siamchhuahah	VERB
siamchhuahna	ADJ
siamchhuak	VERB
siamdan	VERB
siamdik	VERB
siamdun	ADJ
siamfel	ADJ
siamho	VERB
siamlai	NOUN
siammêk	ADJ
siamna	ADJ
siamnaa	ADJ
siamnaah	VERB
siamnain	VERB
siamphuah	ADJ
siampui	NOUN
siampuiah	VERB
siampuite	NOUN
siamrem	ADJ
siamremna	VERB
siamsa	ADJ
siamsak	ADJ
siamsaka	ADJ
siamsakah	NOUN
siamsakin	ADJ
siamsakna	NOUN
siamsakte	ADJ
siamsaktu	ADJ
siamte	ADJ
siamtein	ADJ
siamten	ADJ
siamtha	ADJ
siamṭha	ADJ
siamṭhâ	ADJ
siamțha	ADJ
siamthaa	ADJ
siamṭhaa	ADJ
siamthain	VERB
siamṭhain	NOUN
siamthar	ADJ
siamtharna	VERB
siamtharnaah	VERB
siamthat	VERB
siamţhat	VERB
siamṭhat	NOUN
siamțhat	NOUN
siamthatlehna	NOUN
siamṭhatlehna	NOUN
siamthatna	NOUN
siamţhatna	ADJ
siamṭhatna	NOUN
siamthatnaah	NOUN
siamthatu	ADJ
siamṭhatu	NOUN
siamṭhatuah	ADJ
siamṭhatute	NOUN
siamthiam	VERB
siamthiamna	VERB
siamtir	ADJ
siamtîr	NOUN
siamtirin	NOUN
siamtirna	NOUN
siamtu	NOUN
siamtu	ADJ
siâmtu	NOUN
siamtua	ADJ
siamtuah	ADJ
siamtûah	ADJ
siamtuhote	ADJ
siamtuin	VERB
siamtuina	NOUN
siamtur	ADJ
siamtute	ADV
siamtuten	NOUN
siang	NOUN
siang	VERB
siang-bat	NOUN
siapsuap	NOUN
siapsuap	ADV
siâpsuap	ADJ
siar	NOUN
siar	ADV
si-ar	VERB
siàr	NOUN
siâr	NOUN
si-âr	VERB
si-archang	ADV
si-ârchang	ADV
siau	ADJ
siauvin	NOUN
sibawm	NOUN
sibâwm	NOUN
sibih	VERB
sichangneii	NOUN
si-dah	VERB
sidai	NOUN
sifir	VERB
sih	VERB
sihal	NOUN
sihal	ADJ
sihalte	NOUN
sihalten	VERB
sihhmuh	NOUN
sihhnip	NOUN
si-hlo	NOUN
si-hneh	ADJ
sihpui	NOUN
sihpui	INTJ
sihring	NOUN
sihsen	NOUN
sihsên	ADV
siial	ADJ
siin	ADJ
sîin	INTJ
sik	NOUN
sik	VERB
sîk	X
sika	NOUN
si-kawikap	NOUN
si-kawikâp	NOUN
si-kawlhrut	NOUN
si-kawlhrût	NOUN
si-kâwlhrut	NOUN
si-kâwlhrût	NOUN
si-kawlhurui	NOUN
si-kâwlhurui	NOUN
sikeisen	NOUN
si-keisen	VERB
sîkhlum	NOUN
sikhri	NOUN
sikhri	ADJ
siki	NOUN
siki	VERB
sikin	ADJ
sikpui	NOUN
sikpui	VERB
sikret	VERB
siksawi	NOUN
siksawi	VERB
siksàwi	VERB
sîksawi	NOUN
sîksawi	VERB
sîksàwi	VERB
sikserh	ADJ
sikserh	ADV
sikserhin	NOUN
siksik	NOUN
siksil	NOUN
siktui	NOUN
sikul	VERB
sikul	ADJ
sikula	NOUN
sikulah	VERB
sikulte	VERB
sil	NOUN
sil	VERB
silai	NOUN
silaia	ADJ
silaiah	ADJ
silaiin	NOUN
silaikah	ADJ
silaimu	NOUN
silaimuin	NOUN
silai-zawn	ADJ
silai-záwn	VERB
silawng	VERB
sil-awng	VERB
silbai	NOUN
silbai	X
silfai	ADJ
silfaina	VERB
silfainain	NOUN
silfaisak	VERB
silfen	VERB
silh	NOUN
silhfen	ADJ
silh-fen	NOUN
silhfên	ADJ
silh-fên	NOUN
silhfena	ADJ
silhfêna	ADJ
silhfenah	ADJ
silhfênah	ADJ
silhfenahte	ADJ
silhfênahte	ADJ
silhfenin	ADJ
silhfênin	ADJ
silhfente	PRON
silhfênte	NOUN
silhlu	NOUN
sil-hmun	ADJ
silhpuan	NOUN
silin	NOUN
silm	ADJ
silna	ADJ
silnaah	ADJ
silo	ADJ
siloa	ADJ
siloh	ADJ
silote	ADJ
silova	NOUN
silovin	VERB
silrul	NOUN
silsak	ADV
silsaktu	ADV
siltu	VERB
sil-urh	VERB
sil-ûrh	NOUN
sim	NOUN
sim	ADJ
simei	ADJ
simeia	NOUN
simeian	NOUN
simeiho	NOUN
simeikhu	NOUN
simei-khu	NOUN
si-meitalh	VERB
simna	ADJ
simtir	ADJ
sin	VERB
sin	ADV
sîn	NOUN
sînah	NOUN
sing	ADV
sing	NUM
sîng	ADJ
singa	ADJ
sînga	NUM
sîngah	NUM
singhnih	NUM
sînghnih	NUM
singkhat	ADJ
sîngkhat	ADJ
sîngkhata	ADJ
singkhatah	ADJ
singkhatin	ADJ
sîngkhatin	NUM
singkhatte	NUM
singkua	NUM
singli	NUM
sîngli	NUM
sînglî	NUM
singnga	NUM
singriat	NUM
sîngriat	NUM
singruk	VERB
sîngruk	VERB
singsa	NUM
singsarih	ADV
sîngsarih	NOUN
singseng	NOUN
singseng	VERB
singsihlip	NOUN
singsihlip	VERB
singsihlîp	VERB
singthum	NOUN
sîngthum	ADJ
sinhlu	ADJ
sinin	VERB
sînin	ADJ
sinsak	ADJ
sinte	NOUN
sînte	VERB
sintil	VERB
sintir	ADJ
sintîr	ADJ
sintirin	NOUN
sintîrin	NOUN
sipai	ADJ
sipaia	NOUN
sipaiah	NOUN
sipaiho	ADJ
sipaihote	NOUN
sipaihoten	NOUN
sipaihotu	ADJ
sipaihotute	ADJ
sipaiin	ADJ
sipaipuite	ADJ
sipairualte	ADJ
sipaite	NOUN
sipaiteho	ADJ
sipaiten	ADJ
sipel	NOUN
siper	NOUN
sir	NOUN
sir	VERB
sîr	VERB
sira	ADJ
sîra	ADJ
sirah	NOUN
sirahte	NOUN
si-rawkuai	NOUN
sirba	NOUN
sirkam	NOUN
sirkàm	NOUN
sirte	ADJ
sirte	ADV
sirté	NOUN
sirtuaka	NOUN
siruk	NOUN
siruk	ADV
sirukte	ADV
sirva	NOUN
si-se	NOUN
sisep	NOUN
sisèp	NOUN
sisepa	NOUN
si-sil	NOUN
si-sip	VERB
sisu	VERB
sisu	ADJ
sit	VERB
sit	ADJ
sitawm	NOUN
sitawm	ADJ
sitawma	NOUN
sithlutu	NOUN
sitna	NOUN
si-vahluk	NOUN
si-vawk-bawm	NOUN
si-vawk-bâwm	VERB
slit	VERB
so	VERB
so-kai	VERB
su	VERB
sû	VERB
suah	NOUN
suah	VERB
suah	ADV
suaha	NOUN
suahdur	NOUN
suahdûr	NOUN
suahna	VERB
suahna	ADJ
suahsak	VERB
suahsual	VERB
suahsualna	ADJ
suahsualnaa	ADJ
suahsualnaah	NOUN
suahsualnain	ADJ
suahsualnate	ADJ
suahsualnatein	ADJ
suahsualthlak	ADJ
suahsualthlâk	NOUN
suahsualzia	VERB
suai	VERB
suai-ping	ADJ
suaisuai	ADJ
suak	VERB
suâk	VERB
suaka	VERB
suakbak	VERB
suâkbâk	VERB
suakbaktir	VERB
suakbaktîr	VERB
suâkbâktir	VERB
suâkbâktîr	VERB
suaksual	VERB
suaksual	ADJ
suâksuâl	VERB
suaksualho	ADJ
suaksualhote	ADJ
suaksuali	NOUN
suaksualin	NOUN
suaksualnu	NOUN
suaksualpa	NOUN
suaksualte	ADJ
suaksualten	ADJ
suakte	ADJ
sual	VERB
sual	ADJ
sual	ADV
sual	ADP
suâl	VERB
suâl	ADJ
suâl	ADV
suâl	ADP
sualah	VERB
sualchhuah	NOUN
sualchhuak	NOUN
sualchhuaktu	ADJ
sualchhuaktute	ADJ
sualho	NOUN
sualin	NOUN
sualna	VERB
sualna	ADJ
sualnaa	ADJ
sualnaah	ADJ
sualnaahte	ADJ
sualnain	ADJ
sualnate	ADJ
sualnatea	NOUN
sualnaten	NOUN
sualnu	VERB
sualpa	NOUN
sualpui	ADJ
sualpuipa	ADJ
sualsan	ADJ
sualsuakte	ADJ
sualte	NOUN
sualten	VERB
sualthawina	VERB
sualtir	NOUN
sualtîr	NOUN
sualtirna	ADJ
sualtu	ADJ
sualtute	ADJ
sualtuten	ADJ
sualvanga	ADJ
sualzia	ADV
sualziate	ADV
suam	NOUN
suam	VERB
suam	ADV
suám	VERB
suâm	NOUN
suâm	VERB
suamhmang	ADJ
suamhmangho	NOUN
suamhmangte	VERB
suamna	VERB
suamsak	NOUN
suamsak	VERB
suàmsak	NOUN
suâmsak	NOUN
suamtute	NOUN
suan	VERB
suán	NOUN
suán	VERB
suana	NOUN
suanchhan	ADJ
suànchhan	NOUN
suang	NOUN
suangawi-nu	VERB
suangtuah	NOUN
suangtuah	ADJ
suangtuaha	ADJ
suangtuahna	ADJ
suangtuahnaa	ADJ
suangtuahnaah	NOUN
suangtuahnain	ADJ
suangtuahnate	NOUN
suangtuahte	ADJ
suangtuahtute	NOUN
suanin	NOUN
suankang	NOUN
suankang	ADV
suànkàng	NOUN
suankual	NOUN
suànkuàl	NOUN
suanna	NOUN
suan-uri-nu	NOUN
suan-ûri-nu	NOUN
suàn-uri-nu	NOUN
suàn-ûri-nu	NOUN
suar	NOUN
suár	NOUN
suarhliap	NOUN
suarhliapa	NOUN
suarpui	VERB
suárpui	VERB
suar-tluan	VERB
suar-tluàn	VERB
suár-tluan	VERB
suár-tluàn	VERB
suasam	NOUN
suasam	VERB
suasám	VERB
suasâm	NOUN
suasamna	ADV
suasamtu	ADV
suat	VERB
suat	ADV
suát	VERB
suât	VERB
suăt	VERB
suăt	ADV
suata	NOUN
suatmang	NOUN
suatna	ADJ
suattu	VERB
suau	VERB
su-awng	VERB
su-âwng	VERB
su-buai	VERB
su-dai	ADJ
sufai	PRON
sufaiin	VERB
suh	PRON
su-hang	NOUN
su-hâng	NOUN
sù-hang	NOUN
sù-hâng	NOUN
sû-hang	VERB
sû-hâng	VERB
suhlum	ADV
sui	VERB
suih	VERB
suih-kaih-hlih	ADJ
suihkhawm	ADJ
suihlung	VERB
suihlunglen	VERB
suih-lunglen	VERB
suih-lunglèn	VERB
suih-lunglên	VERB
suih-lungleng	NOUN
suih-lunglêng	ADJ
suihna	ADJ
suihnaah	NOUN
suihtak	VERB
suih-tak	ADJ
suihzawm	ADJ
suin	ADV
sûin	NOUN
suk	NOUN
suk	VERB
súk	NOUN
sûk	NOUN
sûk	VERB
su-kaw	NOUN
suk-buk-len	NOUN
suk-buk-lên	NOUN
sûk-bûk-len	NOUN
sûk-bûk-lên	NOUN
suk-chen	NOUN
suk-chên	NOUN
sûk-chen	NOUN
sûk-chên	NOUN
suk-chin	NOUN
sukchin-zu	NOUN
suk-durna	NOUN
sûk-durna	VERB
sûk-dûrna	VERB
sukeh	VERB
sukfai	VERB
sûkfai	VERB
sukfaitir	ADJ
sukiang	NOUN
sukin	NOUN
suk-lem	NOUN
sûk-lem	NOUN
suklet	NOUN
sukna	NOUN
sûkna	NOUN
suk-sawn	NOUN
sukte	NOUN
sukte	ADV
sukté	ADJ
suktê	ADJ
sukthlek	NOUN
sukthlêk	NOUN
sukthleng	NOUN
suktir	VERB
suk-tlawng	ADV
sukuk	ADV
sul	NOUN
sul	VERB
súl	VERB
sûl	NOUN
sûl	VERB
sul-a-lam	NOUN
sûl-a-lam	NOUN
sulhlu	NOUN
sulhnu	ADJ
sulhnua	VERB
sulhnuin	VERB
sulpel	NOUN
sulpel	VERB
sulpêl	VERB
súlpel	VERB
súlpêl	VERB
sûlpel	VERB
sûlpêl	NOUN
sulrul	NOUN
sulrul	ADJ
sulrûl	NOUN
sûlrûl	NOUN
sûlrûl	ADJ
sulrulin	VERB
sûlrûlin	VERB
sulsu	NOUN
sûlsû	NOUN
sulsutu	NOUN
sulsutu	VERB
sûlsutu	VERB
sûlsutu	ADJ
sulsutute	VERB
sulte	VERB
sultum	VERB
súltum	NOUN
sûltum	NOUN
sum	NOUN
sùm	VERB
sûm	VERB
sumah	NOUN
sumahte	NOUN
sum-airia	NOUN
sûmami	ADJ
suman	ADJ
sumbâwm	ADJ
sumbâwma	NOUN
sumbâwmte	ADJ
sumbul	VERB
sumchang	VERB
sumchhuah	NOUN
sumchhuah	VERB
sumdawn	NOUN
sumdâwn	NOUN
sumdawng	NOUN
sumdawng	VERB
sumdâwng	NOUN
sumdâwng	VERB
sumdawngho	ADJ
sumdâwngho	ADJ
sumdawnghote	ADJ
sumdawnghoten	ADJ
sumdâwnghovin	NOUN
sumdawngin	NOUN
sumdawngmi	NOUN
sumdawngte	NOUN
sumdâwngte	ADJ
sûmdâwngte	ADJ
sumdawngten	NOUN
sumdâwngten	NOUN
sumdawngtu	NOUN
sumdâwngtu	NOUN
sumdawngtute	ADJ
sumdâwngtute	NOUN
sumdawngtuten	NOUN
sumdawnna	NOUN
sumdawnna	ADJ
sumdâwnna	NOUN
sumdâwnna	ADJ
sumdawnnaa	ADJ
sumdawnnaah	VERB
sumdawnnain	VERB
sumdawnpui	NOUN
sumdâwnpui	NOUN
sumdâwnpuite	NOUN
sumduk	NOUN
sumfai	NOUN
sumfang	NOUN
sumfâng	ADJ
sumhmahruai	NOUN
sumhmun	NOUN
sumhmuna	ADJ
sumhmunah	ADJ
sumhmunahte	ADJ
sumhmunte	NOUN
sumhmuntea	NOUN
sum-hnar	X
sum-hnâr	X
sum-hrul	ADJ
sum-hrûl	X
sumin	X
sumkhamphei	NOUN
sum-khawl	NOUN
sum-khâwl	NOUN
sum-lai-tan	NOUN
sum-lawm	NOUN
sum-lâwm	NOUN
sum-nei	NOUN
sumpai	NOUN
sumpeitu	NOUN
sumpui	NOUN
sumpui	ADV
sumsel	NOUN
sumsêl	NOUN
sumsi	NOUN
sumsi	X
sumsuih	NOUN
sumsuih	ADV
sumte	NOUN
sum-thuni-nu	ADV
sumvawngtu	VERB
sun	VERB
sun	ADV
sûn	NOUN
suna	NOUN
sûna	NOUN
sunhlu	ADJ
sunhlu	X
sûnin	NOUN
sunna	ADJ
sûnna	VERB
sunnaah	NOUN
sûnpui	VERB
sunpuitute	NOUN
sûntîr	NOUN
sûntîrtu	NOUN
suntu	NOUN
sûntu	ADJ
sûntute	VERB
sûntuten	VERB
su-pawp	ADV
su-ping	VERB
sur	VERB
sur	ADJ
sûr	NOUN
sûra	NOUN
surai	ADJ
suraia	NOUN
sûrin	ADV
surna	VERB
sursur	VERB
surtir	VERB
surtîr	ADJ
sûrtîr	ADJ
sûrtîra	NOUN
sûrtîrin	NOUN
surtirtu	NOUN
sut	NOUN
sut	VERB
sút	NOUN
sút	VERB
sût	NOUN
sût	VERB
sut-awng	NOUN
sut-awng	VERB
sut-âwng	NOUN
sut-âwng	VERB
sût-awng	VERB
sût-âwng	VERB
sutbuai	VERB
sut-daih	VERB
su-thla	VERB
su-thlu	VERB
su-thlû	NOUN
sutkian	VERB
sutkianna	VERB
sutkiansak	NOUN
sutlang	NOUN
sut-lung	NOUN
sutna	NOUN
sûtna	NOUN
sutpui	VERB
sutpuia	VERB
sutsak	VERB
sûtsak	VERB
suttir	NOUN
suttîr	ADJ
sutute	NOUN
sututen	NOUN
sut-zo-ai	NOUN
suvel	NOUN
suvêl	NOUN
sûvel	NOUN
sûvêl	NOUN
sz-hal	NOUN
sz-hál	VERB
ta	VERB
taah	VERB
tah	VERB
tah	ADV
ṭah	VERB
țah	VERB
ṭaha	VERB
tahai	VERB
tah-awh	VERB
ṭah-awh	VERB
țah-awh	VERB
tahbelh	VERB
tahbelh	ADV
ṭahbelh	NOUN
țahbelh	NOUN
tah-chhan	NOUN
ṭah-chhan	ADJ
țah-chhan	ADJ
tahin	NOUN
ṭahin	VERB
tahini	ADJ
ṭahkhum	NOUN
tahmâwi	NOUN
tahna	NOUN
ṭahna	NOUN
țahna	NOUN
ṭahnate	NOUN
țahnate	NOUN
tahngai	NOUN
ṭahngai	X
țahngai	X
tahpui	VERB
ṭahpui	NOUN
tahrang	NOUN
tahreuh	VERB
tahrik	VERB
tahsak	ADJ
tahtawl	ADJ
tahtawla	NOUN
tahtawlin	VERB
tahte	NOUN
tahtîr	NOUN
tahtu	NOUN
ṭahtu	ADJ
tahtute	ADV
tahzia	ADV
tai	NOUN
tai	VERB
tai	ADV
tâi	VERB
ṭai	NOUN
ṭai	VERB
ṭâi	VERB
țai	NOUN
țai	VERB
țâi	VERB
taia	ADJ
taiah	NOUN
tâiah	NOUN
taibawr	NOUN
taibe	NOUN
ṭaibe	VERB
țaibe	VERB
taidarh	VERB
ṭaidarh	NOUN
ṭâidarh	ADJ
taife	NOUN
tâifêa	NOUN
taifek	NOUN
taifere	NOUN
ṭaifere	ADV
țaifere	VERB
taih	NOUN
taihawl	ADJ
taihmak	VERB
taihmâk	NOUN
taihmakna	ADJ
taihmâkna	NOUN
taihmakzia	NOUN
taihren	NOUN
taihrên	NOUN
tâihrên	NOUN
taihrenna	NOUN
taikuang	ADJ
taima	ADJ
tâima	ADJ
taimaa	ADJ
taimak	ADJ
taimák	NOUN
taimâk	NOUN
taimakna	ADJ
taimâkna	NOUN
taimâkzia	ADJ
taimate	NOUN
taimazia	NOUN
taipui	NOUN
ṭaipui	VERB
țaipui	VERB
taira	VERB
ṭaira	VERB
țaira	VERB
tairat	VERB
ṭairat	ADV
țairat	NOUN
tairekin	NOUN
tairua	NOUN
taitam	NOUN
taitâm	NOUN
ṭaiṭam	NOUN
ṭaiṭâm	NOUN
țaitam	ADJ
țaitâm	NOUN
taiten	NOUN
taiteng	NOUN
ṭaiṭeng	NOUN
țaiteng	VERB
taitesena	VERB
taithlêr	VERB
tâithlêr	VERB
taithlêrsak	VERB
taitla	NOUN
taitlak	ADJ
taitu	ADV
taivawn	VERB
tak	ADV
taka	ADJ
tâka	ADJ
tâkah	ADJ
tâkate	ADJ
takchhiar	ADJ
takin	ADJ
takín	ADV
tâkin	ADJ
takina	NOUN
takmeuh	NOUN
takna	ADJ
tâkna	ADV
takngial	ADJ
takngialah	NOUN
takngialte	NOUN
taksa	ADJ
taksâ	ADJ
taksaa	ADJ
taksâa	ADJ
taksaah	ADJ
taksâah	ADJ
taksâin	NOUN
taksapum	NOUN
taksate	ADJ
taksâte	ADJ
taktak	ADJ
taktaka	ADJ
taktakah	ADJ
taktakte	ADJ
taktakten	ADJ
takte	ADJ
tâkte	ADJ
taktea	ADJ
taktêah	ADJ
takteho	ADJ
taktein	ADJ
taktêin	ADJ
takten	ADJ
taktu	ADJ
taktute	ADJ
takzet	ADJ
takzeta	NOUN
takzetin	ADJ
takzetna	ADJ
takzia	ADJ
tâkzia	ADJ
takziate	ADJ
tâkziate	ADJ
tala	ADJ
tâla	VERB
talaa	ADJ
talbuai	VERB
talbuaiin	NOUN
talchhuah	VERB
talchhuahna	ADV
talchhuak	ADV
talh	ADV
tâlh	ADV
ṭalh	ADV
ṭâlh	ADV
țalh	VERB
țâlh	VERB
talha	NOUN
talhbuk	ADJ
talhfiak	ADJ
talhfiaka	NOUN
talhfiakin	ADJ
talhhnawk	NOUN
talhin	ADJ
talhna	ADJ
talhnaah	ADJ
talhsak	NOUN
talhte	VERB
talhtiang	NOUN
talhtîr	NOUN
talhtu	ADJ
talhtum	NOUN
talhtumin	NOUN
talhtumte	ADJ
talhviak	ADJ
tali	NOUN
talin	NOUN
talna	VERB
tâltîr	NOUN
tam	NOUN
tam	VERB
tam	ADJ
tâm	NOUN
ṭam	NOUN
ṭam	VERB
ṭâm	NOUN
țam	VERB
țam	ADJ
țâm	VERB
ṭama	ADJ
țama	ADJ
tamah	VERB
tamaia	VERB
tamchhawl	VERB
ṭamchhawl	VERB
ṭâmchhâwl	VERB
țamchhawl	VERB
tamchhuah	VERB
ṭamchhuah	VERB
țamchhuah	VERB
tamdawm	VERB
ṭamdawm	ADJ
țamdawm	VERB
tamhnem	VERB
tamhnêm	VERB
ṭamhnem	VERB
ṭamhnêm	VERB
țamhnem	NOUN
țamhnêm	NOUN
tamhruai	NOUN
ṭamhruai	ADJ
țamhruai	ADJ
tamin	ADJ
ṭamin	ADJ
ṭâmin	ADJ
țamin	NOUN
țâmin	NOUN
tamkawr	NOUN
ṭamkawr	ADJ
țamkawr	ADJ
tamlak	ADJ
tamlaka	ADJ
tâmlaka	ADJ
ṭamlâka	ADJ
țamlâka	ADJ
tamlakah	ADJ
tâmlakah	ADJ
ṭâmlakah	NOUN
țâmlakah	NOUN
tamna	NOUN
ṭamna	NOUN
ṭâmna	ADJ
țamna	ADJ
tamnaa	NOUN
tamnaah	NOUN
tampui	NOUN
ṭampui	NOUN
ṭâmpui	NOUN
țampui	NOUN
tampuiah	NOUN
tamrep	NOUN
ṭamrep	ADJ
țamrep	ADJ
tamtak	ADJ
tamtakin	ADJ
tamtakte	ADJ
tamte	ADJ
ṭamte	ADJ
ṭâmte	ADJ
țamte	ADJ
țâmte	ADJ
tamtea	ADJ
ṭamtein	ADJ
țamtein	VERB
tamtham	ADJ
tamtir	NOUN
tamtla	NOUN
tam-uih	NOUN
ṭam-uih	NOUN
țam-uih	NOUN
tam-um	NOUN
ṭam-um	NOUN
țam-um	NOUN
tam-vakawl	NOUN
ṭam-vakawl	ADJ
țam-vakawl	ADJ
tamzawk	ADJ
tamzia	ADJ
tan	VERB
tan	ADJ
tan	ADV
tan	ADP
tàn	VERB
tàn	ADJ
tân	VERB
ṭan	VERB
ṭan	ADV
ṭan	X
țan	VERB
țan	ADV
țan	ADP
tana	ADJ
tána	ADJ
tâna	ADJ
ṭana	ADJ
țana	ADJ
tanaa	VERB
tanah	VERB
tan-am	VERB
tan-âm	VERB
ṭan-am	VERB
ṭan-âm	VERB
țan-am	NOUN
țan-âm	VERB
tanbaw	VERB
tan-bial	ADJ
tanbun	ADJ
tanchhan	NOUN
tanchhan	ADJ
ţanchhan	NOUN
ṭanchhan	NOUN
ṭanchhan	ADJ
țanchhan	ADJ
tanchhana	VERB
ṭanchhanah	NOUN
tanchhum	NOUN
tanfung	NOUN
tanfung	ADJ
ṭanfung	NOUN
ṭanfung	ADJ
țanfung	NOUN
tanfunga	ADV
tanfungin	NOUN
tang	NOUN
tang	VERB
tâng	VERB
ṭang	VERB
ṭâng	VERB
țang	NOUN
țang	VERB
tanga	ADJ
ţanga	ADJ
ṭanga	ADJ
țanga	ADJ
tangah	VERB
tângah	VERB
tang-am	VERB
tang-âm	VERB
ṭang-am	VERB
ṭang-âm	VERB
țang-am	NOUN
țang-âm	VERB
țangchhung	ADJ
tangdun	ADJ
tangduna	NOUN
tangdunin	NOUN
tanghma	NOUN
ṭânghma	VERB
ṭânghmâ	VERB
tangho	NOUN
tang-ho	VERB
tângho	VERB
ṭangho	VERB
ṭang-ho	NOUN
țang-ho	ADJ
tânghote	ADJ
tanghovin	ADJ
tangin	ADJ
tângin	ADJ
ṭangin	ADP
țangin	NOUN
tangka	VERB
tangkâ	VERB
tangkaa	ADJ
tangkâa	NOUN
tangkaah	ADJ
tangkafai	ADJ
tangkai	ADJ
tangkâi	ADJ
tangkåi	ADJ
ţangkai	ADJ
ṭangkai	ADJ
țangkai	VERB
țangkai	ADJ
tangkaia	ADJ
tangkaiin	ADJ
ţangkaiin	ADJ
ṭangkaiin	ADJ
tangkain	NOUN
tangkâin	NOUN
tangkaina	NOUN
ţangkaina	NOUN
ṭangkaina	ADJ
țangkaina	VERB
tangkaipui	ADJ
ṭangkaipui	ADJ
țangkaipui	VERB
ṭangkaipuia	ADJ
tangkaite	NOUN
tangkaizia	NOUN
tangkapui	NOUN
tangkaraw	NOUN
tângkaraw	NOUN
tangkarua	ADJ
tangkaruaa	ADJ
tangkarûaa	NOUN
tangkaruain	NOUN
tangkaruate	NOUN
tangkate	NOUN
tangkâte	NOUN
tangkawng	NOUN
tangkâwng	NOUN
tângkawng	VERB
tangkawp	ADJ
ţangkawp	ADJ
tangkawpa	ADJ
tangkawpin	ADJ
ṭangkawpin	VERB
tangkawpten	VERB
țangkham	NOUN
tangkhang	ADJ
tangkhangte	ADJ
tanglai	ADJ
ṭanglai	NOUN
tanglaia	NOUN
tangnêm	NOUN
țang-nem	NOUN
țang-nêm	NOUN
țangphel	ADJ
tangrah	VERB
tangrang	VERB
tangrual	VERB
ţangrual	ADJ
ṭangrual	ADJ
țang-rual	VERB
tangruala	NOUN
tangrualah	ADJ
tangrualho	NOUN
tangrualin	NOUN
tangtangsit	NOUN
tangte	NOUN
tângte	NOUN
ṭangte	NOUN
țangte	ADJ
tangteho	ADJ
tangten	VERB
tângten	ADJ
tangthawm	ADJ
tang-then	ADJ
ṭang-ṭhen	ADJ
țang-țhen	NOUN
țâng-țhen	NOUN
tangtial	NOUN
ṭangtial	NOUN
ṭangṭial	ADJ
țangtial	NOUN
tangtim	NOUN
țang-tir	NOUN
țang-tlang	NOUN
tang-za	NOUN
ṭang-za	NOUN
țang-za	ADJ
tangzang	NOUN
tangzui	NOUN
tanhmun	NOUN
ţanhmun	VERB
ṭanhmun	NOUN
ṭanhmun	VERB
țanhmun	NOUN
tanhmuna	ADJ
tanhmunah	NOUN
ṭanhmunah	VERB
ṭanhmunte	VERB
tan-ho	VERB
ṭan-ho	ADJ
țan-ho	VERB
tanhonaah	VERB
tanhotir	NOUN
tanhrang	NOUN
tanin	NOUN
tânin	NOUN
ţanin	NOUN
ṭanin	ADJ
ṭânin	ADJ
taninah	ADJ
tâninah	VERB
taninan	VERB
tankhawh	VERB
ṭankhawh	NOUN
țankhawh	NOUN
tankhawh-lehna	NOUN
ṭankhawh-lehna	VERB
țankhawh-lehna	NOUN
tanlak	NOUN
tanlakna	NOUN
tanlaknate	NOUN
ţanna	VERB
ṭanna	VERB
tannaa	ADJ
tânnaa	ADJ
tannaah	ADJ
tânnaah	NOUN
tannaahte	NOUN
tanni	NOUN
tanpui	NOUN
tanpui	VERB
ţanpui	VERB
ṭanpui	VERB
ṭanpui	ADJ
țanpui	VERB
țanpui	ADJ
tanpuia	ADJ
ṭanpuia	ADJ
tanpuian	ADJ
tanpuiin	NOUN
ṭanpuiin	NOUN
tanpuina	NOUN
ţanpuina	NOUN
ṭanpuina	ADJ
țanpuina	ADJ
ṭanpuinaa	ADJ
tanpuinaah	ADJ
ṭanpuinaah	ADJ
tanpuinain	ADJ
ṭanpuinain	ADJ
țanpuinain	NOUN
țanpuingai	NOUN
tanpuingaite	NOUN
tanpuipa	ADJ
ṭanpuipa	NOUN
tanpuite	NOUN
tanpuitu	NOUN
ṭanpuitu	ADJ
țanpuitu	ADJ
tanpuitua	ADJ
ṭanpuitua	ADJ
tanpuituah	ADJ
tanpuitute	ADJ
ṭanpuitute	VERB
țanpuitute	NOUN
tanrual	NOUN
tanrualna	VERB
ṭanrualna	ADJ
tanrualpui	VERB
tanrualpuiah	VERB
tansak	X
ṭansak	X
tante	ADJ
tânte	ADJ
tan-tha	ADJ
ṭan-ṭha	ADJ
țan-țha	ADJ
tan-tha-lo	ADJ
ṭan-ṭha-lo	ADJ
țan-țha-lo	ADJ
tan-that	ADJ
ṭan-ṭhat	VERB
țan-țhat	VERB
tantir	VERB
tantîr	VERB
tântir	VERB
tântîr	ADJ
ṭantir	VERB
ṭantîr	ADJ
țantir	VERB
tantirh	ADJ
tântirh	VERB
ṭantirh	ADJ
tantirha	ADJ
ṭantirhan	ADJ
tantirhin	NOUN
ṭantirhin	NOUN
tantirhna	ADJ
ṭantirhna	NOUN
tantirin	NOUN
tantirna	NOUN
ṭantîrtu	NOUN
ṭantu	VERB
ṭantute	VERB
tap	VERB
tap	ADV
ṭap	NOUN
țap	VERB
ṭapa	NOUN
țapbelh	NOUN
tapchai	NOUN
tapchhak	NOUN
tapchhuar	ADJ
tapchunga	ADJ
tapin	ADJ
ṭapin	VERB
țapin	ADJ
tapkuan	NOUN
tapte	NOUN
ṭapte	NOUN
ṭaptu	VERB
taptute	VERB
tarchhuah	VERB
tarchhuahna	ADV
tarchhuak	NOUN
tarho	NOUN
tarhote	VERB
tarik	VERB
tarin	VERB
târin	VERB
tarlan	ADJ
târlan	ADJ
tarlana	VERB
tarlanah	VERB
tarlang	ADJ
târlang	NOUN
tarlangin	NOUN
tarlangtu	NOUN
tarlanna	NOUN
tarlante	ADJ
târmawi	NOUN
tarmita	NOUN
tarna	NOUN
târna	ADV
tarpilu	NOUN
tartar	ADJ
tarte	NOUN
tarten	VERB
tasing	VERB
tat	VERB
tâte	ADJ
tatkawng	ADJ
tau	ADJ
tau	X
ṭau	ADV
țau	X
tauh	VERB
ṭauh	VERB
tauhbalsak	ADJ
tauhna	NOUN
tauhsan	NOUN
ṭaunu	NOUN
țaunu	NOUN
taupa	NOUN
ṭaupa	ADJ
țaupa	CCONJ
tawh	NOUN
tawhah	ADJ
tawhate	ADJ
tawhchilh	ADJ
tawhho	ADJ
tawhhote	ADJ
tawhin	NOUN
tawhlo	NOUN
tawhlohna	ADJ
tawhna	ADJ
tawhnaah	ADJ
tawhnate	ADJ
tawhphawt	ADJ
tawhpui	ADJ
tawhsa	VERB
tawhsual	VERB
tawhsualna	ADJ
tawhsualte	ADJ
tawhte	VERB
tawhten	VERB
tawhtir	NOUN
tawhtîr	NOUN
tawhtu	ADJ
tawhvawih	ADJ
tawhziate	ADJ
tawi	NOUN
tawi	ADJ
tawi	PRON
tâwi	ADJ
ṭawi	NOUN
ṭawi	PRON
ṭâwi	PRON
țawi	VERB
țâwi	VERB
tawiah	VERB
tawiawm	VERB
tawi-awm	VERB
ṭawiawm	ADJ
ṭawi-awm	VERB
ṭâwiâwm	ADJ
ṭawiâwma	NOUN
tawiawmin	NOUN
tawiawmna	NOUN
ṭawiawmna	NOUN
tawiawmtu	ADJ
tawiawmtute	VERB
tawifel	VERB
tawih	VERB
ţawih	VERB
ṭawih	VERB
țawih	VERB
tawihna	ADJ
ṭawihna	ADJ
tawihnawk	VERB
ṭawihnawk	VERB
tawihral	ADJ
ṭawihral	NOUN
tawiin	NOUN
tawina	NOUN
tawipui	ADJ
ṭawipui	ADJ
tawite	ADJ
tawitê	ADJ
tâwite	ADJ
tawitein	ADJ
tâwizia	ADJ
tawk	VERB
tawk	ADJ
tâwk	VERB
ţawk	ADJ
ṭawk	VERB
ṭawk	ADJ
ṭawk	ADV
ṭâwk	ADV
tawka	ADJ
tâwka	ADJ
tawkah	ADJ
tâwkah	ADJ
tawkfang	ADJ
tâwkfang	ADJ
tawkin	ADJ
tâwkin	ADJ
tãwkin	ADJ
tawklo	ADJ
tawkloh	ADJ
tawklohnaa	NOUN
tawklohnaah	NOUN
tawkna	VERB
tâwkna	NOUN
tawktarh	NOUN
tawktawkawrsen	ADJ
ṭawkṭawkawrsen	ADJ
tawkte	NOUN
tâwkte	NOUN
tawktu	NOUN
tâwktu	ADJ
tawktute	VERB
tawkziaahte	ADJ
tawkzui	ADJ
tawl	ADJ
tawl	ADV
tâwl	ADJ
ṭawl	ADJ
ṭâwl	ADJ
tawla	NOUN
tâwla	NOUN
tawlai	NOUN
tawlailir	NOUN
tawlailîr	ADJ
tâwlailîr	ADJ
tawlailira	ADJ
tawlailîra	ADJ
tâwlailîra	ADJ
tawlailirah	ADJ
tawlailîrah	ADJ
tâwlailîrah	ADJ
tawlailirahte	ADJ
tawlailîrahte	ADJ
tawlailirin	ADJ
tawlailîrin	NOUN
tawlailirte	NOUN
tawlailîrte	ADJ
tâwlailîrte	ADJ
tawlailirtein	VERB
tawlawl	NOUN
tawlh	VERB
tawlha	NOUN
tawlhah	ADJ
tawlhchhuahna	VERB
tawlhin	VERB
tawlhkiang	NOUN
tawlhkîr	VERB
tawlhlohpuan	NOUN
tawlhlût	ADJ
tawlhna	ADJ
tawlhnaah	VERB
tawlhpahrita	VERB
tawlhru	ADJ
tawlhruk	ADJ
tawlhruka	NOUN
tawlhrukin	NOUN
tawlhruknaa	VERB
tawlhrutu	VERB
tawlhsak	VERB
tawlhsawn	VERB
tawlhthlak	VERB
tawlhthlu	NOUN
tawlhthlû	VERB
tawlhthlukna	VERB
tawlhtir	NOUN
tawlhtîr	ADJ
tawlhtute	ADJ
tawlhtuten	NOUN
tâwlin	VERB
tâwlna	ADJ
tawlsawn	ADJ
tawlte	ADJ
tawm	VERB
tâwm	VERB
ṭawm	VERB
ṭâwm	VERB
țawm	VERB
țâwm	VERB
tawma	ADJ
tawmbûk	ADJ
tawmhnawm	VERB
tawmhnawm	ADJ
ṭawmhnawm	VERB
tawmhote	VERB
tawmim	VERB
tawmin	ADJ
tawmkai	ADJ
tawmkailo	NOUN
tawmkailo	VERB
ṭawmkailo	VERB
ṭâwmkailo	ADJ
ṭâwmkâilo	ADJ
tawmkuk	NOUN
tawmkûk	VERB
tawmna	VERB
tawmpui	VERB
ṭawmpui	VERB
ṭawmpui	ADJ
ṭâwmpui	NOUN
ṭâwmpuia	NOUN
tawmpuina	ADJ
ṭâwmpuina	NOUN
ṭâwmpuite	NOUN
tawmpuitu	NOUN
tawmpuitu	ADJ
ṭawmpuitu	NOUN
ṭâwmpuitu	NOUN
tawmpuitute	ADJ
tawmrûkna	VERB
tawmte	VERB
tawmtir	VERB
tawn	VERB
tâwn	VERB
ṭawn	VERB
ṭawn	ADV
ṭâwn	ADJ
tawna	ADJ
tawnah	ADJ
tâwnah	NOUN
tawnbelhbâwmin	VERB
tawndip	NOUN
tawnfuh	NOUN
tawng	NOUN
tawng	VERB
tâwng	VERB
ţawng	NOUN
ṭawng	NOUN
ṭawng	VERB
ṭâwng	VERB
țawng	NOUN
țawng	VERB
tawnga	ADJ
ţawnga	ADJ
ṭawnga	ADJ
tawngah	VERB
ṭawngah	NOUN
tawngbaw	VERB
tawngbawtu	VERB
tawngcheh	VERB
tawngchham	VERB
tawngchhan	VERB
ṭawngchhan	NOUN
țawngchhan	NOUN
tawngchhawntu	NOUN
ṭawngchhawntu	NOUN
țawngchhawntu	NOUN
tawngchhia	NOUN
ṭawngchhia	VERB
țawngchhia	VERB
tawngchhuak	NOUN
ṭawngchhuak	NOUN
tawngfung	NOUN
ṭawngfung	ADJ
țawngfung	ADJ
tawnghmang	ADJ
ṭawnghmang	ADJ
tawnghmanga	VERB
tawnghmangah	ADJ
tawnghnawt	ADJ
tawnghnih	ADJ
tawngin	ADJ
ṭawngin	ADJ
țawngin	ADJ
tawngka	NOUN
tawngka	ADJ
ṭawngka	VERB
ṭawngka	ADJ
ṭawngkâ	NOUN
țawngka	NOUN
țawngka	VERB
tawngkaa	ADJ
tawngkáa	ADJ
tawngkâa	ADJ
ṭawngkaa	ADJ
ṭawngkâa	ADJ
tawngkain	NOUN
ṭawngkain	NOUN
ṭawngkâin	NOUN
țawngkain	NOUN
tawngkam	NOUN
ṭawngkam	NOUN
ṭawngkam	VERB
țawngkam	NOUN
țawngkam	VERB
tawngkama	VERB
tawngkamah	VERB
tawngkamin	VERB
tawngkamkeu	VERB
ṭawngkamkeu	ADJ
țawngkamkeu	ADJ
tawngkau	ADJ
tawngkauchheh	NOUN
tawngkauchheh	VERB
ṭawngkauchheh	NOUN
ṭawngkauchheh	ADJ
tawngkawng	ADJ
tawngkawpin	ADJ
tawngkhat	VERB
tawngkhata	VERB
tawngkhawng	VERB
tawngkhum	ADJ
ṭawngkhum	ADJ
tawngleh	ADJ
ṭawngleh	NOUN
tawnglepchiah	NOUN
tawngler	NOUN
tawngler	VERB
tawnglêr	NOUN
ṭawngler	NOUN
ṭawnglêr	NOUN
tawnglettu	ADJ
ṭawnglettu	ADJ
tawngmawh	NOUN
tawngmawh	ADJ
ṭawngmawh	X
tawngna	X
tawngnga	ADJ
tawngpawng	ADJ
tawngpui	ADJ
tawngri	ADJ
ṭawngri	ADJ
tawngruk	ADJ
tawngsan	ADJ
tawngsawm	VERB
tawngsawmhnih	VERB
tawngtai	VERB
ṭawngtai	VERB
ṭawngṭai	VERB
ṭawngṭai	ADJ
țawngțai	ADJ
tawngtaia	ADJ
ţawngţaia	ADJ
ṭawngtaia	ADJ
ṭawngṭaia	ADJ
țawngțaia	ADJ
tawngtaiin	ADJ
ṭawngtaiin	NOUN
ṭawngṭaiin	NOUN
tawngtaina	NOUN
tawngtàina	NOUN
tawngtâina	NOUN
ṭawngtaina	NOUN
ṭawngṭaina	NOUN
ṭawngṭaina	ADJ
țawngțaina	ADJ
ṭawngṭainaa	ADJ
tawngtainaah	ADJ
ṭawngtainaah	ADJ
ṭawngṭainaah	ADJ
tawngtainaahte	ADJ
ṭawngṭainaahte	ADJ
tawngtainain	ADJ
ṭawngṭainain	ADJ
tawngtainate	ADJ
ṭawngtainate	ADJ
ṭawngṭainate	VERB
ṭawngṭainaten	VERB
tawngtaipui	VERB
ţawngţaipui	VERB
ṭawngtaipui	VERB
ṭawngṭaipui	VERB
tawngtaisak	VERB
ṭawngtaisak	VERB
ṭawngṭaisak	NOUN
țawngțaisak	NOUN
tawngtaisakna	NOUN
ṭawngṭaisakna	NOUN
ṭawngṭaisaktu	NOUN
ṭawngṭaite	ADJ
tawngtaitu	VERB
tawngtam	ADJ
tawngtaw	ADJ
tawngtawi	ADJ
tawngte	ADJ
ţawngte	ADJ
ṭawngte	ADJ
țawngte	ADJ
tawngtein	NOUN
ṭawngtein	NOUN
tawngtheilo	ADJ
ṭawngtheilo	ADJ
ṭawngtheilote	ADJ
țawngtheilote	ADJ
ṭawngtin	VERB
țawngtin	VERB
tawngtir	VERB
ṭawngtir	VERB
ṭawngtîr	NOUN
țawngtir	ADJ
tawngtu	NOUN
tawngtuitam	VERB
tawngtuitamna	VERB
tawngvai	VERB
ṭawngvai	NOUN
ṭawngvai	VERB
tawngvaih	ADJ
ṭawngvaih	ADJ
ṭawngvaih	ADV
tawngzâ	ADJ
tawnin	ADJ
ṭâwnin	NOUN
țâwnin	NOUN
tawnmang	NOUN
tawnna	ADJ
ṭâwnna	VERB
tawnnaah	VERB
tawnsak	NOUN
tawnsam	VERB
tawnsam	ADJ
ṭawnsam	ADJ
tawnsan	ADJ
tawntawin	ADJ
tawntâwin	VERB
tawnte	VERB
tawntir	VERB
tawntîr	VERB
tawntirh	VERB
tawntîrh	VERB
tawntirha	NOUN
tawntirhah	ADJ
tawnzau	ADJ
tawp	NOUN
tawp	ADJ
tàwp	ADJ
tâwp	ADJ
ṭawp	ADV
tawpa	ADJ
tâwpa	ADJ
tawpah	ADJ
tâwpah	ADJ
tawpchin	ADJ
tawphnawk	ADJ
ṭawphnawk	ADJ
tawpin	ADJ
tâwpin	ADJ
tawpintai	NOUN
tâwpintai	ADJ
tawpkharna	ADJ
tawpkhawk	ADJ
tâwpkhawk	ADJ
tâwpkhâwk	ADJ
tawpkhawka	ADJ
tawpkhawkah	ADJ
táwpkhâwkah	NOUN
tâwpkhâwkah	NOUN
tawpna	NOUN
tâwpna	ADJ
tawpnaah	VERB
tâwpnaah	VERB
tawpsan	ADJ
tâwpsan	VERB
tâwpte	ADJ
tawptir	ADV
tawr	NOUN
tawrawrawt	ADJ
tâwrawrâwt	VERB
tawrawt	ADJ
tawrh	ADJ
tawrha	NOUN
tawrhah	ADJ
tawrhchhelna	NOUN
tawrhhlelhawm	ADJ
tawrhna	VERB
tawrhnaah	NOUN
tawrhpui	VERB
tawrhpuina	ADJ
tawrhsak	VERB
tawrhte	VERB
tawrhtir	ADJ
tawrhtîr	ADJ
tawt	NOUN
tawt	VERB
tawt	ADV
tâwt	NOUN
ṭawt	VERB
ṭawt	ADV
tawta	NOUN
tawtawlik	NOUN
tawtawrawt	NOUN
tawtawrâwt	ADJ
tâwtawrâwt	ADJ
tawtawrâwta	ADJ
tawtawrâwtte	ADJ
tâwtawrâwtte	ADJ
tawtawtawt	NOUN
tawtin	CCONJ
tawtna	VERB
te	VERB
tê	VERB
ṭe	VERB
ṭê	VERB
têah	PRON
teh	VERB
teh	ADV
teh	PART
ṭeh	ADV
tehchai	INTJ
teh-chawk	ADV
teh-châwk	INTJ
teh-chung	VERB
tehfel	ADJ
tehfung	ADJ
tehfunga	ADJ
tehfungah	ADJ
tehfungte	ADJ
tehin	VERB
tehina	VERB
tehkhawl	ADJ
tehkhâwl	ADJ
tehkhawng	NOUN
tehkhawng	ADJ
tehkhâwng	ADJ
tehkhawnga	ADJ
tehkhawngah	VERB
tehkhawngte	VERB
tehkhin	NOUN
tehkhin	ADJ
tehkhina	NOUN
tehkhinna	ADJ
tehkhinnaa	ADJ
tehkhinnaah	ADJ
tehkhintlak	ADJ
tehkualin	ADJ
tehlul	ADJ
tehlûl	INTJ
tehlulin	NOUN
tehmeuh	NOUN
tehna	ADJ
tehnaa	ADJ
tehnaah	NOUN
tehnate	NOUN
teh-nu	ADJ
ṭeh-nu	NOUN
teho	NOUN
teh-pa	ADJ
ṭeh-pa	ADJ
tehreng	ADJ
tehréng	ADJ
tehrêng	VERB
tehrengmai	VERB
tehsa	ADJ
tehsak	VERB
tehsâng	NOUN
tehtîr	INTJ
tehtu	NOUN
tehzut	VERB
tehzut	ADV
tei	VERB
tei	INTJ
teih	VERB
teihawi	VERB
tei-khawtlai	VERB
teikual	ADJ
teiluh	ADJ
tein	VERB
têin	VERB
tei-rawlai	VERB
tei-rawlái	ADJ
teirei	ADV
teireia	ADV
teitui	ADV
teitûi	ADV
têitui	ADJ
têitûi	ADV
teivet	ADV
teivet	INTJ
tek	NOUN
tek	VERB
tek	ADV
têk	NOUN
têk	VERB
ṭek	NOUN
ṭek	VERB
ṭêk	NOUN
ṭêk	VERB
tek-em	ADJ
ṭek-em	NOUN
ṭêkin	NOUN
tek-ral	ADJ
ṭek-ral	NOUN
ṭêkte	ADV
tek-tek	NOUN
tel	NOUN
tel	VERB
tel	ADV
têla	VERB
telh	NOUN
telh	ADV
telha	NOUN
telhawng	NOUN
telhâwng	ADJ
telhin	VERB
telhna	ADJ
telhve	ADJ
telin	VERB
telin	ADV
têlin	NOUN
têlin	ADV
têlkhawm	ADJ
tel-khawmual	NOUN
tello	ADJ
tellohna	NOUN
telmawm	NOUN
tel-mitsen	ADJ
telna	ADJ
telnaah	NOUN
telnate	NOUN
telpa	NOUN
telphawk-thli	VERB
telpui	VERB
telpui	X
telpuiin	NOUN
telpuite	NOUN
tel-rang	ADJ
tel-râng	ADJ
telte	ADJ
têlte	VERB
telten	VERB
teltir	VERB
teltir	ADJ
teltîr	VERB
teltuin	ADJ
tem	NOUN
tem	VERB
temna	ADJ
tempul	ADJ
tempulah	NOUN
tempulahte	ADJ
tempulte	ADJ
tem-tawm	VERB
temtîr	ADJ
ten	VERB
ten	ADV
tèn	VERB
tên	ADJ
ṭen	ADV
tena	ADJ
tenau	ADJ
te-nau	ADJ
tênau	ADJ
tenauah	NOUN
tenauin	ADJ
tenaute	ADJ
tenawi	ADJ
tenawm	ADJ
ten-awm	ADJ
tenawma	ADJ
tenawmah	ADJ
tenawmahte	NOUN
tenawmin	ADJ
tenawmna	ADJ
tenawmnaa	ADJ
tenawmnaah	ADJ
tenawmnain	ADJ
tenawmnate	ADJ
tenawmte	ADJ
tenawmzia	VERB
tenawr	ADJ
tenchhia	VERB
teng	VERB
têng	VERB
ṭeng	VERB
ṭêng	VERB
tengsawl	ADV
tep	VERB
tep	ADV
tèp	X
têp	ADV
ṭep	VERB
ṭep	ADJ
ṭêp	VERB
tepa	ADJ
ṭepa	ADJ
ṭêpa	ADJ
tepah	ADJ
têpah	NOUN
ṭêpah	ADJ
tepchho	ADJ
tepeng	ADJ
tepin	VERB
ṭêpin	VERB
tepter	NOUN
teptèr	VERB
ter	NOUN
ter	VERB
tèr	VERB
tere	NOUN
tere	ADJ
tertek	ADJ
tertek	ADV
te-sep	ADV
te-sêp	ADV
tet	VERB
têt	NOUN
têt	VERB
ṭet	NOUN
tête	ADJ
têtê	ADJ
te-tham	ADJ
tê-tham	NOUN
tet-te	ADV
têttê	NOUN
têt-tê	VERB
teu	VERB
ṭeu	VERB
teuh	VERB
teuh	ADJ
ţeuh	ADJ
ṭeuh	ADV
țeuh	ADV
teuhin	NOUN
ṭeuhin	ADJ
teuhna	ADJ
ṭeuhvin	ADJ
țeuhvin	ADJ
tha	NOUN
tha	VERB
ṭha	VERB
țha	VERB
thaa	ADJ
ṭhaa	ADJ
ṭhâa	ADJ
țhaa	ADJ
thaah	ADJ
ṭhaah	ADJ
ṭhâah	ADJ
țhaah	VERB
thaahte	VERB
tha-am	ADJ
tha-ám	NOUN
thaate	NOUN
tha-ba	X
tha-bâ	X
thaber	NOUN
tha-en	VERB
ṭha-en	VERB
thah	ADJ
thaha	ADJ
thahah	NOUN
thahate	ADJ
thahdo	VERB
thahdo	ADJ
thahho	ADJ
thahhote	NOUN
thahin	ADJ
thahna	ADJ
thahnaa	ADJ
thahnaah	ADJ
thahnate	ADJ
thahne	ADJ
ṭhahne	ADJ
thahnem	ADJ
ţhahnem	ADJ
ṭhahnem	ADJ
thahnemngai	VERB
ṭhahnemngai	VERB
țhahnemngai	VERB
thahnemngaih	VERB
ṭhahnemngaih	ADJ
țhahnemngaih	NOUN
thahnemngaihin	NOUN
thahnemngaihna	NOUN
ṭhahnemngaihna	ADJ
țhahnemngaihna	ADJ
thahnemngaiin	ADJ
thahnemngaite	ADJ
thahnemngaiten	NOUN
thahnemtham	NOUN
thahrui	VERB
thahruia	ADJ
thahruiah	VERB
thahruiin	ADJ
thahsak	VERB
thahsaka	ADJ
thahte	NOUN
thai	NOUN
thai	VERB
thâi	NOUN
thâi	VERB
thaibawi	NOUN
thâibâwi	VERB
thaibawih	ADJ
thaibo	NOUN
thaibovin	NOUN
thaichhawninu	VERB
thai-chhawni-nu	NOUN
thâi-chhâwni-nu	ADJ
thaichhiain	VERB
thaichhiat	NOUN
thaidik	ADJ
ṭhaihna	NOUN
thailawka	NOUN
thailungi	NOUN
thailungi	ADV
thâilungi	NOUN
thak	NOUN
thak	ADJ
thak	ADV
ṭhak	VERB
ṭhak	ADV
ṭhaka	ADJ
ţhakin	NOUN
ṭhakin	NOUN
thakna	NOUN
thakpui	NOUN
thakpui	ADJ
thaksip	NOUN
thakte	NOUN
thakthing	NOUN
thakthîng	NOUN
thakthingah	ADJ
thakthingtein	NOUN
thakthîngtein	NOUN
thakur	NOUN
thal	NOUN
thâl	NOUN
ţhal	NOUN
ṭhal	NOUN
ṭhal	VERB
ṭhâl	NOUN
ṭhâl	VERB
thala	ADJ
thalah	ADJ
ṭhâlah	NOUN
thalai	NOUN
ţhalai	ADJ
ṭhalai	NOUN
ṭhalai	ADJ
thalaiin	NOUN
ṭhalaipui	NOUN
thalaite	NOUN
ţhalaite	ADJ
ṭhalaite	ADJ
thalaiten	ADJ
ṭhalaiten	NOUN
thalatuten	NOUN
thal-bawm	NOUN
thalbâwm	NOUN
thal-bâwm	NOUN
thalbe	NOUN
thalbê	NOUN
thâlbe	NOUN
thâlbê	NOUN
ṭhalbe	NOUN
ṭhalbê	NOUN
ṭhâlbe	NOUN
ṭhâlbê	NOUN
thalbea	ADJ
thâlbea	ADJ
ṭhalbea	ADJ
ṭhalbêa	ADJ
ṭhâlbea	NOUN
țhalbea	NOUN
thalbeah	NOUN
ṭhalbeah	ADJ
thalfang	NOUN
thalfangin	ADV
thalgul	ADV
thalhrit	NOUN
thalhrit	VERB
thalhrui	ADJ
thalin	VERB
thalkah	NOUN
thalkâp	NOUN
thalkâptuten	NOUN
thal-ki-bar	NOUN
thal-ki-bâr	NOUN
thalna	NOUN
thâlna	ADJ
thalngul	ADJ
thalngula	ADJ
thalngulin	NOUN
thalngulte	NOUN
thal-ping	NOUN
thal-pîng	NOUN
thalrum	VERB
ṭhalrum	ADJ
thâlsak	ADJ
thalte	NOUN
thaltea	NOUN
thalteh	NOUN
thalteh	ADV
thalṭeh	NOUN
thalthing	NOUN
thalthing	VERB
thalthîng	NOUN
thalthîng	VERB
thalthoh	NOUN
ṭhalṭhoh	NOUN
thalthuam	ADJ
thalṭhuam	X
thaltlang	X
thal-vuaifu	NOUN
thâl-vuaifu	NOUN
ṭhal-vuaifu	ADJ
ṭhâl-vuaifu	ADJ
tham	VERB
tham	ADV
thâm	VERB
thâm	ADJ
ṭham	VERB
ṭhâm	VERB
thama	ADJ
thamah	ADJ
ṭhami	ADJ
thamin	ADJ
ṭhâmin	ADJ
ţhamkhawmin	ADJ
ṭhamkhawmin	NOUN
thamlo	NOUN
thamna	ADJ
thamnaa	ADJ
thamnain	VERB
thamnate	VERB
thamral	NOUN
thâmral	ADJ
thamralna	ADJ
than	VERB
than	ADV
thán	VERB
thân	NOUN
thân	VERB
thân	ADJ
ţhan	ADV
ṭhan	VERB
ṭhan	ADV
thana	ADJ
thanal	ADJ
thanbelh	ADJ
thanduan	ADV
thang	VERB
thang	ADV
thâng	NOUN
thâng	VERB
thâng	ADV
ṭhang	NOUN
ṭhang	VERB
țhang	NOUN
thangah	ADJ
thang-bo	ADJ
thangbosan	NOUN
thangchak	VERB
thangchep	NOUN
thangchep	VERB
thangchhuah	NOUN
thangchhuahna	VERB
thangdai	NOUN
thangdai	VERB
thangduang	VERB
thang-duang	NOUN
ṭhang-duang	NOUN
thangfen	NOUN
thangfên	NOUN
thangharh	VERB
ṭhangharh	NOUN
ṭhangharh	VERB
țhangharh	VERB
thang-hrui	NOUN
thangkam	ADJ
thangkamtu	ADJ
thangkamtute	NOUN
thangkhat	NOUN
thangkhat	X
ṭhangkhat	X
thangkhatlian	VERB
thangkhawk	VERB
thangkhawk	ADJ
thangkhâwk	NOUN
thangkim	NOUN
thangkim	ADJ
thanglian	NOUN
ṭhanglian	NOUN
thangluah	NOUN
thangluah	ADJ
thangmekte	NOUN
ṭhangmêkte	NOUN
thangnang	NOUN
thangnang	VERB
thangngul	ADJ
thang-ngul	ADJ
thangpui	ADJ
thangrûk	NOUN
thangte	NOUN
thangtê	NOUN
ṭhangte	ADJ
ṭhangtê	NOUN
thangten	NOUN
thangthar	NOUN
ṭhangthar	NOUN
ṭhangthar	ADJ
ṭhangtharho	NOUN
thangtharte	ADJ
ṭhangtharte	ADJ
thangtharten	ADJ
ṭhangtharten	NOUN
thangthat	NOUN
thangthleng	NOUN
thangthleng	VERB
thangthlèng	VERB
thangtlawm	NOUN
thangtlawm	VERB
thangtlâwm	VERB
thangtu	NOUN
thangtum	NOUN
thang-tumtir	NOUN
thangtung	NOUN
thangṭung	NOUN
thang-tung-zai	ADJ
thang-ṭung-zai	ADJ
thangva	NOUN
thangva	ADJ
thangvâ	NOUN
thangvalh	NOUN
thangvan	ADJ
thangzang	ADJ
thangzual	ADJ
ṭhanharh	ADJ
thanhmun	ADJ
ṭhanhnan	ADJ
thanhnem	ADJ
thanhnemngai	ADJ
thanin	VERB
thankin	VERB
thankin	ADJ
ṭhankin	VERB
thanlen	NOUN
thanlen	VERB
ṭhanlen	VERB
thanlenna	ADJ
thanlenpui	VERB
thanmawh	VERB
thanmawh	X
ṭhanmawh	X
thanmawhbawk	NOUN
thanna	VERB
ṭhanna	VERB
ṭhansan	ADJ
țhansan	NOUN
thanthi	NOUN
than-thi	NOUN
ṭhan-thi	NOUN
thanthu	NOUN
thanthu	VERB
ṭhanṭhu	NOUN
ṭhanṭhu	VERB
thanthutna	VERB
ṭhanṭhutna	VERB
thantir	VERB
ṭhantir	VERB
ṭhantîr	NOUN
țhantîr	NOUN
thantirtu	ADJ
ṭhantîrtu	ADJ
thanzia	ADJ
thap	VERB
thâp	VERB
ṭhap	ADV
thapa	VERB
thâpa	VERB
thapin	ADJ
ṭhapin	ADJ
thâptute	ADJ
thapui	ADJ
thar	ADJ
ṭhar	ADJ
țhar	VERB
tharah	VERB
tharahte	ADJ
tharchhuah	NOUN
tharchhuahah	VERB
tharchhuahte	ADJ
tharchhuak	ADJ
tharho	ADJ
tharin	ADJ
tharlam	NOUN
tharlâm	ADJ
tharlamna	NOUN
tharleh	NOUN
tharlehna	ADJ
tharna	ADJ
tharsak	ADJ
tharte	VERB
tharten	VERB
tharthawh	VERB
thartir	NOUN
thartîr	NOUN
thartu	NOUN
tharui	ADJ
tharum	NOUN
tharumin	ADJ
that	VERB
that	ADJ
ţhat	VERB
ţhat	ADJ
ṭhat	NOUN
ṭhat	VERB
ṭhaṭ	VERB
țhat	VERB
thata	ADJ
ṭhata	ADJ
thatah	ADJ
ṭhatah	ADJ
thatak	X
thatchhe	ADJ
thatchheho	ADJ
thatchhepa	ADJ
thatchhia	ADJ
ṭhatchhia	ADJ
thatchhiat	NOUN
ṭhatchhiat	VERB
thatchhiatna	VERB
thatchhuah	VERB
that-chuh	ADJ
ṭhat-chuh	ADJ
thate	ADJ
thâte	ADJ
ṭhate	ADJ
ṭhâte	ADJ
țhate	ADJ
thatein	ADJ
ṭhatein	ADJ
ṭhaten	ADJ
ṭhâten	ADJ
țhaten	ADJ
thathawh	NOUN
thathnem	ADJ
thathnemna	ADJ
thatho	ADV
thathum	ADV
thati	ADJ
thatin	ADJ
ţhatin	ADJ
ṭhatin	ADJ
țhatin	ADJ
thatlai	ADJ
ṭhatlai	NOUN
thatlaiin	NOUN
thatna	NOUN
thâtna	NOUN
ṭhatna	NOUN
ṭhâtna	ADJ
țhatna	ADJ
thatnaa	ADJ
ṭhatnaa	ADJ
țhatnaa	ADJ
thatnaah	ADJ
ṭhatnaah	ADJ
țhatnaah	ADJ
thatnain	ADJ
ṭhatnain	NOUN
țhatnain	VERB
ṭhatnate	VERB
thatpui	NOUN
ṭhatpui	VERB
thatpuina	VERB
thatsak	ADJ
ṭhatsak	ADJ
thatte	VERB
ṭhatte	VERB
thattir	NOUN
ṭhattîr	NOUN
ṭhattîrtu	ADJ
thattu	ADJ
thattuah	ADJ
thattuho	NOUN
thattuin	ADJ
thattupa	ADJ
thattute	ADJ
ṭhatute	ADJ
thatzia	ADJ
ṭhatzia	ADJ
țhatzia	ADJ
thau	ADJ
thâu	VERB
țhau	ADJ
thauah	NOUN
thaukhawh	ADJ
thauna	ADJ
thaunaa	ADJ
thaute	ADJ
thâute	ADJ
thautein	ADJ
ṭhautein	ADJ
țhautein	ADJ
thâuva	ADJ
thauvah	ADJ
thâuvah	ADJ
ṭhauvah	ADJ
țhauvah	ADJ
thauvin	VERB
thâuvin	VERB
thaw	VERB
thàw	ADJ
thâw	VERB
thawchham	VERB
thawchhama	VERB
thawdai	VERB
thawh	VERB
thawhah	VERB
thawh-at	VERB
thawh-ât	VERB
thawhchhhuah	NOUN
thawhchhuah	VERB
thawhchhuahna	ADJ
thawhchhuahpui	ADJ
thawhchhuahte	NOUN
thawhdun	NOUN
thawhdunna	VERB
thawhhahna	VERB
thawhhai	ADJ
thawhharh	ADJ
thawhhlawh	ADJ
thawhhlawk	ADJ
thawhhlawkte	ADJ
thawhhma	NOUN
thawhhnih	VERB
thawhhnihna	NOUN
thawhho	ADJ
thawhhohna	VERB
thawhhonaah	ADJ
thawhhopui	ADJ
thawhin	NOUN
thawhkhat	ADJ
thawhkhatna	VERB
thawhkhatnan	VERB
thawhkhawm	ADJ
thawhkhâwm	ADJ
thawhkhawma	NOUN
thawhkhawmin	NOUN
thawhkhawmna	NOUN
thawhkhawmtu	NOUN
thawhlawm	VERB
thawhlâwm	ADJ
thawhlawmah	ADJ
thawhlawmnaa	ADJ
thawhlawmte	NOUN
thawhlâwmte	ADJ
thawhlawmtu	ADJ
thawhleh	NOUN
thawhlehin	ADJ
thawhlehna	ADJ
thawhlehnaa	ADJ
thawhlehnaah	ADJ
thawhlehnain	ADJ
thawhlehni	ADJ
thawhlehnia	ADJ
thawhlehniah	NOUN
thawhmawh	ADJ
thawhna	ADJ
thawhnaa	ADJ
thawhnaah	NOUN
thawhnain	VERB
thawhphan	VERB
thawh-phan	ADJ
thawhpui	ADJ
thawhpuia	ADJ
thawhpuiah	NOUN
thawhpuiin	NOUN
thawhpuina	ADJ
thawhpuite	NOUN
thawhpuiten	ADJ
thawhpuitu	NOUN
thawhpuitute	NOUN
thawhrah	ADJ
thawhrahte	NOUN
thawhrim	ADJ
thawhrima	ADJ
thawhrimna	ADJ
thawhrimnaa	ADJ
thawhrimnaah	ADJ
thawhrimnaahte	ADJ
thawhrimnain	ADJ
thawhrimnate	ADJ
thawhrimzia	ADJ
thawhsa	ADJ
thawhsak	NOUN
thawhsakate	VERB
thawhsaktu	X
thawhsan	ADJ
thawhsual	ADJ
thawhtan	ADJ
thawhṭan	ADJ
thawhṭanah	ADJ
thawhtanni	ADJ
thawhṭanni	ADJ
thawhtannia	ADJ
thawhtanniah	ADJ
thawhṭanniah	VERB
thawhte	VERB
thawhtir	ADJ
thawhtîr	ADJ
thawhtira	NOUN
thawhtîrin	NOUN
thawhtirna	NOUN
thawhtirtu	ADJ
thawhtu	ADJ
thawhtute	VERB
thawhtuten	ADJ
thawhuai	VERB
thawhveleh	ADJ
thawhzawh	ADJ
thawhzia	VERB
thawi	VERB
thâwi	VERB
thawia	ADV
thâwia	ADV
thawih	ADJ
thawin	NOUN
thâwin	NOUN
thawina	ADJ
thâwina	ADJ
thawinaah	ADV
thawinate	NOUN
thawitham	VERB
thawitu	VERB
thawk	VERB
tháwk	VERB
thâwk	VERB
thawka	X
thâwka	ADJ
thawkah	ADJ
thawkchhuak	VERB
thawkchhuakte	ADJ
thawkdun	ADJ
thawkhat	ADJ
thawkhatah	ADJ
thawkhlawk	ADJ
thawkho	ADJ
thawkhote	ADJ
thawkin	ADJ
thawkkhat	ADJ
thawkkhata	ADJ
thawklai	ADJ
thawkleh	ADJ
thawklehkhatah	ADJ
thâwklehkhatah	ADJ
thawklehkhatan	ADJ
thâwklehkhatan	NOUN
thawkmawh	NOUN
thawkna	NOUN
thâwkna	NOUN
thawknate	ADJ
thâwknate	ADJ
thawkrim	ADJ
thâwkrim	ADJ
thawkrimho	NOUN
thawkrimte	VERB
thawkrimtu	ADJ
thawksak	ADJ
thawksate	ADJ
thawkte	NOUN
thawkten	NOUN
thawktu	ADJ
thâwktu	ADJ
thawktua	ADJ
thawktuin	ADJ
thawktute	ADJ
thawktuten	ADJ
thawkzawk	ADJ
thawl	ADJ
thawl	ADV
tháwl	ADJ
thâwl	ADJ
ṭhawl	ADV
thâwlah	VERB
thawlh	VERB
thawlh	ADV
ṭhawlh	VERB
ṭhawlh	ADV
thawlna	VERB
thawlte	NOUN
thawlût	NOUN
thawm	VERB
thâwm	VERB
thawma	ADJ
thawmah	ADJ
thâwmah	ADJ
thawmbelhin	ADJ
thawmhnaw	NOUN
thawmhnâw	ADJ
thawmhnawte	ADJ
thawmhnâwte	ADJ
thawmin	NOUN
thâwmin	ADJ
thawmna	ADJ
thawmte	VERB
thâwmte	VERB
thawmthat	VERB
thawmṭhat	VERB
thawmtu	VERB
thawn	VERB
thàwn	VERB
thâwn	VERB
ṭhawn	VERB
ṭhàwn	VERB
ṭhâwn	VERB
thawna	ADJ
thawnah	VERB
thawnahte	VERB
thawnchhuah	NOUN
thawnchhuak	VERB
thawnchhuaktu	ADJ
thawndarh	ADJ
thawng	NOUN
thawng	ADJ
thâwng	ADJ
ţhawng	ADJ
ṭhawng	NOUN
ṭhawng	ADJ
ṭhâwng	VERB
țhawng	VERB
thawnga	NOUN
ṭhawnga	NOUN
thâwngah	NOUN
thawngaleivir	NOUN
thâwngaleivir	NOUN
ṭhawngaleivir	NOUN
ṭhâwngaleivir	NOUN
ṭhâwngaleivîr	NOUN
țhawngaleivir	ADJ
țhâwngaleivir	ADJ
thâwngaleivira	VERB
ṭhâwngin	ADJ
thawngthut	VERB
thawnin	NOUN
thawnkir	VERB
thawnna	VERB
thawnpui	ADJ
thawnsak	NOUN
thawnte	ADJ
thawnthu	ADJ
thawnthua	ADJ
thawnthuah	ADJ
thawnthute	NOUN
thawnthûte	NOUN
thawntu	ADJ
thawntute	ADV
thawp	VERB
thawp	ADV
ṭhawp	VERB
thawpik	NOUN
thawpika	ADJ
thawpikna	ADJ
thawpikthlak	NOUN
thawpikthlâk	NOUN
thawpna	ADJ
thawptu	VERB
thawr	ADJ
thawrawn	ADJ
thawsa	ADJ
thawt	NOUN
thawt	ADJ
thawt	ADV
thâwt	ADV
ṭhawt	NOUN
ṭhawt	ADV
thawte	ADJ
thawthang	ADJ
thâwthâng	ADJ
thawthanga	ADJ
thâwthânga	ADJ
thawven	ADJ
thawveng	ADJ
thawvêng	NOUN
thawvengin	NOUN
thawvenna	NOUN
thazam	ADJ
thazâm	ADJ
thazama	NOUN
thazamina	ADJ
thazatna	ADJ
thazâwk	ADJ
ṭhazâwk	ADJ
thazova	ADJ
the	NOUN
the	VERB
ṭhe	NOUN
theh	VERB
ṭheh	VERB
țheh	VERB
theha	VERB
ṭhehah	VERB
thehchhuah	VERB
thehchhuak	ADJ
thehdarh	ADJ
thehdarha	NOUN
thehdarhah	NOUN
thehdarhna	NOUN
thehdarhtu	ADJ
thehdarhtute	NOUN
thehdarhtuten	NOUN
theh-hek	ADJ
ṭheh-hek	ADJ
thehin	NOUN
ṭhehin	NOUN
the-hlan	NOUN
ṭhe-hlan	NOUN
thehlarna	NOUN
thehlarnain	VERB
thehlei	ADJ
thehluh	NOUN
thehluhah	VERB
thehluhna	VERB
thehlut	ADJ
thehlût	NOUN
thehlutin	ADJ
thehluttu	X
thehluttuten	NOUN
thehna	ADJ
ṭhehna	ADJ
thehnaa	ADJ
thehnaah	NOUN
thehnain	ADJ
thehnate	VERB
thehnem	VERB
thehsak	VERB
ṭhehsak	VERB
țhehsak	ADJ
thehsawm	VERB
thehte	VERB
thehthal	NOUN
thehthang	NOUN
thehthangna	ADJ
thehtu	ADJ
thei	NOUN
thei	VERB
thei	ADJ
thei	ADV
ṭhei	NOUN
ṭhei	VERB
ṭhei	ADV
theia	ADJ
theiah	NOUN
theiang	NOUN
theibuhfai	NOUN
theibuhfaia	NOUN
theibuhfaite	NOUN
theifeihmung	ADJ
theifit	ADJ
theih	NOUN
theiha	NOUN
theihah	NOUN
theihai	VERB
theiherawt	ADJ
theihghilh	ADJ
theihin	NOUN
theihloh	NOUN
theihlohna	NOUN
theihmu	ADJ
theihna	ADJ
theihnaa	ADJ
theihnaah	ADJ
theihnain	ADJ
theihnan	ADJ
theihnân	NOUN
theihnana	ADJ
theihnapetu	VERB
theihnate	VERB
theihnghilh	VERB
theihnghilha	NOUN
theihnghilhin	VERB
theihnghilhna	VERB
theihnghilhsak	VERB
theihnghilhtir	NOUN
theihnghilhtîr	ADJ
theihnghilhtu	ADJ
theihnghilin	ADJ
theihnghlilhin	NOUN
theihngilh	ADJ
theihngilhtute	ADJ
theihpatawpin	ADJ
theihtawkin	ADJ
theihtawp	ADJ
theihtàwp	ADJ
theihtâwp	ADJ
theihtawpa	ADJ
theihtâwpa	ADJ
theihtawpin	ADJ
theihtâwpin	ADJ
theihte	ADJ
theihzia	ADJ
theihziah	ADJ
theihziate	NOUN
theiin	ADJ
theikung	ADJ
theikûngte	ADJ
theikûngten	ADJ
theilo	NOUN
theiloh	VERB
theina	NOUN
theinghilh	NOUN
theipil	NOUN
theipilsak	NOUN
theipui	NOUN
theipuite	ADJ
theirah	ADJ
theiraha	NOUN
theirahte	NOUN
theiriat	NOUN
thei-sawntlung	NOUN
thei-sechal	NOUN
theisehret	NOUN
thei-sinhlu	NOUN
thei-sunhlu	NOUN
theitat	NOUN
thei-tat	VERB
thei-tât	NOUN
theite	NOUN
theite	ADJ
theitê	NOUN
theitea	NOUN
thei-thuhruk	NOUN
thei-thuhrûk	ADJ
theithur	ADJ
theitu	NOUN
theitua	NOUN
theitui	NOUN
theitute	NOUN
thei-va-buan	NOUN
thei-va-ruh	NOUN
thei-vawk-ek	NOUN
thei-vawk-êk	NOUN
thei-vawkmit	NOUN
thei-zawl	ADJ
thei-zâwl	ADV
theizia	ADV
thek	NOUN
thek	VERB
thek	ADV
ṭhek	NOUN
ṭhek	VERB
ṭhek	ADV
ṭhekho	ADV
thekte	ADV
thel	VERB
thel	ADV
ṭhel	VERB
thelh	VERB
ţhelh	VERB
ṭhelh	VERB
ṭhelh	ADV
țhelh	ADV
thelha	ADJ
thelhin	ADJ
ţhelhin	NOUN
ṭhelhin	NOUN
thelhna	NOUN
thelhtu	NOUN
ṭhelhtu	NOUN
thelna	NOUN
thelretpuan	ADJ
thelrette	VERB
ṭhelrêtte	VERB
thelthaw	ADJ
ṭhelṭhaw	NOUN
them	NOUN
ṭhem	NOUN
ṭhem	VERB
ṭhêm	NOUN
thema	ADJ
themah	NOUN
thembang	NOUN
thembrui	X
thembu	NOUN
thembupui	NOUN
thembupui	ADJ
themhrui	NOUN
themin	ADJ
themkawl	NOUN
themlem	NOUN
them-lem	NOUN
thêmlêm	VERB
themper	NOUN
themtang	ADJ
themṭang	VERB
themte	ADJ
them-the-hleh	VERB
themthiam	NOUN
themthiam	ADJ
themthiambîk	NOUN
themthiamho	ADJ
themthiamhote	NOUN
themthiamin	ADJ
themthiamna	ADJ
themthiamnaah	ADJ
themthiamnain	ADJ
themthiamte	ADJ
ṭhemthiamte	NOUN
themthiamten	NOUN
themtlang	NOUN
themtlangpui	VERB
themtlangzial	NOUN
themtlaw	ADJ
themtlaw	X
themtleng	ADV
themtleng	X
themtuihnawih	ADJ
them-zial	ADJ
then	NOUN
then	VERB
then	ADJ
then	PRON
thèn	VERB
thèn	ADJ
thên	ADJ
thên	PRON
thên	X
ţhen	ADJ
ṭhen	VERB
ṭhen	ADJ
ṭhen	X
ṭhên	ADV
țhen	NOUN
thena	ADJ
thêna	ADJ
ṭhena	ADJ
țhena	ADJ
thenah	NOUN
ṭhenah	NOUN
thenawm	NOUN
ṭhenawm	NOUN
țhenawm	NOUN
thenawma	NOUN
ṭhenawma	NOUN
thenawmna	NOUN
thenawmnu	NOUN
thenawmpa	NOUN
ṭhenawmpa	NOUN
țhenawmpa	NOUN
thenawmte	NOUN
ţhenawmte	NOUN
ṭhenawmte	ADJ
țhenawmte	ADJ
thenawmteho	ADJ
thenawmten	ADJ
ṭhenawmten	VERB
thendarha	ADJ
thenfai	NOUN
thenfaia	VERB
thenfaina	VERB
thénga	NOUN
thengo	ADJ
thêngo	ADJ
thengreng	ADJ
thengrenga	ADJ
thengthaw	ADJ
thenhluma	VERB
thenhma	ADJ
thenhran	ADJ
thenin	ADJ
thênin	ADJ
ṭhenin	ADJ
țhenin	ADJ
thenkhat	ADJ
ţhenkhat	ADJ
ṭhenkhat	ADJ
ṭhenkhat	X
țhenkhat	X
thenkhata	ADJ
ṭhenkhata	ADJ
thenkhatah	ADJ
ţhenkhatah	ADJ
ṭhenkhatah	ADJ
thenkhatahte	ADJ
thenkhatin	ADJ
ṭhenkhatin	ADJ
thenkhatina	ADJ
thenkhatte	ADJ
ţhenkhatte	ADJ
ṭhenkhatte	ADJ
țhenkhatte	ADJ
thenkhatten	VERB
ṭhenkhatten	VERB
thenkhum	PRON
ṭhenkhum	PRON
thenna	ADJ
ṭhenna	NOUN
thennain	NOUN
thenrual	NOUN
ṭhenrual	NOUN
ṭhenrual	VERB
țhenrual	VERB
thenrualte	VERB
ṭhenrualte	ADJ
thensawm	NOUN
thensawma	NOUN
thensen	ADJ
thênsen	ADJ
thente	ADJ
ṭhente	ADJ
thentea	VERB
thenthei	NOUN
thentir	NOUN
thentu	NOUN
ṭhentu	NOUN
thenzawl	NOUN
thenzâwl	NOUN
thênzawl	NOUN
thênzâwl	NOUN
thep	VERB
thêp	VERB
ṭhep	ADV
ther	VERB
ther	ADV
thêr	ADJ
thera	NOUN
thereng	NOUN
the-reng	ADJ
therh	NOUN
therh	ADV
therhlo	NOUN
therhlo	ADJ
therin	NOUN
therte	ADV
thertê	ADV
therver	VERB
thet	VERB
thêt	ADV
ṭhet	VERB
ṭhet	ADV
theta	ADJ
thetea	VERB
theu	VERB
thêu	VERB
thêu	ADJ
theuh	VERB
theuh	ADJ
ţheuh	ADJ
ṭheuh	ADJ
țheuh	ADJ
theuhah	ADJ
ṭheuhah	ADJ
țheuhah	ADJ
theuhin	ADJ
ṭheuhin	NOUN
țheuhin	ADJ
theuhna	ADJ
theuhte	ADJ
ṭheuhte	ADJ
theuhva	ADJ
ṭheuhva	ADJ
țheuhva	ADJ
theuhvah	ADJ
ṭheuhvah	ADJ
țheuhvah	ADJ
theuhvahte	ADJ
theuhvin	ADJ
ṭheuhvin	VERB
țheuhvin	ADJ
theu-leu	NOUN
theuvah	NOUN
thi	NOUN
thi	VERB
thí	NOUN
ṭhi	VERB
thia	VERB
thîa	VERB
thiah	VERB
ṭhiah	VERB
ṭhiaha	NOUN
ṭhiahin	VERB
ṭhiahna	VERB
ṭhiahsak	VERB
thial	VERB
ṭhial	VERB
țhial	VERB
ṭhialin	VERB
țhialin	NOUN
ṭhialkhum	NOUN
thialpawn	ADJ
ṭhialpawn	NOUN
ṭhialpâwnin	NOUN
thialret	NOUN
thialrêt	NOUN
ṭhialret	NOUN
ṭhialrêt	NOUN
thiam	VERB
thiama	ADJ
thiamah	ADJ
thiambel	ADJ
thiambîk	VERB
thiamchan	NOUN
thiamchang	ADJ
thiamchanna	ADJ
thiamchannaa	VERB
thiamchannaah	VERB
thiamchantir	NOUN
thiamchantîr	NOUN
thiamchantirna	ADJ
thiamchantîrtu	NOUN
thiamhnang	NOUN
thiamho	ADJ
thiamhote	ADJ
thiamin	ADJ
thiamla	ADJ
thiamlo	NOUN
thiamloh	NOUN
thiamlohna	ADJ
thiamna	ADJ
thiamnaa	ADJ
thiamnaah	NOUN
thiamnain	ADJ
thiamnate	ADJ
thiamnatein	NOUN
thiampui	NOUN
thiampuina	X
thiampuipa	ADJ
thiampuitute	ADJ
thiamsa	ADJ
thiamtaka	ADJ
thiamte	ADJ
thiamten	NOUN
thiamthil	NOUN
thiamthu	VERB
thiamthû	VERB
thiamtir	NOUN
thiamtîr	NOUN
thiamtirtu	ADJ
thiamtu	ADJ
thiamzia	ADV
thiamziate	ADV
thian	NOUN
ṭhian	NOUN
ṭhian	VERB
țhian	NOUN
thiana	VERB
ṭhiana	VERB
thianah	NOUN
ṭhianah	NOUN
thian-bul	NOUN
ṭhian-bul	NOUN
thiandun	VERB
thianfai	ADJ
thianfâi	ADJ
thianfaiin	ADJ
thiang	VERB
thiang	ADJ
thiang	ADV
ṭhiang	NOUN
ṭhiang	ADV
thianga	ADJ
thiangah	ADJ
thianghlim	ADJ
ṭhianghlim	VERB
thianghlima	ADJ
thianghlimah	ADJ
thianghlimahte	ADJ
thianghliman	ADJ
thianghlimho	ADJ
thianghlimhote	NOUN
thianghlimin	ADJ
thianghlimna	ADJ
thianghlimnaa	ADJ
thianghlimnaah	ADJ
thianghlimnain	ADJ
thianghlimte	ADJ
ṭhianghlimte	ADJ
thianghlimten	ADJ
thianghlimtute	ADJ
thianghlimzia	ADJ
thiangin	ADJ
thîangin	ADJ
ṭhiangin	NOUN
thianglo	ADJ
thiang-lo	ADJ
thiangte	ADJ
thiangzau	ADJ
thianhlim	ADJ
thianin	NOUN
ṭhianin	NOUN
thianna	NOUN
ṭhianna	NOUN
thiannu	NOUN
ṭhiannu	NOUN
thianpa	NOUN
ţhianpa	ADJ
ṭhianpa	NOUN
thianpui	NOUN
thianrual	NOUN
ṭhianrual	NOUN
thian-sa-beng	X
ṭhian-sa-beng	X
thiante	NOUN
ṭhiante	X
țhiante	X
thianteho	NOUN
ṭhianteho	NOUN
thianten	NOUN
ṭhianten	NOUN
thiantha	NOUN
ṭhiantha	NOUN
ṭhianṭha	NOUN
thianthatna	NOUN
ṭhianthatna	ADJ
thiantu	ADJ
thianzia	ADJ
thiap	ADJ
ṭhiap	ADJ
țhiap	VERB
thiapin	VERB
thiar	NOUN
thiarin	NOUN
thiarna	NOUN
thi-ar-ngal	NOUN
ṭhi-ar-ngal	NOUN
thiartu	VERB
thiartute	VERB
thiat	VERB
ṭhiat	VERB
ṭhiat	ADJ
țhiat	ADJ
thiata	VERB
ṭhiata	ADJ
thiatdarh	ADJ
thiatin	NOUN
ṭhiatin	VERB
thiatna	VERB
thiatsak	VERB
ṭhiatsak	VERB
țhiatsak	ADJ
thiatsawm	NOUN
thiatte	ADJ
ṭhiattu	ADJ
thiau	ADJ
thiau	ADV
ṭhiau	ADV
țhiau	ADV
ṭhiaute	VERB
thi-beh	NOUN
ṭhi-beh	NOUN
thi-bun	NOUN
ṭhi-bun	VERB
țhi-bun	VERB
thidang	NOUN
thidang	VERB
thidanglo	NOUN
thifang	NOUN
ṭhifang	NOUN
țhifang	NOUN
thifen	NOUN
thifên	NOUN
ṭhifen	NOUN
ṭhifên	NOUN
țhifen	VERB
țhifên	VERB
thih	VERB
thiha	VERB
thihate	VERB
thihchilh	ADJ
thih-chilh	ADJ
thihchilha	NOUN
thihchilhte	VERB
thihchilhtute	ADJ
thihdan	NOUN
thihdawn	NOUN
thihdil	ADJ
thihdîl	VERB
thihin	NOUN
thihliam	NOUN
thi-hmu	NOUN
ṭhi-hmu	NOUN
țhi-hmu	NOUN
thihna	NOUN
thi-hna	NOUN
ṭhihna	NOUN
ṭhi-hna	NOUN
țhihna	NOUN
țhi-hna	NOUN
thihnaa	ADJ
thihnaah	ADJ
thihnaahte	ADJ
thihnain	NOUN
thih-nau	VERB
thihni	VERB
thihpui	NOUN
thihpui	ADJ
thihpuiin	VERB
thihpuina	NOUN
thihrem	VERB
thihrem	ADJ
thihrui	ADJ
thihruia	VERB
thihruite	ADJ
thihsak	VERB
thihsaka	VERB
thihsan	VERB
thihsan	ADJ
thihsanten	VERB
thihsawn	VERB
thihsàwn	X
thih-sual	NOUN
thihtheihlohna	VERB
thihthiap	VERB
thihthiap	X
thihtir	NOUN
thihtu	ADJ
thihtute	VERB
thihul	ADJ
thi-hul	ADJ
thihzia	ADJ
thiin	VERB
thîin	VERB
thik	NOUN
thik	VERB
thîk	VERB
thîk	ADJ
thika	ADJ
thikawm	NOUN
thikhawp	NOUN
thikna	ADJ
thîkna	ADJ
thiknain	VERB
thîknain	NOUN
thiksan	NOUN
thikthu	NOUN
thîkthu	VERB
thîkthû	VERB
thikthuchhe	ADJ
thikthuchhia	ADJ
thîkthuchhia	VERB
thîkthuchhiaa	VERB
thiktir	ADJ
thîktîr	ADJ
thil	NOUN
thil	VERB
thìl	VERB
thîl	NOUN
thîl	VERB
ṭhil	NOUN
ṭhil	VERB
ṭhil	ADJ
ṭhîl	NOUN
ṭhîl	VERB
țhil	NOUN
țhîl	NOUN
thila	ADJ
thilah	ADJ
ṭhilah	ADJ
țhilah	ADJ
thilahte	ADJ
thilâwm	ADJ
thilchhe	NOUN
thilchik	NOUN
thildahbawm	ADJ
thildahna	ADJ
thildang	ADJ
thildangah	ADJ
thildanglam	NOUN
thilfel	NOUN
thilfo	NOUN
thilhalte	NOUN
thilhawng	ADJ
thilhlan	ADJ
thilhlana	ADJ
thilhlanaah	ADJ
thilhlanah	ADJ
thilhlanahte	NOUN
thilhlanin	ADJ
thilhlanna	NOUN
thilhlannan	ADJ
thilhlante	ADJ
thilhlantea	NOUN
thilhlantein	NOUN
thilhlantu	ADJ
thilhlantute	ADJ
thilhlu	NOUN
thilhlûte	ADJ
thilho	ADJ
thilin	ADJ
ṭhîlin	ADJ
thilkal	ADJ
thilkeh	ADJ
thilkhu	ADJ
thilkual	ADJ
thillem	ADJ
thilmak	ADJ
thilmaka	ADJ
thilmakte	ADJ
thilman	ADJ
thilmum	NOUN
thilmûm	NOUN
thilna	NOUN
thilneih	NOUN
thilneihte	ADJ
thilngiatte	NOUN
thilnuam	NOUN
thilnung	NOUN
thilnungho	ADJ
thilnungte	NOUN
thilo	NOUN
thilpek	ADJ
thilpêk	ADJ
thilpekah	ADJ
thilpêkah	ADJ
thilpekin	NOUN
thilpêkin	NOUN
thilpekte	ADJ
thilpêkte	ADJ
thilpêktea	NOUN
thilphal	NOUN
thilphalna	ADJ
thilphalte	ADJ
thilphalzia	NOUN
thilphek	NOUN
thilphut	NOUN
thilphutte	ADJ
thilrapthlak	NOUN
thilropui	VERB
thilsakawr	VERB
thilsawi	NOUN
thilserh	ADJ
thilsiam	NOUN
thilsiamah	ADJ
thilsiamna	NOUN
thilsiamnaah	NOUN
thilsiamnate	ADJ
thilsiamte	ADJ
thilsual	ADJ
thiltam	NOUN
thiltawn	ADJ
thilte	ADJ
thiltea	ADJ
thiltha	ADJ
thilţha	NOUN
thilṭha	ADJ
thilthek	ADJ
thilthlawn	ADJ
thilthlâwn	ADJ
thilthlawnpek	VERB
thilthlâwnpêk	ADJ
thilthlawr	ADJ
thilthleng	ADJ
thilthlengte	ADJ
thilthlum	ADJ
thilthuah	ADJ
thilthur	NOUN
thiltiam	VERB
thiltiamte	ADJ
thiltih	ADJ
thiltiha	ADJ
thiltihah	ADJ
thiltihahte	ADJ
thiltihang	NOUN
thiltihin	ADJ
thiltihna	ADJ
thiltihnaah	ADJ
thiltihsual	NOUN
thiltihsualah	ADJ
thiltihsualna	ADJ
thiltihsualte	ADJ
thiltihte	ADJ
thiltihtein	NOUN
thiltihtheih	NOUN
thiltihtheihna	ADJ
thiltihtheina	ADJ
thiltihzia	ADJ
thiltihziate	ADJ
thiltisualtute	ADJ
thiltithei	ADJ
thiltitheia	NOUN
thiltitheite	NOUN
thiltitheitu	ADJ
thiltitu	ADJ
thiltlawn	ADJ
thiltui	NOUN
thiltum	NOUN
thiltumrik	ADJ
thiltumte	NOUN
thilvuah	ADJ
thilziakna	ADJ
thilzinga	ADJ
thim	VERB
thîm	VERB
ṭhim	NOUN
țhim	NOUN
thima	NOUN
thimah	NOUN
thimal	NOUN
ṭhimal	ADJ
țhimal	ADJ
thimhlim	ADJ
thimhlima	ADJ
thimhlimah	ADJ
thimhmul	ADJ
thimhmulah	ADJ
thimin	NOUN
thîmin	ADJ
thimna	ADJ
thimnain	ADJ
thimpuiah	ADJ
thimtham	ADJ
thimthama	ADJ
thimthamah	ADJ
thin	VERB
thin	ADJ
thin	ADV
thìn	ADJ
thîn	ADJ
ţhin	ADJ
ṭhin	VERB
ṭhin	ADJ
ṭhîn	ADJ
țhin	VERB
țhin	ADV
țhîn	ADV
thina	ADJ
ṭhina	ADJ
ṭhîna	ADJ
țhina	ADJ
țhîna	ADJ
thinaah	ADJ
thinah	ADJ
ṭhinah	ADJ
ṭhînah	ADJ
țhinah	ADJ
ṭhinate	ADJ
țhinate	ADJ
thinchhe	ADJ
thinchhia	NOUN
thinchhiat	ADJ
thinchhiatna	NOUN
thindam	ADJ
thindip	ADJ
thineih	ADJ
thineihleh	ADJ
thing	VERB
thing	ADJ
thîng	VERB
thîng	ADJ
ṭhing	VERB
ṭhing	ADJ
ṭhîng	VERB
ṭhîng	ADJ
țhing	VERB
thinga	ADJ
thingah	NOUN
thingahte	ADJ
thingai	NOUN
thingbuk	ADJ
thingbuka	NOUN
thingbukah	X
thingbul	ADJ
thingchheh	NOUN
thingchhuah	NOUN
thingchip-ral	ADJ
thingchip-râl	ADJ
thingchungah	NOUN
thingdang	VERB
thingdawlte	NOUN
thingdim	NOUN
thingfak	ADJ
thing-fak	NOUN
thingfâk	NOUN
thing-fâk	NOUN
thingfakin	NOUN
thingfâkte	NOUN
thingfal	NOUN
thingfanghma	NOUN
thinghal	NOUN
thing-har	ADJ
thing-hâr	NOUN
thinghlim	ADJ
thinghnah	ADJ
thinghnahte	NOUN
thinghnai	ADJ
thinghnâi	ADJ
thinghnaiin	ADJ
thingin	NOUN
thingkawkalh	NOUN
thing-khei	NOUN
thingkhim	NOUN
thingkittu	NOUN
thingkual	NOUN
thingkuang	NOUN
thingkung	ADJ
thingkûng	ADJ
thingkûnga	ADJ
thingkungah	NOUN
thingkungin	ADJ
thingkungte	ADJ
thingkungten	NOUN
thingkûngten	ADJ
thing-la	NOUN
thinglem	ADJ
thinglenbuang	ADJ
thingler	ADJ
thinglera	ADJ
thinglerah	NOUN
thinglêrah	NOUN
thingluang	NOUN
thing-luang	NOUN
thinglu-bul	NOUN
thinglu-bûl	NOUN
thinglung	ADV
thinglung	X
thinglunga	ADJ
thing-mak	NOUN
thingnawh	NOUN
thingnawi	VERB
thingnget	ADJ
thing-nget	NOUN
thingngêt	ADJ
thing-ngêt	NOUN
thingngêtin	NOUN
thingngêtte	NOUN
thing-pal	NOUN
thingpawnchhia	NOUN
thingphek	ADJ
thingphêk	ADJ
thingpheka	ADJ
thingphêka	NOUN
thingphêkin	ADJ
thingphel	ADJ
thingphela	NOUN
thingphelin	ADJ
thingphun	X
thingphunte	NOUN
thingpui	NOUN
thîngpui	NOUN
thingpuiah	ADJ
thingpui-fe	NOUN
thingpuiin	NOUN
thingrah	NOUN
thingrai	NOUN
thingrem	NOUN
thingremah	NOUN
thingremzai	ADJ
thingremzaithei	ADJ
thingri	NOUN
thingrî	ADJ
thingria	NOUN
thingria	X
thingril	NOUN
thing-saihrua	NOUN
thingsai-ngal	NOUN
thingsemim	ADJ
thingsir	NOUN
thingsuih	NOUN
thingtang	NOUN
thingtang	VERB
thingṭang	NOUN
thingṭang	VERB
thingte	NOUN
thingten	NOUN
thingtheihmu	NOUN
thingther	VERB
thingthi	VERB
thingṭhi	VERB
ṭhingthi	VERB
ṭhingthî	VERB
ṭhingṭhi	VERB
ṭhingṭhî	VERB
țhingthi	VERB
țhingthi	ADJ
țhingțhi	ADJ
thingthia	ADJ
ṭhingthia	VERB
ṭhingṭhîa	NOUN
thingthiah	NOUN
thingthiah	ADJ
thingthiang	NOUN
thingthiang	ADJ
thingthiin	ADJ
ṭhingthîin	ADJ
ṭhingṭhiin	ADJ
ṭhingṭhîin	NOUN
thingthit	VERB
ṭhingṭhitna	NOUN
thîngthittîr	NOUN
thingthlavar	NOUN
thingthlavàr	NOUN
thingthu	X
thingthû	NOUN
thingthupui	NOUN
thingtlang	NOUN
thingtláng	ADJ
thingtlâng	ADJ
thingtlanga	ADJ
thingtlangah	NOUN
thingtlângah	NOUN
thingtlangmi	NOUN
thingtlawn	NOUN
thingtlawn	ADJ
thingtlâwn	NOUN
thingtlâwnten	NOUN
thingtuah	ADJ
thingtuahah	NOUN
thingtuahte	NOUN
thingtuai	NOUN
thing-tuboh	NOUN
thing-tu-luang	NOUN
thingtum	NOUN
thing-tum	NOUN
thingtumbu	NOUN
thing-ui-hahni	NOUN
thingvandawt	NOUN
thingvawkpui	NOUN
thingverhna	NOUN
thingzai	NOUN
thingzaia	NOUN
thingzaina	NOUN
thingzaina	ADJ
thingzainaa	ADJ
thingzaithlak	NOUN
thingzaitu	NOUN
thingzaitute	NOUN
thingzar	ADJ
thingzâr	NOUN
thingzâra	NOUN
thingzung	NOUN
thingzung-kai	NOUN
thingzung-kâi	NOUN
thinhnun	ADJ
thinhnûn	NOUN
thinhnûnah	NOUN
thinhrik	ADJ
thinhrikna	ADJ
thinin	VERB
ṭhînin	ADJ
țhînin	ADJ
thinkhei	ADJ
thinkhum	NOUN
thinlai	NOUN
thinlâi	ADJ
thinlian	NOUN
thinlung	X
thînlung	VERB
thinlunga	ADJ
thinlungah	ADJ
thinlungahte	ADJ
thinlungan	ADJ
thinlungin	ADJ
thinlungkuai	NOUN
thinlungte	NOUN
ṭhinmi	NOUN
thinna	NOUN
thînna	NOUN
ṭhinna	ADJ
ṭhînna	ADJ
ṭhinnaa	ADJ
thinnaah	ADJ
thinnate	ADJ
ṭhinnate	NOUN
thinnel	ADJ
thinnelte	ADJ
thinnelzia	NOUN
thinphu	ADJ
thinramna	ADJ
thinrik	VERB
thinrîk	VERB
thinrim	ADJ
ṭhinrim	ADJ
thinrima	NOUN
thinrimin	ADJ
thinrimna	ADJ
thinrimnaa	ADJ
thinrimnaah	ADJ
thinrimnain	ADJ
thinrimte	ADJ
thinrimthlak	ADJ
thinrimzia	ADJ
thinsaphut	ADJ
thintâwt	ADJ
thinte	ADJ
thînte	ADJ
ṭhinte	NOUN
ṭhînte	NOUN
thinten	ADJ
ṭhînten	ADJ
thinthawng	ADJ
thinthi	ADJ
thinthip	NOUN
thinthlakin	NOUN
thintu	NOUN
thîntu	NOUN
ṭhintu	NOUN
ṭhîntu	NOUN
țhintu	ADJ
țhîntu	ADJ
thintua	ADJ
ṭhîntua	ADJ
thintute	ADJ
ṭhintute	ADJ
ṭhîntute	ADJ
țhintute	ADJ
țhîntute	ADJ
ṭhintuten	VERB
țhintuten	ADJ
thinur	ADJ
thinura	NOUN
thinurin	ADJ
thinurna	ADJ
thinurnaa	ADJ
thinurnaah	NOUN
thinurnain	ADJ
thinurnate	NOUN
thinurthlak	ADJ
thinurtute	ADJ
thinurzia	ADJ
thinurziate	ADJ
thinvilh	ADJ
thinzia	ADJ
ṭhinzia	ADJ
țhinzia	ADJ
thinziate	ADJ
ṭhinziate	ADJ
thip	X
thîp	X
thiput	NOUN
thipût	VERB
thir	ADJ
thír	ADJ
thîr	VERB
thira	ADJ
thîra	NOUN
thîrah	ADJ
thîrbang	ADJ
thirbarh	ADJ
thîrbarh	NOUN
thirbarha	NOUN
thirbel	ADJ
thîrbêl	ADJ
thîrbêla	NOUN
thîrbêlah	NOUN
thirchakai	ADJ
thîrchakai	ADJ
thirchakaia	ADJ
thirchakaiah	ADJ
thîrchakaiah	ADJ
thirchakaite	VERB
thîrchakaite	VERB
thîrchher	VERB
thirdeng	VERB
thirdêng	VERB
thîrdeng	ADJ
thîrdêng	ADJ
thirdengin	ADJ
thîrdêngin	ADJ
thirdengte	ADJ
thîrdêngte	ADJ
thirdengten	VERB
thîrdêngten	NOUN
thirem	NOUN
thirem	VERB
thirfian	NOUN
thîrfian	NOUN
thirfiante	NOUN
thirhip	NOUN
thirhipthei	NOUN
thîrhipthei	NOUN
thirhrui	ADJ
thîrhrui	ADJ
thirhruia	ADJ
thîrhruia	ADJ
thirimtui	ADJ
thîrimtui	ADJ
thirin	NOUN
thîrin	NOUN
thirkawm	NOUN
thîrkawm	NOUN
thirkawr	NOUN
thîrkawr	NOUN
thirkhen	NOUN
thîrkhen	NOUN
thirkilhna	NOUN
thîrkilhna	NOUN
thirkut	ADJ
thîrkut	NOUN
thîrkutin	NOUN
thîrlukhum	NOUN
thirsakawr	NOUN
thîrsakawr	NOUN
thirte	NOUN
thîrte	NOUN
thirtiang	ADJ
thîrtiang	NOUN
thîrtiangin	NOUN
thirtlawn	NOUN
thirtu	NOUN
thirzai	NOUN
thîrzai	NOUN
thirzing	ADJ
thîrzum	ADJ
thisaka	ADJ
thisawn	NOUN
thisawn	VERB
thisàwn	VERB
thisâwn	VERB
thisen	VERB
thisena	ADJ
thisenah	NOUN
thisenin	ADJ
thisenna	ADJ
thisenpui	NOUN
thisensãng	VERB
thisente	ADJ
thit	NOUN
thite	NOUN
thîte	NOUN
ṭhite	NOUN
thitek	NOUN
ṭhiṭek	VERB
țhițek	VERB
thithun	ADJ
thitlin	NOUN
thitlinin	VERB
thituamtu	NOUN
ṭhival	NOUN
țhival	ADJ
thizil	ADJ
thla	X
thlá	ADJ
thlà	NOUN
thlâ	NOUN
thlaa	ADJ
thlàa	ADJ
thlâa	ADJ
thlaah	ADJ
thlâah	ADJ
thlaahte	ADJ
thlaawk	ADJ
thlabar	ADJ
thlabâr	ADJ
thlabara	ADJ
thlabarin	NOUN
thlabârin	NOUN
thlabarna	ADJ
thlabârna	ADJ
thlabarte	NOUN
thladaih	ADJ
thlado	VERB
thlafang	VERB
thlah	VERB
thlaha	ADJ
thlahah	ADJ
thlahahte	ADJ
thlahdah	NOUN
thlahdul	NOUN
thlahho	ADJ
thlahhote	VERB
thlahin	NOUN
thlahleinga	ADJ
thlahlel	ADJ
thlahlela	ADJ
thlahlelin	NOUN
thlahlelte	NOUN
thlahleltu	VERB
thlahleltute	NOUN
thlahliam	NOUN
thlahna	ADJ
thlahnuai	ADJ
thlaho	NOUN
thlahote	NOUN
thlahpa	VERB
thlahpawlh	VERB
thlahpawlhtîr	NOUN
thlahpung	NOUN
thlahrâng	ADJ
thlahruite	NOUN
thlahsak	ADJ
thlahte	ADJ
thlahteah	ADJ
thlahteho	VERB
thlahten	ADJ
thlahthlam	ADJ
thlahthlama	NOUN
thlahthlamin	VERB
thlahthlamna	VERB
thlahtir	NOUN
thlahtîr	X
thlahtu	NOUN
thlahtua	NOUN
thlahtunu	NOUN
thlahtute	ADJ
thlahtuteho	NOUN
thlahtuten	VERB
thlahualna	NOUN
thlahzal	NOUN
thlai	NOUN
thlâi	NOUN
thlaiah	NOUN
thlaichhiah	NOUN
thlaichhiahna	NOUN
thlaichi	NOUN
thlaihnah	ADJ
thlaihring	NOUN
thlâin	NOUN
thlairah	NOUN
thlaite	ADJ
thlâite	VERB
thlaiten	VERB
thlak	VERB
thlak	ADV
thlâk	VERB
thlaka	ADJ
thlâka	VERB
thlakah	ADJ
thlakdanglam	ADJ
thlakduh	ADJ
thlakhat	ADJ
thlakhata	NOUN
thlakhatah	ADJ
thlâkhatna	ADJ
thlakhatnaa	ADJ
thlakhlelh	NOUN
thlâkhlelh	NOUN
thlâkhlelhnate	NOUN
thlaki	ADJ
thlakim	ADJ
thlakin	ADJ
thlâkin	ADJ
thlakipa	VERB
thlakipin	NOUN
thlâkleh	NOUN
thlakna	ADJ
thlâkna	ADJ
thlaknaa	VERB
thlaknaah	VERB
thlâkpui	VERB
thlaksak	VERB
thlâksak	VERB
thlâktheih	VERB
thlaktheng	VERB
thlakthleng	ADJ
thlâkthleng	NOUN
thlâkthlenga	VERB
thlakthlengna	VERB
thlaktir	VERB
thlaktîr	VERB
thlâktir	NOUN
thlâktîr	NOUN
thlâktîrna	NOUN
thlaktu	ADJ
thlâktu	NOUN
thlâktua	ADJ
thlaktute	NOUN
thlakzia	NOUN
thlalak	ADJ
thlalâk	ADJ
thlalaka	NOUN
thlalakah	NOUN
thlalakna	ADJ
thlalâkna	ADJ
thlalaknaa	NOUN
thlalakte	NOUN
thlalaktu	NOUN
thlalaktute	ADJ
thlalatu	ADJ
thlalatua	NOUN
thlalehah	NOUN
thlaler	ADJ
thlalêr	ADJ
thlalera	ADJ
thlalêra	ADJ
thlalerah	ADJ
thlalêrah	ADJ
thlalerahte	ADJ
thlalêrahte	ADJ
thlaleran	ADJ
thlalerin	ADJ
thlalerte	NOUN
thlalêrte	NOUN
thlam	ADJ
thlâm	ADJ
thlama	ADJ
thlamah	ADJ
thlamuan	ADJ
thlamuana	ADJ
thlamuanan	VERB
thlamuanawm	ADJ
thlamuang	ADJ
thlamuanga	ADJ
thlamuangah	ADJ
thlamuangin	NOUN
thlamuanin	ADJ
thlamuanna	NOUN
thlamuannain	NOUN
thlamuannate	VERB
thlamuannâte	ADJ
thlamuanpui	ADJ
thlamuanpuiin	ADJ
thlamuanthlak	NOUN
thlamuanthlâk	NOUN
thlamuantu	NOUN
thlamuantute	NOUN
thlan	VERB
thlân	VERB
thlana	ADJ
thlâna	ADJ
thlanah	ADJ
thlânah	ADJ
thlanahte	ADJ
thlânahte	VERB
thlanate	VERB
thla-nawi	ADJ
thla-nâwi	ADJ
thlanawm	VERB
thlanbikte	ADJ
thlanchhuah	ADJ
thlanchhuaha	NOUN
thlanchhuahah	ADJ
thlanchhuahna	NOUN
thlanchhuahte	ADJ
thlandaihna	VERB
thlanfel	VERB
thlang	NOUN
thlang	VERB
thlâng	NOUN
thlanga	VERB
thlangah	NOUN
thlangchhuak	NOUN
thlangchhuaktu	NOUN
thlangdar	NOUN
thlangho	ADJ
thlangin	ADJ
thlanglam	NOUN
thlanglamah	VERB
thlangra	ADJ
thlangrâin	NOUN
thlangte	NOUN
thlangtiang	NOUN
thlangtu	ADJ
thlangtute	VERB
thlânin	NOUN
thlan-lung	NOUN
thlàn-lung	NOUN
thlanmual	ADJ
thlânmual	ADJ
thlanmuala	ADJ
thlanmualah	ADJ
thlânmualah	NOUN
thlanmualte	ADJ
thlanna	NOUN
thlannaah	NOUN
thlanrawkpa	NOUN
thlanrawkpa	X
thlànrawkpa	X
thlansak	ADJ
thlansakin	ADJ
thlante	ADJ
thlânte	NOUN
thlanten	NOUN
thlanthla	NOUN
thlanthlâ	NOUN
thlanthla-man	VERB
thlan-ţhu	VERB
thlàn-ţhu	VERB
thlan-ţhut	VERB
thlàn-ţhut	NOUN
thlantlin	VERB
thlantui	NOUN
thlanvawng	VERB
thlanvawng	ADJ
thlanzia	ADJ
thlapa	ADJ
thlaphan	VERB
thlaphân	VERB
thlaphang	VERB
thlaphang	ADJ
thlaphâng	VERB
thlaphâng	ADJ
thlaphanga	ADJ
thlaphangin	NOUN
thlaphângin	NOUN
thlaphanna	NOUN
thlaphanna	ADJ
thlaphànna	NOUN
thlaphânna	ADJ
thlaphannain	VERB
thlaphânnain	VERB
thlaphanpui	VERB
thlaphànpui	VERB
thlaphanthlak	VERB
thlaphanthlâk	VERB
thlaphànthlak	ADJ
thlaphànthlâk	NOUN
thlaphânzia	ADJ
thla-phur	X
thlapin	ADJ
thlar	NOUN
thlar	VERB
thlâr	NOUN
thlâr	VERB
thlarau	NOUN
thlarau	X
thlarâu	NOUN
thlarauah	ADJ
thlarauahte	ADJ
thlarauin	NOUN
thlaraute	ADJ
thlarauva	ADJ
thlarauvah	ADJ
thlarauvin	ADJ
thlarâuvin	NOUN
thlaruk	ADJ
thlarukna	NOUN
thlasarih	ADJ
thla-serh	NOUN
thlasik	X
thlasika	NOUN
thlasikah	NOUN
thlate	ADJ
thlâte	ADJ
thlaten	ADJ
thlâten	ADJ
thlathar	ADJ
thlatharahte	ADJ
thlatin	ADJ
thlatina	ADJ
thlatinin	ADV
thlatir	NOUN
thlau	VERB
thla-uap	VERB
thla-uaptu	VERB
thlauh	NOUN
thlauh	ADV
thlauhna	VERB
thlauhthla	VERB
thlauhthlâ	VERB
thlauhthlak	NOUN
thlauhthlâk	NOUN
thlauhthlakna	ADJ
thlauhthlatu	ADJ
thlauthlâa	ADJ
thlauthlain	NOUN
thlauthlatua	ADJ
thlautu	ADJ
thlavang	VERB
thlavâng	VERB
thla-var	ADJ
thla-vâr	ADJ
thlaveng	NOUN
thlaveng	VERB
thlavêng	NOUN
thlavêng	VERB
thlawh	NOUN
thlawh	VERB
thlâwh	NOUN
thlawhah	X
thlawhbaw	X
thlawhbawk	NOUN
thlawhbawk	ADJ
thlawhbâwk	VERB
thlawhbua	NOUN
thlawhchhuah	NOUN
thlawhhlawh	NOUN
thlawhhma	NOUN
thlawhhma	X
thlawhhmâ	X
thlawhhmaa	ADJ
thlawhhmâa	ADJ
thlawhhmâah	ADJ
thlawhhmain	ADJ
thlawhhmate	ADJ
thlawhhmâte	ADJ
thlawhhniam	NOUN
thlawhin	NOUN
thlawhlai	NOUN
thlawhna	ADJ
thlawhnaa	ADJ
thlawhnaah	ADJ
thlawhnain	NOUN
thlawhnaina	ADJ
thlawhnate	ADJ
thlawhnaten	ADJ
thlawhpui	NOUN
thlawhpuia	NOUN
thlawhtheihna	NOUN
thlawhtheihnaa	ADJ
thlawhtheina	VERB
thlawhthla	NOUN
thlawhtir	VERB
thlawhtu	ADJ
thlawhzir	ADJ
thlawi	VERB
thlawi	ADV
thlâwi	VERB
thlawk	VERB
thlâwk	VERB
thlâwk	X
thlâwka	VERB
thlawkbo	VERB
thlâwkbo	VERB
thlawkchho	VERB
thlâwkchho	ADJ
thlawkchhuak	ADJ
thlawkin	ADJ
thlâwkin	ADJ
thlawkte	ADJ
thlâwkte	ADJ
thlâwkthei	ADJ
thlâwktheiten	ADJ
thlawn	VERB
thlawn	ADJ
thlàwn	ADJ
thlâwn	VERB
thlawna	ADJ
thlâwna	ADJ
thlawnin	ADJ
thlàwnin	ADJ
thlâwnin	NOUN
thlawnina	VERB
thlawnna	ADJ
thlawnsak	VERB
thlâwnvek	VERB
thlawp	VERB
thlawp	ADV
thlâwp	VERB
thlâwp	ADJ
thlawpin	NOUN
thlâwpin	NOUN
thlawpna	NOUN
thlawptu	NOUN
thlâwptu	ADJ
thlawptute	ADJ
thlawptuten	ADJ
thlawpzia	ADV
thlâwpzia	VERB
thlawr	NOUN
thlawr	VERB
thlawr-bel	ADV
thlawr-bêl	VERB
thlawrh	NOUN
thlawrh	ADV
thlawrna	ADJ
thlawt	ADV
thlâwt	ADV
thlazâp	ADJ
thlazar	ADJ
thlazâr	VERB
thlazarah	VERB
thle	VERB
thle	X
thlê	X
thleh	NOUN
thleh	VERB
thlehhniar	VERB
thlehlut	VERB
thlehtîr	VERB
thlei	VERB
thleibîk	NOUN
thleina	ADJ
thleithlak	ADJ
thleitute	ADJ
thlek	NOUN
thlek	VERB
thlek	ADJ
thlêk	NOUN
thlêk	ADV
thlêklam	VERB
thlekna	VERB
thleksan	VERB
thleksan	ADV
thlêksan	NOUN
thlektir	NOUN
thlekzia	VERB
thlêkzia	VERB
thlem	VERB
thlém	VERB
thlêm	VERB
thlema	ADJ
thlêma	ADJ
thlemin	NOUN
thlêmin	NOUN
thlemna	VERB
thlêmna	VERB
thlemnaa	ADJ
thlêmnaa	ADJ
thlemnaah	ADJ
thlêmnaah	VERB
thlêmsual	VERB
thlemthlak	VERB
thlemthlu	ADJ
thlêmthlu	ADJ
thlêmthlûk	NOUN
thlemthlukin	NOUN
thlemtu	NOUN
thlêmtu	VERB
thlemtuten	VERB
thlen	NOUN
thlen	VERB
thlena	ADJ
thlenaahte	NOUN
thlenah	NOUN
thleng	NOUN
thleng	VERB
thlèng	NOUN
thlêng	VERB
thlenga	ADJ
thlênga	ADJ
thlengah	ADJ
thlêngah	ADJ
thlêngahte	ADJ
thlengin	ADJ
thlêngin	NOUN
thlenglo	NOUN
thlengna	NOUN
thlengpa	NOUN
thlengpa	ADJ
thlèngpa	NOUN
thlengpalh	NOUN
thlengpui	VERB
thlengpui	X
thlèngpui	X
thlengreng	ADJ
thlengreng	ADV
thlèngreng	VERB
thlengrual	NOUN
thlengsak	NOUN
thlengte	VERB
thlêngte	NOUN
thlengtir	ADJ
thlengtu	NOUN
thlengtuah	ADJ
thlengtuho	NOUN
thlengtur	VERB
thlengtute	ADJ
thlengzui	NOUN
thlenhmun	NOUN
thlenin	VERB
thlen-in	VERB
thlenna	NOUN
thlennaa	NOUN
thlennate	VERB
thlenni	VERB
thlenpui	NOUN
thlensak	VERB
thlensaktu	VERB
thlente	VERB
thlenthei	VERB
thlentir	ADJ
thlentîr	NOUN
thlentîrin	NOUN
thlentirtu	ADJ
thlentu	NOUN
thlentuah	ADJ
thlentute	ADV
thlenzia	VERB
thlep	VERB
thlep	ADV
thler	NOUN
thler	VERB
thler	ADV
thlér	NOUN
thlér	VERB
thlêr	ADJ
thlêra	ADJ
thlerchhiat	ADV
thlêrh	ADJ
thlêrin	NOUN
thlêrsak	VERB
thlêrtu	NOUN
thlhr	NOUN
thli	NOUN
thli	VERB
thlí	VERB
thlî	NOUN
thlî	VERB
thlia	ADV
thliah	VERB
thliah	ADJ
thliah	ADV
thliaha	VERB
thliahin	NOUN
thliahsak	ADV
thliahte	ADV
thliak	VERB
thliak	ADV
thliâk	VERB
thliam	VERB
thliam	ADJ
thlianghlim	VERB
thliar	VERB
thliarhran	NOUN
thliarhranna	NOUN
thliarkar	NOUN
thliarkar	ADJ
thliarkâr	NOUN
thliarkâr	ADJ
thliarkara	X
thliarkâra	X
thliarkarah	ADJ
thliarkârah	ADJ
thliarkarahte	NOUN
thliarkârahte	NOUN
thliarkarte	ADJ
thliarkârte	NOUN
thliarkârten	VERB
thliarna	ADV
thliarsak	VERB
thlichhe	NOUN
thlichhia	VERB
thlichhia	ADJ
thlichhiain	NOUN
thli-dai	NOUN
thli-dal	NOUN
thli-dàl	NOUN
thlidal-bang	VERB
thlidàl-bang	ADJ
thlifai	NOUN
thlifaia	NOUN
thlifim	VERB
thlifim	ADJ
thlifim	ADV
thlifîm	VERB
thlifîm	ADJ
thli-huai	ADJ
thli-huâi	ADJ
thliin	ADJ
thlîin	VERB
thliina	NOUN
thlikthli	NOUN
thlikthli-dir	NOUN
thlikthli-dîr	NOUN
thlikthli-ek-bawm	NOUN
thlikthli-ek-bàwm	NOUN
thlikthli-êk-bawm	NOUN
thlikthli-êk-bàwm	NOUN
thlikua	NOUN
thlilet	VERB
thlilêt	VERB
thlim	NOUN
thling	NOUN
thling	ADJ
thlîng	NOUN
thlinga	NOUN
thlîngte	ADJ
thlingthawnna	NOUN
thlip	NOUN
thlipui	NOUN
thlipui	ADJ
thlîpui	ADJ
thlipuiah	ADJ
thlipuiin	VERB
thlipuite	VERB
thlir	VERB
thlír	VERB
thlìr	VERB
thlîr	VERB
thlira	ADJ
thlîra	VERB
thlirdan	ADJ
thlirho	ADJ
thlirin	VERB
thlîrin	VERB
thlirkual	NOUN
thlirlawk	VERB
thlirlawkna	ADJ
thlirlet	NOUN
thlirletin	NOUN
thlirletna	NOUN
thlirna	VERB
thlîrna	NOUN
thlirpui	NOUN
thlirtu	NOUN
thlîrtu	NOUN
thlirtute	ADJ
thlîrtute	NOUN
thlirtuten	VERB
thlirvelna	VERB
thlit	VERB
thlite	VERB
thlîte	VERB
thlitfâi	NOUN
thlitfîm	VERB
thlitfîmna	VERB
thlithlai	VERB
thlithlâi	VERB
thlîthlai	VERB
thlîthlai	ADJ
thlîthlâi	NOUN
thlîthlâi	VERB
thlithlaiin	NOUN
thlithlaina	NOUN
thlithlaitu	NOUN
thlithlaitute	NOUN
thlitna	ADJ
thli-up	NOUN
thli-ûp	VERB
thlivir	VERB
thlo	NOUN
thlo	VERB
thloh	X
thlu	VERB
thlu	ADV
thlu	X
thlù	VERB
thlû	ADV
thlû	X
thlûa	ADV
thluah	ADJ
thluah	ADV
thluahmai	ADV
thluahna	ADV
thluai	VERB
thluaithlum	ADV
thluai-thlum	ADV
thluak	NOUN
thluak	ADJ
thluâk	NOUN
thluâk	ADJ
thluaka	ADV
thluakah	VERB
thluan	NOUN
thluan	VERB
thluang	ADJ
thluang	ADV
thluanga	ADJ
thluanna	ADV
thluk	NOUN
thluk	VERB
thluk	ADJ
thlúk	ADJ
thlûk	NOUN
thlûk	VERB
thluka	ADJ
thlûka	ADJ
thlukin	NOUN
thlûkin	NOUN
thlukna	VERB
thlûkna	VERB
thlukpui	VERB
thluksak	ADJ
thlûksak	NOUN
thluksei	NOUN
thluksei	ADJ
thlûksei	NOUN
thlukte	X
thlukvum	VERB
thlukvum	X
thlum	VERB
thlum	ADV
thlûm	VERB
thluma	ADJ
thlum-al	ADJ
thlumchi	NOUN
thlumin	VERB
thlumna	VERB
thlum-pual	ADJ
thlum-sek	VERB
thlumzia	VERB
thlun	VERB
thlun	ADJ
thluna	VERB
thlung	NOUN
thlung	X
thlungin	X
thlung-lu	X
thlungluin	NOUN
thlunglûin	NOUN
thlungtu	ADJ
thlungtute	NOUN
thlunin	NOUN
thlunna	VERB
thlunnate	ADJ
thlunpui	NOUN
thlunpuiin	VERB
thlunpuina	NOUN
thlunsak	VERB
thlunte	VERB
thluntir	VERB
thluntîr	ADJ
thlunzawm	NOUN
thlunzawmlote	NOUN
thlunzawmna	ADV
thlunzawmtu	ADV
thlup	ADJ
thlup	ADV
thlur	NOUN
thlur	VERB
thlur	ADJ
thlur	ADV
thlûr	NOUN
thlûr	VERB
thlûr	ADJ
thlura	VERB
thlûra	ADV
thlurbing	ADV
thlurh	VERB
thlurn	NOUN
thlurte	ADV
thlûrte	NOUN
tho	VERB
thoa	VERB
tho-a	ADJ
tho-â	NOUN
thochhuakin	NOUN
thochim	VERB
thochîm	VERB
thoh	VERB
ṭhoh	ADV
țhoh	VERB
tho-kang	VERB
tho-kang	ADJ
tho-káng	VERB
tho-káng	ADJ
tholeh	ADJ
tholeha	NOUN
tholehte	VERB
tho-mit-chhaih	VERB
thopa-zuan	VERB
thopa-zuàn	X
tho-phang	X
thophurh	NOUN
tho-sakei	NOUN
tho-sawi	ADJ
thosi	VERB
thosi	ADJ
thosiah	NOUN
thosiin	NOUN
tho-silai	NOUN
thosilen	NOUN
thosilen	ADJ
thosilèn	NOUN
thote	VERB
thothang	VERB
tho-tle	NOUN
tho-tlê	X
tho-tuai	X
thova	ADJ
thovang	ADV
thovin	ADV
thu	VERB
thu	ADV
thû	VERB
ṭhu	NOUN
ṭhu	VERB
țhu	NOUN
țhu	VERB
thua	ADJ
thûa	ADJ
ṭhua	ADJ
ṭhûa	ADJ
țhua	ADJ
thuah	NOUN
thuah	ADJ
thuah	ADV
thûah	ADV
ṭhuah	VERB
ṭhuah	ADV
țhuah	VERB
thuaha	NOUN
thuahfai	X
thuahhma	X
thuahhna	NOUN
thuahin	NOUN
thuahna	NOUN
thuahna	ADJ
thuahriat	NOUN
thuahriat	VERB
thuahthip	ADJ
thuahtir	ADV
thuai	VERB
thuai	ADV
ṭhuai	NOUN
ṭhuai	VERB
țhuai	NOUN
țhuai	VERB
thuaia	NOUN
thuai-buk	NOUN
thuai-bûk	NOUN
ṭhuai-buk	NOUN
ṭhuai-bûk	NOUN
țhuai-buk	ADJ
țhuai-bûk	NOUN
thuaiin	ADJ
thuaina	ADV
thuak	ADV
thuák	ADV
thuâk	ADV
thuakna	ADV
thuakte	NOUN
thual	NOUN
thual	VERB
thual	ADV
thualthu	NOUN
ṭhualṭhu	ADJ
țhualțhu	NOUN
thuam	NOUN
thuam	VERB
ṭhuam	NOUN
ṭhuam	VERB
țhuam	NOUN
țhuam	VERB
thuama	ADJ
ṭhuama	NOUN
thuamah	NOUN
thuamahte	VERB
ṭhuamahte	ADJ
thuamchak	NOUN
thuamchakin	NOUN
thuamhaw	NOUN
thuamhnaw	NOUN
thuamhnaw	ADJ
thuamhnâw	ADJ
thuamhnawte	ADJ
thuamhnâwte	NOUN
thuamin	ADJ
thuamna	NOUN
thuamnate	NOUN
thuampui	NOUN
thuampui	PRON
ṭhuampui	NOUN
ṭhuampui	PRON
thuamriat	ADJ
ṭhuamriat	NOUN
thuamte	NOUN
thuamtha	VERB
thuamṭha	ADJ
thuamthat	NOUN
thuamthena	NOUN
thuam-thil	VERB
thuamtu	ADJ
thuan	VERB
thuanawp	VERB
ṭhuanawp	ADJ
țhuanawp	NOUN
thuang	NOUN
ṭhuang	ADJ
țhuang	NOUN
thuanga	NOUN
thuangruah	NOUN
ṭhuangruah	NOUN
țhuangruah	NOUN
thuangvuak	NOUN
thuangvuak	ADJ
ṭhuangvuak	NOUN
ṭhuangvuak	ADJ
țhuangvuak	NOUN
thuap	ADJ
thuap	ADV
ṭhuap	ADV
țhuap	ADV
thuapna	ADJ
ṭhuaptu	NOUN
thuar	VERB
thuar	ADJ
thuara	ADJ
thuawi	ADJ
thuawih	VERB
thu-awih	VERB
thuâwih	VERB
thu-âwih	VERB
thú-awih	ADJ
thú-âwih	NOUN
thuawihin	ADJ
thuawihlohna	NOUN
thuâwihloten	NOUN
thuawihna	NOUN
thuâwihna	NOUN
thûâwihna	NOUN
thuawmhnaw	VERB
thubelh	ADJ
thubelhchian	VERB
thuber	VERB
thubruk	ADJ
thubrûk	NOUN
thubuai	ADJ
thubuai	X
thubuaia	NOUN
thubuaiah	NOUN
thubuaite	NOUN
thuchah	NOUN
thuchah	VERB
thuchah	ADJ
thûchah	ADJ
thuchahah	NOUN
thuchahte	NOUN
thuchang	NOUN
thucháng	NOUN
thuchei	NOUN
thuchhia	NOUN
thuchhia	ADV
thuchhiatna	ADJ
thuchhuah	ADJ
thuchhuaha	ADJ
thuchhuahah	ADJ
thuchhuahin	NOUN
thuchhuahtu	NOUN
thuchhuak	NOUN
ṭhuchhuak	ADJ
thuchiang	NOUN
thuchuahin	NOUN
thudang	NOUN
thudawn	ADJ
thu-dawn	NOUN
thu-dâwn	NOUN
thudawnna	ADJ
thudawnnain	ADJ
thudik	NOUN
thudik	ADJ
thûdik	ADJ
thudiklo	NOUN
thudikte	VERB
thuduhsam	VERB
thuduhsam	ADJ
thufah	NOUN
thufing	ADJ
thufingin	ADJ
thufingte	ADJ
thufun	NOUN
thuhar	NOUN
thu-hla	NOUN
thuhma	NOUN
thuhmahruai	NOUN
thuhmahruaia	NOUN
thuhmahruaiah	VERB
thuhmun	ADJ
thuhmuna	ADJ
thuhmunah	NOUN
thuhnu	X
thuhnuai	ADJ
thuhnuaia	ADJ
thuhnuaiah	VERB
thuhnuairawlh	ADJ
thuhnuairawlh	ADV
thuhnudawn	ADJ
thuho	ADJ
ṭhuho	ADJ
thuhote	NOUN
thuhran	NOUN
thuhrethu	NOUN
thuhretu	ADJ
thuhretua	ADJ
thuhretûah	ADJ
thuhretute	ADJ
thuhriat	VERB
thuhriatpuitu	VERB
thuhriattir	NOUN
thuhriattîr	NOUN
thuhriattirna	ADJ
thuhriattîrna	ADJ
thuhriattirnaa	ADJ
thuhriattirte	VERB
thuhriattîrte	ADJ
thuhril	ADJ
thuhrila	NOUN
thuhrilah	NOUN
thuhrilhte	ADJ
thuhrilhtu	NOUN
thuhrilin	NOUN
thuhrilna	ADJ
thuhriltu	NOUN
thuhriltuah	NOUN
thuhriltute	NOUN
thuhruk	VERB
thuhruk	ADJ
thuhrûk	VERB
thuhrûk	ADJ
thuhruka	ADJ
thuhrûka	ADJ
thuhrukin	NOUN
thuhrûkin	NOUN
thuhrukna	NOUN
thuhrûkna	NOUN
thuhrukte	VERB
thuhrûkte	ADJ
thuhrûktîr	ADJ
thui	NOUN
thui	VERB
ṭhui	NOUN
ṭhui	VERB
țhui	NOUN
țhui	VERB
thuia	NOUN
thui-awp	NOUN
ṭhui-awp	NOUN
țhui-awp	NOUN
thuihhruai	NOUN
thuihhruaite	NOUN
thuihruai	NOUN
ṭhuihruai	NOUN
țhuihruai	NOUN
ṭhuihruaiho	NOUN
thuihruaihote	NOUN
thuihruaite	NOUN
ṭhuihruaite	ADJ
țhuihruaite	ADJ
thuihruaiten	ADJ
ṭhuihruaiten	VERB
thuiin	VERB
ṭhuikawp	VERB
thuikhawm	ADJ
ṭhuikhâwm	ADJ
ṭhuilohkawr	ADJ
thuimawite	ADJ
ṭhuimawite	ADJ
țhuimawite	ADJ
thuin	NOUN
thuin	ADJ
thûin	ADJ
ṭhuin	ADV
ṭhûin	NOUN
thuina	NOUN
ṭhuina	NOUN
thu-inchuh	VERB
thu-inzawmna	VERB
thuisak	NOUN
ṭhuisak	NOUN
thuitirtute	NOUN
ṭhuitute	VERB
țhuitute	ADJ
ṭhuizawm	ADJ
thuizawng	ADJ
thuizia	ADJ
thuk	NOUN
thuk	ADJ
thùk	ADJ
thûk	VERB
thûk	ADJ
thuka	ADJ
thûka	ADJ
thukah	ADJ
thûkah	NOUN
thukduk	NOUN
thuk-dur	NOUN
thuk-dûr	NOUN
thu-kha	ADJ
thu-khâ	ADV
thukhat	ADJ
thukhatvuaa	ADJ
thukhawchang	NOUN
thukhawchang	VERB
thukhawcháng	VERB
thukhawchâng	NOUN
thukhawm	ADJ
ṭhukhâwm	ADJ
thukhawma	ADJ
thukhawmin	ADJ
thukhirh	VERB
thukhuh	NOUN
thukhuh	VERB
thukhuhna	VERB
thu-kim-kual	VERB
ṭhu-kim-kual	ADV
țhu-kim-kual	ADV
thu-kim-kualin	ADV
ṭhu-kim-kualin	VERB
țhu-kim-kualin	ADJ
țhu-kim-țhut	ADJ
thukin	NOUN
thûkin	NOUN
thukna	VERB
thûkna	VERB
thukpen	VERB
thukpèn	ADJ
thukru	NOUN
thukru	VERB
thukruin	NOUN
thukte	ADJ
thûkte	NOUN
thukthai	VERB
thukthai	ADJ
thukthawlh	NOUN
thukthawlh	ADJ
thukzia	ADV
thûkzia	ADV
thul	NOUN
thul	VERB
thul	ADV
thûl	NOUN
thûl	VERB
ṭhul	NOUN
țhul	NOUN
thulai	NOUN
thulâk	VERB
thulâkna	VERB
thulh	VERB
ţhulh	VERB
ṭhulh	VERB
țhulh	VERB
thulha	ADJ
thulhah	VERB
thulhin	VERB
thulhleh	VERB
thulhpui	ADJ
thulhtir	ADJ
thulhtirin	ADJ
ṭhulhtîrin	VERB
thulhtirte	VERB
thul-khung	VERB
thûl-khung	VERB
thul-tho	ADJ
thûl-tho	ADJ
thum	VERB
thum	ADV
thûm	VERB
thûm	ADJ
thûm	ADV
ṭhum	VERB
ṭhum	ADJ
ṭhum	ADV
ṭhùm	ADJ
ṭhûm	VERB
ṭhûm	ADJ
ṭhûm	ADV
țhum	ADJ
țhum	ADV
țhum	NUM
țhûm	VERB
țhûm	ADV
thuma	ADJ
thumah	NOUN
thûmah	ADJ
thumala	NOUN
thumalte	NOUN
thumbawh	NOUN
thumei	NOUN
thu-meisei	NOUN
ṭhu-meisei	NOUN
țhu-meisei	NOUN
thumi	NOUN
ṭhumi	ADJ
țhumi	ADJ
thumin	NOUN
thumli	NOUN
thumna	ADJ
thumnaa	ADJ
thumnaah	ADJ
thumnate	ADJ
thumte	NOUN
thumten	VERB
thu-mu-hnu	VERB
thumvawr	VERB
thumvâwr	VERB
ṭhumvawr	VERB
ṭhumvâwr	VERB
țhumvawr	VERB
țhumvawr	ADJ
țhumvâwr	ADJ
thumvawra	ADV
ṭhumvâwra	ADV
ṭhum-vawrhin	ADJ
țhum-vawrhin	ADJ
thumvawrin	ADJ
thumvâwrin	NOUN
ṭhumvâwrin	NOUN
thumvawrna	VERB
ṭhumvawrna	VERB
thun	NOUN
thun	ADJ
thuna	NOUN
thunawn	ADJ
thunâwn	VERB
thunei	NOUN
thunei	ADJ
thuneia	ADJ
thuneih	NOUN
thuneihna	NOUN
thuneihna	VERB
thûneihna	VERB
thuneihnaa	ADJ
thuneihnaah	ADJ
thuneihnain	NOUN
thuneihnate	ADJ
thuneihtu	NOUN
thuneihtuten	NOUN
thuneitu	ADJ
thuneitua	ADJ
thuneitûa	NOUN
thuneitûah	ADJ
thuneitute	ADJ
thuneituten	ADV
thung	ADJ
thungah	VERB
thungin	VERB
thungrul	VERB
thungrul	ADJ
thungrûl	VERB
thungrula	VERB
thungrulh	NOUN
thungrulh	VERB
thungrûlh	NOUN
thungrulhna	ADJ
thungrulhnain	NOUN
thungrûlin	NOUN
thungrultu	VERB
thungrûltu	VERB
thunkhah	NOUN
thunluh	NOUN
thunna	VERB
thunnate	VERB
thunsak	VERB
thunun	NOUN
thunun	ADJ
thununa	NOUN
thununin	NOUN
thununna	ADJ
thununnaah	NOUN
thununte	NOUN
thununtu	NOUN
thun-ut	ADJ
thun-ût	ADJ
thup	VERB
ţhup	ADJ
ṭhup	ADJ
țhup	VERB
ṭhupa	NOUN
thupawi	VERB
thu-pawi	VERB
thupawia	VERB
thupe	NOUN
thupeh	NOUN
thupehhel	NOUN
thupehhêl	NOUN
thupek	NOUN
thupek	ADJ
thupêk	NOUN
thupêk	VERB
thupêk	ADJ
thûpêk	VERB
thupeka	ADJ
thupêka	ADJ
thupekah	ADJ
thupêkah	ADJ
thupêkahte	ADJ
thupekin	ADJ
thupêkin	ADJ
thupekina	ADJ
thupekna	NOUN
thupekte	NOUN
thupêkte	NOUN
thupête	ADJ
thupetu	NOUN
thupha	VERB
thuphâ	NOUN
thuphah	ADJ
thu-phat	NOUN
thuphuah	NOUN
thuphung	VERB
thu-phung	ADJ
thuphunga	ADV
thuphungin	ADJ
thupin	NOUN
ṭhupin	VERB
thupna	VERB
thupru	VERB
thupruk	VERB
thuprûk	VERB
thupsak	NOUN
thupsan	NOUN
thuptu	NOUN
thuptute	ADJ
thupuan	VERB
thupuanah	ADJ
thupuanchhuah	NOUN
thupuanchhuaha	NOUN
thupuangtu	ADJ
thupuante	NOUN
thupui	ADJ
thupui	X
thupuia	ADJ
thupuiah	ADJ
thupuifun	ADJ
thupuite	ADJ
thur	VERB
thur	ADJ
thur	ADV
thúr	ADJ
thûr	VERB
thûr	ADJ
thûr	ADV
thura	ADJ
thûra	ADJ
thurah	NOUN
thûrah	NOUN
thu-ralkah	NOUN
thurawn	NOUN
thuràwn	NOUN
thurâwn	VERB
thûrâwn	VERB
thurawnte	NOUN
thurâwntu	NOUN
thurâwntute	NOUN
thurawt	NOUN
thurel	NOUN
thurêl	NOUN
thurelte	NOUN
thurêlte	NOUN
thurem	ADJ
thuremna	ADJ
thuremnaa	NOUN
thuremnaah	ADJ
thuremtu	NOUN
thuril	NOUN
thurin	NOUN
thurin	ADJ
thûrin	ADJ
thurina	ADJ
thurinah	ADJ
thurinin	NOUN
thurinpui	NOUN
thurinte	NOUN
thuro	NOUN
thuro	VERB
ṭhuro	NOUN
țhuro	NOUN
thurochhiah	NOUN
thurochhiah	VERB
thurochhiahin	VERB
thurochhiahte	NOUN
thuroh	NOUN
thuroh	X
thurohim	NOUN
thurolum	NOUN
thurote	NOUN
thurpui	NOUN
thùrpui	NOUN
thursuak	NOUN
thûrsuak	VERB
thûrte	VERB
thurual	ADJ
thurual	ADV
thuruala	ADJ
thurualin	NOUN
thurualin	VERB
thurualpui	NOUN
thurualpui	VERB
thurualpuite	NOUN
thurualpuitu	NOUN
thuruat	NOUN
thuruat	ADJ
thuruatahte	NOUN
thuruatho	NOUN
thuruatna	NOUN
thuruatte	NOUN
thuruk	NOUN
thuruk	X
thurûk	NOUN
thurûk	X
thurukin	NOUN
thurûkin	NOUN
thurukte	NOUN
thurûkte	NOUN
thusawi	VERB
thusawi	X
thusawia	ADJ
thusawiah	NOUN
thusawiin	NOUN
thusawina	NOUN
thusawite	NOUN
thusawitu	NOUN
thusawitute	VERB
thusawmpek	VERB
thu-sawp	VERB
ṭhu-sawp	VERB
țhu-sawp	VERB
thu-sual	VERB
ṭhu-sual	ADJ
țhu-sual	ADV
thut	VERB
ṭhut	VERB
ṭhuṭ	VERB
ṭhût	VERB
țhut	VERB
thutah	NOUN
thutak	NOUN
thutak	ADJ
thutaka	ADJ
thutakah	ADJ
thutakin	NOUN
thutakina	NOUN
thutakna	ADJ
thutawp	ADJ
ṭhutchhan	VERB
ṭhutchhana	VERB
thutchhumbung	VERB
thutchilh	NOUN
thut-chilh	VERB
ṭhutchilh	NOUN
ṭhut-chilh	VERB
țhut-chilh	VERB
thûte	ADJ
ṭhûte	ADJ
thutea	ADJ
thutein	NOUN
thuten	NOUN
thuthang	VERB
thuthang	ADJ
thuthangah	ADJ
thuthangin	ADJ
thuthangte	NOUN
thuthar	VERB
thuthawn	ADJ
thutheh	ADJ
thuthiam	VERB
thuthiamah	VERB
thuthluang	VERB
thuthlun	VERB
thuthluna	NOUN
thuthlunan	VERB
thuthlung	VERB
thuthlunga	VERB
thuthlungah	VERB
thuthlungin	NOUN
thuthlungte	NOUN
thuthlunna	NOUN
thuthlunnaah	ADJ
thuthmun	ADJ
ṭhuthmun	ADJ
ṭhuthmunah	ADJ
țhuthmunah	ADJ
ṭhuthnan	ADJ
ṭhutho	ADJ
thuthovin	NOUN
thutiam	VERB
thutiama	ADJ
thutiamah	NOUN
thutiamin	NOUN
thutiamkamna	NOUN
thutiamna	ADJ
thutiamte	NOUN
thutiamteah	ADJ
thutiamtu	ADJ
thutin	VERB
ṭhutin	ADJ
thutkhawm	ADJ
thutkhawma	ADJ
thutkhawmah	ADJ
thutkhawmin	VERB
thutkhawmnaah	ADJ
thutkhawmpui	VERB
thutkhawmpuiin	VERB
thut-kum-kual	VERB
ṭhut-kum-kual	VERB
țhut-kum-kual	ADJ
țhut-kum-țhu	ADJ
thutlaiin	VERB
thutlingah	VERB
thutluk	ADJ
thutlûk	NOUN
thutlukan	NOUN
thutlukna	ADJ
thutlûkna	NOUN
thutluknaah	NOUN
thutlung	NOUN
thutmutna	NOUN
ṭhutmutna	NOUN
thutna	NOUN
thutna	ADJ
ṭhutna	NOUN
ṭhutna	ADJ
țhutna	NOUN
thutnaa	ADJ
ṭhutnaa	ADJ
thutnaah	ADJ
ṭhutnaah	NOUN
țhutnaah	NOUN
thutnate	NOUN
thutphah	NOUN
ṭhutphah	NOUN
țhutphah	NOUN
thutphaha	ADJ
ṭhutphaha	ADJ
thutphahah	ADJ
ṭhutphahah	NOUN
țhutphahah	NOUN
thutphahte	NOUN
ṭhutphahte	NOUN
thutpui	NOUN
ṭhutpui	NOUN
ṭhutpui	VERB
țhutpui	VERB
thutte	NOUN
thutthleng	NOUN
thutthlêng	NOUN
ṭhutthleng	NOUN
ṭhutthlêng	ADJ
țhutthleng	ADJ
thutthlenga	ADJ
ṭhutthlenga	ADJ
ṭhutthlênga	ADJ
țhutthlenga	ADJ
thutthlengah	ADJ
ṭhutthlengah	ADJ
ṭhutthlêngah	NOUN
ṭhutthlêngin	NOUN
thutthlengsei	NOUN
thutthlengte	NOUN
ṭhutthlengte	VERB
thutthlungte	VERB
thuttir	VERB
ṭhuttir	VERB
ṭhuttir	ADJ
ṭhuttîr	NOUN
țhuttir	VERB
ṭhuttîra	NOUN
thuttirtu	VERB
thuttu	VERB
thut-tun	VERB
țhut-tun	VERB
thu-tung	ADJ
țhu-tung	NOUN
thu-un	NOUN
thuva	NOUN
ṭhuvâ	NOUN
ṭhûvâ	NOUN
thuvawn	VERB
thuvawn	ADJ
thuvawna	NOUN
thuzawm	VERB
thuzawmna	NOUN
thuzep	NOUN
thuziah	ADJ
thuziak	ADJ
thuziaka	ADJ
thuziakah	NOUN
thuziakin	ADJ
thuziakna	NOUN
thuziakte	ADJ
thuziaktu	ADJ
thuziaktuin	NOUN
thuziaktute	ADP
ti	VERB
ṭi	ADJ
ți	VERB
tia	NOUN
tia	VERB
tiah	VERB
tiah	ADJ
ṭiah	VERB
ṭiah	ADV
țiah	VERB
țiah	ADV
tiahna	VERB
ṭiahtîr	VERB
tiak	VERB
ṭiak	VERB
ṭiak	ADJ
țiak	VERB
țiak	ADJ
tiaka	ADJ
ṭiaka	NOUN
tiakin	ADJ
tiakna	ADJ
tiakte	ADJ
tial	NOUN
tial	ADJ
ti-al	VERB
ṭial	NOUN
ṭial	VERB
ṭial	ADJ
țial	NOUN
țial	VERB
țial	ADJ
tiala	ADJ
ṭiala	ADJ
tialah	VERB
tialan	VERB
tialh	ADJ
tialhtu	ADJ
tialin	ADJ
ṭialte	VERB
tialvawm	VERB
tial-vawm	VERB
ṭialvawm	VERB
ṭial-vawm	VERB
țialvawm	ADV
țial-vawm	ADV
tiam	NOUN
tiam	VERB
tiam	ADV
tìam	NOUN
ṭiam	NOUN
țiam	VERB
tiama	ADJ
tiamah	ADJ
tiamchin	VERB
tiamin	VERB
tiamkam	NOUN
tiamkam	ADJ
tiamkamin	NOUN
tiamkamna	NOUN
tiamkamtu	ADJ
tiamna	NOUN
tiamnain	VERB
tiampuite	NOUN
tiamsak	NOUN
tiamte	VERB
tiamthu	VERB
tiamtir	VERB
tiamtir	ADJ
tiamtîr	NOUN
tiamtira	ADJ
tiamtu	NOUN
tiamzia	VERB
tian	NOUN
tian	VERB
tiang	VERB
tiang	PART
tianga	ADJ
tiangah	ADJ
tiangahte	ADJ
tiangin	NOUN
tiangkawm	NOUN
tiangkengtu	VERB
tiangkengtute	ADJ
tiangkhawm	NOUN
tiangphek	ADJ
tiang-sir	NOUN
tiangte	NOUN
tiangthir	ADJ
tiangthir	ADV
tiangthîr	VERB
tiangvai	VERB
tiapui	ADV
tia-pui	NOUN
tiar	NOUN
tiar	VERB
tiar	ADV
tiarh	ADJ
tiarrep	NOUN
tiarrep	VERB
tiat	VERB
ti-at	ADJ
ti-ât	VERB
tiata	ADJ
tiatin	NOUN
tiatpui	NOUN
tiat-pui	ADJ
tiatve	ADJ
tiau	NOUN
tiau	VERB
ṭiau	NOUN
țiau	NOUN
țiau	VERB
ṭiauah	NOUN
țiauah	NOUN
tiauchhum	NOUN
ṭiauchhum	NOUN
ṭiauchhûm	NOUN
țiauchhum	ADJ
țiauchhûm	NOUN
tiauchhuma	NOUN
tiaudup	NOUN
tiau-dup	NOUN
ṭiau-dup	NOUN
țiau-dup	NOUN
tiau-hmi	NOUN
ṭiau-hmi	NOUN
țiau-hmi	NOUN
tiaulung	NOUN
tiau-lung	NOUN
ṭiaulung	NOUN
ṭiau-lung	NOUN
țiau-lung	NOUN
tiauna	NOUN
ṭiauna	NOUN
țiauna	NOUN
tiaunate	NOUN
tiaupho	NOUN
ṭiaupho	NOUN
ṭiaupho	ADJ
țiaupho	NOUN
țiaupho	ADJ
tiauphovah	VERB
ṭiauphovah	VERB
tiau-san	VERB
ṭiau-san	NOUN
țiau-san	NOUN
ṭiaute	ADJ
țiaute	ADJ
tiauva	ADJ
ṭiauva	ADJ
țiauva	ADJ
ṭiauvah	NOUN
țiauvah	NOUN
ṭiauvaivut	NOUN
tiauvut	ADJ
tiau-vut	NOUN
ṭiauvut	ADJ
ṭiau-vut	NOUN
țiau-vut	NOUN
ṭiauvutah	ADJ
tiavai	ADJ
ṭiavai	NOUN
țiavai	VERB
tia-ve	VERB
ti-awh	VERB
tiawi	VERB
tiâwi	VERB
ti-awk	VERB
tiawl	VERB
ti-awl	VERB
ti-âwl	VERB
ti-awla	VERB
ti-âwla	ADV
tiawlsam	ADV
ti-awn	VERB
ti-âwn	VERB
tiawng	VERB
ti-awng	VERB
ti-awp	VERB
tibahhlah	VERB
tibahlah	NOUN
tibahlah	ADJ
tibahlahlo	VERB
tibahlahtu	VERB
tibak	VERB
tibal	NOUN
tibal	ADJ
tibaltu	ADJ
tibang	VERB
tibang	X
tibâng	NOUN
tibâng	VERB
tibangtu	VERB
tibaw	VERB
tibawhrbang	ADJ
tibawhrbâng	VERB
tibawl	NOUN
tibawlhhlawh	VERB
tibawlhhlawhtu	VERB
tibawlhlawh	VERB
tibawraw	VERB
tibawrhbang	VERB
tibawrhbang	ADJ
tibawrhbâng	VERB
tibawrhbâng	ADJ
tibawrhbanga	ADJ
tibawrhbangin	NOUN
tibawrhbângin	VERB
tibawrhbângtu	VERB
tibeh	VERB
tibei	VERB
tibeidawng	VERB
tibeidawngtu	VERB
tibelhbawm	VERB
tibelkang	VERB
tibelkâng	VERB
tibengchhet	VERB
tibengngawng	VERB
tibengthlep	VERB
tibengvar	VERB
tiberh	VERB
tibet	VERB
tibial	VERB
ti-bial	VERB
tibialbual	VERB
tibianbuang	VERB
tibiangbuang	NOUN
tibik	NOUN
tibikimtu	VERB
tibîkimtu	VERB
tibil	VERB
tibing	VERB
tibingbilet	VERB
tibit	VERB
tibo	VERB
tiboral	ADJ
tiborala	NOUN
tiboralin	NOUN
tiboraltu	NOUN
tiboraltua	ADJ
tiboraltûa	NOUN
tiboraltuin	VERB
tiboraltute	VERB
tibosak	VERB
tibovin	VERB
tib-pamhmai	VERB
tibua	VERB
tibuai	VERB
tibuai	ADJ
tibuaiin	ADJ
tibuaitu	NOUN
tibuaituah	ADJ
tibuaitute	VERB
tibuaizia	VERB
tibuangbar	ADJ
tibuangbâr	VERB
tibuarchuar	VERB
tibuk	VERB
tibul	VERB
tibung	VERB
tichak	VERB
tichak	ADJ
tichâk	ADJ
tichaka	VERB
tichakin	NOUN
tichaklo	ADJ
tichaktu	NOUN
tichaktuah	VERB
tichaktute	VERB
ticham	VERB
tichan	VERB
tichân	VERB
tichang	VERB
tichangkang	VERB
tichangkang	ADJ
tichangtlung	VERB
tichangtlungin	VERB
tichar	VERB
ti-char	VERB
tichâr	VERB
tichat	VERB
tichât	VERB
tichatin	VERB
tichau	VERB
tichau	X
tichâu	VERB
tichauh	VERB
tichavai	VERB
tichawl	VERB
tichâwl	VERB
tichawlawl	VERB
tichawmawlh	VERB
tichawp	VERB
tiche	VERB
tichep	VERB
tichêp	VERB
ticher	VERB
tichereu	VERB
tichereu/tichereu	VERB
tichhah	VERB
tichhe	VERB
tichhel	VERB
tichhelin	VERB
tichhelo	VERB
tichher	VERB
tichhet	VERB
tichhetu	ADJ
tichhetuah	ADJ
tichhetuin	ADJ
tichhetute	VERB
tichhetuteho	VERB
tichhhuah	VERB
tichhia	ADJ
tichhiaa	ADJ
tichhiaah	VERB
tichhiain	VERB
tichhiat	VERB
tichhin	VERB
tichhing	VERB
tichho	VERB
tichhuah	VERB
tichhuak	VERB
tichhuak	ADJ
ti-chhuak	ADJ
tichhuaka	NOUN
tichhuakin	NOUN
tichhuaktu	ADJ
tichhuaktûa	ADJ
tichhuaktuah	VERB
tichhuaktuin	VERB
tichhuakvek	VERB
tichhuan	VERB
tichhum	VERB
tichiai	VERB
tichi-ai	VERB
tichiâi	VERB
tichi-âi	VERB
tichî-ai	VERB
tichî-âi	VERB
tichiaiin	VERB
tichiain	VERB
tichiam	VERB
tichiang	NOUN
tichianglo	ADJ
tichiangtu	VERB
tichiangtuah	VERB
tichiau-riau	VERB
tichichawm	VERB
ti-chihnih	VERB
tichik	VERB
tichim	VERB
tichimin	NOUN
tichimit	VERB
tichimittu	VERB
tiching	VERB
tichingchivet	VERB
tichingpen	VERB
tichingpena	VERB
tichingpenah	VERB
tichinhnih	VERB
tichip	VERB
tichîp	VERB
tichipchiar	CCONJ
tichuan	CCONJ
tichuana	CCONJ
tichuang	VERB
tichuanin	VERB
tichul	VERB
tichum	VERB
tida	VERB
tidai	VERB
tidâi	VERB
tidaia	VERB
tidal	VERB
tidala	VERB
tidam	NOUN
tidam	VERB
tidàm	ADJ
tidamin	VERB
tidamtu	VERB
tidang	VERB
tidâng	VERB
tidanglam	VERB
tidanglam	ADJ
tidanglama	NOUN
tidanglamin	VERB
tidanglamtu	VERB
tidap	VERB
tidar	VERB
tidarh	VERB
tidarh	ADJ
tidarha	VERB
tidarhsarh	NOUN
tidarhsarh	VERB
tidarhtu	VERB
tidawih	ADJ
tidawk	ADJ
tidawklak	VERB
tidawl	VERB
tidawl	ADJ
tidawng	VERB
tidâwng	VERB
ti-dawngdah	ADJ
tidawr	VERB
tider	ADJ
tiderin	NOUN
tiderthawng	NOUN
tiderthawngtu	ADJ
tidertu	ADJ
tidik	ADJ
tidikte	ADJ
tidikthei	ADJ
tidiktûah	VERB
tiding	VERB
tiding	ADJ
tidip	VERB
tidir	VERB
tidîr	VERB
tiduah	VERB
tiduhawm	VERB
tiduhdah	VERB
tiduhdah	ADJ
tiduhdaha	NOUN
tiduhdahin	NOUN
tiduhdahtu	ADJ
tiduhdahtute	VERB
tiduhdahtuten	VERB
tiduk	VERB
tidul	VERB
tidum	VERB
tidûn	VERB
tidung	VERB
tidur	VERB
ti-e	ADJ
ti-el	NOUN
tielin	VERB
tieltu	VERB
tieng	NOUN
ti-eng	VERB
tiêng	NOUN
ti-êng	VERB
tiengtu	VERB
ti-engtu	NOUN
tiêngtu	VERB
ti-êngtu	NOUN
tiengtuah	VERB
ti-er	VERB
tifai	ADJ
tifaia	NOUN
tifaiin	NOUN
tifaina	NOUN
tifaitu	VERB
tifaitute	VERB
tifamkim	NOUN
tifamkimin	VERB
tifamkimtu	VERB
tifar	VERB
ti-far	VERB
tifat	VERB
ti-fat	VERB
ti-fawk	VERB
tifawn	NOUN
ti-fawn	VERB
tifâwn	VERB
ti-fâwn	VERB
tifawntu	VERB
tifei	VERB
tifel	VERB
tifem	VERB
ti-fem	VERB
ti-fer	VERB
tifere	VERB
tiferê	VERB
tifet	VERB
ti-fet	VERB
tifiah	VERB
ti-fiah	NOUN
tifiahtu	VERB
tifiam	VERB
ti-fiam	VERB
tifihlim	VERB
ti-fihlim	VERB
tifihlîm	VERB
ti-fik	VERB
tifikiang	VERB
ti-fi-kiang	VERB
tifilawr	VERB
tifilhim	VERB
tifim	VERB
tifing	NOUN
tifing	VERB
tifingtu	VERB
tifip	VERB
ti-fip	VERB
ti-fir	VERB
tifirfiak	VERB
ti-firfiak	VERB
ti-fithla	VERB
ti-fo	VERB
ti-fu	VERB
tifual	VERB
tifuh	VERB
tifum	VERB
tifûm	VERB
tih	X
ti-ha	VERB
tihah	VERB
tih-ah	X
tihahdam	NOUN
tihahdam	VERB
ti-hahdam	ADJ
tihahte	NOUN
tihahtu	VERB
tihahtute	VERB
tihai	VERB
ti-hai-haih	VERB
tihal	ADJ
tih-al	VERB
tihalh	VERB
tihalhin	VERB
tihamhaih	VERB
tihamtha	VERB
tihamţha	VERB
ti-hamţha	VERB
tihamṭha	VERB
tihan	VERB
tihân	VERB
tihang	VERB
ti-hang	VERB
tihâng	VERB
tihar	VERB
ti-har	VERB
tiharh	NOUN
tiharh	VERB
ti-harh	VERB
tiharhsak	VERB
tiharhtu	VERB
tiharhvang	VERB
ti-harhvang	VERB
ti-harhvâng	VERB
ti-harsa	VERB
tihat	ADJ
tihât	NOUN
tihausain	VERB
tihausatu	VERB
tihautak	VERB
ti-hautak	NOUN
tihautaktu	VERB
tihawh	VERB
tih-awh	VERB
tihawi	VERB
tihawih	VERB
tih-awih	VERB
tih-âwih	VERB
tihawihte	VERB
tihawizia	VERB
tihawl	VERB
tih-awl	VERB
tihàwl	ADJ
tihâwl	VERB
tihawm	VERB
tih-awm	VERB
tihâwm	VERB
ṭihawm	VERB
țihawm	VERB
tih-awn	VERB
tih-âwn	VERB
tihawng	VERB
tih-awng	VERB
tihawngsak	ADJ
tihbahlah	ADJ
tihbaiawm	ADJ
ṭihbaiawm	NOUN
ṭihbaiawm	ADJ
ṭihbâiawm	ADJ
țihbaiawm	NOUN
țihbaiawm	ADJ
tihbaiawmna	NOUN
ṭihbaiawmna	ADJ
ṭihbâiawmna	ADJ
tihbaiawmnain	ADJ
ṭihbaiawmnain	ADJ
ṭihbaiawmzia	ADJ
ṭihbâiawmzia	VERB
tihbaihawm	ADJ
tihbak	VERB
tihbal	VERB
tihbalh	VERB
tihban	VERB
tihban	ADJ
tihbàn	VERB
tihbân	VERB
tihbânin	VERB
tihbânsak	VERB
tihbawlhhlawh	ADJ
tihbawlhlawh	NOUN
tihbawlhlawhin	ADJ
tihbawlhlawhna	ADJ
tihbawrbana	VERB
tihbawrbânga	ADJ
tihbawrhban	VERB
tihbawrhban	ADJ
tihbawrhbân	ADJ
tihbawrhbâna	ADJ
tihbawrhbâng	ADJ
tihbawrhbanin	VERB
tihbawrhbânsak	VERB
tihbeh	VERB
tihbei	VERB
tihbeidawn	VERB
tihbelh	VERB
tihbelhbawm	VERB
tihbelkan	VERB
tihbengchhen	VERB
tihbengchheng	VERB
tihberh	VERB
tihbial	VERB
tihbialbual	VERB
tihbianbuan	VERB
tihbiangbuang	VERB
tihbik	VERB
tihbil	VERB
tihbilsak	VERB
tihbing	VERB
tihbingbileh	VERB
tihbit	VERB
tihbo	VERB
tihboral	NOUN
tihboral	ADJ
tihborala	ADJ
tihboralho	NOUN
tihboralin	VERB
tihboralna	NOUN
tihboralsak	NOUN
tihboralte	VERB
tihboralzia	VERB
tihbosak	VERB
tihbova	VERB
tihbovin	VERB
tihbua	VERB
tihbuai	VERB
tihbuai	ADJ
tihbuaiin	NOUN
tihbuaina	VERB
tihbuaite	VERB
tihbuak	VERB
tihbuaksak	VERB
tihbuangbar	VERB
tihbuangbâr	VERB
tihbuk	VERB
tihbulh	VERB
tihbun	VERB
tihbung	VERB
tihchah	VERB
tihchahsak	VERB
tihchak	VERB
tihchak	ADJ
tihchâk	VERB
tihchaka	NOUN
tihchakin	VERB
tihchakna	VERB
tihchaksak	VERB
tihcham	VERB
tihchan	VERB
tihchàn	VERB
tihchang	NOUN
tihchangkan	VERB
tihchangkanna	VERB
tihchangtlun	NOUN
tihchangtlung	VERB
tihchangtlunna	VERB
tihchar	VERB
tihchat	VERB
tihchât	VERB
tihchauh	VERB
tihchauhsak	VERB
tihchavai	VERB
tihchavaih	VERB
tihchawlawl	VERB
tihchawlawlin	VERB
tihchawlh	VERB
tihchawpin	VERB
tihchep	VERB
tihchêp	VERB
tihchereu	VERB
tihcherêuva	VERB
tihchet	VERB
tihchet	ADV
tihchêt	ADJ
tihchhah	ADJ
tihchhahsak	ADJ
tihchhan	ADJ
tihchhana	VERB
tihchhanin	VERB
tihchhiat	ADJ
tihchhiata	NOUN
tihchhiatin	ADJ
tihchhiatna	VERB
tihchhiatnaah	NOUN
tihchhiatsak	VERB
tihchhiatte	VERB
tihchhiattir	ADJ
tihchhiattîr	VERB
tihchhiatziate	VERB
tihchhin	NOUN
tihchhin	VERB
tihchhinna	VERB
tihchhoh	VERB
tihchhuah	VERB
tihchhuah	ADJ
tihchhuaha	ADJ
tihchhuahah	VERB
tihchhuahin	NOUN
tihchhuahsak	VERB
tihchhuahte	ADJ
tihchhum	VERB
tihchi	VERB
tihchi-ai	VERB
tih-chi-ai	VERB
tihchiâi	NOUN
tihchi-âi	VERB
tihchî-ai	VERB
tihchî-âi	VERB
tihchian	VERB
tihchianna	VERB
tihchiau-riau	VERB
tihchichawm	VERB
tihchihnih	VERB
tihchim	NOUN
tihchimih	ADJ
tihchimihna	VERB
tihchimin	VERB
tihchimsak	VERB
tihchingpen	NOUN
tihchingpen	ADJ
tihchingpenah	VERB
tihchingpenna	VERB
tihchinhnih	VERB
tihchip	VERB
tihchîp	VERB
tihchuah	VERB
tihchul	NOUN
tihchum	VERB
tihchungnunna	NOUN
tihdaih	VERB
tihdaihna	VERB
tihdak	VERB
tihdal	VERB
tihdam	ADJ
tihdama	NOUN
tihdamin	NOUN
tihdamna	VERB
tihdamsak	ADJ
tihdamte	ADJ
tihdamzia	ADJ
tihdan	NOUN
tihdan	VERB
tihdàn	NOUN
tihdân	VERB
tihdâna	VERB
tihdânah	VERB
tihdanglam	ADJ
tihdanglama	NOUN
tihdanglamin	VERB
tihdanglamna	VERB
tihdanglamsak	ADJ
tihdanglamte	ADJ
tihdânin	ADJ
tihdanphung	NOUN
tihdante	VERB
tihdan-vel	VERB
tihdap	VERB
tihdar	VERB
tihdarh	ADJ
tihdarha	NOUN
tihdarhin	ADJ
tihdarhna	VERB
tihdarhsak	VERB
tihdarhsarh	VERB
tihdawh	VERB
tihdawih	VERB
tihdawl	VERB
tihdawn	VERB
tihdâwn	VERB
tihdawng	VERB
tihdawngdah	ADJ
tihdawr	NOUN
ṭihdêka	ADJ
ṭihdêktu	ADJ
tihdelin	ADJ
tihdelsak	VERB
tihder	NOUN
tihder	ADJ
tihdera	ADJ
tihderhna	NOUN
tihderin	ADJ
tihderna	ADJ
tihdertu	VERB
tihdertute	NOUN
tihdik	VERB
tihdikna	VERB
tihdiksak	ADJ
tihdiktîr	VERB
tihdikzia	VERB
tihdin	NOUN
tihdin	VERB
tihdinna	VERB
tihdip	VERB
tihdir	VERB
tihduhdah	VERB
tihduhdaha	NOUN
tihduhdahin	NOUN
tihduhdahna	VERB
tihduhdahna	ADJ
tihduhdahnaah	NOUN
tihduhdahnain	NOUN
tihduhdahnate	VERB
tihduhdahte	NOUN
tihduhdahtir	NOUN
tihduhdahtu	ADJ
tihduhdahtute	VERB
tihduhdahzia	VERB
tihduk	VERB
tihdul	ADJ
tihdulin	VERB
tihdulsaka	VERB
tihdum	VERB
tihdung	VERB
ti-he	VERB
ti-hê	VERB
tihek	VERB
tih-ek	ADJ
tihekin	VERB
tihel	NOUN
tihel	VERB
tih-el	VERB
ti-hel	VERB
tihelhhawlh	X
tihelna	X
tih-en	NOUN
tih-ên	VERB
tihena	NOUN
tiheng	NOUN
tihenna	VERB
tihentu	VERB
tiher	VERB
tih-er	ADJ
tiherh	NOUN
tiherh	VERB
tihertu	VERB
tiheu	VERB
ti-heu	VERB
tihfai	NOUN
tihfai	VERB
tihfaia	NOUN
tihfaina	ADJ
tihfâina	VERB
tihfainana	VERB
tihfaisak	ADJ
tihfamkim	ADJ
tihfamkima	ADJ
tihfamkimho	VERB
tihfamkimin	VERB
tihfar	VERB
tih-far	VERB
tihfat	VERB
tih-fat	VERB
tih-fawk	VERB
tih-fawn	VERB
tih-fâwn	VERB
tihfel	NOUN
tihfel	ADJ
tihfelin	VERB
tihfelna	VERB
tihfelsak	VERB
tihfem	VERB
tih-fem	VERB
tih-fer	VERB
tihfere	VERB
tihferê	VERB
tihfet	VERB
tih-fet	VERB
tihfiah	VERB
tih-fiah	VERB
tih-fiam	VERB
tihfihlim	VERB
tihfihlim	ADJ
tih-fihlim	VERB
tihfihlima	VERB
tih-fik	VERB
tihfikian	VERB
tihfikiang	VERB
tihfilawr	VERB
tihfilhim	VERB
tihfim	VERB
tihfin	VERB
tihfing	VERB
tihfip	VERB
tih-fir	VERB
tihfirfiak	VERB
tihfir-fiak	VERB
tihfi-thlak	VERB
tihfi-thlâk	VERB
tih-fo	VERB
tihfu	VERB
tihfual	VERB
tihfuh	VERB
tihfum	NOUN
tihfûm	VERB
tihfung	VERB
tihgam	VERB
tih-ha	VERB
tihhah	VERB
tih-hah	VERB
tihhahdam	VERB
tihhaih-haih	VERB
tihhamhaih	VERB
tihham-haih	VERB
tihhamthat	VERB
tihhamţhat	VERB
tih-hamţhat	VERB
tihhamṭhat	VERB
tihhan	VERB
tihhang	VERB
tihhar	VERB
tihharh	VERB
tihharhsak	NOUN
tihharhvan	VERB
tihharna	VERB
tihharsat	VERB
tihhautak	NOUN
tihhautak	VERB
tih-he	VERB
tih-hê	VERB
tihhek	VERB
tihhel	VERB
tihhelhhawlh	VERB
tihheng	VERB
tihherh	VERB
tihheu	VERB
tih-heu	VERB
tihhim	VERB
tih-hit	VERB
tihhlan	NOUN
tihhlân	VERB
tihhlawhtlina	ADJ
tihhlawhtling	NOUN
tihhlawhtlinin	NOUN
tihhlawhtlinna	VERB
tihhlawhtlinte	NOUN
tihhlawksak	VERB
tihhlâwksaktu	VERB
tihhliam	VERB
tihhliau	VERB
tihhlim	VERB
tih-hlim	VERB
tih-hlo	VERB
tihhluar	VERB
tihhluhlan	VERB
tihhlu-hlan	VERB
tihhlu-hlàn	VERB
tihhlum	NOUN
tihhlum	ADJ
tihhluma	ADJ
tihhlumho	NOUN
tihhlumin	VERB
tihhlumna	NOUN
tihhlumsak	NOUN
tihhlumte	VERB
tihhlumtheihna	VERB
tihhlumtir	VERB
tihhlumtîr	ADJ
tihhmaibalh	VERB
tihhmaih	VERB
tihhmaimawk	ADJ
tih-hmai-mawk	NOUN
tihhmasak	VERB
tihhmasakna	ADJ
tihhmasawn	NOUN
tihhmasawna	NOUN
tihhmasawnna	VERB
tihhmasawntu	VERB
tihhmehem	VERB
tihhmelhem	VERB
tihhmelhem	ADJ
tihhmêlhem	VERB
tihhmêlhemin	VERB
tihhmelthat	VERB
tihhmin	VERB
tihhmingchhiat	VERB
tihhmingchhiat	ADJ
tihhminghliau	VERB
tihhmuar	VERB
tihhmuh	NOUN
tihhmuh	ADJ
tihhmuhtu	VERB
tihhmuhtûah	VERB
tihhmuingil	VERB
tihhmuingîl	VERB
tihhnafum	VERB
tih-hna-fum	ADJ
tihhnaih	VERB
tihhnaihin	VERB
tihhnan	ADJ
tihhnang	VERB
tihhnathiamin	VERB
tihhnawk	VERB
tihhnawn	VERB
tihhnâwn	VERB
tihhnem	VERB
tihhniam	VERB
tihhniam	ADJ
tih-hniam	ADJ
tihhniama	NOUN
tihhniamin	VERB
tihhniamna	VERB
tihhniamsak	VERB
tihhnuai	VERB
tih-hnuai	VERB
tihhnual	VERB
tihhnufum	VERB
tih-hnufum	VERB
tihhrah	VERB
tihhram	VERB
tih-hram	NOUN
tihhrana	VERB
tihhranna	VERB
tihhransak	ADJ
tihhreawm	ADJ
tihhreawma	NOUN
tihhreawmin	NOUN
tihhreawmna	VERB
tihhreawmtu	ADJ
tihhrehawm	ADJ
tihhrehawma	NOUN
tihhrehawmin	ADJ
tihhrehawmna	VERB
tihhrehawmzia	VERB
tih-hriam	VERB
tihhriat	VERB
tihhrilhai	VERB
tihhrilhhai	VERB
tih-hrilhhai	VERB
tih-huai	VERB
tih-huh	VERB
tih-hul	VERB
tih-hulum	CCONJ
tihialin	CCONJ
tihian	ADJ
tihiau	ADJ
tihiauva	VERB
tihiauvah	VERB
tihik	VERB
tihim	VERB
tihim	ADJ
tihin	VERB
tih-ing-euh	VERB
tih-ip	VERB
tih-îp	VERB
tihit	VERB
tih-itawm	VERB
tihkah	VERB
tihkak	VERB
tih-kak	VERB
tihkal	VERB
tih-kal	VERB
tihkam	VERB
tihkàm	VERB
tihkâm	VERB
tihkan	VERB
tih-kan	VERB
tihkàn	VERB
tihkang	VERB
tihkangchah	VERB
tih-kar	VERB
tihkau	VERB
tih-kau	VERB
tihkaurau	VERB
tih-kaurau	VERB
tihkawh	VERB
tih-kawi	VERB
tihkawih	VERB
tih-kawih	VERB
tihkawlh	VERB
tihkawm	VERB
tihkawn	VERB
tihkawnkaw	VERB
tihkawp	VERB
tihkawr	VERB
tihkbem	VERB
tihkeh	ADJ
tihkeha	VERB
tihkehin	VERB
tihkep	VERB
tihkêp	ADJ
tihkeu	VERB
tihkhah	ADJ
tihkhaha	NOUN
tihkhahin	VERB
tihkhahna	VERB
tihkhahsak	VERB
tihkhai	VERB
tihkhaihlak	VERB
tihkhal	VERB
tihkhalh	VERB
tihkham	VERB
tihkhan	VERB
tihkhàn	VERB
tihkhang	VERB
tihkhap	VERB
tihkhar	VERB
tihkhat	VERB
tih-khat	VERB
tihkhauh	VERB
tihkhauh	ADJ
tihkhauhsak	ADJ
tihkhauhsaka	VERB
tihkhauhvin	VERB
tihkhawbaw	VERB
tih-khawchhuah	VERB
tihkhawh	VERB
tihkhawk	VERB
tihkhawl	VERB
tihkhawlhkham	VERB
tihkhawlo	VERB
tihkhawloh	NOUN
tihkhawlohna	VERB
tihkhawlohnate	ADJ
tihkhawlohsak	VERB
tihkhawlohsaka	VERB
tihkhawm	VERB
tihkhawmuan	VERB
tihkhawn	VERB
tihkhawng	VERB
tihkhawngkhawbai	VERB
tihkhawp	VERB
tihkhawr	VERB
tihkhaw-thawn	VERB
tihkhawtlai	NOUN
tihkhawtlai	VERB
tihkhaw-tlai	ADJ
tihkhawtlaiin	VERB
tihkhawtlaina	VERB
tihkheh	VERB
tihkhem	VERB
tihkhen	X
tihkheng	ADV
tih-khi	VERB
tihkhih	VERB
tihkhik	VERB
tihkhin	VERB
tihkhing	VERB
tihkhingbai	VERB
tihkhirh	VERB
tihkhirhkhan	VERB
tihkhuai	VERB
tihkhuan	VERB
tihkhuar	VERB
tihkhuh	VERB
tihkhui	VERB
tihkhuk	ADJ
tihkhûk	VERB
tihkhum	ADJ
tihkhuma	VERB
tihkhumtute	VERB
tihkhun	VERB
tihkhung	VERB
tihkhup	VERB
tihkhur	VERB
tihkhurh	VERB
tihki	VERB
tihkî	VERB
tihkiai	VERB
tihkiam	VERB
tihkian	VERB
tihkiansak	VERB
tihkiar	VERB
tihkik	VERB
tihkîk	VERB
tihkikawi	VERB
tihkil	VERB
tihkim	NOUN
tihkim	VERB
tihkimna	VERB
tihkimsak	VERB
tihkin	VERB
tihkipkawi	VERB
tihkir	NOUN
tihkir	VERB
tihkîr	VERB
tihkirna	VERB
tihkirsak	VERB
tihkiu	VERB
tihko	VERB
tihkoham	VERB
tihkozan	VERB
tihkuak	VERB
tihkuaksak	VERB
tihkual	VERB
tihkuam	VERB
tihkul	VERB
tihkulcho	VERB
tihkum	ADJ
tihkun	VERB
tihkunin	VERB
tihkur	VERB
tihlaklawh	VERB
tihlal	ADJ
tih-lal	VERB
tihlam	VERB
tihlam	ADJ
tih-lam-dan	ADJ
tihlamletin	VERB
tihlan	VERB
tihlan	ADJ
tih-lan	ADJ
tihlana	NOUN
tihlanin	ADJ
tihlanna	VERB
tihlante	VERB
tihlap	VERB
tih-lap	VERB
tihlar	VERB
tih-lar	VERB
tihlâr	NOUN
tihlarna	VERB
tihlau	VERB
tih-lau	VERB
tihlâu	NOUN
tihlauhawm	VERB
tihlauhawmtu	VERB
tihlauthawng	NOUN
tihlauthâwng	VERB
tihlautu	VERB
tihlawh	VERB
tihlawhchham	VERB
tihlawhtlin	ADJ
tihlawhtling	NOUN
tihlawhtlinga	VERB
tihlawhtlingtu	VERB
tihlawhtlinsak	VERB
tihlawk	ADJ
tih-lawk	ADJ
tihlawm	VERB
tih-lawm	ADJ
tihlâwm	VERB
tihlawmawm	NOUN
tihlawmin	NOUN
tihlawmna	VERB
tihlâwmna	VERB
tihlawn	VERB
tih-lawn	VERB
tihlawr	VERB
tih-lawr	VERB
tihleh	VERB
tihlehlin	VERB
tih-lehlin	VERB
tihlei	VERB
tih-lei	VERB
tih-lei-hnawn	VERB
tihlek	VERB
tih-lek	VERB
tih-le-lo	VERB
tihlem	VERB
tihlen	NOUN
tihlen	VERB
tih-len	ADJ
tihlenin	VERB
tihlenna	VERB
tihlepler	VERB
tihleplêr	VERB
tihlepse	VERB
tih-lepse	VERB
tihler	VERB
tihlêr	VERB
tihlet	VERB
tih-let	VERB
tihleu	VERB
tih-leu	VERB
tihliam	VERB
tih-liam	VERB
ti-hliam	VERB
tihliau	VERB
tih-liau	VERB
ti-hliau	ADJ
tihliauvin	VERB
tihlik	VERB
tihlim	NOUN
tihlim	VERB
tih-lim	ADJ
tihlimin	NOUN
tihlimtu	VERB
tihlimtute	VERB
tihlin	VERB
tihlip	VERB
tihlirh	ADJ
ti-hlo	ADJ
tihloh	ADJ
tihlohah	VERB
tihlohtheih	VERB
tihluak	VERB
tihluan	VERB
tihluar	ADJ
ti-hluar	VERB
tihluarah	VERB
tihluat	VERB
tih-luattuk	VERB
tihluh	VERB
tih-luh	VERB
tihluhai	VERB
tihlu-hlang	VERB
tihlu-hlàng	VERB
tihlu-hlâng	VERB
tihluhlul	VERB
tih-luh-lul	ADJ
tihluhlulin	VERB
tihluih	VERB
tihluih	ADJ
tih-luih	NOUN
tihluihna	ADJ
tihluihnaa	VERB
tihluihnain	VERB
tihluihtir	VERB
tih-luih-tir	NOUN
tihluihtirna	VERB
tihlum	VERB
tihlum	ADJ
tih-lum	ADJ
tihluma	NOUN
tihlumin	ADJ
tihlumna	ADJ
tihlumsakin	NOUN
tihlumte	NOUN
tihlumtu	VERB
tihlumtute	VERB
tihlun	VERB
tih-lun	VERB
tihlûn	VERB
tihlungawi	VERB
tihlungawi	ADJ
tih-lung-awi	VERB
tihlungâwi	NOUN
tihlungawiin	VERB
tihlungawina	VERB
tihlungchhiat	VERB
tih-lungchhiat	VERB
tih-lungdam	VERB
tihlungngaih	VERB
tihlungngaih	ADJ
tih-lungngaih	ADJ
tihlungngaiha	VERB
tihlungngaihin	VERB
tihlungnhur	VERB
tihlungnhûr	ADJ
tih-lung-nih	VERB
tihlungnihloh	VERB
tihlur	VERB
tihlûr	VERB
tihmaibal	VERB
tihmaibalh	VERB
tihmaimawk	VERB
tihmai-mawk	ADJ
tih-mak	ADJ
tihmakmawh	ADV
tih-makmawh	VERB
tihmâkmawh	ADJ
tihmakmawhah	VERB
tihmam	VERB
tih-mam	VERB
tihman	VERB
tih-manawm	VERB
tihmang	VERB
tihmang	ADJ
tih-mang	ADJ
tihmanga	VERB
tihmangan	VERB
tihmangan	ADJ
tih-mangan	NOUN
tihmanganin	VERB
tihmangna	VERB
tihmanhla	ADJ
tih-man-hla	VERB
tihmanhmawh	VERB
tihmar	VERB
tih-mar	VERB
tihmasawn	VERB
tihmawh	NOUN
tih-mawh	ADJ
tihmawhin	VERB
tihmawhte	VERB
tihmawi	VERB
tih-mawi	VERB
tihmawih	VERB
tih-mawih	VERB
tihmawk	VERB
tihmawl	VERB
tihmawm	VERB
tih-mawm	NOUN
tihmawmna	VERB
tihmawn	VERB
tih-mek	VERB
tihmelhem	VERB
tihmêlhem	VERB
tihmelmawk	VERB
tihmeltha	VERB
tihmen	VERB
tih-men	VERB
tihmenin	VERB
tihmensak	NOUN
tihmi	ADJ
ṭihmi	NOUN
tihmihin	VERB
tihmihna	VERB
tihmihsak	VERB
tihmil	VERB
tih-mil	VERB
tihmim	VERB
tih-mim	VERB
tihmin	VERB
tih-min	VERB
tihming	VERB
tihmingchhe	VERB
tihmingchhia	VERB
tihmingchhiat	VERB
tihminghliau	NOUN
tihminghliau	VERB
tihmingthang	VERB
tihmingthatu	VERB
tihmit	VERB
tih-mit	VERB
tihmualpho	VERB
tihmualpho	ADJ
tih-mualpho	VERB
tihmualphonaah	ADJ
tihmualphosak	ADJ
tihmualphova	VERB
tihmualphovin	VERB
tihmuan	VERB
tih-muan	VERB
tihmuanawm	ADJ
tihmuanchan	VERB
tihmuang	VERB
tihmuat	VERB
tihmuh	NOUN
tihmuhnawm	VERB
tihmuhnawmtu	VERB
tihmuingil	VERB
tihmuingîl	VERB
tihmuk	VERB
tih-muk	VERB
tihmum	VERB
tih-mum	VERB
tihmut	VERB
tih-mut	VERB
tihmutchhuah	NOUN
tihmutthluk	NOUN
tihna	NOUN
tih-na	NOUN
ṭihna	ADJ
țihna	VERB
tihnaah	VERB
tihnafum	VERB
ti-hna-fum	VERB
tihnal	VERB
tih-nal	VERB
tihnalh	VERB
tih-nalh	ADJ
tihnam	VERB
tihnan	VERB
tihnan	ADJ
tihnang	VERB
tihnat	VERB
tihnat	ADJ
tih-nat	ADJ
tihnata	NOUN
tihnatin	ADJ
tihnatna	VERB
tihnatzia	VERB
tihnawi	VERB
tih-nawi	VERB
tihnawk	NOUN
tihnawk	VERB
ti-hnawk	VERB
tihnawksak	ADJ
tihnawktu	VERB
tihnawm	VERB
tihnawm	ADJ
tih-nawm	ADJ
tihnawmin	VERB
tihnawmnah	ADJ
tih-nawmnah	VERB
tihnawmnahzia	VERB
tihnawn	VERB
tih-nawn	VERB
tihnawng	VERB
tihnawng	ADJ
tihnâwng	VERB
tihnâwnga	VERB
tihnawr	VERB
tih-nawrh	ADJ
tihnê	VERB
tihnehin	VERB
tihnek	VERB
tih-nek	VERB
tihnel	VERB
tih-nelawm	VERB
tihnelsak	VERB
tihnem	VERB
tih-nem	VERB
ti-hnem	VERB
tihnêm	VERB
tihnemhnang	VERB
tihnep	VERB
tih-nep	VERB
tihnêp	NOUN
tihnêpna	VERB
tih-ner	VERB
tihneu	NOUN
tih-neu	VERB
tihngaihna	VERB
tihngaihnawm	VERB
tihngam	VERB
tihngap	VERB
tih-ngap	VERB
tihngat	VERB
tih-ngaw	VERB
tihngawih	VERB
tih-ngawl	VERB
tihngawn	VERB
tihngawng	VERB
tihngawr	VERB
tihngawrh	VERB
tihngek	VERB
tih-ngel	VERB
tihngen	VERB
tihngên	VERB
tihnget	VERB
tihnghal	VERB
tihnghawr	ADJ
tihngheh	ADJ
tihngheha	NOUN
tihnghehin	ADJ
tihnghehna	NOUN
tihnghehnaahte	ADJ
tihnghehpuitu	VERB
tihnghehsak	VERB
tihnghin	VERB
tihnghîn	ADJ
tihnghing	VERB
tihnghinin	VERB
tih-ngil	VERB
tihngo	VERB
tih-ngo	VERB
tihnguai	VERB
tihngui	ADJ
tihnia	VERB
tihniam	VERB
ti-hniam	NOUN
tihniamtu	VERB
tihniar	VERB
tihnihlawh	VERB
tih-ni-kan	VERB
tihnikhualoh	VERB
tih-nil	VERB
tih-nin	VERB
tihninawm	VERB
tihning	VERB
tihningnel	VERB
tih-nna-fum	VERB
tihno	VERB
tih-no	VERB
ti-hnuai	VERB
tihnual	VERB
tihnual	ADJ
tih-nual	VERB
tihnuam	ADJ
tih-nuam	VERB
tihnuamin	VERB
tihnufum	VERB
tihnu-fum	VERB
tih-nui	VERB
tihnuih	VERB
tihnuihzatthlak	VERB
tihnuihzatthlâk	VERB
tihnum	VERB
tihnun	NOUN
tihnun	VERB
tih-nun	ADJ
tihnunin	VERB
tihnunna	VERB
tihnunsak	VERB
tihnur	VERB
tihnut	VERB
tih-nut	VERB
ti-hoa-fum	VERB
tiholam	VERB
tihpachan	VERB
tihpachhiat/tipachhe	VERB
tihpah	VERB
tih-pah	VERB
tihpai	VERB
tih-pai	VERB
tihpalh	VERB
tihpalh	ADJ
tih-palh	ADJ
tihpalha	VERB
tihpalhin	VERB
tihpamhmai	VERB
tihpan	VERB
tih-pan	VERB
tihpangchan	VERB
tih-pangchan	VERB
tihpar	VERB
tih-par	VERB
tihparh	VERB
tih-parh	VERB
tih-pat-ek	VERB
tih-pât-ek	VERB
tihpaukhauh	VERB
tih-pawh	VERB
tihpawi	VERB
tih-pawi	VERB
tihpawk	VERB
tih-pawk	VERB
tihpawl	VERB
tih-pawl	VERB
tihpawlh	VERB
tih-pawlh	VERB
tihpawm	VERB
tihpawn	VERB
tih-pawn	VERB
tihpawng	VERB
tihpawnlan	VERB
tih-pawnlan	VERB
tihpawp	VERB
tihpawr	VERB
tih-pawr	ADJ
tihpawra	VERB
tih-pawrh	VERB
tih-pawrhso	VERB
tihpawt	VERB
tihpeh	VERB
tih-peh	VERB
tihpel	VERB
tih-pel-he	VERB
tih-pel-hê	VERB
tihpelhsawlh	VERB
tih-pelhsawlh	VERB
tih-pem	VERB
tih-pen	VERB
tihpeng	NOUN
tihpêng	VERB
tihpenna	VERB
tihper	VERB
tih-perh	VERB
tihpet	ADJ
tih-pet	VERB
tihpetekin	VERB
tih-phai	VERB
tihphak	VERB
tih-phal	VERB
tih-phan	VERB
tih-phar	VERB
tih-phawh	VERB
tih-phawi	VERB
tih-phawk	VERB
tih-phawklek	VERB
tihphawn	VERB
tih-phawn	VERB
tih-phei	VERB
tih-phek	VERB
tih-phel	VERB
tihphen	VERB
tih-phen	VERB
tihpheng	VERB
tih-phet	VERB
tih-phi	VERB
tih-phiar	VERB
tih-phili	VERB
tih-phim	VERB
tih-phir	VERB
tih-phit	VERB
tihphu	VERB
tih-phui	VERB
tih-phuisui	VERB
tih-phul	VERB
tih-phulh	VERB
tih-phum	VERB
tihphur	VERB
tih-phur	VERB
tihphûr	NOUN
tihphurna	VERB
tihphut	VERB
tih-phut	VERB
tih-piah	VERB
tih-pial	VERB
tih-pianthar	VERB
tih-pik	VERB
tih-pil	VERB
tihpin	VERB
tih-pin	VERB
tih-pir	VERB
tihpoh	VERB
tihpuah	VERB
tih-puah	VERB
tih-puam	VERB
tihpuamsak	VERB
tihpuan	VERB
tihpuar	NOUN
tih-puar	VERB
tih-puh	VERB
tihpui	VERB
tih-pui	VERB
tihpuiltin	ADJ
tihpuitlin	NOUN
tihpuitlinin	VERB
tihpuitlinna	VERB
tihpuitlinsak	NOUN
tihpuitlintîr	VERB
tihpuitu	VERB
tih-puk	VERB
tihpum	VERB
tih-pum	VERB
tihpumkhat	VERB
tihpun	VERB
tihpuna	VERB
tih-pung	NOUN
tihpunin	VERB
tihpunna	VERB
tihpunsak	VERB
tihpunsakin	VERB
tihpunsakte	VERB
tihrah	VERB
tih-rah	VERB
tihrai	VERB
tih-rak	VERB
tihral	VERB
tih-ral	VERB
tihrala	NOUN
tihralin	VERB
tihralna	VERB
tihralsak	VERB
tih-raltit	VERB
tihram	VERB
tih-ram	NOUN
ti-hram	VERB
tihramna	VERB
tihramsak	VERB
tihran	ADJ
tih-ran	VERB
tihrang	NOUN
tihrangin	NOUN
tihrangtu	VERB
tihranna	VERB
tih-rap	VERB
tih-rapthlak	VERB
tih-rauh	VERB
tih-rawih	NOUN
tih-rawk	VERB
tihrawl	VERB
tih-rawl	VERB
tihrâwlah	VERB
tih-rawm	VERB
tih-rawn	VERB
tih-rawp	VERB
tih-rawt	VERB
tihre	VERB
tihreawm	VERB
tihreawma	NOUN
tihreawmin	VERB
tihreawmtu	VERB
tih-reh	NOUN
tihrehawm	VERB
tihrehawmtu	VERB
tihrehawmtute	NOUN
tihrehin	VERB
tihrehna	VERB
tihrehsak	VERB
tih-rei	VERB
tih-rek	VERB
tih-relh	VERB
tihrem	VERB
tih-rem	VERB
tih-rep	VERB
tihretheih	NOUN
tih-retheih	VERB
tihretheiha	VERB
tihretheihna	VERB
tihretheihte	VERB
tihria	VERB
ti-hria	VERB
ti-hriam	VERB
tihrik	VERB
tih-rik	VERB
tihrîk	VERB
tihrilhai	VERB
tihrilhhai	VERB
ti-hrilhhai	VERB
tihrilruk	VERB
tih-rilruk	VERB
tihrilrûk	VERB
tih-riltam	VERB
tih-riltâm	VERB
tih-rimnam	VERB
tihrin	NOUN
tih-rin	VERB
tihring	VERB
tihrinna	VERB
tih-rip	VERB
tihriral	NOUN
tih-riral	VERB
tihrîral	VERB
tihriralna	VERB
tihrisel	VERB
tih-rit	VERB
tih-ro	VERB
tihropui	VERB
tih-ropui	VERB
tihropuia	NOUN
tihropuiin	VERB
tihropuina	VERB
tihruah	NOUN
tih-ruah	VERB
tihruahin	VERB
tihruahna	VERB
tihrual	VERB
tih-rual	VERB
tih-rualawh	VERB
tih-rualrem	VERB
tihrualremsak	VERB
tih-ruam	VERB
tihruih	VERB
tih-ruih	NOUN
tihruihna	VERB
tihruk	NOUN
tih-ruk	VERB
tih-rûk	NOUN
tihrukna	NOUN
tih-ruktir	VERB
tih-rûktir	VERB
tihrum	VERB
tih-rum	VERB
tih-runthlak	VERB
tih-runthlâk	VERB
tih-rura	VERB
tih-sahhaih	VERB
tihsak	ADJ
tih-sak	ADJ
tihsaka	NOUN
tihsakin	NOUN
tihsakna	ADJ
tihsaktu	VERB
tihsakzia	VERB
tih-sam	VERB
tihsan	VERB
tih-san	VERB
tihsân	ADJ
tihsãn	NOUN
tihsanin	VERB
tihsanna	ADJ
tihsansak	VERB
tihsansakin	VERB
tihsat	VERB
tih-sat	VERB
tih-sau	VERB
tih-sawih	VERB
tih-sawk	VERB
tih-sawl	VERB
tihsawm	VERB
tih-sawm	VERB
tihsawmin	VERB
tihsawn	VERB
tih-sawn	VERB
tihsawnin	VERB
tihsawnsak	VERB
tih-sawp	VERB
tih-sawr	VERB
tihsawt	VERB
tih-sawt	NOUN
tihsawtna	VERB
tihsei	VERB
tih-seihleih	VERB
tihseiin	NOUN
tihseisak	VERB
tihseite	VERB
tih-sen	VERB
tih-ser	VERB
tih-seu	VERB
tih-sik	VERB
tihsiksawi	VERB
tih-silawn	VERB
tih-sim	VERB
tih-sin	VERB
tih-sise	VERB
tih-so	VERB
tih-suakbak	VERB
tih-suakbâk	VERB
tihsual	VERB
tih-sual	VERB
tihsuala	VERB
tihsualah	NOUN
tihsualin	VERB
tihsualna	VERB
tihsualnaah	VERB
tihsualpuite	VERB
tihsualte	VERB
tihsualtir	ADJ
tihsualtîr	NOUN
tihsualtira	NOUN
tihsualtirna	NOUN
tihsualtirtu	VERB
tihsualtirtute	VERB
tih-suk	NOUN
tih-sukuk	VERB
tihsukukna	VERB
tihtah	VERB
tih-tah	VERB
tih-taidarh	VERB
tihtaitam	VERB
tihtaitâm	VERB
tihtak	NOUN
tih-tak	ADJ
tihtakah	VERB
tihtaktakna	ADJ
tihtakzet	ADJ
tihtakzeta	VERB
tihtakzetin	VERB
tihtal	VERB
tih-tal	VERB
tih-talh	VERB
tihtam	VERB
tih-tam	ADJ
tihtan	VERB
tih-tan	VERB
tihtang	VERB
tih-tangkhan	VERB
tihtanrual	VERB
tih-tap	VERB
tih-tar	VERB
tihtauh	NOUN
tih-tauh	VERB
tih-tauhkhum	VERB
tihtauhna	VERB
tihtawi	VERB
tih-tawi	VERB
tihtâwi	ADJ
tih-tawih	ADJ
tihtawiin	NOUN
tihtâwiin	VERB
tihtawina	VERB
tihtawisak	VERB
tihtâwisak	VERB
tihtawk	VERB
tih-tawk	VERB
tihtawl	VERB
tih-tawl	VERB
tihtawm	VERB
tih-tawm	VERB
tih-tawn	VERB
tih-tawngchham	VERB
tihtawp	VERB
tih-tawp	VERB
tihtàwp	VERB
tihtâwp	ADJ
tihtawpah	NOUN
tihtawpin	NOUN
tihtawpna	ADJ
tihtâwpna	ADJ
tihtawpsak	VERB
tihtâwpsak	ADJ
tih-tawt	VERB
tihte	VERB
tih-teh	VERB
tih-tek	VERB
tihtel	ADJ
tihtêl	VERB
tihten	VERB
tihtenawm	VERB
tih-teng	VERB
tih-tep	VERB
tihter-at	VERB
tihtet	NOUN
tih-tet	VERB
tihtetna	VERB
tihteu	VERB
tih-teu	VERB
tih-teuh	VERB
tihthaih	VERB
tihthaih	ADJ
tihṭhaih	ADJ
tihṭhaiha	NOUN
tihṭhaihin	NOUN
tihthaihna	NOUN
tihṭhaihna	NOUN
tihthaihtu	VERB
tihțhaihtu	VERB
tihthak	VERB
tih-thak	VERB
tihthal	VERB
tih-thal	ADJ
tihthâl	VERB
tihtham	VERB
tih-thamral	VERB
tihthan	VERB
tihthan	ADJ
tih-than	VERB
tihthàn	VERB
tih-thang	VERB
tihthantir	VERB
tihthap	VERB
tih-thap	VERB
tihthar	VERB
tihthar	ADJ
tih-thar	VERB
tihtharin	VERB
tihtharsak	VERB
tihthat	VERB
tih-that	VERB
tihṭhat	VERB
ṭihthat	ADJ
tihthata	ADJ
tihthatfamkima	VERB
tihthatho	ADJ
tihthatin	NOUN
tihṭhatin	ADJ
tihthatna	VERB
tihṭhatnain	VERB
tihthau	ADJ
tih-thau	VERB
tihthauvin	VERB
tihthawh	NOUN
tih-thawh	VERB
tihthawhna	VERB
tihthawi	VERB
tih-thawi	VERB
tihthawkmawh	VERB
tihthawl	VERB
tih-thawl	VERB
tihthawmnat	VERB
tihthawn	VERB
tihthâwn	VERB
tihthawp	VERB
tih-thawp	VERB
tihthâwp	VERB
tihthawt	VERB
tih-thawt	VERB
tihtheih	ADJ
tih-theih	NOUN
tihtheihna	NOUN
tihtheihnain	ADJ
tihtheihnate	VERB
tihtheihzia	VERB
tih-thelh	VERB
tihthelthaw	VERB
tihthelthawl	VERB
tihthem	VERB
tih-them	VERB
tih-themlem	VERB
tih-themthiam	VERB
tihthemthum	VERB
tih-themthum	VERB
tihthen	VERB
tih-then	VERB
tihthên	VERB
tihṭhen	VERB
tih-thengthawng	VERB
tihthep	VERB
tihther	VERB
tih-ther	VERB
tih-theuh	VERB
tih-theuneu	VERB
tih-thi	VERB
tihthiaghlim	VERB
tihthiam	VERB
tih-thiam	VERB
tihthian	VERB
tihthiang	VERB
tihthianghlim	VERB
tihṭhianghlim	VERB
tihthianghlima	VERB
tih-thib	VERB
tihthih	VERB
tihthik	VERB
tihthil	VERB
tihthim	VERB
tih-thim	VERB
tihthimin	VERB
tihthin	VERB
tih-thin	VERB
tihthingbar	VERB
tihthinrim	NOUN
tihthinrim	VERB
tih-thinrim	ADJ
tihthinrima	VERB
tihthinrimna	VERB
tihthinur	NOUN
tihthinur	VERB
tih-thinur	ADJ
tihthinura	VERB
tihthinurna	VERB
tihthip	VERB
tih-thip	VERB
tih-thîp	VERB
tihthir	VERB
tihthitlin	VERB
tihthlabar	VERB
tihthlak	NOUN
tih-thlak	VERB
tih-thlâk	NOUN
tihthlakna	VERB
tihthlâkna	VERB
tihthlamuan	VERB
tih-thlamuan	VERB
tihthlan	VERB
tih-thlan	VERB
tihthlang	VERB
tihthlap	VERB
tih-thlap	VERB
tih-thlaphan	VERB
tih-thlaphân	VERB
tih-thlar	VERB
tihthlarh	VERB
tih-thlaub	VERB
tihthlauh	VERB
tihthlawh	VERB
tih-thlawh	VERB
tih-thlawi	VERB
tihthlawn	VERB
tih-thlawn	VERB
tihthlawnsak	VERB
tihthlawr	VERB
tih-thlawr	VERB
tih-thlawt	VERB
tihthleh	VERB
tih-thleh	VERB
tihthlek	VERB
tih-thlek	VERB
tihthlêk	VERB
tihthlen	VERB
tih-thlen	VERB
tihthleng	VERB
tihthlensak	VERB
tihthler	VERB
tih-thler	VERB
tihthlêr	VERB
tih-thluak	VERB
tih-thluam	VERB
tih-thluan	VERB
tihthluk	VERB
tih-thluk	ADJ
tihthlukin	VERB
tihthlum	VERB
tihthlur	VERB
tih-thlur	VERB
tihthlurh	VERB
tih-tho	VERB
tihthoh	VERB
tih-thuah	VERB
tih-thuai	VERB
tih-thuak	VERB
tihthuanawp	VERB
tih-thuanawp	VERB
tihthuanthut	VERB
tih-thui	VERB
tih-thuk	VERB
tihthulh	VERB
tih-thulh	VERB
tih-thum	VERB
tih-thung	VERB
tih-thup	VERB
tih-thur	VERB
tihthut	NOUN
tih-thut	VERB
tihthutna	VERB
tihtiah	VERB
tih-tiah	VERB
tih-tiak	VERB
tihtial	VERB
tih-tial	NOUN
tihtianghlim	VERB
tihtianghlimna	VERB
tihtiau	VERB
tih-tiau	VERB
tihṭiau	NOUN
tihțiau	ADJ
tihṭiauna	ADJ
tihṭiauva	ADJ
tihțiauva	ADJ
tihṭiauvah	ADJ
tihțiauvah	ADJ
tihtiauvin	ADJ
tihṭiauvin	VERB
tihțiauvin	VERB
tihtiavaih	VERB
tihtihaih	VERB
tihtihbaiawm	VERB
tihtim	VERB
tih-tim	VERB
tih-tîm	VERB
tihting	VERB
tihtir	VERB
tihtîr	ADJ
tih-tirh	ADJ
tihtirin	NOUN
tihtîrin	VERB
tihtîrtu	VERB
tihtit	VERB
tihtlai	VERB
tih-tlai	VERB
tihtlak	VERB
tih-tlak	VERB
tihtlâk	VERB
tih-tlâk	VERB
tih-tlan	VERB
tihtlang	VERB
tih-tlar	VERB
tih-tlat	VERB
tih-tlau	VERB
tihtlawhtlaw	VERB
tihtlawk	VERB
tih-tlawk	VERB
tihtlawm	VERB
tihtlawm	ADJ
tih-tlawm	VERB
tihtlâwm	ADJ
tihtlawma	ADJ
tihtlâwma	ADJ
tihtlawmin	NOUN
tihtlâwmin	VERB
tihtlâwmna	VERB
tihtlawmsak	VERB
tihtlâwmsak	VERB
tihtlawn	VERB
tih-tlawn	VERB
tih-tlawr	VERB
tih-tlawva	VERB
tihtlei	VERB
tih-tlei	VERB
tihtlem	NOUN
tihtlem	VERB
tih-tlem	VERB
tihtlêm	VERB
tihtlemna	VERB
tihtlemsak	VERB
tihtlêmsak	VERB
tihtleng	VERB
tih-tleng	VERB
tihtler	VERB
tih-tler	VERB
tihtlet	VERB
tih-tlet	VERB
tihtlêt	VERB
tihtleu	VERB
tih-tleu	VERB
tihtliah	ADJ
tih-tliah	ADJ
tihtliaha	VERB
tihtliahin	ADJ
tihtliahsak	VERB
tihtliahte	VERB
tihtliak	VERB
tih-tliak	VERB
tihtliaksak	VERB
tih-tlian	VERB
tihtlin	VERB
tihtlir	VERB
tihtlo	VERB
tih-tlo	VERB
tihtluak	VERB
tih-tluak	VERB
tihtluan	VERB
tih-tluan	VERB
tihtluansak	VERB
tihtluantling	VERB
tihtluk	VERB
tihtluk	ADJ
tih-tluk	VERB
tihtlûk	ADJ
tihtlûka	ADJ
tihtlukin	NOUN
tihtlûkin	VERB
tihtlukna	VERB
tihtlum	VERB
tih-tlum	VERB
tihtlun	VERB
tihtlur	VERB
tihtlut	VERB
tih-tlut	VERB
tihto	VERB
tih-to	VERB
tihtu	VERB
ṭihtu	VERB
tihtuah	VERB
tih-tuah	VERB
tihtuai	VERB
tih-tuai	VERB
tih-tuaithar	VERB
tihtuak	VERB
tih-tuallim	VERB
tihtuanran	VERB
tihtuat	VERB
tih-tuat	VERB
tihtuau	VERB
tih-tuau	VERB
tihtui	VERB
tihtui	ADJ
tih-tui	ADJ
tihtuia	VERB
tihtuiin	VERB
tihtuisak	VERB
tihtul	VERB
tih-tul	VERB
tihtûl	NOUN
tihtulzum	VERB
tihtum	VERB
tihtun	NOUN
tih-tun	VERB
tihtur	VERB
tihtur	ADJ
tih-tur	VERB
tihtûr	ADJ
tihturah	ADJ
tihtûrte	NOUN
tihtute	NOUN
ṭihtute	NOUN
ṭihtûte	ADJ
țihtute	ADJ
tihtuten	VERB
ṭihtuten	VERB
tihtuvu	VERB
tihtvet	VERB
tihtvêt	VERB
tihtzah	VERB
tihtzai	VERB
tihtzal	VERB
tihtzam	VERB
tihtzâm	VERB
tihtzan	VERB
tihtzàn	VERB
tihtzar	VERB
tihtzat	VERB
tihtzauh	VERB
tihtzawi	VERB
tihtzawih	VERB
tihtzawl	VERB
tihtzawm	VERB
tihtzawn	VERB
tihtzawp	VERB
tihtzawr	VERB
tihtzeh	VERB
tihtzei	VERB
tihtzem	VERB
tihtzen	VERB
tihtziaawm	VERB
tihtzial	VERB
tihtziau	VERB
tihtzim	VERB
tihtzin	VERB
tihtzip	VERB
tihtzit	VERB
tihtzît	VERB
tihtzuih	VERB
tihtzuk	VERB
tihtzûk	VERB
tihtzum	VERB
tihtzun	VERB
tihtzur	VERB
tihtzûr	VERB
tihtzuva	VERB
tihuai	VERB
tih-uai	VERB
tih-uak	VERB
tih-ualau	VERB
tih-ual-au	VERB
tih-uan	VERB
tihuangtau	VERB
tih-uap	VERB
tih-uar	VERB
tih-uchuak	VERB
tih-u-chuak	VERB
tihuh	VERB
tih-uh	NOUN
tihuhtu	VERB
tih-uiawm	VERB
tih-uih	VERB
tih-uk	VERB
tihul	VERB
tih-ul	VERB
tih-ulh	VERB
tihulum	VERB
tih-um	VERB
tih-un	VERB
tih-up	VERB
tih-ûp	VERB
tihur	VERB
tih-urh	VERB
tih-urhsun	VERB
tih-urhsûn	ADJ
tih-vaih	VERB
tihvaihin	VERB
tih-vak	VERB
tih-val	VERB
tih-vam	VERB
tih-van	VERB
tih-vap	VERB
tihvar	ADJ
tih-var	VERB
tihvâr	ADJ
tihvara	ADJ
tihvâra	ADJ
tihvarin	NOUN
tihvârin	VERB
tihvârna	VERB
tihvarsak	ADJ
tihvârsak	VERB
tihvârsaka	VERB
tih-vat	VERB
tih-vauk	VERB
tihvawh	VERB
tih-vawh	VERB
tih-vawih	VERB
tih-vawk	VERB
tih-vawn	VERB
tih-vawng	VERB
tih-vawr	VERB
tih-vawt	VERB
tih-veh	VERB
tih-vei	VERB
tih-veikhawr	VERB
tih-vek	VERB
tih-ven	VERB
tih-vik	VERB
tih-vin	VERB
tihvir	VERB
tih-vir	NOUN
tihvirna	VERB
tihvoh	VERB
tihvuh	VERB
tihvui	NOUN
tih-vui	VERB
tih-vuih	VERB
tihvuina	VERB
tih-vul	VERB
tih-vum	VERB
tihvun	VERB
tih-vun	VERB
tih-vut	VERB
tih-zah	VERB
tihzaha	VERB
tihzahawm	VERB
tihzahawm	ADJ
tihzahin	VERB
tihzahtlak	VERB
tihzahtlâk	ADJ
tih-zai	VERB
tihzaksak	VERB
tih-zal	VERB
tihzalen	VERB
tihzam	VERB
tih-zam	VERB
tihzâm	VERB
tih-zâm	VERB
tihzamsak	VERB
tihzan	VERB
tih-zan	VERB
tihzân	VERB
tih-zangkhai	VERB
tih-zângkhai	VERB
tihzansak	VERB
tihzânsak	VERB
tih-zar	VERB
tihzau	VERB
tihzauh	ADJ
tih-zauh	VERB
tihzauhsak	VERB
tihzauvin	ADJ
tihzawh	NOUN
tih-zawh	VERB
tihzawhna	VERB
tih-zawi	VERB
tih-zawih	VERB
tih-zawk	VERB
tih-zawl	VERB
tihzâwl	VERB
tih-zawm	VERB
tih-zawn	VERB
tihzawng	ADJ
tihzâwng	VERB
tihzawnga	VERB
tih-zawngchhang	VERB
tih-zawp	VERB
tih-zawr	VERB
tih-zeh	VERB
tih-zek	VERB
tih-zel	VERB
tih-zem	VERB
tih-zen	VERB
tih-zep	ADJ
tih-zeuh	ADJ
tihzia	VERB
ṭihzia	ADJ
tihziaawm	NOUN
tihziaawm	VERB
tihziaawmna	ADJ
tih-zial	VERB
tihziate	VERB
tih-ziau	VERB
tih-zih	VERB
tih-zim	VERB
tih-zin	VERB
tih-zit	VERB
tih-zuai	VERB
tih-zual	VERB
tih-zuau	VERB
tih-zuih	VERB
tih-zuk	VERB
tih-zum	VERB
tih-zun	VERB
tih-zung	ADJ
tih-zur	ADJ
tîin	VERB
tiina	VERB
ti-ing-euh	VERB
ti-ip	VERB
ti-îp	VERB
ti-it	VERB
ti-ît	VERB
ti-itawm	VERB
ti-îtawm	VERB
tikah	VERB
ti-kai	VERB
tikak	VERB
ti-kak	VERB
ti-kák	VERB
tikal	VERB
ti-kal	NOUN
tikaltu	VERB
ti-kam	VERB
ti-kâm	VERB
tikang	VERB
ti-kang	VERB
tikâng	NOUN
tikâng	VERB
tikangchat	ADJ
tikangchattu	NOUN
tikangin	VERB
tikangtu	VERB
tikar	VERB
tikat	VERB
tikau	ADJ
tikaurau	VERB
tikauva	VERB
tikaw	VERB
tikawi	NOUN
tikawi	VERB
tikawih	VERB
tikawitu	VERB
tikawk	VERB
tikawlh	VERB
tikawlhrawng	VERB
tikawm	VERB
tikawn	VERB
tikawng	VERB
tikawnkaw	VERB
tikawnkâw	VERB
tikawp	VERB
tikawpkim	VERB
tikawr	VERB
tikawrawng	VERB
tikeh	ADJ
tikehchhiain	VERB
tikehin	NOUN
tikehsawm	VERB
tikehtu	NOUN
tikeu	VERB
tikfik	VERB
tikha	VERB
tikhah	VERB
tikhahsak	VERB
tikhai	VERB
tikhaihlak	VERB
tikhal	VERB
tikham	NOUN
tikham	CCONJ
tikhamtu	CCONJ
tikhan	VERB
tikhan	X
ti-khan	VERB
tikhàn	VERB
tikhân	VERB
tikhang	VERB
tikhar	VERB
tikhat	NOUN
ti-khat	NOUN
tikhattu	VERB
tikhattute	VERB
tikhauh	NOUN
tikhauh	VERB
tikhauhtu	VERB
tikhaw	VERB
tikhawbaw	VERB
ti-khawchhuak	VERB
tikhawh	VERB
tikhawhar	VERB
tikhawk	VERB
tikhawl	VERB
tikhawlhkham	VERB
tikhawlo	NOUN
tikhawlo	VERB
tikhawloh	NOUN
tikhawlotu	VERB
tikhawlotute	VERB
tikhawlova	VERB
tikhawlovin	VERB
tikhawm	NOUN
tikhawm	VERB
tikhawmtu	VERB
tikhawmuang	VERB
tikhawn	VERB
ti-khawn	VERB
tikhawng	ADJ
tikhawnga	VERB
tikhawngin	VERB
tikhawngkhawbai	VERB
tikhawp	VERB
tikhawr	VERB
ti-khawr	VERB
tikhawrh	VERB
tikhawro	VERB
ti-khaw-thawng	VERB
tikhawtlai	VERB
tikhaw-tlai	VERB
ti-khaw-tlai	VERB
tikheh	VERB
ti-kheh	VERB
tikhem	VERB
ti-khem	VERB
tikheng	VERB
ti-kheng	VERB
tikhêng	X
tikher	ADV
tikhi	VERB
tikhi	ADV
ti-khi	VERB
tikhî	VERB
tikhî	ADV
ti-khiah	VERB
ti-khian	VERB
tikhichat	VERB
tikhin	VERB
ti-khin	VERB
tikhing	VERB
tikhingbai	VERB
tikhirh	VERB
ti-khirh	VERB
tikhirhkhan	VERB
tikhirhkhân	VERB
tikhu	VERB
ti-khu	CCONJ
tikhuai	NOUN
tikhuan	VERB
tikhuang	VERB
tikhuar	VERB
ti-khuar	VERB
tikhuh	VERB
tikhui	VERB
ti-khui	VERB
tikhun	VERB
ti-khun	VERB
tikhup	VERB
tikhur	VERB
tikhur	ADJ
ti-khur	VERB
tikhûr	VERB
tikhura	VERB
tiki	VERB
ti-ki	VERB
tikiai	VERB
tikiam	VERB
ti-kiam	VERB
tikiang	VERB
ti-kiang	VERB
tikiar	VERB
ti-kiar	VERB
tikik	VERB
tikîk	VERB
tikikawi	VERB
tikil	VERB
tikim	NOUN
tikim	VERB
tikimchang	VERB
tikimtu	VERB
tikin	VERB
tikipkawi	VERB
tikir	VERB
ti-kir	VERB
tikîr	VERB
tikiu	VERB
ti-kiu	VERB
tiko	VERB
ti-ko	VERB
tikoham	VERB
tikozang	VERB
tikua	VERB
ti-kua	VERB
tikual	VERB
tikuam	VERB
tikul	VERB
ti-kul	VERB
tikûl	VERB
tikulcho	VERB
tikum	VERB
ti-kum	VERB
tikumhlun	VERB
tikun	VERB
ti-kun	ADJ
tikunin	VERB
tikur	NOUN
ti-kur	VERB
til	VERB
til	ADV
tila	VERB
tilaklawh	VERB
ti-laklawh	VERB
tilal	VERB
ti-lal	VERB
tilam	VERB
ti-lamdang	VERB
tilang	VERB
tilang	ADJ
ti-lang	ADJ
tilanga	VERB
tilangin	NOUN
tilangsar	VERB
tilangtu	VERB
tilap	VERB
ti-lap	VERB
tilar	NOUN
tilar	VERB
ti-lar	VERB
tilâr	VERB
tilartu	VERB
tilau	VERB
ti-lau	VERB
tilawk	VERB
tilawm	VERB
tilawm	ADJ
ti-lawm	VERB
tilâwm	VERB
tilâwma	VERB
tilawmawm	NOUN
tilawmtu	NOUN
tilâwmtu	NOUN
tilawmtute	VERB
tilâwmtute	VERB
tilawn	VERB
tilawng	VERB
ti-lawng	VERB
tilawr	VERB
ti-lawr	VERB
tileh	VERB
tilei	VERB
ti-lei	VERB
ti-lei-hnawng	VERB
tilek	VERB
ti-lek	VERB
ti-le-lo	VERB
tilem	VERB
tilemchuang	VERB
tilêmchuang	VERB
tileng	VERB
ti-leng	VERB
tilepler	VERB
tileplêr	VERB
tilepse	VERB
ti-lepse	VERB
tiler	VERB
tilet	VERB
tilet	ADJ
ti-let	VERB
tilêt	VERB
tiletin	VERB
tiletling	VERB
ti-letling	NOUN
tiletlingtute	VERB
tileu	VERB
ti-leu	NOUN
ṭilh	VERB
tilhna	VERB
ṭilhsak	VERB
tili	VERB
tiliam	VERB
ti-liam	VERB
tilian	NOUN
tilian	VERB
ti-lian	VERB
tiliantu	VERB
tilik	VERB
tiling	VERB
tiling	X
ti-ling	VERB
tilinglet	VERB
tilip	VERB
ti-lip	VERB
tilir	NOUN
tilirtu	ADJ
til-mu	ADJ
tilo	NOUN
tilpawr	ADJ
til-pawr-aw	VERB
tilpuk	ADJ
tilreha	NOUN
tilrehah	NOUN
tilrehho	ADJ
tilrehte	VERB
tilrehten	VERB
til-ril	ADJ
til-rîl	VERB
tiltiak	VERB
ṭilṭiak	VERB
țilțiak	VERB
tiltip	NOUN
tiltîp	VERB
tiltu	VERB
tilua	VERB
tiluak	VERB
tiluang	VERB
tiluhai	VERB
tiluhlul	VERB
ti-luh-lul	ADJ
tiluhlulin	VERB
tilui	NOUN
tilui	VERB
ti-lui	NOUN
tiluite	VERB
tiluitu	VERB
tilum	VERB
ti-lum	VERB
tilun	VERB
ti-lun	VERB
tilûn	VERB
tilungawi	VERB
ti-lungawi	VERB
tilungâwi	VERB
tilungchhia	VERB
ti-lungchhia	VERB
ti-lungdam	VERB
tilunghnual	VERB
tilunghnur	ADJ
tilunghnûr	NOUN
tilunghnurin	VERB
tilunghnûrtute	VERB
tilungngai	NOUN
ti-lungngai	VERB
tilungngaitu	VERB
tilungnhur	VERB
tilungnhûr	VERB
tilungni	VERB
ti-lungni	NOUN
tilungnitu	VERB
tilungpuam	VERB
tilur	VERB
tilûr	VERB
tilut	VERB
ti-lut	VERB
tilût	VERB
tilutuk	VERB
ti-lutuk	VERB
tim	VERB
tîm	VERB
ṭim	VERB
țim	VERB
ti-mak	VERB
timam	VERB
ti-mam	VERB
tîmam	VERB
timang	VERB
ti-mang	VERB
tîmang	VERB
timangang	NOUN
timangang	VERB
ti-mangang	VERB
tîmangang	ADJ
timangangin	NOUN
timangangtu	NOUN
timangangtupa	VERB
timangangtute	VERB
timanhla	VERB
tîmanhla	VERB
timar	VERB
ti-mar	VERB
tîmar	VERB
timawh	VERB
timawi	VERB
ti-mawi	VERB
tîmawi	VERB
timawih	VERB
ti-mawih	VERB
tîmawih	NOUN
timawihnai	NOUN
timawihtu	NOUN
timawitu	VERB
timâwitu	VERB
timawk	VERB
tîmawk	VERB
timawl	VERB
tîmawl	VERB
timawm	VERB
ti-mawm	VERB
tîmawm	VERB
timawng	VERB
tîmawng	VERB
timek	VERB
ti-mek	VERB
timeng	VERB
ti-meng	VERB
tîmeng	VERB
timi	VERB
timil	VERB
ti-mil	VERB
tîmil	VERB
timim	VERB
ti-mim	VERB
timîm	VERB
tîmim	VERB
timin	VERB
ti-min	VERB
tîmin	VERB
timit	VERB
ti-mit	VERB
tîmit	VERB
timsan	VERB
timu	VERB
ti-mu	VERB
tîmu	VERB
timualpho	NOUN
timualpho	VERB
ti-mualpho	NOUN
timualphotu	VERB
timualphotupa	VERB
timualphovin	VERB
timuanawm	VERB
timuang	VERB
ti-muang	VERB
tîmuang	VERB
timuangchang	VERB
tîmuangchang	VERB
timuat	VERB
timuhil	VERB
timuk	VERB
ti-muk	ADJ
timuka	VERB
timum	VERB
ti-mum	NOUN
timumal	VERB
timur	VERB
timut	VERB
ti-mut	VERB
timût	VERB
timutchhuak	ADJ
ti-muthlu	CCONJ
tin	NOUN
tin	VERB
ṭin	VERB
țin	VERB
tina	VERB
ti-na	VERB
tiná	ADJ
tinâ	VERB
tinaah	ADJ
tinah	VERB
tinahte	VERB
tin-ai-hni	VERB
tinâin	VERB
tinal	VERB
ti-nal	VERB
tinâl	VERB
tinalh	VERB
ti-nalh	VERB
tinam	VERB
tinaupang	VERB
tinawi	VERB
ti-nawi	ADJ
tinawma	VERB
tinawmna	VERB
tinawmnah	VERB
ti-nawmnah	NOUN
tinawmnahtu	VERB
tinawn	VERB
ti-nawn	VERB
tindarh	VERB
tinek	VERB
tinel	VERB
tinel	ADJ
tinelawm	VERB
ti-nelawm	VERB
tinem	VERB
tinêm	VERB
tinep	VERB
ti-nep	VERB
tinêp	VERB
ti-ner	VERB
tineu	ADV
ti-neu	NOUN
ting	NOUN
ting	VERB
tîng	NOUN
ṭing	VERB
țing	VERB
tingaihnawm	VERB
tingam	VERB
tingam	ADJ
tingang	VERB
tingap	VERB
ti-ngap	VERB
tingat	VERB
tingaw	VERB
tingawi	VERB
tingâwi	VERB
ti-ngawl	VERB
tingawng	VERB
tingawr	VERB
tingawrh	NOUN
ting-bel	NOUN
ṭing-bel	VERB
țing-bel	VERB
ting-dum	VERB
ṭing-dum	VERB
țing-dum	VERB
tingek	VERB
ti-ngek	VERB
ti-ngel	VERB
tingeng	VERB
ti-ngeng	VERB
ti-ngêng	VERB
ti-nget	VERB
ting-euh	NOUN
tinghawr	VERB
tinghehna	ADJ
tinghet	ADJ
tingheta	NOUN
tinghetin	VERB
tinghettu	VERB
tinghing	VERB
tinghîng	NOUN
ti-ngil	NOUN
tingmit	VERB
ṭingmit	VERB
țingmit	VERB
tingo	NOUN
ti-ngo	NOUN
ting-sen	NOUN
ṭing-sen	NOUN
țing-sen	NOUN
tingtang	NOUN
tingṭang	NOUN
tingțang	NOUN
ṭingtang	NOUN
ṭingṭang	NOUN
țingtang	X
țingțang	NOUN
țingțang	X
ṭingṭanga	ADJ
țingțanga	ADJ
tingtangin	ADJ
ṭingtangin	ADJ
ṭingṭangin	NOUN
țingtangin	NOUN
tingtangte	NOUN
ṭingṭangte	NOUN
țingțangte	NOUN
ting-thleng	NOUN
ṭing-thleng	VERB
țing-thleng	VERB
tingtiak	VERB
ṭingṭiak	VERB
țingțiak	VERB
tinguai	VERB
tingui	VERB
ti-ngui	NOUN
tinguitu	NOUN
tin-hmun	NOUN
ṭin-hmun	VERB
țin-hmun	VERB
tinihlawh	VERB
ti-ni-kang	VERB
tinikhualo	ADJ
ti-nil	VERB
tinin	VERB
tininawm	VERB
tining	VERB
ti-ning	NOUN
tiningnel	VERB
tinna	VERB
tino	VERB
ti-no	VERB
tinreng	ADJ
tinrêng	ADJ
tinrenga	ADJ
tinrênga	ADJ
tinrengah	ADJ
tinrêngah	ADJ
tinrêngin	ADJ
tinrengte	ADJ
tinrêngte	VERB
tinrêngten	VERB
tinsan	VERB
ṭinsan	VERB
ṭinsan	X
ṭînsan	X
ținsan	VERB
tinsanna	ADJ
ṭînsantute	ADV
tinsel	ADJ
tint	ADJ
tinte	VERB
tinten	VERB
tintir	VERB
tîntîr	VERB
ṭintir	VERB
ṭîntir	VERB
ṭîntîr	VERB
tintuah	VERB
tinu	VERB
ti-nu	VERB
ti-nual	VERB
tinuam	NOUN
tinuam	VERB
ti-nuam	ADJ
tinuamah	ADJ
tinuamtu	VERB
tinuar	VERB
ti-nuar	VERB
tinui	VERB
ti-nui	VERB
tinuihzatthlak	VERB
tinuihzatthlâk	VERB
tinung	VERB
ti-nung	NOUN
tinungtu	VERB
tinur	VERB
tinur	ADJ
tinzâwn	ADJ
tinzawna	NOUN
tinzâwnah	ADJ
tinzawnna	NOUN
tinzingah	NOUN
tin-zu	NOUN
ṭin-zu	VERB
țin-zu	VERB
tipa	VERB
tipachang	VERB
tipachhia	VERB
tipah	VERB
ti-pah	VERB
tipai	VERB
ti-pai	VERB
tipalh	VERB
ti-palh	NOUN
tipalhtu	VERB
tipamhmai	VERB
ti-pamhmai	VERB
tipan	VERB
ti-pan	VERB
tipangchang	VERB
ti-pangchang	VERB
tipar	VERB
ti-par	VERB
tiparh	VERB
ti-parh	VERB
ti-pat-ek	VERB
ti-pât-ek	VERB
tipaukhauh	VERB
ti-paukhauh	VERB
tipaw	VERB
tipawi	VERB
ti-pawi	VERB
tipawk	VERB
ti-pawk	VERB
tipawl	VERB
ti-pawl	VERB
tipawlh	VERB
ti-pawlh	VERB
ti-pawm	VERB
tipawn	VERB
tipawng	VERB
ti-pawng	VERB
tipawnlang	VERB
ti-pawnlang	VERB
tipawp	VERB
ti-pawp	ADJ
tipawpa	VERB
tipawr	VERB
ti-pawr	VERB
ti-pawrh	VERB
ti-pawrhso	VERB
tipe	VERB
ti-pe	VERB
tipeh	VERB
ti-peh	VERB
tipelh	VERB
ti-pel-he	VERB
ti-pel-hê	VERB
ti-pelhsawlh	VERB
tipem	VERB
ti-pem	NOUN
tipemtu	VERB
tipeng	VERB
ti-peng	VERB
tipêng	VERB
tiper	VERB
ti-perh	VERB
ti-phai	VERB
ti-phak	VERB
ti-phal	VERB
ti-phan	VERB
ti-phar	NOUN
tipharh	VERB
tipharhtu	VERB
ti-phawi	VERB
ti-phawk	VERB
tiphawklek	VERB
ti-phawklek	VERB
tiphe	VERB
ti-phe	VERB
ti-phei	VERB
tiphek	VERB
ti-phek	VERB
tiphel	VERB
ti-phel	VERB
ti-phen	VERB
tipheng	NOUN
tipherh	VERB
tiphetu	VERB
ti-phi	VERB
ti-phiar	VERB
ti-phili	VERB
ti-phim	VERB
ti-phir	VERB
ti-phit	VERB
tiphu	VERB
ti-phu	VERB
tiphuai	VERB
tiphuan	VERB
ti-phuan	VERB
tiphuanin	VERB
tiphui	VERB
ti-phui	VERB
ti-phuisui	VERB
ti-phul	VERB
tiphûl	VERB
ti-phum	VERB
tiphur	VERB
tiphur	ADJ
ti-phur	VERB
tiphûr	NOUN
tiphûr	VERB
tiphurin	VERB
tiphurtu	VERB
ti-phut	VERB
ti-piah	VERB
ti-pial	VERB
tipiangsual	VERB
ti-piangthar	VERB
ti-pik	VERB
tipil	VERB
ti-pil	VERB
tipilh	VERB
tiping	VERB
ti-ping	NOUN
tipingtu	ADJ
ti-pir	VERB
tipira	VERB
tipuak	NOUN
ti-puak	ADJ
tipuaka	ADJ
tipuaktu	VERB
tipuaktua	VERB
tipual	VERB
tipuam	VERB
ti-puam	VERB
tipuang	VERB
tipuar	VERB
ti-puar	ADJ
tipuarin	NOUN
tipuitling	VERB
tipuitlingtu	VERB
ti-puk	VERB
tipum	NOUN
ti-pum	VERB
tipumkhat	VERB
tipumkhattu	VERB
tipun	VERB
tipûn	VERB
tipung	ADJ
ti-pung	ADJ
tipunga	NOUN
tipungin	VERB
tipungtu	VERB
tipunlun	VERB
ti-put	VERB
tipût	VERB
tir	VERB
tira	NOUN
tîra	ADJ
tirah	VERB
ti-rah	VERB
tîrah	VERB
tirai	VERB
ti-rak	VERB
tiral	VERB
ti-ral	NOUN
tiralin	VERB
ti-ralti	VERB
tirâlṭi	VERB
tirâlṭî	NOUN
tirâlți	NOUN
tirâlṭitute	VERB
tirâlțitute	NOUN
ti-ram	VERB
tiramtu	VERB
tirang	VERB
ti-rang	VERB
ti-rap	VERB
ti-rapthlak	VERB
tirau	INTJ
ti-rau	VERB
tiraukhauh	INTJ
tiraw	VERB
tirawh	VERB
ti-rawih	VERB
ti-rawk	VERB
ti-rawl	VERB
ti-rawm	VERB
ti-rawn	VERB
tirawp	VERB
ti-rawp	VERB
ti-rawt	NOUN
ti-reh	VERB
tirehtu	VERB
tirei	VERB
ti-rei	VERB
ti-rek	VERB
ti-relh	VERB
tirem	VERB
ti-rem	VERB
tirêm	VERB
tiremchang	VERB
ti-rep	VERB
tirethei	NOUN
tirethei	VERB
tiretheih	NOUN
tiretheihna	NOUN
tiretheitute	VERB
tîretheitute	VERB
tirh	VERB
tîrh	VERB
tirha	ADJ
tirhah	ADJ
tirhchhiah	ADJ
tirhchhiahho	VERB
tirhchhiahte	ADJ
tirhchhuah	VERB
tirhin	VERB
tirhkah	NOUN
tirhkoh	NOUN
tirhkohho	NOUN
tirhkohhote	NOUN
tirhkohte	ADJ
tirhkohten	ADJ
tirhkohva	ADJ
tirhkohvah	NOUN
tirhkohvin	ADJ
tirhna	VERB
tirhnaah	NOUN
tirhsak	NOUN
tirhte	NOUN
tîrhte	VERB
tirhten	VERB
tiri	NOUN
ti-ri	ADJ
tiril	VERB
tirilah	VERB
tirilru	VERB
ti-rilru	VERB
tiriltam	ADJ
ti-riltam	VERB
ti-riltâm	VERB
tirim	VERB
tirima	NOUN
ti-rimnam	VERB
tirimtu	ADJ
tirimtui	ADJ
tirin	VERB
ti-rin	NOUN
tîrin	VERB
tirinawm	ADJ
tiringtu	VERB
tirinhlelhawm	VERB
ti-rip	VERB
tiriral	VERB
ti-riral	VERB
tirîral	VERB
ti-rit	NOUN
tirlui	VERB
tirna	VERB
tiro	VERB
ti-ro	VERB
tiropui	NOUN
ti-ropui	NOUN
tiropuitu	NOUN
tirte	NOUN
tîrte	NOUN
tirtu	ADJ
tîrtu	ADJ
tirtuin	NOUN
tîrtuin	NOUN
tirtute	INTJ
tîrtute	VERB
tiru	VERB
ti-ru	VERB
tiruak	NOUN
ti-ruak	ADJ
tiruakin	ADJ
tiruaktute	ADJ
tiruaktuten	VERB
tirual	VERB
ti-rual	NOUN
ti-rualawt	VERB
tirualkhaitu	VERB
tirualrem	VERB
ti-rualrem	VERB
ti-ruam	VERB
tiruh	VERB
tirui	VERB
ti-rui	VERB
tirûi	VERB
tirum	VERB
ti-rum	VERB
ti-runthlak	VERB
ti-runthlâk	ADJ
ti-rura	VERB
tirzat	VERB
ti-sa	VERB
tisâ	VERB
tîsa	NOUN
tîsâ	ADJ
tisaa	ADJ
tîsaa	ADJ
tîsâa	ADJ
tisaah	ADJ
tîsaah	VERB
tîsâah	ADJ
ti-sahhai	VERB
tîsâin	ADJ
ti-sak	VERB
tisakhat	VERB
ti-sam	ADJ
ti-san	ADJ
tîsâna	ADJ
tisang	VERB
tisâng	NOUN
tisaruak	NOUN
tisate	VERB
tîsate	VERB
ti-sau	VERB
ti-sawi	VERB
ti-sawk	VERB
ti-sawl	VERB
tisawm	VERB
ti-sawm	VERB
tisâwm	VERB
tisawn	VERB
tisawng	VERB
ti-sawng	VERB
tisâwng	VERB
tisawp	VERB
ti-sawp	VERB
ti-sawr	VERB
tisawt	VERB
ti-sawt	VERB
tisei	VERB
ti-seihleih	VERB
tiseilian	VERB
tisen	VERB
ti-sen	ADJ
tisenin	ADJ
ti-ser	VERB
tisesen	VERB
ti-seu	VERB
ti-sik	VERB
tisil	VERB
tisilawng	NOUN
tisilawng	VERB
tisiltu	VERB
ti-sim	VERB
ti-sin	VERB
ti-sise	VERB
ti-so	VERB
ti-suakbak	VERB
ti-suakbâk	VERB
tisual	ADJ
ti-sual	ADJ
tisuala	ADJ
tisualah	ADJ
tisualin	NOUN
tisualte	ADJ
tisualtu	NOUN
tisualtuah	VERB
tisualtute	VERB
ti-suk	ADV
ti-sukuk	VERB
tit	VERB
ṭit	VERB
țit	VERB
tita	VERB
titaidarh	VERB
ti-taidarh	NOUN
titaidarhtu	VERB
titaitam	VERB
tiṭaiṭam	VERB
tițaițam	VERB
titak	ADJ
ti-tak	VERB
titaka	VERB
titakzetin	VERB
ti-tal	VERB
ti-talh	VERB
titam	VERB
ti-tam	ADJ
titamin	VERB
titan	VERB
ti-tan	VERB
tiṭan	VERB
tițan	VERB
titang	VERB
ti-tang	VERB
ti-tangkhang	VERB
titangrual	VERB
titap	VERB
ti-tap	VERB
tiṭap	VERB
titar	VERB
ti-tar	VERB
titau	VERB
ti-tau	ADJ
titawh	VERB
titawi	VERB
ti-tawi	VERB
titâwi	VERB
titawih	ADJ
ti-tawih	VERB
tiṭawih	NOUN
tiṭawihin	VERB
tiṭawihtu	VERB
titawk	VERB
ti-tawk	VERB
titawl	VERB
ti-tawl	VERB
titawm	VERB
ti-tawm	VERB
ti-tawn	VERB
titawng	VERB
ti-tawngchham	VERB
titawp	VERB
ti-tawp	VERB
titàwp	ADJ
titâwp	ADJ
titawpa	NOUN
titâwpin	NOUN
titawpna	VERB
titawptu	VERB
ti-tawt	VERB
tite	VERB
ti-te	VERB
titê	VERB
tîte	VERB
titêin	NOUN
titek	VERB
tit-ek	NOUN
ti-tek	VERB
ṭit-ek	VERB
țiț-ek	VERB
titel	VERB
titenawm	VERB
ti-teng	VERB
ti-tep	VERB
titer-at	VERB
titet	VERB
ti-tet	VERB
titeu	VERB
ti-teu	ADJ
ti-teuh	ADJ
titha	VERB
titha	ADJ
ti-tha	VERB
tiṭha	ADJ
tiṭhâ	VERB
tițha	VERB
tithafamkim	VERB
tithaho	VERB
tithak	VERB
ti-thak	VERB
tithal	VERB
ti-thal	VERB
ti-thamral	VERB
tithang	VERB
ti-thang	VERB
tithâng	VERB
tithangmawi	VERB
tithangtlawm	ADJ
tithangtlâwm	VERB
tithankin	VERB
tithap	VERB
ti-thap	VERB
tithar	VERB
tithar	ADJ
ti-thar	VERB
titharlam	ADJ
tithate	ADJ
tiṭhate	VERB
tițhate	VERB
tithatho	NOUN
tithathotu	VERB
tithatute	VERB
tithau	VERB
ti-thau	VERB
tithaw	VERB
tithawi	VERB
ti-thawi	VERB
tithawkmawh	VERB
tithawl	VERB
ti-thawl	VERB
tithawmna	VERB
tithawng	VERB
tithâwng	VERB
tiṭhâwng	VERB
tithawp	VERB
ti-thawp	VERB
tithâwp	VERB
ti-thawt	VERB
tithawveng	VERB
tithei	NOUN
ti-thei	VERB
titheia	VERB
titheitu	VERB
ti-thelh	VERB
tithelthaw	VERB
tithelthawl	VERB
tithem	VERB
ti-them	VERB
ti-themlem	VERB
ti-themthiam	VERB
ti-themthum	VERB
tithen	VERB
ti-then	VERB
tithên	VERB
tiṭhen	VERB
tithengthaw	NOUN
ti-thengthawng	NOUN
tithentu	VERB
tiṭhentu	VERB
tithep	VERB
tither	VERB
ti-ther	VERB
ti-theuh	VERB
ti-theuneu	VERB
tithi	VERB
ti-thi	VERB
tithiam	VERB
ti-thiam	VERB
tithiang	VERB
tithianghlim	NOUN
tithianghlim	VERB
tithianghlimtu	VERB
tithianglim	VERB
tithil	VERB
tithim	VERB
tithim	ADJ
ti-thim	NOUN
tithimtu	VERB
tithin	VERB
ti-thin	VERB
tithingbar	VERB
tithinrim	NOUN
tithinrim	VERB
ti-thinrim	ADJ
tithinrimin	VERB
tithinrimtu	VERB
tithinur	NOUN
tithinur	VERB
ti-thinur	NOUN
tithinurtu	VERB
tithinurtute	VERB
tithip	VERB
ti-thip	VERB
ti-thîp	VERB
tithir	VERB
tithitlin	VERB
tithitling	VERB
tithla	VERB
ti-thla	VERB
tithlabar	NOUN
tithlabâr	NOUN
tithlabartu	VERB
tithlabârtu	VERB
tithlamuang	NOUN
tithlamuang	VERB
ti-thlamuang	ADJ
tithlamuangin	VERB
tithlamuangtu	VERB
tithlan	VERB
tithlang	VERB
ti-thlang	VERB
tithlap	VERB
ti-thlap	VERB
ti-thlaphang	VERB
tithlaphâng	VERB
ti-thlaphâng	VERB
ti-thlar	NOUN
tithlarh	VERB
tithlatu	VERB
tithlau	VERB
ti-thlau	VERB
ti-thlawi	VERB
tithlawk	VERB
ti-thlawk	VERB
tithlawn	VERB
ti-thlawn	VERB
tithlâwn	VERB
tithlawr	VERB
ti-thlawr	VERB
ti-thlawt	VERB
tithle	VERB
ti-thle	VERB
ti-thleh	VERB
ti-thlek	VERB
ti-thlen	VERB
tithleng	VERB
ti-thleng	VERB
tithlep	VERB
ti-thlep	VERB
tithler	VERB
tithler	ADJ
ti-thler	VERB
tithlêr	VERB
tithlêrin	VERB
tithlu	VERB
ti-thlu	VERB
ti-thluak	VERB
ti-thluam	VERB
ti-thluang	VERB
tithlum	VERB
tithlur	VERB
ti-thlur	VERB
tithlurh	VERB
titho	VERB
ti-tho	VERB
tithoh	VERB
tithu	VERB
ti-thu	VERB
ti-thuah	VERB
ti-thuai	VERB
ti-thuak	VERB
tithuanawp	VERB
ti-thuanawp	VERB
tiṭhuanawp	VERB
tithuanthu	VERB
tithui	VERB
ti-thui	VERB
tithuk	VERB
ti-thuk	VERB
tithûk	VERB
tithulh	VERB
ti-thulh	VERB
ti-thum	VERB
tiṭhum	VERB
tițhum	VERB
ti-thung	VERB
ti-thup	VERB
tithur	VERB
ti-thur	VERB
ti-thut	VERB
titi	VERB
titî	VERB
tìti	VERB
tìtì	VERB
tîti	VERB
tîtî	VERB
titia	VERB
titiah	VERB
titiak	ADJ
ti-tiak	VERB
tiṭiakin	VERB
titial	VERB
ti-tial	VERB
titiau	VERB
ti-tiau	VERB
tiṭiau	NOUN
tițiau	NOUN
titiautu	ADJ
tițiautu	ADJ
tiṭiauvin	VERB
tițiauvin	ADJ
titiavai	VERB
titih	NOUN
titihbaiawm	ADJ
titiho	VERB
titiin	VERB
titil	VERB
titim	VERB
ti-tim	VERB
ti-tîm	VERB
tiṭim	NOUN
titina	VERB
titing	VERB
titipui	VERB
tìtìpui	ADJ
tîtîpui	ADJ
titir	VERB
ti-tir	VERB
titîr	ADJ
tîtîte	VERB
titla	VERB
ti-tla	VERB
titlai	NOUN
titlai	VERB
titlaitu	VERB
titlan	ADJ
titlânchhe	VERB
titlang	VERB
ti-tlang	VERB
titlanglawn	VERB
titlangnel	VERB
ti-tlar	ADJ
titlaran	VERB
titlarantuten	VERB
ti-tlat	VERB
ti-tlau	VERB
titlawh	VERB
titlawhtlaw	VERB
titlawk	VERB
ti-tlawk	VERB
titlawm	NOUN
ti-tlawm	VERB
titlâwm	VERB
titlâwmtu	VERB
titlawn	NOUN
ti-tlawn	VERB
titlawr	VERB
ti-tlawr	VERB
ti-tlawva	VERB
title	VERB
ti-tle	VERB
titlei	VERB
ti-tlei	VERB
titlem	VERB
titlem	ADJ
ti-tlem	VERB
titlêm	ADJ
titlemin	VERB
titlêmin	VERB
titleng	VERB
ti-tleng	VERB
titler	VERB
ti-tler	VERB
ti-tlet	VERB
titleu	VERB
ti-tleu	VERB
titliak	NOUN
titliak	VERB
ti-tliak	ADJ
titliakin	VERB
titliaktu	VERB
ti-tliang	VERB
titling	VERB
titlingtla	VERB
titlir	VERB
titlo	VERB
ti-tlo	VERB
titlu	VERB
ti-tlu	VERB
titlû	VERB
titlua	VERB
titluak	VERB
ti-tluak	VERB
titluan	VERB
titluang	VERB
ti-tluang	VERB
titluantling	VERB
ti-tluk	VERB
titlum	VERB
ti-tlum	VERB
titlun	VERB
titlung	VERB
titlur	VERB
titlut	NOUN
ti-tlut	NOUN
titlutu	VERB
titlutûah	VERB
tito	VERB
ti-to	VERB
ti-toh	VERB
ṭi-ṭoh	NOUN
ți-țoh	NOUN
titu	ADJ
titua	ADJ
titûa	VERB
tituah	NOUN
tituah	VERB
ti-tuah	VERB
tituai	VERB
ti-tuai	VERB
tîtuai	VERB
ti-tuaithar	VERB
tituak	VERB
ti-tuak	VERB
ti-tuallim	VERB
tituanfum	VERB
tituanrang	VERB
tituat	VERB
ti-tuat	VERB
tituau	NOUN
ti-tuau	ADJ
tituho	VERB
titui	VERB
ti-tui	VERB
tituihul	VERB
tituiral	NOUN
tituirîl	VERB
tituitu	VERB
titul	VERB
ti-tul	VERB
titûl	VERB
titul-zum	VERB
titum	VERB
titung	NOUN
ti-tung	VERB
ti-tur	NOUN
titute	ADJ
titûte	VERB
tituten	VERB
tituvu	VERB
ti-uai	VERB
ti-uak	VERB
ti-ualau	VERB
ti-ual-au	VERB
ti-uang	ADJ
ti-uap	VERB
tiuar	VERB
ti-uar	VERB
ti-uchuak	VERB
ti-u-chuak	VERB
ti-uiawm	VERB
ti-uih	VERB
ti-uk	VERB
tiul	VERB
ti-ul	VERB
tiulh	VERB
ti-ulh	VERB
ti-um	VERB
ti-un	VERB
tiung	VERB
ti-ung	VERB
ti-up	VERB
ti-ûp	VERB
ti-urh	VERB
tiurhsun	NOUN
ti-urhsun	VERB
ti-urhsûn	NOUN
tiurtu	VERB
tiurtute	VERB
ti-ut	VERB
ti-ût	VERB
ti-vai	VERB
tivâi	VERB
ti-vak	VERB
ti-val	NOUN
ti-vam	NOUN
tivamtu	VERB
tivâmtu	VERB
ti-vang	VERB
ti-vap	VERB
tivar	VERB
ti-var	VERB
tivâr	VERB
tivara	VERB
tivarin	NOUN
tivârin	NOUN
tivartu	VERB
tivârtu	VERB
ti-vat	VERB
ti-vauk	VERB
ti-vawih	VERB
ti-vawk	VERB
ti-vawng	VERB
ti-vawr	VERB
tivawt	VERB
ti-vawt	VERB
ti-vei	ADJ
ti-veikhawr	VERB
tivek	VERB
ti-vek	VERB
ti-veng	VERB
tivet	VERB
ti-vet	VERB
tivêt	VERB
tivial	VERB
ti-vik	VERB
ti-vin	VERB
tivir	VERB
ti-vir	VERB
tivoh	ADJ
tivuai	VERB
tivuaia	VERB
tivuh	VERB
tivui	VERB
ti-vui	NOUN
tivuitu	VERB
ti-vul	VERB
tivum	VERB
ti-vum	VERB
tivung	VERB
ti-vung	VERB
tivûng	VERB
ti-vut	VERB
tiza	VERB
tizahawm	NOUN
tizahawm	VERB
tizahawmtu	VERB
tizahtlak	VERB
tizahtlâk	VERB
tizai	VERB
ti-zai	VERB
tizak	NOUN
tizak	VERB
ti-zak	ADJ
tizakin	VERB
tizaktu	VERB
tizal	VERB
ti-zal	VERB
tizam	VERB
ti-zam	VERB
tizâm	VERB
ti-zâm	VERB
tizan	VERB
tizàn	VERB
tizang	VERB
ti-zang	VERB
tizâng	VERB
ti-zâng	VERB
tizangkhai	VERB
ti-zangkhai	VERB
tizângkhai	VERB
ti-zângkhai	VERB
tizar	VERB
ti-zar	VERB
tizau	VERB
ti-zau	VERB
tizâu	NOUN
tizauthau	VERB
tizautu	VERB
tizawi	VERB
ti-zawi	VERB
ti-zawih	VERB
ti-zawk	VERB
tizawl	VERB
ti-zawl	VERB
tizawm	VERB
ti-zawm	VERB
tizâwm	VERB
tizawn	VERB
ti-zawn	VERB
tizawngchhang	VERB
ti-zawngchhang	VERB
tizawp	VERB
ti-zawp	VERB
tizawr	VERB
ti-zawr	VERB
tizei	VERB
ti-zek	VERB
ti-zel	VERB
tizem	VERB
ti-zem	VERB
ti-zen	VERB
tizeng	VERB
tizep	VERB
ti-zep	VERB
ti-zet	VERB
ti-zeuh	VERB
tiziaawm	VERB
tizial	VERB
ti-zial	VERB
tiziau	VERB
ti-ziau	VERB
tizim	VERB
ti-zim	VERB
tizîm	VERB
tizing	VERB
ti-zing	VERB
tizip	VERB
ti-zip	VERB
tizîp	VERB
tizit	VERB
ti-zit	ADJ
tizît	VERB
tizuai	VERB
ti-zuai	VERB
tizual	NOUN
ti-zual	VERB
tizualkai	NOUN
tizualkaitu	ADJ
tizualtu	VERB
tizualtua	VERB
ti-zuau	VERB
tizui	VERB
tizuih	VERB
ti-zuih	VERB
tizuk	VERB
ti-zuk	VERB
tizûk	VERB
tizum	VERB
ti-zum	VERB
tizung	VERB
ti-zung	VERB
tizur	VERB
ti-zur	VERB
tizûr	VERB
tizuva	VERB
tizuzi	VERB
tla	VERB
tlaah	VERB
tlabal	NOUN
tlabal	ADJ
tlabung	VERB
tlachham	ADJ
tlachhama	NOUN
tlachhamin	VERB
tlachhamte	VERB
tlachhe	VERB
tlachhia	ADJ
tladah	NOUN
tladung	NOUN
tlah	ADJ
tlaha	VERB
tlahawlh	ADJ
tla-hawlh	ADJ
tlahlang	VERB
tla-hlang	VERB
tla-hlang	ADJ
tlahlau	VERB
tlahliam	VERB
tlahlum	ADJ
tla-hlum	VERB
tlahniam	NOUN
tlahniamin	VERB
tlah-pawi	VERB
tla-hrang	ADJ
tlahthi	ADJ
tlai	NOUN
tlai	VERB
tlai	ADJ
tlâi	ADV
tlaia	ADJ
tlâia	ADJ
tlaiah	NOUN
tlâiah	NOUN
tlaiberh	NOUN
tlaiberh	ADJ
tlaichaw	ADJ
tlaiin	ADJ
tlaikhaw	ADJ
tlaikhuain	ADJ
tlailam	ADJ
tlâilam	NOUN
tlâin	NOUN
tlaina	ADJ
tlâina	VERB
tlaipuar	ADJ
tlai-puar	NOUN
tlaipuarte	NOUN
tlai-sial	ADJ
tlai-tlan	VERB
tlaitluan	ADJ
tlaitluana	ADJ
tlaitluanin	VERB
tlaivar	VERB
tlaivár	VERB
tlaivàr	NOUN
tlaivâr	NOUN
tlaivarna	ADJ
tlaizawng	ADJ
tlak	NOUN
tlak	VERB
tlak	ADV
tlâk	NOUN
tlâk	VERB
tlâk	ADV
tlaka	ADJ
tlâka	ADJ
tlakah	NOUN
tlâkah	NOUN
tlak-al	NOUN
tlak-awrh	VERB
tlâk-awrh	VERB
tlakbal	VERB
tlâkbal	VERB
tlakbalna	VERB
tlâkbalna	VERB
tlakbuak	VERB
tlakbuak	ADJ
tlâkbuak	VERB
tlâkbuak	ADJ
tlakbuakah	ADJ
tlâkbuakin	ADJ
tlakchham	ADJ
tlâkchham	NOUN
tlâkchham	VERB
tlãkchham	VERB
tlakchhama	NOUN
tlakchhamna	ADJ
tlâkchhamna	ADJ
tlakchhamnaa	ADJ
tlâkchhamnaa	ADJ
tlakchhamnaah	ADJ
tlâkchhamnaah	ADJ
tlakchhamnain	ADJ
tlâkchhamnain	VERB
tlakchhamnate	VERB
tlakchhamtir	ADJ
tlâkchhamtir	VERB
tlâkchhamzia	VERB
tlakchhiat	NOUN
tlâkchhiat	NOUN
tlakchhiatna	ADJ
tlâkchhiatna	ADJ
tlak-deng	VERB
tlak-deng	ADJ
tlak-dêng	VERB
tlak-dêng	ADJ
tlâk-deng	VERB
tlâk-dêng	VERB
tlakhawlh	VERB
tlâkhawlh	ADJ
tlak-hlang	NOUN
tlak-hlang	VERB
tlakhniam	NOUN
tlakhniamna	ADJ
tlâkhniamna	ADJ
tlakin	VERB
tlâkin	VERB
tlak-lam	NOUN
tlâk-lam	NOUN
tlak-lei	NOUN
tlakna	X
tlâkna	X
tlaknaa	VERB
tlaknaah	VERB
tlakpui	VERB
tlakral	VERB
tlakran	NOUN
tlakran	VERB
tlâkran	NOUN
tlakranna	VERB
tlâkranna	VERB
tlak-sual	ADJ
tlâk-sual	ADJ
tlakte	VERB
tlâkte	VERB
tlak-thlak	VERB
tlâk-thlâk	VERB
tlaktir	VERB
tlaktîr	VERB
tlâktir	ADJ
tlâktîr	ADJ
tlaktlai	ADJ
tlaktlâi	ADJ
tlâktlai	VERB
tlâktlâi	VERB
tlaktlailo	ADJ
tlâktlailo	NOUN
tlâktlailote	NOUN
tlaktlaina	VERB
tlâktlaina	VERB
tlaktluan	VERB
tlâktluan	VERB
tlaktlum	VERB
tlâktlum	VERB
tlalam	ADJ
tla-lok	NOUN
tlam	NOUN
tlam	ADJ
tlâm	ADJ
tlan	VERB
tlân	VERB
tlana	VERB
tlâna	VERB
tlanbo	VERB
tlânbo	ADJ
tlanbopui	ADJ
tlanbosan	NOUN
tlânbosan	VERB
tlanbote	ADJ
tlanbotir	NOUN
tlanchak	VERB
tlanchakna	NOUN
tlanchakpui	ADJ
tlanchakte	VERB
tlanchhawk	VERB
tlanchhe	ADJ
tlan-chhe	VERB
tlânchhe	NOUN
tlân-chhe	VERB
tlânchheho	VERB
tlânchhepa	VERB
tlanchhia	VERB
tlanchhia	ADJ
tlânchhia	VERB
tlânchhia	ADJ
tlânchhiaa	ADJ
tlanchhiain	ADJ
tlanchhiat	ADJ
tlânchhiat	NOUN
tlânchhiata	NOUN
tlanchhiate	NOUN
tlânchhiate	NOUN
tlanchhiatna	VERB
tlânchhiatna	VERB
tlanchhiatpui	VERB
tlanchhiatsan	ADJ
tlânchhiatsan	VERB
tlanchhiatsana	VERB
tlanchhiattir	VERB
tlânchhiattir	VERB
tlânchhiattîr	NOUN
tlanchhuah	NOUN
tlanchhuahna	VERB
tlânchhuahna	VERB
tlanchhuahpui	ADJ
tlanchhuahsan	VERB
tlanchhuahte	VERB
tlanchhuak	NOUN
tlânchhuak	NOUN
tlanchhuakte	ADJ
tlanchhuaktu	ADJ
tlanfal	ADJ
tlang	NOUN
tláng	VERB
tlâng	NOUN
tlanga	ADJ
tlânga	ADJ
tlangah	ADJ
tlângah	ADJ
tlangahte	ADJ
tlângahte	ADJ
tlângan	ADJ
tlangarh	ADJ
tlangau	NOUN
tlangau	ADV
tlângau	NOUN
tlângâu	NOUN
tlangauna	VERB
tlangâuna	VERB
tlangaupui	VERB
tlangâupui	VERB
tlângaupui	ADJ
tlângâupui	ADJ
tlangaupuia	NOUN
tlangaupuiin	NOUN
tlangaupuina	NOUN
tlangaupuitu	ADJ
tlângaupuitu	VERB
tlangaupuituah	VERB
tlângautir	ADJ
tlângautîr	ADJ
tlangauvin	ADJ
tlangbanah	ADJ
tlângchhîp	ADJ
tlangchhipa	ADJ
tlângchhîpa	ADJ
tlângchhipah	ADJ
tlang-chhuak	NOUN
tlang-chhuak	VERB
tlâng-chhuak	NOUN
tlâng-chhuak	VERB
tlang-chil	ADJ
tlâng-chil	NOUN
tlangdung	NOUN
tlang-dung	ADJ
tlâng-dung	ADJ
tlangdunga	ADJ
tlângdunga	NOUN
tlangdungah	NOUN
tlang-hna	ADJ
tlâng-hna	ADJ
tlang-hrai	VERB
tlâng-hrai	VERB
tlang-hri	ADJ
tlâng-hri	ADJ
tlang-hriat	ADJ
tlâng-hriat	ADJ
tlangin	ADJ
tlângin	ADJ
tlangkam	ADJ
tlang-kam	NOUN
tlang-kam	ADJ
tlâng-kam	NOUN
tlâng-kam	ADJ
tlangkang	VERB
tlangkangin	VERB
tlangkawm	NOUN
tlângkâwm	NOUN
tlangkawmna	ADJ
tlângkawmna	ADJ
tlangkawmnaah	NOUN
tlângkâwmte	NOUN
tlanglam	NOUN
tlânglâm	NOUN
tlanglau	NOUN
tlânglau	NOUN
tlanglau-bawm	ADJ
tlânglau-bawm	ADJ
tlanglawn	VERB
tlang-lawn	NOUN
tlang-lawn	VERB
tlanglâwn	NOUN
tlâng-lawn	NOUN
tlâng-lawn	VERB
tlânglâwn	ADJ
tlanglawnmi	NOUN
tlangmawi	VERB
tlangmite	VERB
tlangnel	NOUN
tlangnel	VERB
tlangnêl	VERB
tlangnêl	ADJ
tlângnel	VERB
tlângnêl	VERB
tlangnelna	ADJ
tlangnuam	NOUN
tlangpalh	NOUN
tlang-pang	ADJ
tlâng-pang	NOUN
tlangparh	NOUN
tlang-pawng	ADJ
tlâng-pâwng	ADJ
tlangphal	NOUN
tlangphal	VERB
tlângphal	NOUN
tlângphal	VERB
tlang-phen	NOUN
tlâng-phen	NOUN
tlangpui	ADV
tlângpui	ADV
tlangpuina	ADJ
tlangpuite	ADJ
tlangrama	ADJ
tlângrama	ADJ
tlangramah	NOUN
tlângramah	NOUN
tlang-rel	NOUN
tlang-rêl	NOUN
tlâng-rel	NOUN
tlâng-rêl	NOUN
tlangsam	NOUN
tlângsam	NOUN
tlangsamah	NOUN
tlang-samho	ADJ
tlâng-samho	ADJ
tlangsan	ADJ
tlângsân	ADJ
tlangsang	ADJ
tlangsâng	ADJ
tlângsâng	ADJ
tlangsângahte	ADJ
tlangsum	ADJ
tlângsum	ADJ
tlangte	NOUN
tlangtê	NOUN
tlângte	NOUN
tlângte	ADJ
tlângtê	ADJ
tlangtea	ADJ
tlângtête	VERB
tlang-thang	NOUN
tlângthang	VERB
tlâng-thang	VERB
tlangthanna	VERB
tlangthantir	VERB
tlangthantir	ADJ
tlângthantir	ADJ
tlangthara	NOUN
tlangtheih	NOUN
tlang-thut	NOUN
tlang-ṭhut	NOUN
tlâng-thut	ADJ
tlâng-ṭhut	VERB
tlangtin	VERB
tlangtir	VERB
tlangtîr	NOUN
tlângtir	NOUN
tlangtîrna	NOUN
tlangtla	VERB
tlângtla	VERB
tlangtlak	NOUN
tlângtlâk	VERB
tlangtlakna	VERB
tlangtlir	VERB
tlângtlir	ADJ
tlangtu	ADJ
tlangtuin	ADJ
tlangval	VERB
tlangval	ADJ
tlangvál	ADJ
tlangvâl	NOUN
tlângval	VERB
tlangvala	NOUN
tlangvâla	NOUN
tlangvalho	NOUN
tlangvâlho	NOUN
tlangvalhote	ADJ
tlangvâlhote	ADJ
tlangvâlhoten	ADJ
tlangvâlhovin	ADJ
tlangvalin	NOUN
tlangvâlin	NOUN
tlangvalna	NOUN
tlangval-pa	NOUN
tlangval-pui	NOUN
tlangvalte	NOUN
tlangvâlte	ADJ
tlângvâlte	ADJ
tlangvalteah	ADJ
tlangvalten	ADJ
tlangvâlten	ADJ
tlângvêl	NOUN
tlangvuak	VERB
tlang-zai	VERB
tlangzarh	NOUN
tlangzarh	ADJ
tlangzarha	ADJ
tlangzarhna	ADJ
tlangzarhnaah	NOUN
tlangzarhte	NOUN
tlang-zilh	VERB
tlang-zilh	ADJ
tlâng-zilh	VERB
tlâng-zilh	ADJ
tlang-zum	NOUN
tlang-zum	VERB
tlang-zum	ADJ
tlâng-zum	NOUN
tlâng-zum	VERB
tlâng-zum	ADJ
tlanin	ADJ
tlânin	ADJ
tlankawng	ADJ
tlankawnga	VERB
tlankawngah	NOUN
tlankhalh	NOUN
tlankualna	NOUN
tlanna	NOUN
tlanna	ADJ
tlânna	VERB
tlannaah	NOUN
tlanpel	NOUN
tlanpui	VERB
tlànpui	NOUN
tlânpui	NOUN
tlânpui	VERB
tlanpuitu	NOUN
tlanpuitute	NOUN
tlânpuitute	VERB
tlansaktu	VERB
tlansan	ADJ
tlânsan	ADJ
tlansana	NOUN
tlansanin	NOUN
tlansantu	ADJ
tlânsantu	ADJ
tlansâte	NOUN
tlansiak	ADJ
tlansiakna	ADJ
tlansiakpui	VERB
tlansiakpuia	VERB
tlan-tau	NOUN
tlân-tau	VERB
tlante	VERB
tlantir	NOUN
tlântîr	NOUN
tlantirtu	NOUN
tlantu	ADJ
tlantute	ADJ
tlar	NOUN
tlar	VERB
tlar	ADJ
tlara	VERB
tlarah	VERB
tlaran	VERB
tlaran	ADJ
tlarau	ADJ
tlarhma	ADJ
tlarhmaah	ADJ
tlarhnung	ADJ
tlarhnungah	NOUN
tlarin	ADJ
tlarna	VERB
tlarte	VERB
tlartîr	VERB
tla-sam	ADV
tla-sual	VERB
tlat	VERB
tlata	NOUN
tlatdah	NOUN
tlate	ADJ
tlâte	VERB
tlaten	VERB
tla-thla	ADJ
tlat-hran	VERB
tlatin	VERB
tlatlum	NOUN
tlatlum	ADJ
tlatna	ADJ
tlatnaah	VERB
tlatnate	ADJ
tlat-sam	VERB
tlatte	VERB
tlattir	NOUN
tlattîr	NOUN
tlattirna	NOUN
tlattîrna	NOUN
tlattu	ADJ
tlattute	ADV
tlau	NOUN
tlau	VERB
tlau	ADJ
tlauh	ADJ
tlaw	VERB
tlaw	ADJ
tlâw	ADV
tlawh	VERB
tlawhchhan	VERB
tlawhchhan	ADJ
tlawhchhana	VERB
tlawhchhanin	VERB
tlawhchhuah	ADJ
tlawhchhuak	NOUN
tlawhin	ADJ
tlawhkhalhna	NOUN
tlawhkualin	ADJ
tlawhna	NOUN
tlawhnaah	VERB
tlawhnate	VERB
tlawhpawh	ADJ
tlawhpui	VERB
tlawhserh	NOUN
tlawhthlu	NOUN
tlawhtu	ADJ
tlawhtute	ADJ
tlawk	VERB
tlawk	ADJ
tlawk	ADV
tlawkah	ADJ
tlawkin	ADJ
tlawktlaw	VERB
tlawktlaw	ADJ
tlawlh	NOUN
tlawlh	VERB
tlawlhna	ADJ
tlawlhtir	ADJ
tlawm	ADJ
tlàwm	VERB
tlâwm	VERB
tlâwm	ADJ
tlawma	VERB
tlâwma	VERB
tlawmah	ADJ
tlâwmah	ADJ
tlawmin	ADJ
tlâwmin	ADJ
tlawmla	NOUN
tlawmlo	NOUN
tlawmna	ADJ
tlâwmna	ADJ
tlawmngai	ADJ
tlawmngai	ADV
tlawmngái	ADJ
tlawmngâi	ADJ
tlâwmngai	VERB
tlawmngaia	VERB
tlawmngaih	NOUN
tlawmngaihna	NOUN
tlawmngaihna	ADJ
tlawmngaiin	ADJ
tlawmngaipawl	ADJ
tlawmngaite	VERB
tlawmngaiten	VERB
tlawmsan	ADJ
tlâwmsan	ADJ
tlawmte	ADJ
tlâwmte	ADJ
tlâwmten	VERB
tlawmthlak	ADJ
tlawmtir	ADJ
tlawmzia	ADJ
tlâwmzia	VERB
tlawn	VERB
tlawn	ADJ
tlâwn	ADJ
tlawna	ADV
tlâwna	NOUN
tlawng	VERB
tlawng	ADJ
tlawng	PRON
tlâwng	ADJ
tlawngah	ADJ
tlawngawl	ADJ
tlawng-awl	NOUN
tlawng-awl	VERB
tlawng-âwl	VERB
tlawng-âwl	ADJ
tlawngawlna	NOUN
tlâwnin	ADJ
tlawnna	ADJ
tlawnte	NOUN
tlâwnte	ADJ
tlawntu	ADJ
tlawr	VERB
tlawr	ADJ
tlawr	ADV
tlawrh	NOUN
tlawrh	ADJ
tlawrna	NOUN
tlawva	ADJ
tla-zawt	ADJ
tle	VERB
tle	ADV
tlê	VERB
tleh	VERB
tleh	ADJ
tlehin	VERB
tlehtir	NOUN
tlehtîr	ADJ
tlehtu	NOUN
tlei	VERB
tlei	ADJ
tleiin	NOUN
tlêin	ADJ
tlèina	ADJ
tleinan	ADJ
tleipui	NOUN
tleirawl	NOUN
tleiràwl	VERB
tleirâwl	VERB
tleirawlin	NOUN
tleirâwlin	NOUN
tleirawlna	NOUN
tleirâwlna	NOUN
tleirawlte	ADJ
tleirâwlte	ADJ
tleirawlten	ADJ
tleite	VERB
tleitir	ADV
tleitla	ADJ
tleitlâ	ADV
tleitlak	NOUN
tleitlak	ADV
tleitlâk	NOUN
tleitlakna	NOUN
tleitlâkna	NOUN
tleitu	ADV
tleitute	ADV
tlek	NOUN
tlek	ADV
tlêk	ADV
tlel	ADJ
tlem	ADJ
tlem	X
tlém	ADJ
tlêm	ADJ
tlêm	X
tlema	X
tlemah	X
tlêmah	X
tlemin	ADJ
tlemin	ADV
tlêmin	NOUN
tlêmin	ADV
tlemlai	ADJ
tlemna	ADJ
tlêmnaah	ADJ
tlêmsak	ADJ
tlemte	ADJ
tlêmte	ADJ
tlemtea	ADJ
tlemteah	ADJ
tlemtein	ADJ
tlêmtein	NOUN
tlemtham	ADJ
tlemthamna	ADJ
tlemzia	ADJ
tlêmzia	VERB
tlen	VERB
tlenfai	VERB
tlenfaina	NOUN
tlenfaisak	VERB
tlenfaisakna	VERB
tleng	NOUN
tleng	VERB
tlêng	VERB
tlenga	VERB
tlengfai	ADJ
tlêngfai	ADJ
tlengfaiin	ADJ
tlengin	NOUN
tlêngin	NOUN
tlengna	ADJ
tlengrel	VERB
tlengthei	ADJ
tlengtir	ADV
tlentîra	ADV
tlep	NOUN
tlep	VERB
tlep	ADJ
tlêp	NOUN
tlêp	VERB
tlêp	ADJ
tlêpah	ADV
tler	VERB
tler	ADJ
tlereuh	VERB
tlereuhva	ADJ
tlerh	ADJ
tlet	VERB
tlet	ADJ
tlêt	ADV
tleta	ADJ
tletna	ADJ
tlêtzia	ADV
tleu	VERB
tleuh	NOUN
tleuhna	ADJ
tleuna	VERB
tleute	VERB
tliah	ADJ
tliah	ADV
tliahin	ADJ
tliahsak	ADJ
tliahsaka	VERB
tliahsakin	VERB
tliak	NOUN
tliak	ADJ
tliaka	VERB
tliakte	ADJ
tlian	VERB
tliang	VERB
tliang	ADJ
tliar	ADJ
tlin	VERB
tlin	ADJ
tlina	ADJ
tlinah	NOUN
tling	NOUN
tling	VERB
tlinga	ADJ
tlingin	ADJ
tlingkhawm	ADJ
tlingkhâwm	ADJ
tlingkhawma	ADJ
tlingkhawmte	NOUN
tlinglo	ADJ
tlingpui	ADJ
tlingsum	ADJ
tlingte	ADJ
tlingtla	VERB
tlingtla	ADJ
tlingtlâ	ADJ
tlingtlak	ADJ
tlingtlâk	ADJ
tlingtlakpui	NOUN
tlingtlâkpui	NOUN
tlingtu	ADJ
tlingtute	NOUN
tlinin	NOUN
tlinkhawmna	ADJ
tlinna	ADJ
tlinpui	VERB
tlinte	NOUN
tlintir	NOUN
tlintîrtu	VERB
tlip	NOUN
tlip	VERB
tlipna	NOUN
tlip-phar	VERB
tlip-phâr	VERB
tlipzui	VERB
tlir	ADJ
tlir	ADV
tllk	VERB
tlo	VERB
tlo	ADJ
tlo	ADV
tlovin	VERB
tlu	VERB
tlu	ADV
tlûa	ADV
tluah	ADJ
tluak	ADJ
tluan	VERB
tluan	ADV
tluana	ADJ
tluanchhuak	ADJ
tluanchhuakin	NOUN
tluang	NOUN
tluang	VERB
tluangahte	ADJ
tluanghrui	ADJ
tluangin	NOUN
tluanglai	ADJ
tluangrel	ADJ
tluangte	ADJ
tluangtla	ADJ
tluangtlam	VERB
tluangtlam	ADJ
tluangtlum	NOUN
tluangtlum	ADJ
tluangtlum	ADV
tluanin	ADJ
tluanthir	ADJ
tluantling	ADV
tluantlingin	VERB
tluar	VERB
tluchhe	ADJ
tluhlum	ADJ
tluhlumin	NOUN
tluin	NOUN
tluk	VERB
tlûk	VERB
tluka	ADJ
tlûka	ADJ
tlukah	ADJ
tlukchhiat	NOUN
tlûkchhiat	VERB
tlûkchhiatna	VERB
tlukhlum	ADJ
tlûkhlum	ADJ
tlukin	NUM
tlûkin	NUM
tluklehdingawn	VERB
tluklehdingâwn	NOUN
tlukluh	NOUN
tlukna	NOUN
tlûkna	NOUN
tluknate	ADJ
tlûknate	ADJ
tlukpui	ADJ
tlûkpui	ADJ
tlukpuia	ADJ
tlukpuiah	NOUN
tlukpuiin	ADJ
tlûkpuina	VERB
tlûkpuite	VERB
tluksan	NOUN
tlûksan	NOUN
tluksanna	NOUN
tlûksanna	NOUN
tluksante	VERB
tlûksantute	VERB
tluktir	NOUN
tlûktîr	NOUN
tlûktîrtu	ADV
tluktu	VERB
tlul	VERB
tlulut	ADJ
tlulût	ADJ
tlum	NOUN
tlum	VERB
tlum	ADJ
tluma	NOUN
tlumpi	ADJ
tlumpui	NOUN
tlumpui	X
tlumtherh	VERB
tlun	NOUN
tlun	VERB
tlung	NOUN
tlung	ADJ
tlungin	NOUN
tlungkhum	NOUN
tlungkhûm	NOUN
tlungte	ADJ
tlungvel	NOUN
tlungvela	VERB
tlunna	VERB
tluntir	ADV
tluntîr	ADV
tlup	ADV
tlur	ADJ
tlusawp	ADJ
tlut	ADJ
tlûte	ADJ
tluzâl	ADV
to	NOUN
to	VERB
ṭo	VERB
țo	VERB
tobul	VERB
ṭobul	NOUN
todelh	NOUN
tohlawt	NOUN
toh-lawt	NOUN
tohlâwt	NOUN
toh-lâwt	NOUN
tokai	NOUN
ṭokai	VERB
țokai	VERB
tolawt	NOUN
to-mir	NOUN
ṭo-mir	NOUN
țo-mir	NOUN
tona	NOUN
topui	NOUN
ṭopui	VERB
țopui	VERB
torawt	VERB
toràwt	NOUN
torâwt	NOUN
toruah	NOUN
ṭoruah	ADJ
țoruah	NOUN
to-te	NOUN
to-tê	NOUN
ṭote	NOUN
ṭo-te	NOUN
ṭo-tê	NOUN
țo-te	NOUN
țo-tê	NOUN
to-thli	NOUN
ṭo-thli	VERB
țo-thli	VERB
totir	VERB
totîr	ADJ
ṭotîr	NOUN
ṭotirin	ADJ
ṭotîrtu	PART
tovin	NOUN
tu	NOUN
tu	VERB
tu	PRON
tu	PART
tuah	VERB
tuah	ADJ
tûah	ADJ
ṭuah	NOUN
ṭuah	VERB
țuah	VERB
tuaha	NOUN
tuahah	VERB
tuahna	NOUN
tuahrem	NOUN
tuahremtu	NOUN
tuahremtute	NOUN
tuahthing	NOUN
tuahthing	ADJ
tuahtu	ADJ
tuai	NOUN
tuai	ADJ
tuai	ADV
ṭuai	NOUN
ṭuai	ADV
țuai	VERB
tuaiah	ADJ
tuaibur	NOUN
tuaihabet	VERB
tuaihnual	VERB
tuaihnum	ADJ
tuaihnûm	NOUN
tuaiin	NOUN
tuai-lam	NOUN
tuaina	NOUN
tuaingawt	NOUN
tuai-pheng	ADJ
tuairam	VERB
tuaite	ADJ
tuaithar	NOUN
tuaitharin	VERB
tuaithieng	NOUN
tuaitìr	NOUN
tuaitit	NOUN
ṭuaiṭit	NOUN
țuaițit	NOUN
tuaivir	ADV
tuak	VERB
tuak	ADV
ṭuak	NOUN
ṭuak	VERB
țuak	VERB
țuak	ADJ
tuaka	NOUN
tuakah	VERB
tuakahte	ADJ
tuakchai	ADJ
tuakin	ADJ
ṭuakin	ADJ
țuakin	ADJ
ṭuakte	ADJ
tuakthar	NOUN
tual	VERB
tual	ADJ
tuala	VERB
tualah	NOUN
tualchai	NOUN
tualchaina	ADJ
tualchâina	ADJ
tualchei	VERB
tualchher	NOUN
tual-chher	ADJ
tualchhung	NOUN
tualchhûng	VERB
tualchhunga	ADJ
tualchhungmi	ADJ
tualdawih	NOUN
tualdawih	VERB
tualdawina	NOUN
tual-fang	NOUN
tual-har	NOUN
tual-hâr	ADJ
tualhring	ADJ
tualin	NOUN
tualkhat	ADJ
tualkhatpui	NOUN
tuallai	NOUN
tuallai	VERB
tuallaia	NOUN
tuallaiah	ADJ
tuallawt	ADJ
tualleng	NOUN
tualleng	ADJ
tuallêng	NOUN
tuallenna	VERB
tuallênna	VERB
tual-lim	VERB
tual-lîm	NOUN
tualpuk	ADJ
tualram	NOUN
tual-siam	NOUN
tual-sum	PRON
tual-sum-su	VERB
tualte	ADJ
tualthah	NOUN
tualthahah	ADJ
tualthahna	ADJ
tualthahnaa	ADJ
tualthahnaah	VERB
tualthahnate	VERB
tualthat	ADJ
tualthata	ADJ
tualthatin	NOUN
tualthatte	NOUN
tualthattu	NOUN
tualthattu	ADJ
tualthattua	NOUN
tualthattupa	NOUN
tualthattute	VERB
tualthhattu	NOUN
tualthi	ADJ
tualthihna	NOUN
tualthiin	NOUN
tualthite	VERB
tual-thubuai	VERB
tual-tlan	NOUN
tual-tlân	NOUN
tualtlana	NOUN
tualtlanna	NOUN
tualtlânna	NOUN
tualvungi	NOUN
tualzawl	ADJ
tualzâwl	ADJ
tualzâwla	NOUN
tualzâwlah	VERB
tualzâwlte	VERB
tuam	NOUN
tuam	VERB
tuama	VERB
tuamdam	VERB
tuamhlawm	NOUN
tuamhlawm	VERB
tuamhlawmna	NOUN
tuamhnan	ADJ
tuam-hrui	ADJ
tuamin	NOUN
tuamlum	ADJ
tuamna	VERB
tuamnaah	ADJ
tuamsak	VERB
tuamte	NOUN
tuamtir	NOUN
tuamtu	ADJ
tuamtute	ADJ
tuan	NOUN
tuan	VERB
tuan	ADJ
ṭuan	NOUN
ṭuan	VERB
țuan	NOUN
țuan	VERB
tuanfum	NOUN
ṭuanfûm	VERB
tuanfumna	NOUN
tuanfumpui	NOUN
tuang	VERB
tuang	ADV
tuanpui	NOUN
ṭuanpui	ADJ
țuanpui	ADJ
ṭuanrana	NOUN
tuanrang	NOUN
tuanranna	ADJ
ṭuanranna	ADJ
ṭuansanna	ADJ
tuan-tha	VERB
ṭuanṭha	ADJ
ṭuan-ṭha	ADJ
ṭuanṭhâ	VERB
țuan-tha	NOUN
țuanțha	VERB
tuanthat	ADJ
tuan-thu	ADV
tuapawh	VERB
tuar	VERB
tuâr	VERB
tûar	VERB
tuara	ADJ
tuarah	ADJ
tuarahte	VERB
tuarchhel	NOUN
tuarchhel	ADJ
tuarchhelna	ADJ
tuarfei	ADJ
tuarh	NOUN
tuarhlelhawm	ADJ
tuarhlelhawmna	ADJ
tuarho	ADJ
tuarin	NOUN
tuarkhawchhuak	ADJ
tuarna	ADJ
tuarnaah	NOUN
tuarnaahte	VERB
tuarnate	VERB
tuarpui	NOUN
tuarpuina	ADJ
tuarpuitute	NOUN
tuarsak	ADJ
tuarsakna	ADJ
tuarte	VERB
tuarten	VERB
tuartir	ADJ
tuartîr	ADJ
tuartirin	NOUN
tuartîrin	NOUN
tuartirna	ADJ
tuartîrna	NOUN
tuartîrte	NOUN
tuartîrtu	NOUN
tuartu	ADJ
tuartute	VERB
tuarzia	VERB
tuarzuau	VERB
tuat	VERB
ṭuat	PRON
țuat	ADJ
tuate	ADJ
tuau	NOUN
tubal	ADJ
tu-bal	NOUN
tubala	NOUN
tubalte	NOUN
tubauh	ADJ
tuboh	ADJ
tubohtein	ADJ
tubohva	ADJ
tubohvin	NOUN
tuchhuan	VERB
tuchin	VERB
tudai	NOUN
tu-dai	VERB
tu-dal	PRON
tudaltu	VERB
tudang	VERB
tudawl	NOUN
tudawl	ADJ
tudawla	NOUN
tudawltu	ADJ
tudur	ADJ
tuemaw	ADJ
tûemaw	NOUN
tuemawin	NOUN
tu-fa	VERB
tufar	VERB
tufar	ADJ
tuh	ADJ
tuhah	ADJ
tuha-hem	ADJ
tuha-zawn	ADJ
tuha-zâwn	NOUN
tuhin	ADJ
tuhna	NOUN
tuhnaah	NOUN
tuhrah	NOUN
tu-hrik	NOUN
tuhte	NOUN
tuhtu	NOUN
tuhtute	VERB
tui	NOUN
tui	VERB
tuia	ADJ
tuiah	NOUN
tuiahte	ADJ
tui-al	NOUN
tuialhthei	ADJ
tuialthei	ADJ
tuiawm	NOUN
tuiawp	NOUN
tui-bak-thla	ADJ
tui-bal	NOUN
tuibawlhhlawh	NOUN
tuibawm	NOUN
tui-bawr	NOUN
tuibel	ADJ
tuibêl	ADJ
tuibêla	ADJ
tuibêlah	VERB
tuibelahte	NOUN
tui-bo	NOUN
tui-buhdeng	NOUN
tuibûl	NOUN
tuibur	NOUN
tui-bur	NOUN
tui-bûr	NOUN
tuibur-al	NOUN
tuibur-ek	NOUN
tuibur-êk	NOUN
tuibûr-ek	NOUN
tuibûr-êk	NOUN
tui-burlu	NOUN
tuichang	ADJ
tuichangral	VERB
tuichangralin	VERB
tuichawi	ADJ
tuichâwi	NOUN
tuichâwiah	VERB
tuichâwite	PRON
tuichâwm	ADJ
tuichawng	VERB
tuichawnga	VERB
tuicheh	VERB
tuichen	ADJ
tuicheng	ADJ
tuichhak	ADJ
tuichhe	NOUN
tuichhia	NOUN
tuichhûn	ADJ
tuichhunchhuah	VERB
tuichhung	NOUN
tuichik	PRON
tuidahna	NOUN
tuidam	NOUN
tuidawn	NOUN
tuidawt	ADJ
tuidîl	ADJ
tuidul	ADJ
tuieka	ADJ
tuiêka	ADJ
tuiekin	VERB
tuiêkin	VERB
tuifar	VERB
tuifawn	ADJ
tuifâwn	ADJ
tuifawnin	NOUN
tuifâwnin	NOUN
tuifawnte	ADJ
tuifâwnte	NOUN
tuifâwnten	ADJ
tuifinriat	ADJ
tuifinriata	ADJ
tuifinriatah	ADJ
tuifinriatin	NOUN
tuifinriatina	VERB
tuifinriatte	VERB
tuihal	ADJ
tuihâl	ADJ
tuihala	ADJ
tuihâla	ADJ
tuihâlah	ADJ
tuihalin	NOUN
tuihâlin	NOUN
tuihalna	ADJ
tuihâlna	ADJ
tuihalnaah	ADJ
tuihâlnaah	ADJ
tuihalnâte	ADJ
tuihalte	ADJ
tuihâlte	ADJ
tuihalten	ADJ
tuihang	ADJ
tuihâng	NOUN
tuihângte	ADJ
tuihawk	VERB
tuihâwkin	VERB
tuiherhchhuah	NOUN
tuihleuh	ADJ
tuihleuhna	ADJ
tuihmel	NOUN
tuihmêl	NOUN
tuihna	ADJ
tuihnâ	ADJ
tuihnaa	ADJ
tuihnaah	ADJ
tuihnâah	ADJ
tuihnaahte	ADJ
tuihnai	ADJ
tuihnâi	ADJ
tuihnaia	ADJ
tuihnailo	ADJ
tuihnaite	ADJ
tuihnang	ADJ
tuihnâng	NOUN
tuihnângin	NOUN
tuihnate	ADJ
tuihnâte	ADJ
tuihnavar	VERB
tuihnawl	NOUN
tuihnih	NOUN
tuihnih	ADJ
tuihnihna	NOUN
tuihnuai	NOUN
tuihri	VERB
tuihrik	NOUN
tuihtlar	NOUN
tuihû	ADJ
tuihûte	NOUN
tuiin	ADJ
tuikaldâwt	ADJ
tuikam	NOUN
tuikamah	ADJ
tuikawng	NOUN
tuikawnga	NOUN
tuikawr	NOUN
tuikawrte	ADJ
tuikeplung	ADJ
tuikeplunga	NOUN
tuikeplungin	ADJ
tuikeplungte	NOUN
tuikhaah	NOUN
tuikhal	VERB
tuikhawhthla	NOUN
tuikhawhvir	ADJ
tuikhuah	ADJ
tuikhuaha	ADJ
tuikhuahah	NOUN
tuikhuahin	NOUN
tuikhuahna	PRON
tuikhuahte	NOUN
tuikhuahtlang	ADJ
tuikhur	ADJ
tuikhura	ADJ
tuikhurah	NOUN
tuikhurahte	PRON
tuikhurte	ADJ
tuikual	NOUN
tuikuangah	NOUN
tuikunluk	ADJ
tuilai	VERB
tuilairap	ADJ
tui-lai-rap	VERB
tuilairapin	NOUN
tuilak	NOUN
tuilakna	ADJ
tuilâkna	ADJ
tuilâknaa	NOUN
tuilam	NOUN
tui-leh-luang	ADJ
tuilehna	VERB
tuileilote	VERB
tui-lelt-luan	ADJ
tui-lêlt-luan	VERB
tuilen	VERB
tuilet	ADJ
tui-let	VERB
tuilêt	VERB
tuilêtin	VERB
tui-let-luan	NOUN
tui-lêt-luan	ADJ
tuilian	ADJ
tuiliana	ADJ
tuilianah	ADJ
tuilianin	ADJ
tuilianina	ADJ
tuiliante	ADJ
tuilo	VERB
tuiluan	ADJ
tuiluang	NOUN
tuiluangte	NOUN
tuiluankawr	ADJ
tui-luan-kawr	NOUN
tuiluankawrte	ADJ
tuilum	NOUN
tuiluma	ADJ
tui-lum-bel	NOUN
tuilumin	NOUN
tui-lut	ADJ
tui-lût	ADJ
tuimi	ADJ
tuin	PART
tûin	PRON
tuina	ADJ
tuinah	ADJ
tuinemaw	ADJ
tûinemaw	ADJ
tuinia	ADJ
tuinung	ADJ
tuipang	ADJ
tuipangah	ADJ
tuipawh	ADJ
tuipawl	NOUN
tuiphe	NOUN
tui-phul	NOUN
tuipu	NOUN
tuipui	NOUN
tui-pui	NOUN
tuipuia	ADJ
tuipuiah	NOUN
tuipuiin	ADJ
tuipuina	NOUN
tuipuiral	NOUN
tuipui-sut-hlah	NOUN
tuipuite	ADJ
tuipuitute	NOUN
tuiral	NOUN
tuiralna	VERB
tuirial	VERB
tuiril	NOUN
tui-ril	VERB
tuirîl	NOUN
tuiruang	NOUN
tui-rul	ADJ
tui-rûl	ADJ
tuisa	NOUN
tuisaa	ADJ
tuisawp	ADJ
tuisen	NOUN
tuisenah	NOUN
tui-si	NOUN
tuisik	NOUN
tuisikte	NOUN
tui-sipai	NOUN
tui-tai	VERB
tui-tâi	VERB
tuitam	ADJ
tuitamna	VERB
tuitang	ADJ
tuite	ADJ
tuitein	ADJ
tuiten	NOUN
tuitha	ADJ
tui-thalna	ADJ
tuithawl	NOUN
tuithàwl	ADJ
tuithâwl	NOUN
tuithâwl	ADJ
tuithâwla	NOUN
tuithâwlah	PRON
tui-the	ADJ
tuithiang	VERB
tuithianghlim	VERB
tuithlar	VERB
tuithlar	ADJ
tuithlâr	ADJ
tuithlara	ADJ
tuithlâra	ADJ
tuithlarin	NOUN
tuithlârin	ADJ
tui-thlawr	ADJ
tuithlum	ADJ
tuithuk	ADJ
tuithûk	ADJ
tuithukpui	PRON
tuithûkpui	VERB
tuithumhnar	NOUN
tuitla	NOUN
tui-tlakna	NOUN
tui-tlâkna	NOUN
tui-tlan	NOUN
tuitu	ADJ
tui-tu	NOUN
tuituah	NOUN
tuituahna	NOUN
tui-um	NOUN
tui-ûm	NOUN
tuivai	NOUN
tuival	NOUN
tuivalawng	NOUN
tuivamit	NOUN
tui-varak	NOUN
tuivawk	PRON
tuivawl	ADJ
tuivawt	NOUN
tuizangkhauh	NOUN
tui-zang-khauh	ADJ
tui-zau-pui	NOUN
tuizawng	NOUN
tuizem	ADJ
tuizêm	ADJ
tuizema	ADJ
tuizêma	NOUN
tuizêmah	NOUN
tuizemte	NOUN
tuizêmte	ADV
tui-zu	ADV
tuk	VERB
tuk	ADV
tûk	VERB
tûk	ADV
ṭuk	NOUN
țuk	NOUN
tuka	ADJ
tûka	ADJ
tukah	NOUN
tukah	ADV
tûkah	NOUN
tukbak	ADJ
tuk-bawk	NOUN
tukchhuah	NOUN
tukchhuak	VERB
tûkchhuak	VERB
tuk-daih	ADJ
tukdawl	NOUN
tukdawlin	NOUN
tukdawlna	PRON
tukdawltu	NOUN
tu-khaw	ADJ
tukili	ADJ
tukin	NOUN
tuk-in	ADV
tûkin	ADJ
tukinah	NOUN
tukkalh	NOUN
tukkhum	NOUN
tukkhum	X
tukkhumah	NOUN
tukkhumvilik	NOUN
tuk-leh-zan	NOUN
tûk-leh-zan	NOUN
tuklo	NOUN
tuklo-bengngawng	NOUN
tuk-loh-ram	NOUN
tuk-luh-sal	NOUN
tukna	NOUN
tukrawp	VERB
tukrek	ADJ
tuksak	NOUN
tukte	NOUN
tukthuan	NOUN
tukṭhuan	ADJ
tûkṭhuan	ADJ
tukthuanah	ADJ
tuktin	NOUN
tûktin	NOUN
tuktinpar	NOUN
tuk-tin-par	NOUN
tuktinpâr	NOUN
tûktinpâr	NOUN
tukuli	NOUN
tukverh	NOUN
tukverha	ADJ
tukverhah	ADJ
tukverhahte	VERB
tukverhte	ADV
tukzal	ADV
tuk-zanin	ADV
tuk-zânin	ADV
tûk-zanin	ADJ
tûk-zânin	ADJ
tul	NOUN
tul	ADV
tûl	NOUN
ṭul	NOUN
ṭûl	NOUN
țul	NOUN
țul	ADJ
țul	ADV
țûl	ADJ
țûl	ADV
tula	ADV
tuldangte	VERB
tulh	NOUN
tulh	VERB
tulh	ADV
tulhna	ADJ
tulin	ADJ
ṭulin	NOUN
ṭûlin	NOUN
tulna	NOUN
ṭulna	ADJ
ṭûlna	NOUN
tulpui	NOUN
tulpui	VERB
tûlpui	NOUN
tûlpui	VERB
ṭulpui	NOUN
ṭulpui	VERB
ṭûlpui	NOUN
ṭûlpui	VERB
țulpui	VERB
țulpui	ADJ
țûlpui	VERB
țûlpui	ADJ
tulte	VERB
ṭûlte	NOUN
tulul	NOUN
tu-lum	NOUN
tulung	ADJ
tulzia	NOUN
ṭulzia	NOUN
tulzum	NOUN
tum	NOUN
tum	VERB
ṭum	NOUN
ṭum	VERB
țum	NOUN
țum	VERB
tuma	ADJ
tûma	ADJ
tûmâ	ADJ
ţuma	ADJ
ṭuma	X
țuma	PRON
tumah	ADJ
tûmah	X
ṭumah	ADJ
tumaha	ADJ
tumahah	ADJ
tumahin	PRON
tûmahin	PRON
tuman	PRON
tumân	NOUN
tûman	X
tu-mau	NOUN
tumbu	NOUN
tumbu	VERB
tumbu-ar	ADJ
tumbung	NOUN
tumdang	NOUN
tum-fung	NOUN
tum-hawp	ADJ
tûm-hawp	NOUN
tumhmun	ADJ
ṭumhmun	ADJ
tumhmuna	ADJ
tumhmunah	ADJ
ţumhmunah	ADJ
ṭumhmunah	ADJ
tumin	NOUN
ṭumin	NOUN
tumkau	NOUN
tum-kau	NOUN
tûmkau	NOUN
tûm-kau	NOUN
tûmkâu	NOUN
tûmkaute	ADJ
tumkawng	ADJ
tumkhat	ADJ
tumkhata	NOUN
ṭumkhatah	ADJ
tumkhatna	NOUN
tumloh	NOUN
tumna	NOUN
tumna	ADJ
tûmna	ADJ
tumnaa	ADJ
tumnaah	NOUN
tumnate	PRON
tumpang	NOUN
tumpanglui	NOUN
tum-pawn	NOUN
tumphit	VERB
tumphît	VERB
tumpui	NOUN
tum-pui	NOUN
ṭumpui	NOUN
țumpui	NOUN
tumrah	NOUN
tûmrah	NOUN
tumrik	ADJ
tumrîk	NOUN
tumrîkin	ADJ
tumrîkte	VERB
tumruh	VERB
tum-ruh	ADJ
tumsak	NOUN
tumsaka	NOUN
tumsakna	ADJ
tumsaktute	VERB
tumsang	VERB
tum-sateh	VERB
tumsik	NOUN
tumsîk	NOUN
tum-tawk	ADJ
tumte	ADJ
tumtel	VERB
tum-tel	ADJ
tumtêl	NOUN
tum-te-lek	NOUN
tumten	X
tumthang	X
tum-the	NOUN
ṭum-the	VERB
țum-the	VERB
tumtir	ADJ
ṭumtîr	ADV
tumtla	ADV
tum-tla	ADV
ṭum-tla	ADJ
țum-tla	NOUN
tumtlang	ADJ
tumtu	NOUN
tumtuah	NOUN
tumtute	ADJ
tumtûte	VERB
tumtuten	ADJ
tum-urh	ADV
tumzia	ADV
tun	VERB
tun	ADV
tûn	ADV
ṭun	ADV
ṭûn	ADV
țun	NOUN
țûn	NOUN
tuna	ADJ
tuna	ADV
tûna	ADJ
tûna	ADV
tunah	ADV
tûnah	ADV
tundin	NOUN
tun-din	NOUN
tung	VERB
tungchaw	ADJ
tungchho	ADJ
tungchhoa	VERB
tungchhova	VERB
tungding	VERB
tungding	PART
tung-ding	NOUN
tungdingtu	PRON
tu-nge	NOUN
tu-nge	VERB
tunglun	VERB
tungnung	NOUN
tungnung	VERB
tung-nung	ADJ
tungnungin	NOUN
tungturtu	ADJ
tungturtû	ADJ
tunhma	ADJ
tunhmâ	ADJ
tûnhma	ADJ
tunhmaa	ADJ
tûnhmaa	ADJ
tunhmain	ADJ
tûnhmain	ADJ
tunhnai	ADJ
tunhnaia	ADJ
tunhnaiah	ADJ
tunhnu	ADJ
tûnhnu	NOUN
tunkar	ADJ
tun-kar	ADJ
tunkara	ADJ
tunkarah	ADJ
tunlai	NOUN
tunlai	ADV
tûnlai	NOUN
tûnlai	ADV
tunlaia	ADJ
tûnlaia	ADJ
tunlaiah	ADV
tunlaiin	NOUN
tunlaiin	ADV
tûnlaiin	VERB
tunlaina	VERB
tunnun	NOUN
tun-nun	NOUN
tu-nu	NOUN
tupa	NOUN
tu-pa	X
tupa-rawng	ADJ
tupate	PRON
tupaten	PRON
tupawh	ADJ
tûpawh	ADJ
tupawhin	PRON
tûpawhin	ADV
tupawn	NOUN
tur	VERB
tûr	VERB
tura	CCONJ
tùra	CCONJ
tûra	CCONJ
turah	CCONJ
tùrah	CCONJ
tûrah	CCONJ
turahte	VERB
tûrahte	ADV
turh	ADV
turin	CCONJ
tùrin	CCONJ
tûrin	CCONJ
turina	NOUN
tûrina	ADJ
turna	NOUN
tûrni	NOUN
tûrnî	NOUN
turnipui	NOUN
tursing	CCONJ
tûrsing	CCONJ
turte	CCONJ
tùrte	ADJ
tûrte	ADJ
turtea	ADJ
turtein	ADJ
tûrtein	ADJ
turten	ADJ
tûrten	NOUN
turtho	NOUN
turtu	NOUN
turtu	ADJ
turtute	ADJ
turzia	ADJ
tûrzia	NOUN
turziate	ADV
tusichawngi	ADV
tut	NOUN
tut	VERB
tut	ADV
tût	VERB
tût	ADV
tûte	PART
tuten	NOUN
tuthlawh	NOUN
tuthulh	VERB
tu-thulh	NOUN
tu-uai	ADJ
tu-vu	NOUN
u	NOUN
u	VERB
u	PRON
uai	VERB
uai	ADV
uaih	NOUN
uaiin	NOUN
uain	VERB
uain	ADV
uaithlak	VERB
uaithlaktîr	VERB
uaithlâktîr	ADV
uaitir	NOUN
uak	ADJ
uak	ADV
uakin	ADV
ual	ADJ
ualau	NOUN
ualauva	ADV
ualna	VERB
uam	VERB
uan	NOUN
uan	VERB
uang	VERB
uang	ADV
uangte	ADJ
uangthei	VERB
uangthuang	ADJ
uangthuangho	VERB
uangthuangte	NOUN
uan-khum	NOUN
uanna	ADJ
uannate	VERB
uanpui	NOUN
uanpui	ADJ
uanpuina	NOUN
uanpuitute	ADJ
uan-thu	VERB
uanthuan	NOUN
uanthuan	ADJ
uanthuang	VERB
uanthuanna	VERB
uantir	VERB
uap	NOUN
uaptu	VERB
uar	VERB
uar	ADJ
uara	ADJ
uarbîk	ADJ
uarho	ADJ
uarin	ADJ
uarlam	NOUN
uarmi	VERB
uarna	NOUN
uar-pui	VERB
uau	NOUN
u-awk	NOUN
u-bawk	NOUN
u-bâwk	NOUN
uchang	ADV
u-chang	NOUN
uchuak	NOUN
ughazangrek	VERB
ughazangrêk	INTJ
uh	NOUN
ui	NOUN
ui	VERB
ui-a	ADJ
ui-ar	NOUN
uiawm	NOUN
ui-bang-lô	NOUN
ui-bâng-lô	NOUN
ui-bawk	NOUN
ui-bâwk	NOUN
ui-bawm-ngaw	ADJ
ui-bâwm-ngaw	NOUN
uibeh	ADJ
uichang	NOUN
uicho	ADJ
ui-cho	NOUN
uichovin	ADJ
ui-da	VERB
uidaih	VERB
ui-ding	NOUN
ui-dîng	NOUN
uifawm	NOUN
ui-fawm	NOUN
ui-fâwm	NOUN
uifing	ADV
uih	NOUN
ui-hah	NOUN
ui-ha-hriam	NOUN
uihli	NOUN
ui-hli	NOUN
uihlî	NOUN
ui-hnu-chhui	NOUN
uihri	ADJ
ui-hur	NOUN
uiin	NOUN
ui-ire	NOUN
ui-kawl	NOUN
uikawlh	NOUN
uikawlh	ADJ
uikawm	NOUN
ui-ke-phah	NOUN
ui-kil	NOUN
ui-lam	NOUN
uilei	NOUN
ui-lei	NOUN
ui-li	NOUN
ui-lung	NOUN
uina	NOUN
ui-nei	NOUN
uingho	NOUN
ui-ngul	NOUN
ui-pa	NOUN
uipui	NOUN
ui-pui	X
ui-pum	VERB
ui-pûm	VERB
uire	ADJ
uirê	ADJ
uirein	NOUN
uirêin	NOUN
uirena	ADJ
uirêna	NOUN
uirênain	NOUN
uirenate	NOUN
uirênate	NOUN
uirenute	NOUN
uirepa	VERB
uirepate	VERB
uiresak	VERB
uiresan	NOUN
uirêsan	NOUN
uiresantu	NOUN
uirêsantu	ADJ
uirêsantute	ADJ
uirete	ADJ
uirête	ADJ
uiretir	ADJ
uiretîr	ADJ
uirêtir	NOUN
uirêtîr	NOUN
uiretu	NOUN
uiretute	NOUN
uirêtute	ADJ
ui-sa	ADJ
uisathiam	NOUN
uisathiama	ADJ
uitang	NOUN
uite	NOUN
ui-te	ADJ
uitê	ADJ
uiten	NOUN
uithak	ADJ
ui-thak	NOUN
uithiam	VERB
ui-thin	NOUN
uithlar	ADJ
ui-thli	NOUN
uithut	ADJ
ui-thut	VERB
uk	NOUN
uk	VERB
u-kil	ADV
uk-sak	VERB
ul	VERB
ul	ADV
ûl	ADV
ula	PRON
ulang	PRON
ulangin	VERB
ulawk	VERB
ulâwk	VERB
ûlawk	ADV
ûlâwk	ADV
ulawng	NOUN
u-len	VERB
u-leuh	VERB
ulh	VERB
ulhbun	VERB
ulh-bun	ADV
uluk	ADV
ulzal	NOUN
um	NOUN
um	VERB
um	ADV
ûm	NOUN
ûm	VERB
uma	VERB
umbo	NOUN
umchhuak	NOUN
um-ei	VERB
ûm-ei	VERB
umin	NOUN
ûmin	NOUN
umkhal	VERB
um-khal	VERB
umkhel	NOUN
umkhêl	NOUN
um-me	NOUN
um-mê	NOUN
um-pa	X
um-pawng	X
umpha	ADJ
ûmpha	ADJ
ûmphâ	ADJ
umphak	ADJ
umphâk	ADJ
ûmphak	ADJ
ûmphâk	VERB
umphakin	VERB
um-pui	NOUN
um-so	VERB
umte	VERB
umtir	NOUN
ûmtîr	NOUN
umtu	NOUN
ûmtu	ADJ
ûmtuho	NOUN
ûmtuin	NOUN
umtute	ADJ
ûmtute	NOUN
ûmtuten	VERB
um-zu	VERB
umzui	ADJ
ûmzui	ADJ
ûm-zui	VERB
umzuiin	NOUN
ûmzuiin	ADJ
ûmzuitu	ADV
un	NOUN
un	VERB
un	ADJ
un	PRON
un	PRON
unau	NOUN
unau	X
unauah	ADJ
unauhote	ADJ
unauhoten	NOUN
unauin	PRON
unauna	NOUN
unaunu	PRON
unaupa	ADJ
unaupaah	NOUN
unaupain	NOUN
unaupate	NOUN
unaupui	NOUN
unaute	NOUN
unautê	NOUN
unâute	ADJ
unauteho	ADJ
unauten	ADJ
unauva	ADJ
unauvah	ADJ
unauvin	ADJ
unauza	VERB
unauzain	VERB
u-nawk	VERB
u-nâwk	ADV
ung	VERB
ung	ADV
up	VERB
up	ADV
upa	NOUN
upa	ADV
u-pa	X
upat	NOUN
upat	VERB
u-pawl	NOUN
u-pha	NOUN
u-phâ	VERB
u-phar	NOUN
up-hlum	X
u-phuk	VERB
ur	NOUN
ur	VERB
ûr	VERB
urh	VERB
urh	ADJ
urh	ADV
ûrh	VERB
urhsun	VERB
urh-sun	VERB
ur-hsun	ADJ
urhsûn	VERB
urhsûn	ADJ
urhsunahte	NOUN
urhsûnahte	VERB
urhsunna	VERB
urlawk	NOUN
ur-lawk	VERB
ur-lâwk	NOUN
urna	ADV
urnaa	ADV
ut	NOUN
ut	VERB
ut	ADV
ût	NOUN
ût	VERB
utawk	NOUN
uṭawk	NOUN
u-tum	X
u-tûm	X
uvai	NOUN
uvai	VERB
va	NOUN
va	VERB
va	PRON
va-awk	NOUN
va-bak	NOUN
va-be	NOUN
va-bê	NOUN
vabek	NOUN
va-bek	VERB
va-bêk	VERB
vabelh	NOUN
vabiak	NOUN
va-bu	NOUN
va-cha	NOUN
va-chep	NOUN
vachhem	NOUN
va-chhi	NOUN
va-chhu	NOUN
va-chi	NOUN
va-chim	NOUN
va-chîm	NOUN
va-chir	NOUN
va-chiu	NOUN
vadung-hri	VERB
vah	VERB
va-hai	VERB
va-hâi	ADJ
vahbo	NOUN
vahchhuahnaah	NOUN
va-hla	NOUN
vahmim	NOUN
vahmîm	NOUN
vahmîmte	NOUN
va-hming-tha	NOUN
va-hming-ṭha	PRON
vahna	PRON
vahnu	PRON
vahpa	VERB
vahte	VERB
vahtir	NOUN
vahtîr	ADJ
vahui	VERB
vahvaih	NOUN
vahvaihna	VERB
vahvaihnate	VERB
vahvaihpui	VERB
vahvaihtir	ADJ
vahvaihtîr	ADJ
vahvaihzia	NOUN
vahvêl	NOUN
vahvelna	ADV
vahvêlna	NOUN
vai	NOUN
vai	VERB
vaia	NOUN
vâia	VERB
vai-ba	NOUN
vai-bal-hla	NOUN
vai-bawih	NOUN
vai-bâwih	NOUN
vai-be	NOUN
vai-bê	NOUN
vaibekak	NOUN
vaibel	NOUN
vai-bel	VERB
vaibelchhe	NUM
vaibelchhekhat	NUM
vaibelchhetak	NOUN
vaibelchhia	NOUN
vai-be-pui	NOUN
vai-bê-pui	NOUN
vai-buh	NOUN
vai-buh-thun	NOUN
vaicha	NOUN
vaicha	ADV
vai-chaw	NOUN
vai-chaw-thei	NOUN
vai-che	NOUN
vai-chem	NOUN
vai-chhe-lo	NOUN
vai-chhê-lo	VERB
vai-chhia	NOUN
vaidawh	NOUN
vai-dawr	NOUN
vai-dep	NOUN
vai-derhken	NOUN
vai-diap	VERB
vai-dip	NOUN
vai-duh	NOUN
vai-fe	ADV
vai-fê	VERB
vaih	NOUN
vai-hachhek	NOUN
vai-herawt	NOUN
vaihlenhlo	NOUN
vai-hlen-hlo	NOUN
vaihlo	NOUN
vai-hlo	NOUN
vaihlo-ek-chhia	NOUN
vaihlo-êk-chhia	ADJ
vaihlo-zial	VERB
vaihma	NOUN
vâihmâ	NOUN
vai-hmar	NOUN
vai-hmâr	NOUN
vaihmarcha	NOUN
vai-hmarcha	NOUN
vai-hmarchapui	NOUN
vai-hming-tha	NOUN
vai-hming-ṭha	NOUN
vaihmite	NOUN
vaihmitê	NOUN
vaihna	NOUN
vai-hniap	NOUN
vaiho	ADJ
vai-hol	NOUN
vaihovin	NOUN
vai-hram	NOUN
vai-hren-hri	NOUN
vai-hrik	NOUN
vai-hru	ADJ
vai-hrui	ADJ
vaiin	NOUN
vaiin	ADJ
vâiin	NOUN
vai-kel-te	NOUN
vai-kel-tê	NOUN
vai-ko	NOUN
vai-kuber	NOUN
vai-kubêr	NOUN
vai-la	NOUN
vai-lak-pa	NOUN
vai-lal	NOUN
vai-lawm	NOUN
vai-lâwm	VERB
vai-len-hlo	NOUN
vailiam	NOUN
vai-lian	NOUN
vai-lung-sem	NOUN
vai-lung-ta	NOUN
vai-lung-tâ	NOUN
vaimim	NOUN
vai-mim	NOUN
vaimîm	VERB
vai-mîm	VERB
vaimim-ap	NOUN
vaimîm-ap	NOUN
vaimim-fu	NOUN
vaimîm-fu	NOUN
vaimimpul	NOUN
vaimîmpul	NOUN
vaimin	NOUN
vai-mit-en	VERB
vai-muh	NOUN
vai-nat	NOUN
vai-nga-vu	VERB
va-inronghak	NOUN
va-inronghâk	NOUN
vai-pa	NOUN
vaipa-den	NOUN
vai-paw-hlo	NOUN
vaiphei	NOUN
vai-pher	NOUN
vai-phêr	NOUN
vai-pur-un	NOUN
vairamah	PRON
vairaw	VERB
vairaw	ADJ
vairengte	NOUN
vairengtea	NOUN
vairua	NOUN
vairua	VERB
vai-sa	NOUN
vai-sairawkherh	NOUN
vai-sawi	NOUN
vai-sehsen	NOUN
vai-siam	NOUN
vai-suan	NOUN
vaitamin	NOUN
vaithang	NOUN
vai-thei	NOUN
vai-theifeimung	NOUN
vai-thin	NOUN
vai-thîn	NOUN
vai-thingsemim	NOUN
vai-thingsemîm	NOUN
vai-tin-khawm	NOUN
vai-tin-khâwm	NOUN
vai-tlaiberh	NOUN
vaitu	NOUN
vai-tumbu	NOUN
vai-um	NOUN
vai-ûm	NOUN
vai-umkhal	PRON
vai-va	ADJ
vaivakawn	PRON
vaivakawnah	NOUN
vaivenga	NOUN
vaivut	VERB
vaivutah	NOUN
vaivutin	ADJ
vaivutte	NOUN
vaivuttein	NOUN
vaiza	VERB
vaizawi	ADV
vai-zin	ADV
vak	VERB
vâk	VERB
vaka	VERB
vakah	ADJ
va-kal	VERB
vakan	VERB
vakbo	NOUN
vâkbo	ADJ
vakbote	VERB
vakchak	NOUN
vakdarh	NOUN
va-keichhim	NOUN
va-kelchal	NOUN
vakep	NOUN
va-ke-phah-tui-chawina	NOUN
vaki	NOUN
va-ki	NOUN
vakî	ADJ
vakin	ADV
vak-in	VERB
vâkin	NOUN
vakiria	ADJ
vâkkual	NOUN
vaklo	NOUN
vakna	NOUN
vako	NOUN
va-ko	NOUN
vakte	NOUN
vaktu	NOUN
vakul	NOUN
vakul	VERB
va-kul	NOUN
va-kul-chang-phar	ADJ
vakvai	VERB
vakvai	ADJ
vak-vai	VERB
vakvâi	VERB
vâkvai	VERB
vâkvai	ADJ
vâkvâi	ADJ
vâkvaia	ADJ
vâkvaiho	ADJ
vakvaihoten	NOUN
vakvaiin	VERB
vâkvâite	VERB
vakvel	ADV
vâkvêl	NOUN
val	NOUN
val	VERB
val	ADV
va-la	ADJ
valai	NOUN
valambawk	VERB
val-bu	NOUN
val-chhiat	NOUN
val-dang	VERB
valh	NOUN
valh	VERB
valh	ADV
valhba	NOUN
val-hlo	NOUN
va-lim-chho	NOUN
val-pui	NOUN
val-pui-chaw	NOUN
val-rawng	ADJ
valrua	NOUN
vâlrual	NOUN
val-te	ADJ
val-upa	ADJ
vam	NOUN
vam	VERB
vam	X
vâm	NOUN
vâm	VERB
va-mim	NOUN
vâmin	NOUN
vam-mur	NOUN
vamur	NOUN
vamûr	NOUN
vamurpui	ADV
vamûrpui	NOUN
van	NOUN
van	VERB
van	ADV
va'n	VERB
vân	NOUN
vana	NOUN
vâna	X
van-a-dol	ADJ
vanah	ADJ
vànah	ADJ
vânah	ADJ
vanahte	NOUN
vânahte	PRON
vanapa	NOUN
vana-pa	NOUN
van-a-pa-hruipui	PRON
van-a-pa-jeng	ADJ
vanawia	ADJ
van-awn	VERB
van-awn	PRON
vânawn	PRON
vânâwn	NOUN
vanbawih	NOUN
vanbawng	PRON
van-boruak	PRON
vancheng	PRON
vanchhawng	NOUN
vanchiau	ADJ
vândaiin	NOUN
van-dam-dawi	NOUN
van-dawng	ADJ
van-dom	ADJ
vanduai	VERB
vanduai	ADJ
vânduai	X
vanduaiah	NOUN
vanduaina	NOUN
vanduaina	ADJ
vânduaina	ADJ
vanduainaa	ADJ
vanduainaah	NOUN
vanduainain	NOUN
vanduainate	NOUN
vânduainate	ADJ
vanduaite	ADJ
vanduaithlak	ADJ
vanduaithlâk	ADJ
vânduaithlâk	ADJ
vanduaithlakin	ADJ
vanduaitlak	VERB
vanduaitlak	ADJ
vanduaitlâk	VERB
vanduaitlâk	PRON
vanduai-vannei	NOUN
vandula	NOUN
van-dum-pawl	ADJ
van-dum-ri	ADJ
vang	NOUN
vang	VERB
vang	ADJ
vang	ADP
váng	ADJ
vàng	ADJ
vâng	NOUN
vâng	VERB
vâng	ADJ
vanga	ADJ
vànga	ADJ
vânga	ADJ
vangah	NOUN
vângah	NOUN
va-ngai	NOUN
va-ngâi	NOUN
vang-a-ro-pui	NOUN
vang-fai	NOUN
vanghawngsei	NOUN
vanghawngseite	NOUN
vanghâwngseite	CCONJ
vang-hrek	CCONJ
vangin	CCONJ
vàngin	NOUN
vângin	NOUN
vang-khaw-pui	NOUN
vângkhua	ADJ
vangkut	ADJ
vanglai	ADJ
vang-lai	ADJ
vànglai	ADJ
vânglai	NOUN
vănglai	ADJ
vanglaia	ADJ
vânglaia	ADJ
vanglaiah	ADJ
vanglaian	ADJ
vanglaiin	ADJ
vânglaiin	ADJ
vanglaite	ADJ
vânglaite	ADJ
vânglaiten	ADJ
vanglam	NOUN
vânglam	NOUN
vang-lung	NOUN
vangpui	CCONJ
vang-pui	ADJ
vangte	ADJ
vangthla	NOUN
vang-thla	ADJ
vângthla	ADJ
vangthlaa	ADJ
vângthlaa	ADJ
vângthlâa	ADJ
vangtlang	NOUN
vang-tlang	NOUN
va-ngu	NOUN
vang-val	NOUN
vangvat	NOUN
vang-vat	NOUN
vang-vât	NOUN
van-hnuai	NOUN
va-ni	NOUN
va-ni-an	ADJ
va-ni-an-hmul	ADJ
vanin	NOUN
vânin	NOUN
van-kai	X
vankaiin	NOUN
van-kal	NOUN
van-kar-hla	NOUN
vân-kar-hla	NOUN
van-khai	NOUN
van-khawm	NOUN
van-khâwm	NOUN
van-khaw-pui	NOUN
van-khu	NOUN
vànkhûa	NOUN
vânkhûa	NOUN
van-la-i	NOUN
vân-la-i	NOUN
van-la-ia-fanu	NOUN
vân-la-ia-fanu	NOUN
vanlai-fawng	NOUN
van-lai-la	NOUN
vân-lai-la	NOUN
vanlaizawl	NOUN
van-lai-zawl	ADJ
vanlaizâwl	ADJ
vanlaizawla	ADJ
vanlaizâwla	ADJ
vanlaizâwlah	NOUN
vânlam	ADJ
vanlawng	ADJ
vanlawngah	NOUN
vanlawngin	NOUN
vanlawngte	NOUN
vanlung	NOUN
van-lung	NOUN
van-lung-buh	NOUN
van-mim	ADJ
vanna	ADJ
vannei	ADJ
vànnei	VERB
vânnei	VERB
vânnei	ADJ
vanneia	ADJ
vanneiah	X
vanneih	NOUN
vanneihna	ADJ
vânneihna	ADJ
vanneihnaa	ADJ
vanneihnaah	ADJ
vanneihnain	ADJ
vanneihpui	ADJ
vanneihthlak	NOUN
vanneihthlak	ADJ
vanneihthlâk	ADJ
vânneihthlâk	ADJ
vanneihtu	ADJ
vanneihzia	VERB
vânneihzia	VERB
van-nu-a	NOUN
van-nû-a	NOUN
van-pa	NOUN
vanpui	VERB
van-pui	NOUN
van-pui-chim	NOUN
van-pui-leh-lam	ADJ
van-pui-leh-lâm	ADJ
vanrama	NOUN
vanramah	NOUN
van-ri	NOUN
van-rua	NOUN
vansang	NOUN
van-sang	ADJ
vansangah	NOUN
vansen	NOUN
vansial	NOUN
vantaikhawr	NOUN
van-tawk-khaw-pui	NOUN
vantawng-khawhthla	NOUN
vante	NOUN
vânte	ADJ
van-te-khu-khuang	ADJ
vanten	NOUN
vânten	NOUN
vanțha-mu	NOUN
van-thelh	NOUN
van-thlang	NOUN
van-thla-ngi	NOUN
vantirhkoh	NOUN
van-tirh-koh	NOUN
vantîrhkoh	NOUN
vântirhkoh	NOUN
vântîrhkoh	NOUN
vantirhkohho	ADJ
vântirhkohho	ADJ
vântirhkohin	NOUN
vantirhkohte	ADJ
vântirhkohte	ADJ
vantirhkohten	ADJ
vântirhkohten	ADJ
vantirhkohvin	ADJ
vântirhkohvin	ADJ
vântirhkohvina	ADJ
vantlang	NOUN
van-tlang	ADJ
vantlâng	ADJ
vântlang	ADJ
vântlâng	ADJ
vantlanga	ADJ
vantlangho	ADJ
van-tlang-ho	ADJ
vantlângho	NOUN
vântlângho	NOUN
vantlangin	NOUN
vântlângkalh	NOUN
van-tlang-khaw-pa	NOUN
van-um	NOUN
van-ûm	VERB
vanva	VERB
vanva	ADJ
vanva	X
vanvadah	ADJ
vanvadak	VERB
vanvadak	ADJ
vanvadâk	NOUN
vanvadâk	VERB
vanvadakin	X
van-vawm-hrui	ADJ
vanvawm-khua	ADJ
vanvawrh	VERB
vanvawrh	ADJ
van-vawrh	ADJ
vânvawrh	VERB
van-zat	NOUN
van-zât	NOUN
van-zawl	ADJ
vanzâwl	NOUN
vanzikate	NOUN
van-zu	NOUN
vap	ADJ
vâp	NOUN
vâpa	NOUN
va-phu	NOUN
va-phu-hring	NOUN
vapte	NOUN
vâpte	NOUN
vapual	NOUN
va-pual	X
vapui	ADV
var	NOUN
var	VERB
vara	ADJ
vâra	NOUN
varah	NOUN
varak	X
va-rak	NOUN
varaksa	NOUN
va-rau	NOUN
va-re-a	ADJ
va-rek	NOUN
vârhlak	NOUN
va-ri	NOUN
va-ri-a	NOUN
varihaw	NOUN
varihaw	VERB
va-ri-haw	ADJ
va-rim	ADJ
varin	NOUN
vârin	NOUN
varita-bel-kang	NOUN
va-ri-ung	NOUN
vârna	NOUN
va-ro	NOUN
va-ro-nak	NOUN
va-ro-nâk	NOUN
varparh	NOUN
vârparh	ADJ
varpawh	NOUN
varpawh	PRON
varte	ADJ
varte	PRON
vârte	ADJ
vartian	NOUN
var-țian	ADJ
vârṭian	ADJ
vartianah	ADJ
varṭianah	NOUN
vârṭianah	NOUN
vartu	NOUN
va-ru	NOUN
va-rul	NOUN
va-rûl	NOUN
varung	NOUN
var-ung	NOUN
va-rung	NOUN
va-rut	NOUN
va-rut-ngal-thliak	NOUN
va-sa	NOUN
va-sai-a	NOUN
va-sai-hru	NOUN
va-sai-thang-tla	NOUN
va-sam	NOUN
va-se-ek	NOUN
va-se-êk	NOUN
va-se-kai	NOUN
va-sel	NOUN
va-si	NOUN
va-si-a	NOUN
va-sir	NOUN
va-sit	ADV
vasuih	VERB
vat	VERB
vat	ADJ
vât	NOUN
vatah	NOUN
vatawk	NOUN
vatawksa	NOUN
va-tawng-kaw-la	NOUN
vatawt	NOUN
vate	NOUN
va-te	NOUN
va-te-khu-khuang	NOUN
va-te-la-kam	NOUN
va-te-la-kâm	ADJ
va-te-mei-sei	NOUN
vaten	NOUN
va-thei	NOUN
va-thi	NOUN
va-tho	NOUN
va-thu	NOUN
va-ṭhu	NOUN
va-țhu	NOUN
va-thuh	NOUN
va-ti	ADJ
va-ti-a	ADJ
vatin	NOUN
vâtin	NOUN
va-tla	NOUN
va-tla-hual-ngo	NOUN
va-tle	NOUN
va-tlei	NOUN
va-tleu	NOUN
va-tli	NOUN
va-tlim	NOUN
va-tluk	NOUN
va-tu	NOUN
va-tuk	NOUN
va-tûk	NOUN
va-tu-khu-khuang	VERB
vau	NOUN
vau	VERB
vauah	NOUN
vaube	NOUN
vau-be	NOUN
vaubeh	NOUN
vaubehna	VERB
vauchher	NOUN
vauchher	VERB
vaudai	NOUN
vau-fa	ADJ
vau-favang	NOUN
vaufêm	NOUN
vau-hrui	NOUN
va-uk	VERB
va-ûk	ADJ
vaukam	NOUN
vaukam	ADJ
vau-kam	ADJ
vaukama	VERB
vaukamah	VERB
vaukhan	NOUN
vaukhân	NOUN
vaukhanna	NOUN
vaukhànna	ADJ
vaukhânna	NOUN
vaukhânnaah	NOUN
vaukhânnate	VERB
vaukhântu	NOUN
vau-lawi	NOUN
vauna	NOUN
vau-ni	NOUN
vau-pum	ADJ
vau-pûm	ADJ
vaupung	VERB
vaupûng	VERB
vausa	NOUN
vausa	VERB
vausak	NOUN
va-u-te	NOUN
va-u-tê	VERB
vau-thla	NOUN
vau-thue	ADJ
vautu	NOUN
vauziate	NOUN
va-va	NOUN
va-vak	NOUN
vavu	VERB
vaw	NOUN
vaw	VERB
vaw-be	ADJ
vawchhuak	NOUN
vawh	NOUN
vawh	VERB
vaw-hlo	NOUN
vawhlum	VERB
vawhna	VERB
vawhrep	ADJ
vaw-hrep	ADJ
vawhzia	NOUN
vawi	NOUN
vawi	VERB
vawi	X
vawih	NOUN
vawiha	NUM
vawihnih	NOUN
vawi-hnih	NOUN
vawihnihna	NOUN
vawih-uih	NOUN
vawiin	NOUN
vawiin	ADJ
vawi-in	ADV
vawiina	ADJ
vawiinah	NOUN
vawiinnia	NOUN
vawi-kha	NOUN
vawi-khâ	NUM
vawikhat	ADJ
vawi-khat	ADJ
vawikhata	ADJ
vawikhatah	NOUN
vawikhatmah	ADJ
vawikhatna	ADJ
vawikhatnaah	ADJ
vawikhatnan	ADV
vawilehkhatah	NUM
vawi-leh-khatah	NUM
vawiruk	ADJ
vawisarih	NOUN
vawisarihnaa	NUM
vawi-tam	NOUN
vawithum	VERB
vawithumna	NOUN
vawitir	NOUN
vawk	NOUN
vâwk	NOUN
vawk-bal	NOUN
vawk-bâl	NOUN
vawk-ba-suk	NOUN
vawk-bawm	NOUN
vawk-bâwm	NOUN
vawk-bual	NOUN
vawk-chaw	VERB
vawk-chaw-bel	NOUN
vawkeh	NOUN
vawk-ek	NOUN
vawk-hlap	NOUN
vawkhmul	NOUN
vawkhniahzawn	NOUN
vawkhniakzawn	NOUN
vawk-hniang	NOUN
vawk-hnuk	ADJ
vawk-hnûk	NOUN
vawkin	NOUN
vawk-in	NOUN
vawk-kuang	NOUN
vawk-la	NOUN
vawklallenna	NOUN
vawk-lei	NOUN
vawk-no	NOUN
vawkpa	NOUN
vawk-pa	NOUN
vawkpui	NOUN
vawk-pui	NOUN
vawk-pui-thal	X
vawksa	NOUN
vawk-sa	NOUN
vawksarep	NOUN
vawksate	NOUN
vawkte	NOUN
vawkte	VERB
vawk-te	NOUN
vawktê	NOUN
vawk-te-ek-thlum	NOUN
vawk-thau	NOUN
vawk-thi	NOUN
vawkvulhtu	NOUN
vawkvun	NOUN
vawkvun	VERB
vawk-zel	VERB
vawl	NOUN
vawl	VERB
vawm	NOUN
vawm	VERB
vawma	ADJ
vawmbal	VERB
vawm-bal	NOUN
vawm-bal-hru	VERB
vawmban	VERB
vawm-bat	NOUN
vawm-bât	ADJ
vawmbuh	ADJ
vawmbur	NOUN
vawmchhuah	NOUN
vawmfawng	NOUN
vawmhrui	ADJ
vawm-hrui	VERB
vawmin	VERB
vawm-kap	ADJ
vawm-kâp	NOUN
vawmkawt	NOUN
vawmkhang	NOUN
vawm-kho	NOUN
vawmkur	VERB
vawmlu	NOUN
vawmlu	VERB
vawm-lu	VERB
vawmlut	NOUN
vawmna	NOUN
vawmphuai	ADJ
vawmphuǎi	NOUN
vawmpuah	NOUN
vawmthiang	VERB
vawmṭhiang	VERB
vawmthlak	VERB
vawm-thlek	NOUN
vawm-thlêk	NOUN
vawmtlak	VERB
vawm-tlak	NOUN
vawmtlâk	VERB
vawm-tlâk	NOUN
vawmtute	NOUN
vawmva	NOUN
vawmvapui	NOUN
vawmvate	NOUN
vawmvir	VERB
vawmvir	ADJ
vawn	NOUN
vawna	ADJ
vawnah	NOUN
vawnban	NOUN
vawn-ban	NOUN
vawnbân	NOUN
vawn-bân	ADJ
vawnfai	NOUN
vawnfung	VERB
vawng	VERB
vâwng	VERB
vawnga	VERB
vawngdik	NOUN
vawnghim	ADJ
vawnghimtu	NOUN
vawngin	NOUN
vawngna	NOUN
vawngthla	NOUN
vawngthla	ADV
vawngtu	ADJ
vawng-tu	NOUN
vâwngtu	NOUN
vawngtuah	ADJ
vawngtute	NOUN
vawnhim	NOUN
vawnhimna	VERB
vawnna	NOUN
vawnsak	VERB
vawnsaktu	VERB
vawnthat	VERB
vawntir	NOUN
vawntîr	ADJ
vawntirate	VERB
vawp	VERB
vawr	ADJ
vâwr	VERB
vâwra	VERB
vawrh	VERB
vawrh	ADJ
vawrhchhuah	VERB
vawrhchhuahin	VERB
vawrhchhuak	NOUN
vawrhdarh	ADJ
vawrhna	ADJ
vawrin	NOUN
vâwrin	ADJ
vawrna	VERB
vawrnaa	VERB
vawrsak	ADJ
vâwrsak	ADJ
vawrtawp	ADJ
vawrtâwp	ADJ
vâwrtawp	VERB
vâwrtâwp	ADJ
vawsawm	ADJ
vawt	VERB
vawt	ADJ
vâwt	VERB
vawta	VERB
vawṭhiat	VERB
vawthlep	ADJ
vawthlu	ADJ
vawtin	ADJ
vâwtin	ADJ
vawtina	NOUN
vawtuin	NOUN
vawtute	NOUN
vazar	NOUN
vazun	ADV
vazûn	PUNCT
ve	NOUN
ve	ADV
ve	PART
ve	INTJ
veah	ADJ
vêah	NOUN
veahte	ADV
ve-bu-ru	VERB
veh	NOUN
veh	VERB
vehbur	NOUN
vehbur	X
veh-bur	NOUN
vehbûr	X
veh-bur-khawn	ADV
vehin	NOUN
ve-hlan	NOUN
vehna	VERB
ve-hngeng	VERB
vehthlem	NOUN
vehthlemna	NOUN
vehthlêmna	ADJ
vehtu	ADV
vehtuin	NOUN
vei	VERB
vei	ADJ
vei	ADV
veia	ADJ
veiah	ADJ
veiawm	VERB
veihawn	VERB
veihawn	ADJ
veihian	ADJ
veihnih	ADJ
veiin	ADJ
veiina	NOUN
veikhat	ADJ
veikhawr	NOUN
veikhawr	ADJ
vei-khawr	NOUN
vei-khur-khat	NOUN
veilam	ADJ
vei-lam	ADJ
veilama	ADJ
veilamah	NOUN
veilamin	ADJ
veiling	NOUN
vêin	ADJ
veina	ADJ
veinaah	VERB
veinat	VERB
vei-nei	VERB
vei-nghak	NOUN
vei-nghâk	VERB
veite	VERB
veitir	NOUN
veitîr	ADJ
veitu	VERB
veituin	VERB
veivah	NOUN
veivahna	VERB
veivak	VERB
veivak	ADJ
vei-vak	VERB
veivâk	NOUN
veivâk	VERB
vei-vâk	VERB
veivâka	ADJ
veivakmi	ADJ
veivakte	ADJ
veivâkte	VERB
veivakten	VERB
veivir	ADJ
vei-vir	NOUN
veivirna	ADJ
veizawng	ADV
vek	ADJ
vek	CCONJ
vêka	ADJ
vekah	NOUN
vêkah	NOUN
ve-keng	ADJ
ve-kêng	ADJ
vekin	ADJ
vèkin	ADJ
vêkin	NOUN
vekina	ADJ
vekna	ADJ
vekte	NOUN
vêkte	ADJ
vektu	ADJ
vektûr	ADV
vektute	NOUN
vel	NOUN
vel	VERB
vela	ADJ
vêla	ADJ
velah	ADJ
vêlah	ADJ
velahte	ADJ
vêlahte	ADJ
veleh	ADJ
veleh	ADV
vêleh	ADJ
veleha	ADJ
vêleha	ADJ
velehah	ADV
velehin	ADV
ve-lem	VERB
ve-lêm	VERB
velh	NOUN
velh	VERB
vel-hawk	ADJ
vel-hâwk	ADJ
vêlho	ADJ
velin	NOUN
vêlin	NOUN
vel-ler	NOUN
vel-lêr	NOUN
velna	ADJ
vêlna	ADJ
vêlnaa	ADJ
velnaah	ADJ
velo	ADJ
velpui	ADJ
velte	ADJ
vêlte	NOUN
velten	VERB
vel-thang	NOUN
veltir	NOUN
veltu	NOUN
veltute	NOUN
vêltute	ADJ
velvelh	ADJ
velzet	ADJ
velzeta	ADJ
velzetin	NOUN
vêmai	VERB
ven	VERB
ven	ADV
vèn	NOUN
vên	VERB
vena	ADJ
vêna	NOUN
venate	NOUN
venbuk	NOUN
ven-buk	NOUN
vênbûk	NOUN
vendan	NOUN
veng	NOUN
véng	NOUN
vèng	VERB
vêng	NOUN
venga	ADJ
vênga	ADJ
vengah	ADJ
vêngah	NOUN
vengchhak	ADJ
vengchhung	ADJ
vengchhungah	ADJ
venghim	ADJ
vênghim	NOUN
venghima	NOUN
venghimna	NOUN
venghimtu	NOUN
vênghimtu	PRON
venghimtute	ADJ
venghlui	NOUN
venghluia	ADJ
venghnuai	ADJ
vengho	ADJ
vengin	NOUN
vêngin	ADJ
venglai	NOUN
venglaia	NOUN
venglu	NOUN
vengmawng	NOUN
vengpa	ADJ
veng-penhleh	NOUN
vengpuia	PRON
vengri	ADJ
vengsang	ADJ
vengsangah	ADJ
vengte	ADJ
vêngte	ADJ
vengtha	ADJ
vengthar	ADJ
vêngthara	ADJ
vengthawng	VERB
vengthawng	ADJ
vêngthâwng	PRON
vengthlang	NOUN
vengthlangah	NOUN
vengtu	NOUN
veng-tu	NOUN
vêngtu	ADJ
vêngtû	ADJ
vêngtua	ADJ
vengtuah	ADJ
vêngtuah	ADJ
vêngtûah	ADJ
vêngtuho	ADJ
vêngtuhote	ADJ
vengtuin	NOUN
vêngtuin	ADJ
vêngtunu	NOUN
vengtute	NOUN
vêngtute	NOUN
vengtuten	ADJ
vêngtuten	ADJ
vengva	NOUN
vengva	VERB
vengvâ	VERB
vengvat	NOUN
venhim	NOUN
ven-him	ADJ
vénhim	VERB
vênhim	VERB
vên-him	ADJ
vênhima	NOUN
venhimah	NOUN
venhimna	ADJ
vênhimna	VERB
venhimnaa	NOUN
vênhimsak	ADJ
venhimsaktu	NOUN
venkaiah	NOUN
venna	ADJ
vênna	ADJ
vennaah	VERB
vênnaah	VERB
venpui	ADJ
ven-pui	VERB
vênpui	VERB
vênpuiin	VERB
vensak	NOUN
vênsak	ADJ
vênsaktu	NOUN
vente	ADJ
ven-tha-na	ADJ
venthawn	ADJ
vênthawn	VERB
vênthâwn	NOUN
venthawnpuina	ADJ
venthlem	VERB
venthlêm	VERB
ventir	VERB
ventîr	NOUN
vêntîr	NOUN
ventu	ADV
ve-o	ADV
ver	NOUN
ver	VERB
ve-re-hek	VERB
ve-re-hêk	VERB
verh	VERB
verha	NOUN
verhkuak	NOUN
verhkuak	ADV
verhna	ADJ
verhsak	ADJ
verther	NOUN
vertherna	ADJ
verthernaa	ADJ
vertherte	ADJ
vertherzia	ADJ
vervek	ADJ
vervêk	ADJ
verveka	NOUN
vervekin	NOUN
vervekna	ADJ
vervêkna	ADJ
verveknain	ADJ
vervêknain	ADJ
vervekte	ADJ
vervêkte	ADJ
vervekten	ADJ
vervêkten	ADJ
vervekzia	ADV
vervêkzia	VERB
vet	NOUN
vet	ADV
veta	NOUN
ve-te	ADJ
ve-tê	NOUN
vête	NOUN
vetin	NOUN
vetna	ADV
vêtna	X
vettei	NOUN
vettei	ADV
vettu	ADJ
vêttu	ADV
vetu	ADV
ve-tuh-tuh	ADV
veu	NOUN
veu	ADV
vi	ADV
viah	ADJ
viah	ADV
viahin	NOUN
viak	VERB
vial	ADJ
viala	NOUN
vialah	ADV
vialna	ADV
viau	NOUN
viauin	VERB
viauna	NOUN
vih	NOUN
vil	ADJ
vilna	NOUN
vilpui	ADJ
viltu	ADJ
viltute	VERB
vingvial	ADJ
vingvung	ADJ
vir	ADJ
virin	NOUN
virmep	ADJ
virna	ADJ
virte	VERB
virthial	ADJ
virtir	NOUN
virtira	NOUN
virtirna	NOUN
virtu	NOUN
virvawm	NOUN
virvawma	NOUN
virvawmte	ADV
virvet	ADV
vit	VERB
vo	VERB
voh	ADV
vu	ADJ
vuah	ADJ
vuaha	ADJ
vuahah	NOUN
vuahin	NOUN
vuahna	NOUN
vuahnate	NOUN
vuahsak	NOUN
vuahte	NOUN
vuahtir	VERB
vuahtu	ADV
vuai	ADJ
vuaia	ADJ
vuaicha	ADJ
vuaichâ	NOUN
vuaiin	VERB
vuak	VERB
vuaka	NOUN
vuakah	ADJ
vuakdup	ADJ
vuakfung	ADJ
vuakin	NOUN
vuaklet	ADJ
vuakna	ADJ
vuaknaah	ADJ
vuaknaahte	NOUN
vuaknain	ADJ
vuaksa	NOUN
vuaksakin	VERB
vuakte	NOUN
vuakthuah	VERB
vuaktiang	VERB
vuaktir	NOUN
vuaktîr	ADJ
vuaktu	ADJ
vuakveta	NOUN
vuakvetah	ADJ
vuakvir	ADJ
vual	VERB
vualte	ADJ
vuan	ADV
vuana	ADJ
vuanin	NOUN
vuantu	ADV
vuantute	ADJ
vuat	ADJ
vuiah	VERB
vûiah	VERB
vuih	NOUN
vuih	VERB
vuiin	ADJ
vuiliam	NOUN
vuiliamin	ADJ
vuina	ADJ
vuinaa	VERB
vuinaah	VERB
vuitir	NOUN
vuitîr	NOUN
vuitu	ADJ
vuitute	NOUN
vuivai	NOUN
vuivâihna	NOUN
vuivaina	X
vukduk	ADJ
vulah	ADJ
vulh	ADJ
vulha	NOUN
vulhah	VERB
vulhna	ADJ
vulhpul	NOUN
vulhte	ADJ
vulhtu	ADJ
vulhtuho	ADJ
vulhtute	ADJ
vulin	ADJ
vullai	ADJ
vulmawi	ADJ
vulmawiten	VERB
vulte	NOUN
vum	ADJ
vuna	VERB
vunah	VERB
vung	ADJ
vûng	ADJ
vungin	ADJ
vungte	ADJ
vunin	NOUN
vunlam	NOUN
vunna	ADJ
vunnatna	NOUN
vunrawng	NOUN
vunte	ADV
vuntu	VERB
vur	VERB
vura	ADJ
vûra	ADJ
vurah	ADJ
vurin	ADJ
vûrin	ADJ
vurina	VERB
vurkhawng	NOUN
vûrtîr	NOUN
vûrtu	ADJ
vurtui	NOUN
vurzia	NOUN
vutah	NOUN
vutbuak	ADJ
vutdûr	ADJ
vutdûrah	NOUN
vutin	NOUN
vut-la	NOUN
vut-lawk	NOUN
vut-lâwk	NOUN
vut-lum	NOUN
vut-phu-hni	VERB
vut-sen-hluam	NOUN
vut-thlu	NOUN
vut-tu-i	ADJ
vu-vu	ADJ
vuvuk	NOUN
vuvûk	NOUN
y.m.a.	NOUN
za	VERB
zaah	NOUN
zâah	VERB
zabak	VERB
za-bawh	NOUN
za-chat	VERB
zachham	VERB
za-chuam	NOUN
za-dam	VERB
zadeng	VERB
zah	VERB
zaha	ADJ
zahawm	ADJ
zahawma	ADJ
zahawmah	ADJ
zahawmhote	NOUN
zahawmin	NOUN
zahawmna	NOUN
zahawmnate	NOUN
zahawmte	ADJ
zahawmziate	ADJ
zahder	ADJ
zahdera	VERB
zahderna	ADJ
zahfai	ADJ
zahin	ADJ
zahkai	NOUN
zahlohnaa	ADJ
zahmawh	ADJ
zahmawhah	NOUN
zahmawhte	ADJ
zahna	ADJ
zahnaa	NOUN
zahnaah	VERB
zahnate	VERB
zahngai	VERB
za-hngai	VERB
za-hngâi	ADJ
zahngaih	ADJ
zahngaihna	ADJ
zahngaihnaa	ADJ
zahngaihnaah	NOUN
zahngaihnain	ADJ
zahngaihnate	ADJ
za-hngai-thei	VERB
zahnihin	ADJ
za-ho	VERB
zahpah	VERB
zah-pah	ADJ
zahphur	VERB
zahphurh	ADJ
zahpui	ADJ
zahpuiawm	ADJ
zah-puiawm	VERB
zahpuiin	NOUN
zahsak	ADJ
zahsaktu	ADJ
zahtheih	ADJ
zahtheihloh	ADJ
zahthlak	ADJ
zah-thlak	ADJ
zahthlâk	NOUN
zahthlâk	VERB
zahthlâk	ADJ
zah-thlâk	VERB
zahthlâkah	ADJ
zahthlakna	NOUN
zahthlakzia	NOUN
zahtu	ADJ
zahtute	ADJ
zahve	NOUN
zah-ve	ADJ
zahvê	ADJ
zahvêin	NOUN
zahzawng	ADJ
zah-zel	ADJ
zahzia	ADV
zahzum	NOUN
zai	NOUN
zai	VERB
zai	ADJ
zâi	NOUN
zâi	VERB
zaia	ADJ
zâia	ADJ
zaiah	ADJ
zaichhuah	ADJ
zaidam	ADJ
zai-dam	VERB
zâidam	NOUN
zâidam	VERB
zaidamin	ADJ
zaidamna	ADJ
zaidamnain	ADJ
zaidawh	ADJ
zâidawh	ADV
zaih	NOUN
zai-hir	NOUN
zai-hîr	NOUN
zaihla	NOUN
zai-hla	NOUN
zaihlawm	NOUN
zaihlâwm	NOUN
zaiho	NOUN
zaihri	ADJ
zai-hri	ADJ
zaii	ADJ
zaiin	NOUN
zai-in	ADJ
zâiin	ADJ
zaikhata	VERB
zaikhawm	VERB
zai-khawm	ADJ
zai-khâwm	NOUN
zaikhawmte	NOUN
zai-la	ADJ
zai-lâ	NOUN
zailep	NOUN
zaileptu	NOUN
zailum	NOUN
zailûm	NOUN
zâilum	NOUN
zâilûm	NOUN
zai-lung	NOUN
zaimi	NOUN
zai-mi	NOUN
zâimi	NOUN
zaimite	ADJ
zâimite	ADJ
zaimiten	ADJ
zâimiten	ADV
zain	NOUN
zâin	NOUN
zaina	ADJ
zainaa	NOUN
zainaah	VERB
zainem	VERB
zaingai	NOUN
zaingaih	NOUN
zain-thi	ADJ
zai-nu-i	ADJ
zaipawl	ADJ
zaipâwl	NOUN
zaipâwl	ADJ
zâipâwl	NOUN
zaipawla	NOUN
zaipawlah	NOUN
zaipâwlho	NOUN
zâipâwlho	ADJ
zâipâwlhote	NOUN
zaipawlin	NOUN
zaipawlte	NOUN
zaipâwlte	NOUN
zâipâwlte	NOUN
zaipu	NOUN
zaipui	VERB
zai-pui	VERB
zairel	NOUN
zai-rem	NOUN
zai-ri	NOUN
zairim	NOUN
zairimawi	VERB
zai-ru	NOUN
zairui	VERB
zairum	NOUN
zaisa	NOUN
zaisiar	VERB
zai-sin	NOUN
zai-sir	NOUN
zaite	NOUN
zaitha	NOUN
zaithâ	NOUN
zaiṭha	ADJ
zaiṭhâ	NOUN
zaithiam	ADJ
zai-thiam	NOUN
zaithiamin	NOUN
zaithiamna	ADJ
zaithiamte	NOUN
zaithiamten	VERB
zaitin	VERB
zaitir	ADJ
zaitîr	VERB
zai-tlang	NOUN
zai-tlang	VERB
zai-tlâng	NOUN
zaitu	VERB
zaitute	ADV
zaizah	ADJ
zaizai	VERB
zaizap	NOUN
zaizaptu	NOUN
zâizâptu	NOUN
zaizawh	NOUN
zaizawh	ADV
zaizawhpui	NOUN
zaizawhpui	VERB
zaizia	VERB
zai-zia	VERB
zaizir	VERB
zaizir	ADV
zai-zir	ADJ
zaizirin	NOUN
zaizirin	ADV
zaizirna	ADV
zak	NOUN
zak	VERB
zâk	NOUN
zâk	VERB
zaka	NOUN
zak-a-la	NOUN
zakcheh	VERB
zakchip	VERB
zakchip	ADJ
zakdawh	VERB
zak-dawh	VERB
zâk-dawh	NOUN
zakdek	ADJ
zak-do-tiang	VERB
zakham	NOUN
zakham	VERB
za-kham	NOUN
zakhamna	NOUN
zakhamna	NUM
zakhamnn	ADJ
zakhat	ADJ
zakhata	ADJ
zakhatah	NOUN
zakhnuai	NOUN
zak-hnuai	X
zâk-hnuai	ADJ
zakhnuaiah	VERB
zakhua	NOUN
zakhuana	ADJ
zakhuana	PRON
zakin	VERB
zakir	VERB
zakkau	NOUN
zakkau	VERB
zak-kau	VERB
zâk-kau	VERB
zak-kauh	VERB
zâk-kauh	VERB
zak-kep	VERB
zak-kêp	VERB
zâk-kep	ADJ
zâk-kêp	NOUN
zakkha	NOUN
zak-kham	NOUN
zakkhung	NOUN
zakkhung	VERB
zakna	NOUN
zak-thal	ADJ
zak-thathoh	VERB
zakthei	VERB
zakthei	ADJ
zaktheilo	VERB
zak-thei-lo	VERB
zak-thlak	NOUN
zak-thlâk	NUM
zakthlar	NOUN
zakthlar	VERB
zakua	VERB
zakzeh	VERB
zakzeh	ADV
zak-zeh	NOUN
zâkzeh	NOUN
zakzum	ADJ
zak-zum	NOUN
zak-zum	VERB
zakzûm	ADJ
zâk-zum	VERB
zâk-zum	ADJ
zakzumna	ADJ
zakzumte	ADV
zal	VERB
zâl	VERB
zala	NOUN
za-lai	NOUN
zalam	NOUN
zalen	VERB
zalen	ADJ
za-len	ADJ
zalèn	ADJ
zalên	NOUN
zalên	ADJ
za-lên	VERB
zalena	ADJ
zalêna	ADJ
zalêng	NOUN
zalenin	NOUN
zalenna	NOUN
za-len-na	NOUN
zalènna	ADJ
zalênna	NOUN
za-lên-na	NOUN
zalennaah	VERB
zalennate	VERB
zalentir	VERB
zalh	NOUN
zalhna	ADJ
zalhte	NUM
zalhzia	ADJ
zalî	ADJ
zalîa	NOUN
zalite	NOUN
zalna	VERB
zâlna	VERB
zal-thluk	VERB
zal-thlûk	VERB
zâl-thluk	VERB
zâl-thlûk	VERB
zal-tui	ADV
zâl-tui	ADV
zal-zal	NOUN
zam	NOUN
zam	VERB
zâm	NOUN
zâm	VERB
zamah	ADJ
zâmah	NOUN
zaman	NOUN
zamawm	NOUN
za-ma-zo	NOUN
zam-bal	VERB
zam-bu-i	NOUN
zam-duk	ADJ
zam-hmaw	NOUN
zâmin	NOUN
zam-khal	VERB
zam-kok	VERB
zam-lo	NOUN
zâm-lo	NOUN
zamna	ADJ
zâmna	NOUN
zampher	NOUN
zamphu	NOUN
zamphû	NOUN
zâmphu	NOUN
zâmphû	NOUN
zam-pui	NOUN
zâm-pui	VERB
zampuimanga	NOUN
zampuimanga	VERB
zam-ral	VERB
zâm-râl	ADJ
zamran	ADJ
zamran	ADV
zamte	ADJ
zamtha	NOUN
zam-tha	NOUN
zamṭha	NOUN
zam-ṭha	NOUN
zamthatna	NOUN
zam-thlur	NOUN
zam-thlûr	NOUN
zâm-thlur	VERB
zâm-thlûr	VERB
zamtir	VERB
zàmtír	VERB
zâmtír	ADJ
zâmtîr	ADJ
zamtirin	NOUN
zâmtîrin	NOUN
zamtirtu	NOUN
zamtu	NOUN
zamzo	NOUN
zam-zo	ADV
zâm-zo	ADV
zan	NOUN
zan	VERB
zan	ADV
zân	NOUN
zân	ADV
zana	ADJ
za-na	ADJ
zàna	NOUN
zâna	ADJ
zanah	ADJ
zan-ah	ADJ
zànah	ADV
zânah	ADV
zân-ah	NOUN
zanahte	ADJ
za-nei	ADJ
zang	NOUN
zang	VERB
zang	ADJ
zâng	NOUN
zâng	VERB
zâng	ADJ
zanga	NOUN
zanga	ADJ
zânga	NOUN
zânga	ADJ
zangaa	NOUN
zangaah	NOUN
zang-a-kual	NOUN
zang-a-si	NOUN
zang-a-vawk-ek-tum	NOUN
zang-bawn	NOUN
zâng-bawn	NOUN
zang-bawng	ADJ
zâng-bâwng	NOUN
zângdam	NOUN
zang-el-hri-at	VERB
zang-er	VERB
zang-er-aw	VERB
zâng-er-aw	VERB
zang-fan	VERB
zâng-fân	VERB
zang-hai	NOUN
zâng-hai	NOUN
zang-hak	ADJ
zang-hâk	NOUN
zangin	NOUN
zang-kaw-ki	NOUN
zangkawltuk	ADJ
zang-kawl-tuk	ADJ
zangkhai	ADJ
zang-khai	NOUN
zang-khai	VERB
zângkhai	ADJ
zâng-khai	VERB
zâng-khai	ADJ
zangkhaina	NOUN
zangkhauh	NOUN
zangkhaw	ADJ
zang-khaw-pui	ADJ
zangkhua	ADJ
zângkhua	ADJ
zangkhuaa	NOUN
zangkul	NOUN
zang-kul	NOUN
zang-kûl	NOUN
zâng-kul	NOUN
zâng-kûl	NOUN
zang-la	NOUN
zâng-la	NOUN
zangna	VERB
zângna	VERB
zangnadawm	NOUN
zang-na-dawm	VERB
zâng-na-dawm	NOUN
zangnadawmna	ADJ
za-ngor	VERB
zangphar	NOUN
zang-phar	NOUN
zangruh	NOUN
zang-ruh	NOUN
zâng-ruh	NOUN
zang-ruh-kual	NOUN
zang-ruh-kul	NOUN
zang-ruh-kûl	NOUN
zâng-ruh-kul	NOUN
zâng-ruh-kûl	NOUN
zang-ruh-thlawk	NOUN
zang-ruh-thlâwk	NOUN
zang-sel	NOUN
zangsen	NOUN
zang-si	NOUN
zang-sî	NOUN
zâng-si	NOUN
zâng-sî	NOUN
zang-si-per-pawk	VERB
zâng-si-per-pâwk	VERB
zang-sle	NOUN
zâng-sle	ADJ
zangte	VERB
zangthal	VERB
zang-thal	VERB
zâng-thal	ADV
zangthala	NOUN
zangthalin	NOUN
zang-thla	VERB
zâng-thla	VERB
zang-thlek	VERB
zang-thlêk	VERB
zang-vawh	VERB
zâng-vawh	NOUN
zangzaw	NOUN
zani	ADJ
zâni	ADJ
zanin	ADJ
zânin	ADJ
zanina	ADJ
zânina	ADJ
zaninah	ADJ
zâninah	ADJ
zankhat	ADJ
zankhatah	X
zânkhaw	X
zankhua	NOUN
zan-khua	ADJ
zânkhua	NOUN
zân-khua	ADJ
zankhuaa	ADJ
zankhuain	ADJ
zânkhuain	ADJ
zankhuanin	ADJ
zankuain	NOUN
zanlai	NOUN
zan-lai	NOUN
zân-lai	NOUN
zanlaiah	NOUN
zânlaiah	NOUN
zan-lai-ar-khuan	NOUN
zân-lai-ar-khuan	PRON
zanlawn	VERB
zanlawnah	VERB
zan-leng	VERB
zan-lêng	VERB
zân-leng	NOUN
zân-lêng	NOUN
zan-mu	VERB
zân-mu	VERB
zanna	NOUN
zanriah	NOUN
zan-riah	NOUN
zân-riah	X
zanriaha	NOUN
zan-țah-vei	NOUN
zan-ta-phawk	NOUN
zan-ta-phâwk	NOUN
zan-thim	ADJ
zân-thim	ADJ
zanthima	ADJ
zantiang	ADJ
zantianga	NOUN
zantin	NOUN
zan-tin	NOUN
zân-tin	NOUN
zan-tir	NOUN
zan-tîr	NOUN
zân-tir	NOUN
zân-tîr	ADJ
za-nu	ADJ
zanvak	VERB
zânvâk	VERB
zap	VERB
zâp	VERB
zapa	NOUN
zap-hru	ADJ
zâp-hru	NOUN
zapin	NOUN
zap-pui	NOUN
zaptu	ADJ
zaptute	NOUN
zapui	ADJ
za-pui	ADV
zar	NOUN
zar	VERB
zàr	ADP
zâr	VERB
zâr	ADP
zara	ADJ
zara	ADV
zâra	ADJ
zâra	ADV
zarah	ADP
zar-ah	ADJ
zârah	ADP
zâr-ah	ADJ
zarahte	ADJ
zârahte	NOUN
zâran	VERB
zar-ba-ling	ADJ
zar-bu-ai	ADJ
zarfungte	ADJ
zârfungte	VERB
zarh	VERB
zar-hlang	ADJ
zâr-hlang	ADJ
zarhliap	VERB
zârhliap	VERB
zar-hnawh	VERB
zâr-hnawh	VERB
zar-hniang	NOUN
zar-hruai	PRON
zar-hru-al	NUM
zari	ADJ
zariat	ADJ
zarin	NOUN
zârin	NOUN
zar-jo	NOUN
zâr-jo	NOUN
zarna	NOUN
zârna	NOUN
zârngul	NOUN
zar-pa	VERB
zâr-pa	VERB
zarpak	VERB
zar-pak	VERB
zarpâk	VERB
zâr-pak	VERB
zar-pan	VERB
zâr-pân	ADJ
zarpfik	ADJ
zarpharh	VERB
zârpharh	VERB
zarsak	NOUN
zârsak	NOUN
zarte	ADJ
zârte	VERB
zârten	VERB
zar-thla	VERB
zar-thlek	NOUN
zar-thlêk	NOUN
zartu	VERB
zârturte	NUM
za-ru	ADJ
zaruk	VERB
zaruka	NOUN
zar-zo	NUM
zarzotute	ADJ
zasarih	ADJ
zat	NOUN
zat	VERB
zat	ADV
zât	NOUN
zât	VERB
zata	ADJ
zâta	ADJ
zatah	ADJ
zâtah	NOUN
zate	NOUN
za-tel	NOUN
zat-hmel	NOUN
zat-hmêl	NOUN
zât-hmel	NOUN
zât-hmêl	NOUN
zathu	VERB
zathu	NUM
zathum	ADJ
za-thum	ADJ
zathuma	ADJ
zathumte	ADJ
zatin	NOUN
zâtin	NOUN
zat-la	NOUN
zât-la	NOUN
zatna	NOUN
zatve	NOUN
zatvein	ADJ
zâtvêin	ADJ
zatvete	ADV
zau	NOUN
zau	VERB
zau	ADJ
zauah	NOUN
zau-au	ADJ
zaudawh	VERB
zauh	VERB
zauh	ADJ
zauh	ADV
zauhna	VERB
zauhnaa	NOUN
zauhsak	ADJ
zauhtu	NOUN
zauin	ADJ
zauna	ADJ
zautak	NOUN
zautein	VERB
zauthau	NOUN
zauthau	VERB
zauthauna	ADJ
zautir	ADJ
zauva	ADJ
zauvah	PRON
zauvahte	ADJ
zauvi	ADJ
zauvin	ADJ
zâuvin	ADJ
zauzia	ADJ
zauziate	ADJ
zavai	ADJ
za-vai	ADJ
zavâi	NOUN
zâvai	NOUN
zavaia	ADJ
zavâia	ADJ
zâvaia	ADJ
zavaiin	ADJ
zavaiin	ADV
zavâiin	ADJ
zaw	NOUN
zaw	VERB
zawbidi	VERB
zaw-bu-i	NOUN
zaw-chat	NOUN
zaw-da	VERB
zawh	VERB
zawhah	VERB
zawhawmna	VERB
zawh-chham	NOUN
zawh-chhuah	ADJ
zawhchhuaktu	ADJ
zawh-fe	ADJ
zawh-fê	VERB
zawhfel	NOUN
zawhfiah	NOUN
zawhfiahna	NOUN
zawhfiahtu	NOUN
zawhho	ADJ
zawh-hum	ADJ
zawhin	ADJ
zawhkim	NOUN
zawhloh	NOUN
zawhna	NOUN
zawhnaa	NOUN
zawhnaah	NOUN
zawhnain	ADJ
zawhnate	NOUN
zawhsak	NOUN
zawhte	NOUN
zawhte	X
zawh-te	NOUN
zawh-tê	X
zawhtete	VERB
zawhteten	VERB
zawh-thlak	VERB
zawh-thlâk	VERB
zawhtir	ADJ
zawhtîr	VERB
zawhtîrin	NOUN
zawh-tling	NOUN
zawhtu	NOUN
zawh-tu	VERB
zawh-tui	NOUN
zawhtute	NOUN
zaw-huang	ADJ
zawh-za	ADV
zawhzai	NOUN
zawhzai	VERB
zawh-zau	VERB
zawhzazo	VERB
zawh-zem	ADJ
zawh-zêm	ADJ
zawi	VERB
zawi	ADJ
zawi	ADV
zâwi	VERB
zâwi	ADV
zawia	ADJ
zâwia	VERB
zawiawi	ADJ
zawi-awi	ADJ
zawiawiin	VERB
zawih	ADJ
zawih	ADV
zawiha	NOUN
zawihin	ADJ
zawihna	ADJ
zawiin	ADJ
zâwiin	ADJ
zawite	ADJ
zâwite	ADJ
zawitein	ADV
zawitêin	ADV
zawi-zawi-in	ADJ
zâwi-zâwi-in	ADJ
zawk	ADJ
zawk	ADV
záwk	ADJ
zâwk	ADV
zawka	ADJ
zâwka	ADJ
zawkah	ADJ
zâwkah	NOUN
zawkahte	ADJ
zawkchawng	ADJ
zawkin	ADJ
záwkin	ADJ
zâwkin	NOUN
zawkina	NOUN
zawkna	ADJ
zâwkna	ADJ
zawkte	ADJ
zâwkte	ADJ
zawktein	ADJ
zawkten	VERB
zâwkten	NOUN
zawktir	NOUN
zawktu	NOUN
zâwktu	NOUN
zawktute	ADJ
zâwktute	ADJ
zawkzia	ADJ
zâwkzia	ADJ
zawl	NOUN
zawl	VERB
zawl	ADJ
záwl	ADJ
zâwl	NOUN
zâwl	VERB
zâwl	ADJ
zawla	ADJ
zâwla	ADJ
zawlah	ADJ
zâwlah	NOUN
zawlahte	ADJ
zawlaidi	ADJ
zâwlaidiin	NOUN
zâwlaidîin	NOUN
zawlbuk	NOUN
zawl-buk	NOUN
zâwl-buk	NOUN
zawlbuka	X
zawlbukah	ADJ
zawl-chawng	ADJ
zawldawh	NOUN
zawldawh	VERB
zawl-dawh	VERB
zâwldawh	NOUN
zâwl-dawh	VERB
zawldawhna	ADJ
zâwldawhna	NOUN
zawldawhnain	NOUN
zaw-le	NOUN
zâw-le	ADJ
zawl-idi	ADJ
zawlin	VERB
zâwlin	ADJ
zawl-kai	NOUN
zawlkhaw	NOUN
zawl-khaw-tar	NOUN
zâwl-khaw-târ	NOUN
zawl-khaw-thang	NOUN
zawl-la-idi	NOUN
zâwl-la-idi	NOUN
zawl-la-vung	NOUN
zawl-la-vûng	NOUN
zawlna	NOUN
zâwlna	NOUN
zawl-ne	NOUN
zâwl-ne	NOUN
zawlnei	NOUN
zawlnei	ADJ
zawl-nei	NOUN
zâwlnei	ADJ
zâwl-nei	NOUN
zawlneia	ADJ
zawlneiah	ADJ
zâwlneiah	ADJ
zawlneiho	NOUN
zâwlneiho	NOUN
zawlneihote	ADJ
zâwlneihote	ADJ
zâwlneihovin	ADJ
zawlneiin	ADJ
zâwlneiin	NOUN
zâwlneiina	NOUN
zawlneinu	NOUN
zâwlneinu	NOUN
zawlneite	ADJ
zâwlneite	ADJ
zawlneitea	ADJ
zawlneiten	NOUN
zâwlneiten	NOUN
zawl-nei-tu	NOUN
zawl-palam	ADJ
zawlpuan	NOUN
zawlpui	NOUN
zawl-pui	VERB
zâwl-pui	ADJ
zawl-rawk	ADJ
zawlte	ADJ
zâwlte	ADJ
zawlthik	VERB
zawlthîk	VERB
zawl-thlawk	NOUN
zawl-thlâwk	NOUN
zawl-thu	VERB
zâwl-thu	VERB
zawm	VERB
zàwm	ADJ
zâwm	VERB
zawma	ADJ
zâwma	ADJ
zawmah	ADJ
zawmin	NOUN
zâwmin	ADJ
zawmna	ADJ
zawmpui	ADJ
zawmpuite	ADJ
zawmte	ADJ
zawmthaw	VERB
zawm-thaw	NOUN
zawm-thaw	ADJ
zawmthawpa	NOUN
zawmthawt	VERB
zawmthawtna	NOUN
zawmtir	NOUN
zawmtu	ADJ
zâwmtu	NOUN
zawmtur	NOUN
zawmtute	ADJ
zâwmtute	ADJ
zawmtuten	NOUN
zawmzia	NOUN
zawn	VERB
zawn	X
zawn	ADP
zâwn	VERB
zâwn	ADV
zâwn	ADP
zawna	ADJ
zâwna	ADJ
zawnaah	ADJ
zawnah	ADJ
zâwnah	ADJ
zâwnahte	NOUN
zawnate	NOUN
zawnawlna	VERB
zâwnbâwm	NOUN
zawnchhuah	NOUN
zawnfung	ADJ
zâwnfung	ADJ
zâwnfungah	ADJ
zâwnfungahte	ADJ
zâwnfungin	ADJ
zawnfungte	NOUN
zâwnfungte	NOUN
zawng	VERB
zawng	PART
záwng	NOUN
zâwng	NOUN
zâwng	VERB
zawnga	ADJ
zawng-a	NOUN
záwnga	ADJ
zàwnga	NOUN
zâwnga	NOUN
zâwng-a	NOUN
zawngah	ADJ
zâwngah	NOUN
zawngahte	ADJ
zawnga-leilawn	NOUN
zawngate	NOUN
zawng-a-te	NOUN
zawng-a-tê	NOUN
zawng-bal	NOUN
zâwng-bâl	NOUN
zawng-bal-hla	NOUN
zawng-ban	NOUN
zawng-be-te	ADJ
zawng-be-tê	NOUN
zawngbilh	NOUN
zawng-bua	NOUN
zawngchal	ADJ
zawng-chaw	VERB
zawngchhang	VERB
zawng-chhang	ADJ
zâwng-chhang	ADJ
zawngdaikalh	NOUN
zâwngdaikalh	NOUN
zawng-dala	ADJ
zâwng-dâla	NOUN
zawngdulinu	NOUN
zawngfah	NOUN
zawng-fian	NOUN
zâwng-fian	NOUN
zawng-hang-ek	NOUN
zawng-hang-êk	NOUN
zawng-hâng-ek	NOUN
zawng-hâng-êk	ADJ
zawng-hi-ang	NOUN
zawnghmu	NOUN
zawng-hnah-thlak	NOUN
zawng-hnah-thlâk	NOUN
zawnghnuang	ADJ
zawnghnuang	ADV
zawng-ho	NOUN
zawnghri	NOUN
zawng-hri	X
zâwng-hri	NOUN
zawng-hrui	ADJ
zawnghuap	ADJ
zawngin	ADJ
zawngin	CCONJ
zawng-in	NOUN
záwngin	ADV
zâwngin	NOUN
zâwngin	ADV
zawngina	NOUN
zawng-kai	NOUN
zawng-ka-kang	VERB
zawng-kâ-kang	NOUN
zawng-kal	NOUN
zawng-kang	NOUN
zawng-kâng	NOUN
zawng-kang-tha	NOUN
zâwng-kang-tha	NOUN
zawng-kap	NOUN
zawng-kâp	NOUN
zâwng-kâp	NOUN
zawng-kha	NOUN
zawng-khal	NOUN
zâwng-khal	NOUN
zawng-khau	NOUN
zâwng-khau	NOUN
zawng-khaw-pui-ri-hri-at	NOUN
zawng-kuang	NOUN
zawng-ku-ang	ADJ
zâwng-kuang	NOUN
zawnglai	NOUN
zawng-lawn	ADJ
zawng-li	NOUN
zawnglian	NOUN
zawng-li-awh	PRON
zâwng-li-awh	NOUN
zawngling	NOUN
zawng-lung	NOUN
zâwng-lung	NOUN
zawng-lung-lei	NOUN
zawng-mal	NOUN
zawng-mawt	NOUN
zawng-pui-sai	NOUN
zawng-pui-sâi	NOUN
zawng-ral	X
zawng-râl	NOUN
zawng-rit	NOUN
zawng-sa	NOUN
zawng-sâ	NOUN
zawng-sai-ngho	NOUN
zâwng-sai-ngho	NOUN
zawng-sih	NOUN
zawng-ta	NOUN
zawngtah	NOUN
zawngtah	ADJ
zawng-tah	NOUN
zawngṭah	NOUN
zâwng-tah	ADJ
zawngte	NOUN
zawngte	ADJ
zawng-te	X
zâwngte	NOUN
zâwngtê	NOUN
zawng-tei	ADJ
zâwng-tei	NOUN
zawngtein	NOUN
zawng-te-le-lawm	ADJ
zawng-te-le-lâwm	NOUN
zawngten	NOUN
zawng-te-ral-ti	NOUN
zawng-tha-hrui	NOUN
zâwng-tha-hrui	NOUN
zawng-thleng	NOUN
zawng-tho	NOUN
zawng-tlak	NOUN
zawng-tlâk	NOUN
zawng-tla-pui	NOUN
zâwng-tla-pui	NOUN
zawng-tla-tla	NOUN
zâwng-tla-tla	NOUN
zawngtu	NOUN
zawng-tu-a	NOUN
zâwng-tu-a	NOUN
zawng-tu-i	NOUN
zawng-ṭu-i	NOUN
zawngtute	NOUN
zawng-za	ADJ
zâwng-za	ADJ
zawngzawng	NOUN
zawngzawp	NOUN
zawng-zu	VERB
zâwng-zu	VERB
zawng-zui	ADJ
zâwng-zui	ADJ
zawnhmuh	ADJ
zawnin	ADJ
zâwnin	NOUN
zawnlamah	NOUN
zawnna	ADJ
zâwnna	ADJ
zawnnaa	ADJ
zawnnaah	ADJ
zâwnngul	ADJ
zâwnngulte	ADJ
zawnpui	ADJ
zawnsak	NOUN
zawnsakin	NOUN
zawnsaktu	NOUN
zawnte	VERB
zâwnte	VERB
zawntir	NOUN
zawntîr	NOUN
zawntu	NOUN
zâwntu	NOUN
zawntute	ADJ
zâwntute	ADJ
zâwntuten	NOUN
zawp	NOUN
zawpna	ADJ
zawptu	ADJ
zawr	VERB
zawr	ADJ
zawr	ADV
zâwr	VERB
zâwr	ADJ
zawra	X
zawrahte	VERB
zawrh	ADJ
zawrhah	VERB
zawrhan	ADJ
zawrhchhuah	ADJ
zawrhhmun	ADJ
zawrhin	NOUN
zawrhlai	ADJ
zawrhna	ADJ
zawrhnaa	ADJ
zawrhnaah	ADJ
zawrhnana	ADJ
zawrhsak	ADJ
zawrhsan	NOUN
zawrhsum	ADV
zawrhte	ADJ
zawrkawl	NOUN
zawrte	ADV
zawrti	NOUN
zawt	VERB
zâwt	VERB
zawtfiah	NOUN
zawtin	ADJ
zawtna	NOUN
zawtthuk	NOUN
zawttu	ADJ
zâwttu	ADV
zâwttuten	NOUN
zawt-zawt	INTJ
zc	NOUN
ze	VERB
ze	ADV
ze-em	ADV
zeh	ADV
ze-he	VERB
ze-he	ADV
ze-hê	VERB
ze-hê	ADV
ze-he-lo	VERB
ze-he-lo	ADJ
ze-hê-lo	VERB
ze-hê-lo	ADJ
zehmawi	ADJ
zehmâwi	NOUN
zehmawite	ADJ
zehna	ADJ
ze-hnih	VERB
ze-hrang	ADV
ze-hrep	ADV
zei	ADJ
zeih	ADV
zêih	ADJ
zeilo	ADV
zek	VERB
zek	ADV
zêk	ADV
zekhang	VERB
zel	VERB
zêl	VERB
zela	ADJ
zêla	ADJ
zêlah	VERB
zeldin	VERB
zel-din	ADJ
zêl-din	X
zeldina	NOUN
zeldinna	NOUN
zel-din-thu	NOUN
zêl-din-thu	ADJ
zelenna	ADJ
zelin	NOUN
zêlin	NOUN
zelna	ADJ
zêlna	ADJ
zelnaa	NOUN
zelnaah	NOUN
zelnate	NOUN
zelte	ADJ
zel-te	NOUN
zêlte	ADJ
zêl-tê	NOUN
zêlten	ADJ
zel-thei	ADJ
zelthel	ADJ
zel-thel	NOUN
zel-thel	VERB
zêl-thel	VERB
zêl-thel	ADJ
zeltluang	NOUN
zeltu	ADV
zêltu	NOUN
zem	NOUN
zem	VERB
zem	X
zema	ADJ
zemabawk	ADJ
zemah	ADJ
zêmah	NOUN
zemawi	NOUN
ze-mawi	VERB
zem-che	NOUN
zemchhuah	NOUN
zêmpui	ADJ
zemzo	ADJ
zen	NOUN
zen	VERB
zen	ADV
zên	NOUN
zên	VERB
zena	NOUN
zenchawng	ADJ
zenching	NOUN
zeng	VERB
zeng	ADJ
zenga	NOUN
zengin	NOUN
zengte	NOUN
zen-kawng	NOUN
zên-kawng	NOUN
zenna	NOUN
zenpuitu	NOUN
zen-sa	VERB
zên-sa	VERB
zenthlawr	VERB
zep	NOUN
zep	VERB
zêp	VERB
zep-hrui	NOUN
zepte	NOUN
zêptu	NOUN
zeptute	NOUN
zep-ui-mu-hni	ADV
zêp-ui-mu-hni	ADV
zer	VERB
zer	ADJ
zera	ADJ
ze-ral	ADJ
zeta	INTJ
zetah	INTJ
ze-tan-e	NOUN
ze-tân-e	NOUN
ze-te	ADJ
ze-tê	ADJ
zethui	ADJ
zeṭial	ADJ
zetin	NOUN
zêtin	ADJ
zetna	ADJ
zetzia	ADJ
zeuhin	ADJ
zeuhte	ADJ
ze-zang	VERB
ze-zawi	NOUN
ze-zu	VERB
zi	NOUN
zi	VERB
zia	VERB
zia	ADJ
ziaawm	ADJ
ziah	ADJ
ziaha	ADJ
ziahah	ADJ
ziahfel	NOUN
ziahin	ADJ
ziahkar	NOUN
ziahkâwna	ADJ
ziahkur	ADJ
ziahlan	NOUN
ziahluh	NOUN
ziahluhna	ADJ
ziahna	ADJ
ziahnaa	ADJ
ziahnaah	VERB
ziahpui	ADJ
ziahsak	ADJ
ziahsakin	VERB
ziahte	VERB
ziahtir	NOUN
ziahtîr	VERB
ziak	VERB
zi-ak	NOUN
zi-ak	VERB
ziaka	ADJ
ziakah	NOUN
ziakbu	ADJ
ziakchhan	NOUN
ziakchhuakin	VERB
ziakelna	NOUN
ziakfel	ADJ
ziak-fung	ADJ
ziakin	ADJ
ziakloh	NOUN
ziaklut	NOUN
ziakmi	NOUN
ziak-mi	NOUN
zi-ak-mi	ADJ
ziakmiah	NOUN
ziakmite	ADJ
ziakna	ADJ
ziaknaa	ADJ
ziaknaah	ADJ
ziaknate	NOUN
ziakpuanin	NOUN
ziakpuanna	ADJ
ziak-pui	VERB
ziakruka	VERB
ziaksak	ADJ
ziaktar	VERB
ziakte	NOUN
ziaktir	ADJ
ziaktu	ADJ
ziaktuin	NOUN
ziaktupa	ADJ
ziaktute	ADJ
ziaktuten	NOUN
ziakzêla	NOUN
zial	NOUN
zial	VERB
zi-al	NOUN
zi-al	VERB
ziala	ADJ
zialah	NOUN
zialin	NOUN
zial-kung	VERB
zial-kûng	VERB
zialzuk	VERB
zialzûk	NOUN
ziam	VERB
zi-an	NOUN
ziang	NOUN
ziar	NOUN
zi-ar	ADJ
ziarang	ADJ
ziarâng	ADJ
ziaranga	NOUN
ziarangte	VERB
ziar-hru	VERB
ziat	VERB
ziate	VERB
zia-thiam	VERB
zia-thiam	ADV
ziau	ADJ
ziazang	ADJ
ziazâng	ADJ
ziazanga	ADJ
ziazângin	ADJ
ziding	VERB
zidingah	NOUN
zih	NOUN
zi-ik	NOUN
zi-im	VERB
zik	VERB
zi-ka	NOUN
zi-kâ	NOUN
zikhlum	NOUN
zi-khlum	NOUN
zi-khlûm	ADJ
zîkin	ADJ
zik-no	VERB
ziktluak	NOUN
zil-bial	NOUN
zil-buang	VERB
zil-eng	VERB
zilh	NOUN
zilhau	VERB
zilhauna	VERB
zilhhau	NOUN
zilhhâu	ADJ
zilhhauhna	NOUN
zilhhauhva	ADJ
zilhhauna	ADJ
zilhhaunain	NOUN
zilhhausak	NOUN
zilhhautu	NOUN
zilhhâutu	NOUN
zilhhautute	ADJ
zilhhâutute	ADJ
zilhhauva	ADJ
zilhhauvin	VERB
zilhin	NOUN
zilhlawk	NOUN
zilhlawk	ADV
zilhlawkna	NOUN
zilhna	NOUN
zilhna	ADJ
zilhnaah	NOUN
zilhnate	NOUN
zilhtu	ADJ
zilhtute	ADJ
zim	NOUN
zim	VERB
zim	ADJ
zîm	VERB
zîm	ADJ
zîmah	NOUN
zimin	ADJ
zimna	ADJ
zimte	ADV
zîmtêah	VERB
zin	NOUN
zin	ADV
zina	ADJ
zinchhuah	ADV
zing	VERB
zîng	NOUN
zîng	ADV
zinga	ADJ
zi-nga	ADJ
zínga	NOUN
zînga	ADJ
zingah	ADJ
zi-ngah	ADJ
zíngah	ADV
zîngah	ADJ
zingahte	NOUN
zîngahte	NOUN
zingchaw	ADJ
zing-daifim	ADJ
zingin	ADJ
zingkar	NOUN
zing-kar	ADJ
zingkâr	ADJ
zingkara	ADJ
zingkarah	ADJ
zingkhuain	NOUN
zinglam	ADJ
zing-lam	NOUN
zinglamah	NOUN
zing-nin	NOUN
zing-par	NOUN
zing-ri	ADJ
zing-thla	NOUN
zingtho	VERB
zing-ti-an	ADV
zingzin	ADJ
zing-zing	NOUN
zingzum	ADJ
zinhnawn	NOUN
zinin	ADJ
zinkawng	ADJ
zinkawnga	ADJ
zinkawngah	NOUN
zinkawngte	NOUN
zinmite	NOUN
zinna	ADJ
zînna	NOUN
zinnaah	NOUN
zinpui	NOUN
zinpui	VERB
zinpuî	NOUN
zinte	VERB
zinthiang	VERB
zintir	ADJ
zîntîr	NOUN
zinvah	ADJ
zinvahna	ADJ
zinvak	NOUN
zinvakte	NOUN
zin-veivak	VERB
zin-veivâk	VERB
zip	VERB
zip	ADV
zîp	ADV
zip-zap	NOUN
zir	VERB
zir	ADV
zirbingmi	ADJ
zirbingna	VERB
zirbingnaah	ADJ
zirchhuah	VERB
zirchhuahah	ADJ
zirchhuak	VERB
zirchhuakte	ADJ
zirchian	VERB
zirchiana	ADJ
zirchiang	ADJ
zirchianga	NOUN
zirchiangin	NOUN
zirchiangtu	ADJ
zirchiangtute	NOUN
zirchianin	ADJ
zirchianna	ADJ
zirchiannaa	NOUN
zirchiannaah	VERB
zirchiannate	ADJ
zirho	NOUN
zirhonaah	ADJ
zi-ri	NOUN
zirin	NOUN
zirlai	NOUN
zirlai	ADJ
zir-lai	ADJ
zirlaia	NOUN
zirlaiah	ADJ
zirlaibu	ADJ
zirlaibua	NOUN
zirlaibuah	NOUN
zirlaibute	ADJ
zirlaiho	NOUN
zirlaiin	NOUN
zirlaipui	ADJ
zirlaite	ADJ
zirlaiteah	NOUN
zirlaiten	NOUN
zirmi	NOUN
zirmite	NOUN
zirna	ADJ
zir-na	ADJ
zirnaa	NOUN
zirnaah	ADJ
zirnate	ADJ
zir-peih	ADJ
zirpui	VERB
zirpuihote	ADJ
zirsak	NOUN
zirsak	PRON
zirsang	ADJ
zirsanga	ADJ
zirtawp	NOUN
zirtawpah	NOUN
zirtawpni	NOUN
zirtawpni	ADJ
zirtâwpni	ADJ
zirtawpnia	NOUN
zirtawpniah	ADJ
zirte	NOUN
zirtheih	NOUN
zirtir	VERB
zirtir	ADJ
zir-tir	VERB
zirtîr	VERB
zirtîr	ADJ
zir-tîr	VERB
zirtira	ADJ
zirtîra	ADJ
zirtirah	ADJ
zirtirahte	ADJ
zirtirho	ADJ
zirtîrho	NOUN
zirtirhote	ADJ
zirtîrhote	ADJ
zirtirhoten	PRON
zirtîrhoten	ADJ
zirtiri	ADJ
zirtirin	NOUN
zirtîrin	NOUN
zirtirna	NOUN
zirtirna	ADJ
zirtîrna	ADJ
zirtirnaa	ADJ
zirtirnaah	ADJ
zirtîrnaah	NOUN
zirtîrnain	NOUN
zirtirnate	NOUN
zirtîrnate	NOUN
zirtîrpuite	NOUN
zirtirte	ADJ
zirtîrte	ADJ
zirtirteho	ADJ
zirtîrteho	ADJ
zirtirten	NOUN
zirtîrten	NOUN
zirtirtu	NOUN
zirtirtu	ADJ
zir-tir-tu	NOUN
zirtîrtu	ADJ
zir-tîr-tu	NOUN
zirtirtua	ADJ
zirtîrtua	ADJ
zirtirtuah	ADJ
zirtirtuahte	ADJ
zirtirtuho	ADJ
zirtirtuin	NOUN
zirtîrtuin	ADJ
zirtirtunu	ADJ
zirtirtute	ADJ
zirtîrtute	ADJ
zirtirtuten	ADJ
zirtîrtuten	NOUN
zirtirzia	ADJ
zirtu	NOUN
zirtuin	ADJ
zirtur	NOUN
zirtura	NOUN
zirtute	VERB
zirzauna	VERB
zit	ADV
zît	ADV
zitirna	NOUN
zit-zet	NOUN
ziwhzazo	NOUN
ziza	NOUN
zîza	NOUN
zo	NOUN
zo	VERB
zo-an-tam	NOUN
zo-an-ṭam	NOUN
zo-ar	NOUN
zo-âr	NOUN
zo-archhuang	NOUN
zo-ar-khuan	NOUN
zo-artui	NOUN
zo-ba	NOUN
zo-bal	NOUN
zo-bâl	NOUN
zo-bawm	NOUN
zo-bâwm	NOUN
zo-be	NOUN
zo-bê	NOUN
zo-be-hlawi	NOUN
zo-be-hliang	NOUN
zo-bê-hliang	NOUN
zo-be-kang	NOUN
zo-bê-kang	NOUN
zo-be-pui	NOUN
zo-bê-pui	NOUN
zo-be-re	NOUN
zo-bê-re	NOUN
zo-be-suak	NOUN
zo-bê-suak	NOUN
zo-buh	NOUN
zo-bu-hlei	NOUN
zo-cha	NOUN
zo-cha-kawk	NOUN
zo-cha-pawng	NOUN
zo-chhang-ban	NOUN
zodawh	NOUN
zo-ei	NOUN
zo-eng	NOUN
zofa	NOUN
zo-fa	NOUN
zofâ	ADJ
zofate	NOUN
zofaten	NOUN
zo-hang	NOUN
zo-hlo-fang	NOUN
zo-hming-thang	NOUN
zo-hming-thâng	NOUN
zohnahthlak	NOUN
zohnathlak	X
zo-hniar	PRON
zohnuai	NOUN
zohnuaiah	NOUN
zo-ho	NOUN
zo-hri	NOUN
zo-hrui	NOUN
zo-hu-ai	VERB
zo-huan	NOUN
zo-im	NOUN
zo-in	VERB
zo-kai	NOUN
zo-kang	NOUN
zo-kâng	NOUN
zo-kang-thai	NOUN
zo-kawl-bah-ra	NOUN
zo-kâwl-bah-ra	NOUN
zo-kawl-sen	NOUN
zo-kâwl-sen	NOUN
zo-kaw-pui	NOUN
zo-kawrnu	NOUN
zo-kel	NOUN
zo-kelbuh	NOUN
zo-kel-ki	NOUN
zo-khang	NOUN
zo-khang-eng	NOUN
zo-khaw-pui	ADJ
zo-khi-a	NOUN
zokhua	NOUN
zo-khua	VERB
zo-ki	VERB
zo-kik	NOUN
zo-kîk	NOUN
zo-ko	NOUN
zo-kua	NOUN
zo-leng	VERB
zoliantuaii	NOUN
zo-lo	NOUN
zo-lo-bu	VERB
zo-luk	NOUN
zo-lung	NOUN
zo-lung-lei	VERB
zo-lut	NOUN
zom	NOUN
zo-ma-hru-ai	NOUN
zo-mawt	NOUN
zo-mâwt	NOUN
zo-mu	NOUN
zo-mu-van-lai-lawk	VERB
zo-mu-van-lai-lâwk	NOUN
zon	NOUN
zongam	NOUN
zongam	VERB
zo-nul	NOUN
zonun	NOUN
zo-phai	NOUN
zo-phâi	NOUN
zo-pui	NOUN
zo-pui-bawih	NOUN
zo-pui-bâwih	VERB
zo-pui-pang-par	NOUN
zor	NOUN
zoram	NOUN
zo-ram	NOUN
zo-ra-pa	NOUN
zo-râ-pa	NOUN
zo-rei	NOUN
zo-rim	NOUN
zo-ru-al	NOUN
zosap	NOUN
zosap	VERB
zo-sap	NOUN
zo-sâp	NOUN
zo-sen	NOUN
zo-ta-la	NOUN
zo-tap	ADJ
zotawng	NOUN
zotawngin	NOUN
zo-te	NOUN
zo-te-a	NOUN
zo-thang	NOUN
zo-thâng	NOUN
zotheihuan	NOUN
zo-theikum	NOUN
zo-thli	NOUN
zothuama	NOUN
zo-tui-thi	NOUN
zo-tuklo	NOUN
zo-uihniak	ADJ
zo-va	NOUN
zovah	ADJ
zo-vai	NOUN
zovang	NOUN
zo-vawk	ADJ
zo-vâwk	NOUN
zovin	NOUN
zo-vuakdup	NOUN
zo-vuakdûp	ADJ
zo-za	ADJ
zozai	NOUN
zozai	ADJ
zo-zai	VERB
zo-zai	ADV
zozâi	ADJ
zo-zâi	NOUN
zo-zâi	ADJ
zozaia	ADJ
zozaite	VERB
zozâite	VERB
zo-zam	NOUN
zo-zâm	NOUN
zo-zawn	NOUN
zo-zâwn	NOUN
zo-zawng	NOUN
zo-zâwng	NOUN
zo-zem	ADJ
zo-zêm	ADV
zozia	NOUN
zu	NOUN
zu	VERB
zu-a	ADV
zuah	ADJ
zuahhote	ADJ
zuahin	ADJ
zuahsak	ADJ
zuahte	ADJ
zuahzia	ADV
zuai	ADV
zuaiin	ADJ
zuak	ADV
zual	NOUN
zual	VERB
zu-al	VERB
zualkai	NOUN
zualkaitu	VERB
zualko	ADJ
zual-ko	NOUN
zual-ko	VERB
zualkote	NOUN
zualkovin	ADJ
zualna	ADJ
zualpui	ADJ
zualpuite	ADJ
zualte	ADJ
zualthlak	NOUN
zualthlâk	ADJ
zualtu	NOUN
zualzapui	VERB
zuam	VERB
zu-am	VERB
zuan	VERB
zuana	NOUN
zuanbak	NOUN
zuang	NOUN
zuang	VERB
zu-ang	VERB
zu-âng	VERB
zuangkai	VERB
zuanglam	VERB
zuangthla	ADJ
zu-ang-thla	VERB
zuang-tho	ADJ
zuangtum	NOUN
zuanin	VERB
zuansan	VERB
zuantir	ADJ
zuantîr	ADJ
zuanzan	ADJ
zuanzang	NOUN
zuanzâng	NOUN
zuapa	VERB
zu-a-pa	VERB
zuar	VERB
zuar	ADJ
zu-ar	VERB
zuâr	ADJ
zu-âr	VERB
zuara	ADJ
zuarah	ADJ
zuarho	ADJ
zuarin	NOUN
zuarnaah	NOUN
zuarte	NOUN
zuartu	NOUN
zuartuho	NOUN
zuartupa	ADJ
zuartute	ADJ
zuat	VERB
zuau	ADV
zu-au	NOUN
zu-bar	NOUN
zu-bâr	NOUN
zu-bawi	NOUN
zu-bel	VERB
zu-bêl	NOUN
zubilh	NOUN
zu-buh	NOUN
zu-bul	NOUN
zu-bûl	NOUN
zu-bur	NOUN
zu-bûr	NOUN
zuchang	NOUN
zu-chhang	NOUN
zu-chhe-lang	NOUN
zu-chhe-lâng	VERB
zu-chhum	NOUN
zudawn	NOUN
zufang	ADV
zu-fang	NOUN
zu-fei	VERB
zuh	NOUN
zu-hlan	NOUN
zu-hmeh	NOUN
zu-hrai	NOUN
zu-hri	ADV
zu-hro	VERB
zui	VERB
zu-i	NOUN
zuiah	ADJ
zuih	VERB
zuih	ADJ
zu-ih	ADV
zûih	VERB
zui-hli-am	NOUN
zuih-ral	ADJ
zui-hru	ADJ
zuii	ADJ
zuiin	ADJ
zuin	VERB
zu-in	ADJ
zûin	NOUN
zuina	ADJ
zuinaah	VERB
zuipui	ADJ
zui-ru	ADJ
zuisan	NOUN
zuite	VERB
zuitu	NOUN
zui-tung	ADJ
zuitute	ADJ
zuituten	ADV
zuizia	ADV
zuk	NOUN
zuk	VERB
zu-k	VERB
zûk	NOUN
zu-ka	ADJ
zu-kâ	NOUN
zûkah	NOUN
zukchal	VERB
zu-khal	ADJ
zu-kham	VERB
zukhawl	VERB
zu-khawn	VERB
zuk-khum	ADJ
zukna	NOUN
zuk-naisailo	NOUN
zuk-neng	NOUN
zukpui	VERB
zukpuite	NOUN
zuk-sak	ADJ
zuktuai	NOUN
zuktuaiah	NOUN
zu-kuru	ADJ
zu-ku-uru	NOUN
zul	NOUN
zul	VERB
zûl	VERB
zu-lam	NOUN
zu-lei-bak	NOUN
zu-lei-bâk	NOUN
zu-lei-bak-gi	NOUN
zu-lei-bâk-gi	VERB
zu-le-sa	ADJ
zulh	ADJ
zulin	ADJ
zúlin	NOUN
zûlin	NOUN
zulna	ADJ
zu-lo	NOUN
zu-lu	ADJ
zu-luk	ADJ
zulzui	VERB
zul-zui	ADJ
zûlzui	ADJ
zulzuia	ADJ
zulzuiin	ADJ
zum	NOUN
zum	VERB
zum	ADV
zûm	NOUN
zûm	VERB
zuma	ADJ
zumah	NOUN
zumahte	NOUN
zu-ma-tu	NOUN
zu-ma-w	NOUN
zum-bel	NOUN
zum-bêl	NOUN
zu-mghawk	ADJ
zu-mi	ADJ
zumin	ADJ
zumlo	NOUN
zumte	NOUN
zumzuk	NOUN
zun	NOUN
zun	VERB
zûn	NOUN
zûn	VERB
zunah	NOUN
zun-bawm	NOUN
zun-bâwm	NOUN
zun-bul	NOUN
zûn-bûl	VERB
zunbur	VERB
zun-cheh	ADJ
zûn-cheh	ADJ
zun-chhu-ak	NOUN
zung	NOUN
zung	VERB
zûng	NOUN
zunga	ADJ
zungah	NOUN
zungawl	VERB
zungawlveite	NOUN
zungbeh	NOUN
zungbir	VERB
zungbun	VERB
zungbuna	ADJ
zungbunah	ADJ
zungbunin	NOUN
zungbunte	NOUN
zungchal	ADJ
zung-chal	NOUN
zûng-chal	NOUN
zungchala	NOUN
zungchalin	NOUN
zung-da	NOUN
zûng-da	NOUN
zungfang	VERB
zunghrual	VERB
zung-hrual	NOUN
zûng-hrual	NOUN
zung-hrui	ADJ
zûng-hrui	VERB
zungin	VERB
zung-ka	ADJ
zung-kâ	NOUN
zungkai	VERB
zung-kai	ADJ
zungkaih	VERB
zungkaiho	VERB
zung-kap	VERB
zung-kâp	VERB
zûng-kap	ADJ
zûng-kâp	NOUN
zungkawng	NOUN
zung-lai	NOUN
zûng-lai	NOUN
zungna	ADJ
zungpir	NOUN
zungpui	NOUN
zung-pui	NOUN
zûng-pui	NOUN
zungpuiah	NOUN
zungtang	NOUN
zung-tang	NOUN
zungṭang	ADJ
zung-ṭang	NOUN
zungțang	ADJ
zûng-tang	NOUN
zûng-ṭang	NOUN
zungtanga	ADJ
zungṭanga	ADJ
zungtangah	ADJ
zungṭangah	ADJ
zungtangahte	ADJ
zungtangin	ADJ
zungṭangin	ADJ
zungtangte	ADJ
zungṭangte	ADJ
zungțangte	NOUN
zungtangtea	NOUN
zung-tawih	NOUN
zung-ṭawih	NOUN
zûng-tawih	ADJ
zûng-ṭawih	NOUN
zungte	NOUN
zung-te	NOUN
zûng-te	ADJ
zungtekhap	NOUN
zung-teng-u	NOUN
zûng-teng-u	VERB
zung-te-u	VERB
zung-thla	NOUN
zûng-thla	NOUN
zung-thli	NOUN
zung-thlî	NOUN
zûng-thli	NOUN
zûng-thlî	NOUN
zung-thlum	ADJ
zûng-thlum	ADJ
zungza	NOUN
zung-za	NOUN
zungzam	NOUN
zung-zam	NOUN
zungzâm	NOUN
zungzamte	NOUN
zung-zawn	NOUN
zung-zâwn	NOUN
zûng-zawn	NOUN
zûng-zâwn	NOUN
zun-in	NOUN
zûn-in	VERB
zunkawng	VERB
zun-khawm	VERB
zun-khâwm	VERB
zun-khum	NOUN
zûn-khûm	NOUN
zunleng	VERB
zun-leng	NOUN
zûn-leng	VERB
zun-ngah	NOUN
zûn-ngah	NOUN
zunngaih	NOUN
zun-ngam	NOUN
zun-phen	NOUN
zun-phên	NOUN
zun-phi	NOUN
zun-phî	NOUN
zûn-phi	NOUN
zûn-phî	NOUN
zun-puam	VERB
zûn-puam	NOUN
zunsiak	NOUN
zunteinu	NOUN
zunthlum	NOUN
zun-thlum	NOUN
zûn-thlum	ADJ
zunthum	NOUN
zun-thweet	NOUN
zun-tlang	NOUN
zun-tlâng	NOUN
zun-tleng	VERB
zûn-tleng	VERB
zun-zam	NOUN
zun-zâm	NOUN
zun-zasi	NOUN
zun-zâsi	NOUN
zûn-zasi	NOUN
zûn-zâsi	NOUN
zu-pa	NOUN
zu-per	NOUN
zu-per-hai	NOUN
zu-per-hâi	NOUN
zupui	NOUN
zu-pui	NOUN
zu-pui-din	ADJ
zu-pui-si-am	ADJ
zur	NOUN
zur	VERB
zûr	VERB
zura	ADJ
zu-ri	ADJ
zu-ru	ADJ
zu-rû	ADJ
zurui	NOUN
zu-rui	NOUN
zu-rui	ADV
zu-rûi	NOUN
zu-rûi	VERB
zu-sat-hlak	VERB
zut	VERB
zu-t	VERB
zût	VERB
zutah	NOUN
zutai	NOUN
zuthel	ADJ
zu-thlum	VERB
zutin	VERB
zut-kawlh	VERB
zut-kâwlh	VERB
zût-kawlh	VERB
zût-kâwlh	VERB
zut-mam	VERB
zût-mam	VERB
zut-mar	NOUN
zût-mar	VERB
zutna	VERB
zut-rek	VERB
zut-rêk	VERB
zût-rek	VERB
zût-rêk	VERB
zut-thla	NOUN
zût-thla	NOUN
zu-tui	NOUN
zutute	NOUN
zuva	NOUN
zu-va	NOUN
zûva	NOUN
zu-va-ngaw	NOUN
zu-va-ngâw	NOUN
zu-za	NOUN
zu-zâ	NOUN
zu-zam	NOUN
zu-zâm	NOUN
zu-zawn	NOUN
zu-zâwn	NOUN
zu-zen	VERB
zu-zên	NOUN
zuzi	NOUN
zu-zu	VERB
zu-zû	NOUN
zu-zu-pui	VERB
